lxx	kjv	relation	tvtms
Gen.1.1	Gen.1.1	same	
Gen.1.2	Gen.1.2	same	
Gen.1.3	Gen.1.3	same	
Gen.1.4	Gen.1.4	same	
Gen.1.5	Gen.1.5	same	
Gen.1.6	Gen.1.6	same	
Gen.1.7	Gen.1.7	same	
Gen.1.8	Gen.1.8	same	
Gen.1.9	Gen.1.9	same	
Gen.1.10	Gen.1.10	same	
Gen.1.11	Gen.1.11	same	
Gen.1.12	Gen.1.12	same	
Gen.1.13	Gen.1.13	same	
Gen.1.14	Gen.1.14	same	
Gen.1.15	Gen.1.15	same	
Gen.1.16	Gen.1.16	same	
Gen.1.17	Gen.1.17	same	
Gen.1.18	Gen.1.18	same	
Gen.1.19	Gen.1.19	same	
Gen.1.20	Gen.1.20	same	
Gen.1.21	Gen.1.21	same	
Gen.1.22	Gen.1.22	same	
Gen.1.23	Gen.1.23	same	
Gen.1.24	Gen.1.24	same	
Gen.1.25	Gen.1.25	same	
Gen.1.26	Gen.1.26	same	
Gen.1.27	Gen.1.27	same	
Gen.1.28	Gen.1.28	same	
Gen.1.29	Gen.1.29	same	
Gen.1.30	Gen.1.30	same	
Gen.1.31	Gen.1.31	same	
Gen.2.1	Gen.2.1	same	
Gen.2.2	Gen.2.2	same	
Gen.2.3	Gen.2.3	same	
Gen.2.4	Gen.2.4	same	
Gen.2.5	Gen.2.5	same	
Gen.2.6	Gen.2.6	same	
Gen.2.7	Gen.2.7	same	
Gen.2.8	Gen.2.8	same	
Gen.2.9	Gen.2.9	same	
Gen.2.10	Gen.2.10	same	
Gen.2.11	Gen.2.11	same	
Gen.2.12	Gen.2.12	same	
Gen.2.13	Gen.2.13	same	
Gen.2.14	Gen.2.14	same	
Gen.2.15	Gen.2.15	same	
Gen.2.16	Gen.2.16	same	
Gen.2.17	Gen.2.17	same	
Gen.2.18	Gen.2.18	same	
Gen.2.19	Gen.2.19	same	
Gen.2.20	Gen.2.20	same	
Gen.2.21	Gen.2.21	same	
Gen.2.22	Gen.2.22	same	
Gen.2.23	Gen.2.23	same	
Gen.2.24	Gen.2.24	same	
Gen.3.1	Gen.2.25 Gen.3.1	several	Concatenation
Gen.3.2	Gen.3.2	same	
Gen.3.3	Gen.3.3	same	
Gen.3.4	Gen.3.4	same	
Gen.3.5	Gen.3.5	same	
Gen.3.6	Gen.3.6	same	
Gen.3.7	Gen.3.7	same	
Gen.3.8	Gen.3.8	same	
Gen.3.9	Gen.3.9	same	
Gen.3.10	Gen.3.10	same	
Gen.3.11	Gen.3.11	same	
Gen.3.12	Gen.3.12	same	
Gen.3.13	Gen.3.13	same	
Gen.3.14	Gen.3.14	same	
Gen.3.15	Gen.3.15	same	
Gen.3.16	Gen.3.16	same	
Gen.3.17	Gen.3.17	same	
Gen.3.18	Gen.3.18	same	
Gen.3.19	Gen.3.19	same	
Gen.3.20	Gen.3.20	same	
Gen.3.21	Gen.3.21	same	
Gen.3.22	Gen.3.22	same	
Gen.3.23	Gen.3.23	same	
Gen.3.24	Gen.3.24	same	
Gen.4.1	Gen.4.1	same	
Gen.4.2	Gen.4.2	same	
Gen.4.3	Gen.4.3	same	
Gen.4.4	Gen.4.4	same	
Gen.4.5	Gen.4.5	same	
Gen.4.6	Gen.4.6	same	
Gen.4.7	Gen.4.7	same	
Gen.4.8	Gen.4.8	same	
Gen.4.9	Gen.4.9	same	
Gen.4.10	Gen.4.10	same	
Gen.4.11	Gen.4.11	same	
Gen.4.12	Gen.4.12	same	
Gen.4.13	Gen.4.13	same	
Gen.4.14	Gen.4.14	same	
Gen.4.15	Gen.4.15	same	
Gen.4.16	Gen.4.16	same	
Gen.4.17	Gen.4.17	same	
Gen.4.18	Gen.4.18	same	
Gen.4.19	Gen.4.19	same	
Gen.4.20	Gen.4.20	same	
Gen.4.21	Gen.4.21	same	
Gen.4.22	Gen.4.22	same	
Gen.4.23	Gen.4.23	same	
Gen.4.24	Gen.4.24	same	
Gen.4.25	Gen.4.25	same	
Gen.4.26	Gen.4.26	same	
Gen.5.1	Gen.5.1	same	
Gen.5.2	Gen.5.2	same	
Gen.5.3	Gen.5.3	same	
Gen.5.4	Gen.5.4	same	
Gen.5.5	Gen.5.5	same	
Gen.5.6	Gen.5.6	same	
Gen.5.7	Gen.5.7	same	
Gen.5.8	Gen.5.8	same	
Gen.5.9	Gen.5.9	same	
Gen.5.10	Gen.5.10	same	
Gen.5.11	Gen.5.11	same	
Gen.5.12	Gen.5.12	same	
Gen.5.13	Gen.5.13	same	
Gen.5.14	Gen.5.14	same	
Gen.5.15	Gen.5.15	same	
Gen.5.16	Gen.5.16	same	
Gen.5.17	Gen.5.17	same	
Gen.5.18	Gen.5.18	same	
Gen.5.19	Gen.5.19	same	
Gen.5.20	Gen.5.20	same	
Gen.5.21	Gen.5.21	same	
Gen.5.22	Gen.5.22	same	
Gen.5.23	Gen.5.23	same	
Gen.5.24	Gen.5.24	same	
Gen.5.25	Gen.5.25	same	
Gen.5.26	Gen.5.26	same	
Gen.5.27	Gen.5.27	same	
Gen.5.28	Gen.5.28	same	
Gen.5.29	Gen.5.29	same	
Gen.5.30	Gen.5.30	same	
Gen.5.31	Gen.5.31	same	Keep verse (soft)
Gen.6.1	Gen.5.32 Gen.6.1	several	Concatenation
Gen.6.2	Gen.6.2	same	
Gen.6.3	Gen.6.3	same	
Gen.6.4	Gen.6.4	same	
Gen.6.5	Gen.6.5	same	
Gen.6.6	Gen.6.6	same	
Gen.6.7	Gen.6.7	same	
Gen.6.8	Gen.6.8	same	
Gen.6.9	Gen.6.9	same	
Gen.6.10	Gen.6.10	same	
Gen.6.11	Gen.6.11	same	
Gen.6.12	Gen.6.12	same	
Gen.6.13	Gen.6.13	same	
Gen.6.14	Gen.6.14	same	
Gen.6.15	Gen.6.15	same	
Gen.6.16	Gen.6.16	same	
Gen.6.17	Gen.6.17	same	
Gen.6.18	Gen.6.18	same	
Gen.6.19	Gen.6.19	same	
Gen.6.20	Gen.6.20	same	
Gen.6.21	Gen.6.21	same	
Gen.6.22	Gen.6.22	same	
Gen.7.1	Gen.7.1	same	
Gen.7.2	Gen.7.2	same	
Gen.7.3	Gen.7.3	same	
Gen.7.4	Gen.7.4	same	
Gen.7.5	Gen.7.5	same	
Gen.7.6	Gen.7.6	same	
Gen.7.7	Gen.7.7	same	
Gen.7.8	Gen.7.8	same	
Gen.7.9	Gen.7.9	same	
Gen.7.10	Gen.7.10	same	
Gen.7.11	Gen.7.11	same	
Gen.7.12	Gen.7.12	same	
Gen.7.13	Gen.7.13	same	
Gen.7.14	Gen.7.14	same	
Gen.7.15	Gen.7.15	same	
Gen.7.16	Gen.7.16	same	
Gen.7.17	Gen.7.17	same	
Gen.7.18	Gen.7.18	same	
Gen.7.19	Gen.7.19	same	
Gen.7.20	Gen.7.20	same	
Gen.7.21	Gen.7.21	same	
Gen.7.22	Gen.7.22	same	
Gen.7.23	Gen.7.23	same	
Gen.7.24	Gen.7.24	same	
Gen.8.1	Gen.8.1	same	
Gen.8.2	Gen.8.2	same	
Gen.8.3	Gen.8.3	same	
Gen.8.4	Gen.8.4	same	
Gen.8.5	Gen.8.5	same	
Gen.8.6	Gen.8.6	same	
Gen.8.7	Gen.8.7	same	
Gen.8.8	Gen.8.8	same	
Gen.8.9	Gen.8.9	same	
Gen.8.10	Gen.8.10	same	
Gen.8.11	Gen.8.11	same	
Gen.8.12	Gen.8.12	same	
Gen.8.13	Gen.8.13	same	
Gen.8.14	Gen.8.14	same	
Gen.8.15	Gen.8.15	same	
Gen.8.16	Gen.8.16	same	
Gen.8.17	Gen.8.17	same	
Gen.8.18	Gen.8.18	same	
Gen.8.19	Gen.8.19	same	
Gen.8.20	Gen.8.20	same	
Gen.8.21	Gen.8.21	same	
Gen.8.22	Gen.8.22	same	
Gen.9.1	Gen.9.1	same	
Gen.9.2	Gen.9.2	same	
Gen.9.3	Gen.9.3	same	
Gen.9.4	Gen.9.4	same	
Gen.9.5	Gen.9.5	same	
Gen.9.6	Gen.9.6	same	
Gen.9.7	Gen.9.7	same	
Gen.9.8	Gen.9.8	same	
Gen.9.9	Gen.9.9	same	
Gen.9.10	Gen.9.10	same	
Gen.9.11	Gen.9.11	same	
Gen.9.12	Gen.9.12	same	
Gen.9.13	Gen.9.13	same	
Gen.9.14	Gen.9.14	same	
Gen.9.15	Gen.9.15	same	
Gen.9.16	Gen.9.16	same	
Gen.9.17	Gen.9.17	same	
Gen.9.18	Gen.9.18	same	
Gen.9.19	Gen.9.19	same	
Gen.9.20	Gen.9.20	same	
Gen.9.21	Gen.9.21	same	
Gen.9.22	Gen.9.22	same	
Gen.9.23	Gen.9.23	same	
Gen.9.24	Gen.9.24	same	
Gen.9.25	Gen.9.25	same	
Gen.9.26	Gen.9.26	same	
Gen.9.27	Gen.9.27	same	
Gen.9.28	Gen.9.28	same	
Gen.9.29	Gen.9.29	same	
Gen.10.1	Gen.10.1	same	
Gen.10.2	Gen.10.2	same	
Gen.10.3	Gen.10.3	same	
Gen.10.4	Gen.10.4	same	
Gen.10.5	Gen.10.5	same	
Gen.10.6	Gen.10.6	same	
Gen.10.7	Gen.10.7	same	
Gen.10.8	Gen.10.8	same	
Gen.10.9	Gen.10.9	same	
Gen.10.10	Gen.10.10	same	
Gen.10.11	Gen.10.11	same	
Gen.10.12	Gen.10.12	same	
Gen.10.13	Gen.10.13	same	
Gen.10.14	Gen.10.14	same	
Gen.10.15	Gen.10.15	same	
Gen.10.16	Gen.10.16	same	
Gen.10.17	Gen.10.17	same	
Gen.10.18	Gen.10.18	same	
Gen.10.19	Gen.10.19	same	
Gen.10.20	Gen.10.20	same	
Gen.10.21	Gen.10.21	same	
Gen.10.22	Gen.10.22	same	
Gen.10.23	Gen.10.23	same	
Gen.10.24	Gen.10.24	same	
Gen.10.25	Gen.10.25	same	
Gen.10.26	Gen.10.26	same	
Gen.10.27	Gen.10.27	same	
Gen.10.28	Gen.10.28	same	
Gen.10.29	Gen.10.29	same	
Gen.10.30	Gen.10.30	same	
Gen.10.31	Gen.10.31	same	
Gen.10.32	Gen.10.32	same	
Gen.11.1	Gen.11.1	same	
Gen.11.2	Gen.11.2	same	
Gen.11.3	Gen.11.3	same	
Gen.11.4	Gen.11.4	same	
Gen.11.5	Gen.11.5	same	
Gen.11.6	Gen.11.6	same	
Gen.11.7	Gen.11.7	same	
Gen.11.8	Gen.11.8	same	
Gen.11.9	Gen.11.9	same	
Gen.11.10	Gen.11.10	same	
Gen.11.11	Gen.11.11	same	
Gen.11.12	Gen.11.12	same	
Gen.11.13	Gen.11.13	same	
Gen.11.14	Gen.11.14	same	
Gen.11.15	Gen.11.15	same	
Gen.11.16	Gen.11.16	same	
Gen.11.17	Gen.11.17	same	
Gen.11.18	Gen.11.18	same	
Gen.11.19	Gen.11.19	same	
Gen.11.20	Gen.11.20	same	
Gen.11.21	Gen.11.21	same	
Gen.11.22	Gen.11.22	same	
Gen.11.23	Gen.11.23	same	
Gen.11.24	Gen.11.24	same	
Gen.11.25	Gen.11.25	same	
Gen.11.26	Gen.11.26	same	
Gen.11.27	Gen.11.27	same	
Gen.11.28	Gen.11.28	same	
Gen.11.29	Gen.11.29	same	
Gen.11.30	Gen.11.30	same	
Gen.11.31	Gen.11.31	same	
Gen.11.32	Gen.11.32	same	
Gen.12.1	Gen.12.1	same	
Gen.12.2	Gen.12.2	same	
Gen.12.3	Gen.12.3	same	
Gen.12.4	Gen.12.4	same	
Gen.12.5	Gen.12.5	same	
Gen.12.6	Gen.12.6	same	
Gen.12.7	Gen.12.7	same	
Gen.12.8	Gen.12.8	same	
Gen.12.9	Gen.12.9	same	
Gen.12.10	Gen.12.10	same	
Gen.12.11	Gen.12.11	same	
Gen.12.12	Gen.12.12	same	
Gen.12.13	Gen.12.13	same	
Gen.12.14	Gen.12.14	same	
Gen.12.15	Gen.12.15	same	
Gen.12.16	Gen.12.16	same	
Gen.12.17	Gen.12.17	same	
Gen.12.18	Gen.12.18	same	
Gen.12.19	Gen.12.19	same	
Gen.12.20	Gen.12.20	same	
Gen.13.1	Gen.13.1	same	
Gen.13.2	Gen.13.2	same	
Gen.13.3	Gen.13.3	same	
Gen.13.4	Gen.13.4	same	
Gen.13.5	Gen.13.5	same	
Gen.13.6	Gen.13.6	same	
Gen.13.7	Gen.13.7	same	
Gen.13.8	Gen.13.8	same	
Gen.13.9	Gen.13.9	same	
Gen.13.10	Gen.13.10	same	
Gen.13.11	Gen.13.11	same	
Gen.13.12	Gen.13.12	same	
Gen.13.13	Gen.13.13	same	
Gen.13.14	Gen.13.14	same	
Gen.13.15	Gen.13.15	same	
Gen.13.16	Gen.13.16	same	
Gen.13.17	Gen.13.17	same	
Gen.13.18	Gen.13.18	same	
Gen.14.1	Gen.14.1	same	
Gen.14.2	Gen.14.2	same	
Gen.14.3	Gen.14.3	same	
Gen.14.4	Gen.14.4	same	
Gen.14.5	Gen.14.5	same	
Gen.14.6	Gen.14.6	same	
Gen.14.7	Gen.14.7	same	
Gen.14.8	Gen.14.8	same	
Gen.14.9	Gen.14.9	same	
Gen.14.10	Gen.14.10	same	
Gen.14.11	Gen.14.11	same	
Gen.14.12	Gen.14.12	same	
Gen.14.13	Gen.14.13	same	
Gen.14.14	Gen.14.14	same	
Gen.14.15	Gen.14.15	same	
Gen.14.16	Gen.14.16	same	
Gen.14.17	Gen.14.17	same	
Gen.14.18	Gen.14.18	same	
Gen.14.19	Gen.14.19	same	
Gen.14.20	Gen.14.20	same	
Gen.14.21	Gen.14.21	same	
Gen.14.22	Gen.14.22	same	
Gen.14.23	Gen.14.23	same	
Gen.14.24	Gen.14.24	same	
Gen.15.1	Gen.15.1	same	
Gen.15.2	Gen.15.2	same	
Gen.15.3	Gen.15.3	same	
Gen.15.4	Gen.15.4	same	
Gen.15.5	Gen.15.5	same	
Gen.15.6	Gen.15.6	same	
Gen.15.7	Gen.15.7	same	
Gen.15.8	Gen.15.8	same	
Gen.15.9	Gen.15.9	same	
Gen.15.10	Gen.15.10	same	
Gen.15.11	Gen.15.11	same	
Gen.15.12	Gen.15.12	same	
Gen.15.13	Gen.15.13	same	
Gen.15.14	Gen.15.14	same	
Gen.15.15	Gen.15.15	same	
Gen.15.16	Gen.15.16	same	
Gen.15.17	Gen.15.17	same	
Gen.15.18	Gen.15.18	same	
Gen.16.1	Gen.16.1	same	
Gen.16.2	Gen.16.2	same	
Gen.16.3	Gen.16.3	same	
Gen.16.4	Gen.16.4	same	
Gen.16.5	Gen.16.5	same	
Gen.16.6	Gen.16.6	same	
Gen.16.7	Gen.16.7	same	
Gen.16.8	Gen.16.8	same	
Gen.16.9	Gen.16.9	same	
Gen.16.10	Gen.16.10	same	
Gen.16.11	Gen.16.11	same	
Gen.16.12	Gen.16.12	same	
Gen.16.13	Gen.16.13	same	
Gen.16.14	Gen.16.14	same	
Gen.16.15	Gen.16.15	same	
Gen.17.1	Gen.17.1	same	
Gen.17.2	Gen.17.2	same	
Gen.17.3	Gen.17.3	same	
Gen.17.4	Gen.17.4	same	
Gen.17.5	Gen.17.5	same	
Gen.17.6	Gen.17.6	same	
Gen.17.7	Gen.17.7	same	
Gen.17.8	Gen.17.8	same	
Gen.17.9	Gen.17.9	same	
Gen.17.10	Gen.17.10	same	
Gen.17.11	Gen.17.11	same	
Gen.17.12	Gen.17.12	same	
Gen.17.13	Gen.17.13	same	
Gen.17.14	Gen.17.14	same	
Gen.17.15	Gen.17.15	same	
Gen.17.16	Gen.17.16	same	
Gen.17.17	Gen.17.17	same	
Gen.17.18	Gen.17.18	same	
Gen.17.19	Gen.17.19	same	
Gen.17.20	Gen.17.20	same	
Gen.17.21	Gen.17.21	same	
Gen.17.22	Gen.17.22	same	
Gen.17.23	Gen.17.23	same	
Gen.17.24	Gen.17.24	same	
Gen.17.25	Gen.17.25	same	
Gen.17.26	Gen.17.26	same	
Gen.17.27	Gen.17.27	same	
Gen.18.1	Gen.18.1	same	
Gen.18.2	Gen.18.2	same	
Gen.18.3	Gen.18.3	same	
Gen.18.4	Gen.18.4	same	
Gen.18.5	Gen.18.5	same	
Gen.18.6	Gen.18.6	same	
Gen.18.7	Gen.18.7	same	
Gen.18.8	Gen.18.8	same	
Gen.18.9	Gen.18.9	same	
Gen.18.10	Gen.18.10	same	
Gen.18.11	Gen.18.11	same	
Gen.18.12	Gen.18.12	same	
Gen.18.13	Gen.18.13	same	
Gen.18.14	Gen.18.14	same	
Gen.18.15	Gen.18.15	same	
Gen.18.16	Gen.18.16	same	
Gen.18.17	Gen.18.17	same	
Gen.18.18	Gen.18.18	same	
Gen.18.19	Gen.18.19	same	
Gen.18.20	Gen.18.20	same	
Gen.18.21	Gen.18.21	same	
Gen.18.22	Gen.18.22	same	
Gen.18.23	Gen.18.23	same	
Gen.18.24	Gen.18.24	same	
Gen.18.25	Gen.18.25	same	
Gen.18.26	Gen.18.26	same	
Gen.18.27	Gen.18.27	same	
Gen.18.28	Gen.18.28	same	
Gen.18.29	Gen.18.29	same	
Gen.18.30	Gen.18.30	same	
Gen.18.31	Gen.18.31	same	
Gen.18.32	Gen.18.32	same	
Gen.18.33	Gen.18.33	same	
Gen.19.1	Gen.19.1	same	
Gen.19.2	Gen.19.2	same	
Gen.19.3	Gen.19.3	same	
Gen.19.4	Gen.19.4	same	
Gen.19.5	Gen.19.5	same	
Gen.19.6	Gen.19.6	same	
Gen.19.7	Gen.19.7	same	
Gen.19.8	Gen.19.8	same	
Gen.19.9	Gen.19.9	same	
Gen.19.10	Gen.19.10	same	
Gen.19.11	Gen.19.11	same	
Gen.19.12	Gen.19.12	same	
Gen.19.13	Gen.19.13	same	
Gen.19.14	Gen.19.14	same	
Gen.19.15	Gen.19.15	same	
Gen.19.16	Gen.19.16	same	
Gen.19.17	Gen.19.17	same	
Gen.19.18	Gen.19.18	same	
Gen.19.19	Gen.19.19	same	
Gen.19.20	Gen.19.20	same	
Gen.19.21	Gen.19.21	same	
Gen.19.22	Gen.19.22	same	
Gen.19.23	Gen.19.23	same	
Gen.19.24	Gen.19.24	same	
Gen.19.25	Gen.19.25	same	
Gen.19.26	Gen.19.26	same	
Gen.19.27	Gen.19.27	same	
Gen.19.28	Gen.19.28	same	
Gen.19.29	Gen.19.29	same	
Gen.19.30	Gen.19.30	same	
Gen.19.31	Gen.19.31	same	
Gen.19.32	Gen.19.32	same	
Gen.19.33	Gen.19.33	same	
Gen.19.34	Gen.19.34	same	
Gen.19.35	Gen.19.35	same	
Gen.19.36	Gen.19.36	same	
Gen.19.37	Gen.19.37	same	
Gen.19.38	Gen.19.38	same	
Gen.20.1	Gen.20.1	same	
Gen.20.2	Gen.20.2	same	
Gen.20.3	Gen.20.3	same	
Gen.20.4	Gen.20.4	same	
Gen.20.5	Gen.20.5	same	
Gen.20.6	Gen.20.6	same	
Gen.20.7	Gen.20.7	same	
Gen.20.8	Gen.20.8	same	
Gen.20.9	Gen.20.9	same	
Gen.20.10	Gen.20.10	same	
Gen.20.11	Gen.20.11	same	
Gen.20.12	Gen.20.12	same	
Gen.20.13	Gen.20.13	same	
Gen.20.14	Gen.20.14	same	
Gen.20.15	Gen.20.15	same	
Gen.20.16	Gen.20.16	same	
Gen.20.17	Gen.20.17	same	
Gen.20.18	Gen.20.18	same	
Gen.21.1	Gen.21.1	same	
Gen.21.2	Gen.21.2	same	
Gen.21.3	Gen.21.3	same	
Gen.21.4	Gen.21.4	same	
Gen.21.5	Gen.21.5	same	
Gen.21.6	Gen.21.6	same	
Gen.21.7	Gen.21.7	same	
Gen.21.8	Gen.21.8	same	
Gen.21.9	Gen.21.9	same	
Gen.21.10	Gen.21.10	same	
Gen.21.11	Gen.21.11	same	
Gen.21.12	Gen.21.12	same	
Gen.21.13	Gen.21.13	same	
Gen.21.14	Gen.21.14	same	
Gen.21.15	Gen.21.15	same	
Gen.21.16	Gen.21.16	same	
Gen.21.17	Gen.21.17	same	
Gen.21.18	Gen.21.18	same	
Gen.21.19	Gen.21.19	same	
Gen.21.20	Gen.21.20	same	
Gen.21.21	Gen.21.21	same	
Gen.21.22	Gen.21.22	same	
Gen.21.23	Gen.21.23	same	
Gen.21.24	Gen.21.24	same	
Gen.21.25	Gen.21.25	same	
Gen.21.26	Gen.21.26	same	
Gen.21.27	Gen.21.27	same	
Gen.21.28	Gen.21.28	same	
Gen.21.29	Gen.21.29	same	
Gen.21.30	Gen.21.30	same	
Gen.21.31	Gen.21.31	same	
Gen.21.32	Gen.21.32	same	
Gen.21.33	Gen.21.33	same	
Gen.21.34	Gen.21.34	same	
Gen.22.1	Gen.22.1	same	
Gen.22.2	Gen.22.2	same	
Gen.22.3	Gen.22.3	same	
Gen.22.4	Gen.22.4	same	
Gen.22.5	Gen.22.5	same	
Gen.22.6	Gen.22.6	same	
Gen.22.7	Gen.22.7	same	
Gen.22.8	Gen.22.8	same	
Gen.22.9	Gen.22.9	same	
Gen.22.10	Gen.22.10	same	
Gen.22.11	Gen.22.11	same	
Gen.22.12	Gen.22.12	same	
Gen.22.13	Gen.22.13	same	
Gen.22.14	Gen.22.14	same	
Gen.22.15	Gen.22.15	same	
Gen.22.16	Gen.22.16	same	
Gen.22.17	Gen.22.17	same	
Gen.22.18	Gen.22.18	same	
Gen.22.19	Gen.22.19	same	
Gen.22.20	Gen.22.20	same	
Gen.22.21	Gen.22.21	same	
Gen.22.22	Gen.22.22	same	
Gen.22.23	Gen.22.23	same	
Gen.22.24	Gen.22.24	same	
Gen.23.1	Gen.23.1	same	
Gen.23.2	Gen.23.2	same	
Gen.23.3	Gen.23.3	same	
Gen.23.4	Gen.23.4	same	
Gen.23.5	Gen.23.5	same	
Gen.23.6	Gen.23.6	same	
Gen.23.7	Gen.23.7	same	
Gen.23.8	Gen.23.8	same	
Gen.23.9	Gen.23.9	same	
Gen.23.10	Gen.23.10	same	
Gen.23.11	Gen.23.11	same	
Gen.23.12	Gen.23.12	same	
Gen.23.13	Gen.23.13	same	
Gen.23.14	Gen.23.14	same	
Gen.23.15	Gen.23.15	same	
Gen.23.16	Gen.23.16	same	
Gen.23.17	Gen.23.17	same	
Gen.23.18	Gen.23.18	same	
Gen.23.19	Gen.23.19	same	
Gen.23.20	Gen.23.20	same	
Gen.24.1	Gen.24.1	same	
Gen.24.2	Gen.24.2	same	
Gen.24.3	Gen.24.3	same	
Gen.24.4	Gen.24.4	same	
Gen.24.5	Gen.24.5	same	
Gen.24.6	Gen.24.6	same	
Gen.24.7	Gen.24.7	same	
Gen.24.8	Gen.24.8	same	
Gen.24.9	Gen.24.9	same	
Gen.24.10	Gen.24.10	same	
Gen.24.11	Gen.24.11	same	
Gen.24.12	Gen.24.12	same	
Gen.24.13	Gen.24.13	same	
Gen.24.14	Gen.24.14	same	
Gen.24.15	Gen.24.15	same	
Gen.24.16	Gen.24.16	same	
Gen.24.17	Gen.24.17	same	
Gen.24.18	Gen.24.18	same	
Gen.24.19	Gen.24.19	same	
Gen.24.20	Gen.24.20	same	
Gen.24.21	Gen.24.21	same	
Gen.24.22	Gen.24.22	same	
Gen.24.23	Gen.24.23	same	
Gen.24.24	Gen.24.24	same	
Gen.24.25	Gen.24.25	same	
Gen.24.26	Gen.24.26	same	
Gen.24.27	Gen.24.27	same	
Gen.24.28	Gen.24.28	same	
Gen.24.29	Gen.24.29	same	
Gen.24.30	Gen.24.30	same	
Gen.24.31	Gen.24.31	same	
Gen.24.32	Gen.24.32	same	
Gen.24.33	Gen.24.33	same	
Gen.24.34	Gen.24.34	same	
Gen.24.35	Gen.24.35	same	
Gen.24.36	Gen.24.36	same	
Gen.24.37	Gen.24.37	same	
Gen.24.38	Gen.24.38	same	
Gen.24.39	Gen.24.39	same	
Gen.24.40	Gen.24.40	same	
Gen.24.41	Gen.24.41	same	
Gen.24.42	Gen.24.42	same	
Gen.24.43	Gen.24.43	same	
Gen.24.44	Gen.24.44	same	
Gen.24.45	Gen.24.45	same	
Gen.24.46	Gen.24.46	same	
Gen.24.47	Gen.24.47	same	
Gen.24.48	Gen.24.48	same	
Gen.24.49	Gen.24.49	same	
Gen.24.50	Gen.24.50	same	
Gen.24.51	Gen.24.51	same	
Gen.24.52	Gen.24.52	same	
Gen.24.53	Gen.24.53	same	
Gen.24.54	Gen.24.54	same	
Gen.24.55	Gen.24.55	same	
Gen.24.56	Gen.24.56	same	
Gen.24.57	Gen.24.57	same	
Gen.24.58	Gen.24.58	same	
Gen.24.59	Gen.24.59	same	
Gen.24.60	Gen.24.60	same	
Gen.24.61	Gen.24.61	same	
Gen.24.62	Gen.24.62	same	
Gen.24.63	Gen.24.63	same	
Gen.24.64	Gen.24.64	same	
Gen.24.65	Gen.24.65	same	
Gen.24.66	Gen.24.66	same	
Gen.24.67	Gen.24.67	same	
Gen.25.1	Gen.25.1	same	
Gen.25.2	Gen.25.2	same	
Gen.25.3	Gen.25.3	same	
Gen.25.4	Gen.25.4	same	
Gen.25.5	Gen.25.5	same	
Gen.25.6	Gen.25.6	same	
Gen.25.7	Gen.25.7	same	
Gen.25.8	Gen.25.8	same	
Gen.25.9	Gen.25.9	same	
Gen.25.10	Gen.25.10	same	
Gen.25.11	Gen.25.11	same	
Gen.25.12	Gen.25.12	same	
Gen.25.13	Gen.25.13	same	
Gen.25.14	Gen.25.14	same	
Gen.25.15	Gen.25.15	same	
Gen.25.16	Gen.25.16	same	
Gen.25.17	Gen.25.17	same	
Gen.25.18	Gen.25.18	same	
Gen.25.19	Gen.25.19	same	
Gen.25.20	Gen.25.20	same	
Gen.25.21	Gen.25.21	same	
Gen.25.22	Gen.25.22	same	
Gen.25.23	Gen.25.23	same	
Gen.25.24	Gen.25.24	same	
Gen.25.25	Gen.25.25	same	
Gen.25.26	Gen.25.26	same	
Gen.25.27	Gen.25.27	same	
Gen.25.28	Gen.25.28	same	
Gen.25.29	Gen.25.29	same	
Gen.25.30	Gen.25.30	same	
Gen.25.31	Gen.25.31	same	
Gen.25.32	Gen.25.32	same	
Gen.25.33	Gen.25.33	same	
Gen.25.34	Gen.25.34	same	
Gen.26.1	Gen.26.1	same	
Gen.26.2	Gen.26.2	same	
Gen.26.3	Gen.26.3	same	
Gen.26.4	Gen.26.4	same	
Gen.26.5	Gen.26.5	same	
Gen.26.6	Gen.26.6	same	
Gen.26.7	Gen.26.7	same	
Gen.26.8	Gen.26.8	same	
Gen.26.9	Gen.26.9	same	
Gen.26.10	Gen.26.10	same	
Gen.26.11	Gen.26.11	same	
Gen.26.12	Gen.26.12	same	
Gen.26.13	Gen.26.13	same	
Gen.26.14	Gen.26.14	same	
Gen.26.15	Gen.26.15	same	
Gen.26.16	Gen.26.16	same	
Gen.26.17	Gen.26.17	same	
Gen.26.18	Gen.26.18	same	
Gen.26.19	Gen.26.19	same	
Gen.26.20	Gen.26.20	same	
Gen.26.21	Gen.26.21	same	
Gen.26.22	Gen.26.22	same	
Gen.26.23	Gen.26.23	same	
Gen.26.24	Gen.26.24	same	
Gen.26.25	Gen.26.25	same	
Gen.26.26	Gen.26.26	same	
Gen.26.27	Gen.26.27	same	
Gen.26.28	Gen.26.28	same	
Gen.26.29	Gen.26.29	same	
Gen.26.30	Gen.26.30	same	
Gen.26.31	Gen.26.31	same	
Gen.26.32	Gen.26.32	same	
Gen.26.33	Gen.26.33	same	
Gen.26.34	Gen.26.34	same	
Gen.26.35	Gen.26.35	same	
Gen.27.1	Gen.27.1	same	
Gen.27.2	Gen.27.2	same	
Gen.27.3	Gen.27.3	same	
Gen.27.4	Gen.27.4	same	
Gen.27.5	Gen.27.5	same	
Gen.27.6	Gen.27.6	same	
Gen.27.7	Gen.27.7	same	
Gen.27.8	Gen.27.8	same	
Gen.27.9	Gen.27.9	same	
Gen.27.10	Gen.27.10	same	
Gen.27.11	Gen.27.11	same	
Gen.27.12	Gen.27.12	same	
Gen.27.13	Gen.27.13	same	
Gen.27.14	Gen.27.14	same	
Gen.27.15	Gen.27.15	same	
Gen.27.16	Gen.27.16	same	
Gen.27.17	Gen.27.17	same	
Gen.27.18	Gen.27.18	same	
Gen.27.19	Gen.27.19	same	
Gen.27.20	Gen.27.20	same	
Gen.27.21	Gen.27.21	same	
Gen.27.22	Gen.27.22	same	
Gen.27.23	Gen.27.23	same	
Gen.27.24	Gen.27.24	same	
Gen.27.25	Gen.27.25	same	
Gen.27.26	Gen.27.26	same	
Gen.27.27	Gen.27.27	same	
Gen.27.28	Gen.27.28	same	
Gen.27.29	Gen.27.29	same	
Gen.27.30	Gen.27.30	same	
Gen.27.31	Gen.27.31	same	
Gen.27.32	Gen.27.32	same	
Gen.27.33	Gen.27.33	same	
Gen.27.34	Gen.27.34	same	
Gen.27.35	Gen.27.35	same	
Gen.27.36	Gen.27.36	same	
Gen.27.37	Gen.27.37	same	
Gen.27.38	Gen.27.38	same	
Gen.27.39	Gen.27.39	same	
Gen.27.40	Gen.27.40	same	
Gen.27.41	Gen.27.41	same	
Gen.27.42	Gen.27.42	same	
Gen.27.43	Gen.27.43	same	
Gen.27.44	Gen.27.44	same	
Gen.27.45	Gen.27.45	same	
Gen.27.46	Gen.27.46	same	
Gen.28.1	Gen.28.1	same	
Gen.28.2	Gen.28.2	same	
Gen.28.3	Gen.28.3	same	
Gen.28.4	Gen.28.4	same	
Gen.28.5	Gen.28.5	same	
Gen.28.6	Gen.28.6	same	
Gen.28.7	Gen.28.7	same	
Gen.28.8	Gen.28.8	same	
Gen.28.9	Gen.28.9	same	
Gen.28.10	Gen.28.10	same	
Gen.28.11	Gen.28.11	same	
Gen.28.12	Gen.28.12	same	
Gen.28.13	Gen.28.13	same	
Gen.28.14	Gen.28.14	same	
Gen.28.15	Gen.28.15	same	
Gen.28.16	Gen.28.16	same	
Gen.28.17	Gen.28.17	same	
Gen.28.18	Gen.28.18	same	
Gen.28.19	Gen.28.19	same	
Gen.28.20	Gen.28.20	same	
Gen.28.21	Gen.28.21	same	
Gen.28.22	Gen.28.22	same	
Gen.29.1	Gen.29.1	same	
Gen.29.2	Gen.29.2	same	
Gen.29.3	Gen.29.3	same	
Gen.29.4	Gen.29.4	same	
Gen.29.5	Gen.29.5	same	
Gen.29.6	Gen.29.6	same	
Gen.29.7	Gen.29.7	same	
Gen.29.8	Gen.29.8	same	
Gen.29.9	Gen.29.9	same	
Gen.29.10	Gen.29.10	same	
Gen.29.11	Gen.29.11	same	
Gen.29.12	Gen.29.12	same	
Gen.29.13	Gen.29.13	same	
Gen.29.14	Gen.29.14	same	
Gen.29.15	Gen.29.15	same	
Gen.29.16	Gen.29.16	same	
Gen.29.17	Gen.29.17	same	
Gen.29.18	Gen.29.18	same	
Gen.29.19	Gen.29.19	same	
Gen.29.20	Gen.29.20	same	
Gen.29.21	Gen.29.21	same	
Gen.29.22	Gen.29.22	same	
Gen.29.23	Gen.29.23	same	
Gen.29.24	Gen.29.24	same	
Gen.29.25	Gen.29.25	same	
Gen.29.26	Gen.29.26	same	
Gen.29.27	Gen.29.27	same	
Gen.29.28	Gen.29.28	same	
Gen.29.29	Gen.29.29	same	
Gen.29.30	Gen.29.30	same	
Gen.29.31	Gen.29.31	same	
Gen.29.32	Gen.29.32	same	
Gen.29.33	Gen.29.33	same	
Gen.29.34	Gen.29.34	same	
Gen.29.35	Gen.29.35	same	
Gen.30.1	Gen.30.1	same	
Gen.30.2	Gen.30.2	same	
Gen.30.3	Gen.30.3	same	
Gen.30.4	Gen.30.4	same	
Gen.30.5	Gen.30.5	same	
Gen.30.6	Gen.30.6	same	
Gen.30.7	Gen.30.7	same	
Gen.30.8	Gen.30.8	same	
Gen.30.9	Gen.30.9	same	
Gen.30.10	Gen.30.10	same	
Gen.30.11	Gen.30.11	same	
Gen.30.12	Gen.30.12	same	
Gen.30.13	Gen.30.13	same	
Gen.30.14	Gen.30.14	same	
Gen.30.15	Gen.30.15	same	
Gen.30.16	Gen.30.16	same	
Gen.30.17	Gen.30.17	same	
Gen.30.18	Gen.30.18	same	
Gen.30.19	Gen.30.19	same	
Gen.30.20	Gen.30.20	same	
Gen.30.21	Gen.30.21	same	
Gen.30.22	Gen.30.22	same	
Gen.30.23	Gen.30.23	same	
Gen.30.24	Gen.30.24	same	
Gen.30.25	Gen.30.25	same	
Gen.30.26	Gen.30.26	same	
Gen.30.27	Gen.30.27	same	
Gen.30.28	Gen.30.28	same	
Gen.30.29	Gen.30.29	same	
Gen.30.30	Gen.30.30	same	
Gen.30.31	Gen.30.31	same	
Gen.30.32	Gen.30.32	same	
Gen.30.33	Gen.30.33	same	
Gen.30.34	Gen.30.34	same	
Gen.30.35	Gen.30.35	same	
Gen.30.36	Gen.30.36	same	
Gen.30.37	Gen.30.37	same	
Gen.30.38	Gen.30.38	same	
Gen.30.39	Gen.30.39	same	
Gen.30.40	Gen.30.40	same	
Gen.30.41	Gen.30.41	same	
Gen.30.42	Gen.30.42	same	
Gen.30.43	Gen.30.43	same	
Gen.31.1	Gen.31.1	same	
Gen.31.2	Gen.31.2	same	
Gen.31.3	Gen.31.3	same	
Gen.31.4	Gen.31.4	same	
Gen.31.5	Gen.31.5	same	
Gen.31.6	Gen.31.6	same	
Gen.31.7	Gen.31.7	same	
Gen.31.8	Gen.31.8	same	
Gen.31.9	Gen.31.9	same	
Gen.31.10	Gen.31.10	same	
Gen.31.11	Gen.31.11	same	
Gen.31.12	Gen.31.12	same	
Gen.31.13	Gen.31.13	same	
Gen.31.14	Gen.31.14	same	
Gen.31.15	Gen.31.15	same	
Gen.31.16	Gen.31.16	same	
Gen.31.17	Gen.31.17	same	
Gen.31.18	Gen.31.18	same	
Gen.31.19	Gen.31.19	same	
Gen.31.20	Gen.31.20	same	
Gen.31.21	Gen.31.21	same	
Gen.31.22	Gen.31.22	same	
Gen.31.23	Gen.31.23	same	
Gen.31.24	Gen.31.24	same	
Gen.31.25	Gen.31.25	same	
Gen.31.26	Gen.31.26	same	
Gen.31.27	Gen.31.27	same	
Gen.31.28	Gen.31.28	same	
Gen.31.29	Gen.31.29	same	
Gen.31.30	Gen.31.30	same	
Gen.31.31	Gen.31.31	same	
Gen.31.32	Gen.31.32	same	
Gen.31.33	Gen.31.33	same	
Gen.31.34	Gen.31.34	same	
Gen.31.35	Gen.31.35	same	
Gen.31.36	Gen.31.36	same	
Gen.31.37	Gen.31.37	same	
Gen.31.38	Gen.31.38	same	
Gen.31.39	Gen.31.39	same	
Gen.31.40	Gen.31.40	same	
Gen.31.41	Gen.31.41	same	
Gen.31.42	Gen.31.42	same	
Gen.31.43	Gen.31.43	same	
Gen.31.44	Gen.31.44	same	
Gen.31.45	Gen.31.45	same	
Gen.31.46	Gen.31.46	same	
Gen.31.47	Gen.31.47	same	
Gen.31.48	Gen.31.48	same	
Gen.31.49	Gen.31.49	same	
Gen.31.50	Gen.31.50	same	
Gen.31.52	Gen.31.52	same	
Gen.31.53	Gen.31.53	same	
Gen.31.54	Gen.31.54	same	
Gen.31.55	Gen.31.55	same	Keep verse
Gen.32.1	Gen.32.1	same	Keep verse
Gen.32.2	Gen.32.2	same	Keep verse
Gen.32.3	Gen.32.3	same	Keep verse
Gen.32.4	Gen.32.4	same	Keep verse
Gen.32.5	Gen.32.5	same	Keep verse
Gen.32.6	Gen.32.6	same	Keep verse
Gen.32.7	Gen.32.7	same	Keep verse
Gen.32.8	Gen.32.8	same	Keep verse
Gen.32.9	Gen.32.9	same	Keep verse
Gen.32.10	Gen.32.10	same	Keep verse
Gen.32.11	Gen.32.11	same	Keep verse
Gen.32.12	Gen.32.12	same	Keep verse
Gen.32.13	Gen.32.13	same	Keep verse
Gen.32.14	Gen.32.14	same	Keep verse
Gen.32.15	Gen.32.15	same	Keep verse
Gen.32.16	Gen.32.16	same	Keep verse
Gen.32.17	Gen.32.17	same	Keep verse
Gen.32.18	Gen.32.18	same	Keep verse
Gen.32.19	Gen.32.19	same	Keep verse
Gen.32.20	Gen.32.20	same	Keep verse
Gen.32.21	Gen.32.21	same	Keep verse
Gen.32.22	Gen.32.22	same	Keep verse
Gen.32.23	Gen.32.23	same	Keep verse
Gen.32.24	Gen.32.24	same	Keep verse
Gen.32.25	Gen.32.25	same	Keep verse
Gen.32.26	Gen.32.26	same	Keep verse
Gen.32.27	Gen.32.27	same	Keep verse
Gen.32.28	Gen.32.28	same	Keep verse
Gen.32.29	Gen.32.29	same	Keep verse
Gen.32.30	Gen.32.30	same	Keep verse
Gen.32.31	Gen.32.31	same	Keep verse
Gen.32.32	Gen.32.32	same	Keep verse
Gen.33.1	Gen.33.1	same	
Gen.33.2	Gen.33.2	same	
Gen.33.3	Gen.33.3	same	
Gen.33.4	Gen.33.4	same	
Gen.33.5	Gen.33.5	same	
Gen.33.6	Gen.33.6	same	
Gen.33.7	Gen.33.7	same	
Gen.33.8	Gen.33.8	same	
Gen.33.9	Gen.33.9	same	
Gen.33.10	Gen.33.10	same	
Gen.33.11	Gen.33.11	same	
Gen.33.12	Gen.33.12	same	
Gen.33.13	Gen.33.13	same	
Gen.33.14	Gen.33.14	same	
Gen.33.15	Gen.33.15	same	
Gen.33.16	Gen.33.16	same	
Gen.33.17	Gen.33.17	same	
Gen.33.18	Gen.33.18	same	
Gen.33.19	Gen.33.19	same	
Gen.33.20	Gen.33.20	same	
Gen.34.1	Gen.34.1	same	
Gen.34.2	Gen.34.2	same	
Gen.34.3	Gen.34.3	same	
Gen.34.4	Gen.34.4	same	
Gen.34.5	Gen.34.5	same	
Gen.34.6	Gen.34.6	same	
Gen.34.7	Gen.34.7	same	
Gen.34.8	Gen.34.8	same	
Gen.34.9	Gen.34.9	same	
Gen.34.10	Gen.34.10	same	
Gen.34.11	Gen.34.11	same	
Gen.34.12	Gen.34.12	same	
Gen.34.13	Gen.34.13	same	
Gen.34.14	Gen.34.14	same	
Gen.34.15	Gen.34.15	same	
Gen.34.16	Gen.34.16	same	
Gen.34.17	Gen.34.17	same	
Gen.34.18	Gen.34.18	same	
Gen.34.19	Gen.34.19	same	
Gen.34.20	Gen.34.20	same	
Gen.34.21	Gen.34.21	same	
Gen.34.22	Gen.34.22	same	
Gen.34.23	Gen.34.23	same	
Gen.34.24	Gen.34.24	same	
Gen.34.25	Gen.34.25	same	
Gen.34.26	Gen.34.26	same	
Gen.34.27	Gen.34.27	same	
Gen.34.28	Gen.34.28	same	
Gen.34.29	Gen.34.29	same	
Gen.34.30	Gen.34.30	same	
Gen.34.31	Gen.34.31	same	
Gen.35.1	Gen.35.1	same	
Gen.35.2	Gen.35.2	same	
Gen.35.3	Gen.35.3	same	
Gen.35.4	Gen.35.4	same	
Gen.35.5	Gen.35.5	same	
Gen.35.6	Gen.35.6	same	
Gen.35.7	Gen.35.7	same	
Gen.35.8	Gen.35.8	same	
Gen.35.9	Gen.35.9	same	
Gen.35.10	Gen.35.10	same	
Gen.35.11	Gen.35.11	same	
Gen.35.12	Gen.35.12	same	
Gen.35.13	Gen.35.13	same	
Gen.35.14	Gen.35.14	same	
Gen.35.15	Gen.35.15	same	
Gen.35.16	Gen.35.16	same	
Gen.35.17	Gen.35.17	same	
Gen.35.18	Gen.35.18	same	
Gen.35.19	Gen.35.19	same	
Gen.35.20	Gen.35.20	same	
Gen.35.21	Gen.35.21	same	
Gen.35.22	Gen.35.22	same	
Gen.35.23	Gen.35.23	same	
Gen.35.24	Gen.35.24	same	
Gen.35.25	Gen.35.25	same	
Gen.35.26	Gen.35.26	same	
Gen.35.27	Gen.35.27	same	
Gen.35.28	Gen.35.28	same	
Gen.35.29	Gen.35.29	same	
Gen.36.1	Gen.36.1	same	
Gen.36.2	Gen.36.2	same	
Gen.36.3	Gen.36.3	same	
Gen.36.4	Gen.36.4	same	
Gen.36.5	Gen.36.5	same	
Gen.36.6	Gen.36.6	same	
Gen.36.7	Gen.36.7	same	
Gen.36.8	Gen.36.8	same	
Gen.36.9	Gen.36.9	same	
Gen.36.10	Gen.36.10	same	
Gen.36.11	Gen.36.11	same	
Gen.36.12	Gen.36.12	same	
Gen.36.13	Gen.36.13	same	
Gen.36.14	Gen.36.14	same	
Gen.36.15	Gen.36.15	same	
Gen.36.16	Gen.36.16	same	
Gen.36.17	Gen.36.17	same	
Gen.36.18	Gen.36.18	same	
Gen.36.19	Gen.36.19	same	
Gen.36.20	Gen.36.20	same	
Gen.36.21	Gen.36.21	same	
Gen.36.22	Gen.36.22	same	
Gen.36.23	Gen.36.23	same	
Gen.36.24	Gen.36.24	same	
Gen.36.25	Gen.36.25	same	
Gen.36.26	Gen.36.26	same	
Gen.36.27	Gen.36.27	same	
Gen.36.28	Gen.36.28	same	
Gen.36.29	Gen.36.29	same	
Gen.36.30	Gen.36.30	same	
Gen.36.31	Gen.36.31	same	
Gen.36.32	Gen.36.32	same	
Gen.36.33	Gen.36.33	same	
Gen.36.34	Gen.36.34	same	
Gen.36.35	Gen.36.35	same	
Gen.36.36	Gen.36.36	same	
Gen.36.37	Gen.36.37	same	
Gen.36.38	Gen.36.38	same	
Gen.36.39	Gen.36.39	same	
Gen.36.40	Gen.36.40	same	
Gen.36.41	Gen.36.41	same	
Gen.36.42	Gen.36.42	same	
Gen.37.1	Gen.37.1	unmatched	
Gen.37.2	Gen.37.2	same	
Gen.37.3	Gen.37.3	same	
Gen.37.4	Gen.37.4	same	
Gen.37.5	Gen.37.5	same	
Gen.37.6	Gen.37.6	same	
Gen.37.7	Gen.37.7	same	
Gen.37.8	Gen.37.8	same	
Gen.37.9	Gen.37.9	same	
Gen.37.10	Gen.37.10	same	
Gen.37.11	Gen.37.11	same	
Gen.37.12	Gen.37.12	same	
Gen.37.13	Gen.37.13	same	
Gen.37.14	Gen.37.14	same	
Gen.37.15	Gen.37.15	same	
Gen.37.16	Gen.37.16	same	
Gen.37.17	Gen.37.17	same	
Gen.37.18	Gen.37.18	same	
Gen.37.19	Gen.37.19	same	
Gen.37.20	Gen.37.20	same	
Gen.37.21	Gen.37.21	same	
Gen.37.22	Gen.37.22	same	
Gen.37.23	Gen.37.23	same	
Gen.37.24	Gen.37.24	same	
Gen.37.25	Gen.37.25	same	
Gen.37.26	Gen.37.26	same	
Gen.37.27	Gen.37.27	same	
Gen.37.28	Gen.37.28	same	
Gen.37.29	Gen.37.29	same	
Gen.37.30	Gen.37.30	same	
Gen.37.31	Gen.37.31	same	
Gen.37.32	Gen.37.32	same	
Gen.37.33	Gen.37.33	same	
Gen.37.34	Gen.37.34	same	
Gen.37.35	Gen.37.35	same	
Gen.38.1	Gen.38.1	same	
Gen.38.2	Gen.38.2	same	
Gen.38.3	Gen.38.3	same	
Gen.38.4	Gen.38.4	same	
Gen.38.5	Gen.38.5	same	
Gen.38.6	Gen.38.6	same	
Gen.38.7	Gen.38.7	same	
Gen.38.8	Gen.38.8	same	
Gen.38.9	Gen.38.9	same	
Gen.38.10	Gen.38.10	same	
Gen.38.11	Gen.38.11	same	
Gen.38.12	Gen.38.12	same	
Gen.38.13	Gen.38.13	same	
Gen.38.14	Gen.38.14	same	
Gen.38.15	Gen.38.15	same	
Gen.38.16	Gen.38.16	same	
Gen.38.17	Gen.38.17	same	
Gen.38.18	Gen.38.18	same	
Gen.38.19	Gen.38.19	same	
Gen.38.20	Gen.38.20	same	
Gen.38.21	Gen.38.21	same	
Gen.38.22	Gen.38.22	same	
Gen.38.23	Gen.38.23	same	
Gen.38.24	Gen.38.24	same	
Gen.38.25	Gen.38.25	same	
Gen.38.26	Gen.38.26	same	
Gen.38.27	Gen.38.27	same	
Gen.38.28	Gen.38.28	same	
Gen.38.29	Gen.38.29	same	
Gen.38.30	Gen.38.30	same	
Gen.39.1	Gen.39.1	same	
Gen.39.2	Gen.39.2	same	
Gen.39.3	Gen.39.3	same	
Gen.39.4	Gen.39.4	same	
Gen.39.5	Gen.39.5	same	
Gen.39.6	Gen.39.6	same	
Gen.39.7	Gen.39.7	same	
Gen.39.8	Gen.39.8	same	
Gen.39.9	Gen.39.9	same	
Gen.39.10	Gen.39.10	same	
Gen.39.11	Gen.39.11	same	
Gen.39.12	Gen.39.12	same	
Gen.39.13	Gen.39.13	same	
Gen.39.14	Gen.39.14	same	
Gen.39.15	Gen.39.15	same	
Gen.39.16	Gen.39.16	same	
Gen.39.17	Gen.39.17	same	
Gen.39.18	Gen.39.18	same	
Gen.39.19	Gen.39.19	same	
Gen.39.20	Gen.39.20	same	
Gen.39.21	Gen.39.21	same	
Gen.39.22	Gen.39.22	same	
Gen.39.23	Gen.39.23	same	
Gen.40.1	Gen.40.1	same	
Gen.40.2	Gen.40.2	same	
Gen.40.3	Gen.40.3	same	
Gen.40.4	Gen.40.4	same	
Gen.40.5	Gen.40.5	same	
Gen.40.6	Gen.40.6	same	
Gen.40.7	Gen.40.7	same	
Gen.40.8	Gen.40.8	same	
Gen.40.9	Gen.40.9	same	
Gen.40.10	Gen.40.10	same	
Gen.40.11	Gen.40.11	same	
Gen.40.12	Gen.40.12	same	
Gen.40.13	Gen.40.13	same	
Gen.40.14	Gen.40.14	same	
Gen.40.15	Gen.40.15	same	
Gen.40.16	Gen.40.16	same	
Gen.40.17	Gen.40.17	same	
Gen.40.18	Gen.40.18	same	
Gen.40.19	Gen.40.19	same	
Gen.40.20	Gen.40.20	same	
Gen.40.21	Gen.40.21	same	
Gen.40.22	Gen.40.22	same	
Gen.40.23	Gen.40.23	same	
Gen.41.1	Gen.41.1	same	
Gen.41.2	Gen.41.2	same	
Gen.41.3	Gen.41.3	same	
Gen.41.4	Gen.41.4	same	
Gen.41.5	Gen.41.5	same	
Gen.41.6	Gen.41.6	same	
Gen.41.7	Gen.41.7	same	
Gen.41.8	Gen.41.8	same	
Gen.41.9	Gen.41.9	same	
Gen.41.10	Gen.41.10	same	
Gen.41.11	Gen.41.11	same	
Gen.41.12	Gen.41.12	same	
Gen.41.13	Gen.41.13	same	
Gen.41.14	Gen.41.14	same	
Gen.41.15	Gen.41.15	same	
Gen.41.16	Gen.41.16	same	
Gen.41.17	Gen.41.17	same	
Gen.41.18	Gen.41.18	same	
Gen.41.19	Gen.41.19	same	
Gen.41.20	Gen.41.20	same	
Gen.41.21	Gen.41.21	same	
Gen.41.22	Gen.41.22	same	
Gen.41.23	Gen.41.23	same	
Gen.41.24	Gen.41.24	same	
Gen.41.25	Gen.41.25	same	
Gen.41.26	Gen.41.26	same	
Gen.41.27	Gen.41.27	same	
Gen.41.28	Gen.41.28	same	
Gen.41.29	Gen.41.29	same	
Gen.41.30	Gen.41.30	same	
Gen.41.31	Gen.41.31	same	
Gen.41.32	Gen.41.32	same	
Gen.41.33	Gen.41.33	same	
Gen.41.34	Gen.41.34	same	
Gen.41.35	Gen.41.35	same	
Gen.41.36	Gen.41.36	same	
Gen.41.37	Gen.41.37	same	
Gen.41.38	Gen.41.38	same	
Gen.41.39	Gen.41.39	same	
Gen.41.40	Gen.41.40	same	
Gen.41.41	Gen.41.41	same	
Gen.41.42	Gen.41.42	same	
Gen.41.43	Gen.41.43	same	
Gen.41.44	Gen.41.44	same	
Gen.41.45	Gen.41.45	same	
Gen.41.46	Gen.41.46	same	
Gen.41.47	Gen.41.47	same	
Gen.41.48	Gen.41.48	same	
Gen.41.49	Gen.41.49	same	
Gen.41.50	Gen.41.50	same	
Gen.41.51	Gen.41.51	same	
Gen.41.52	Gen.41.52	same	
Gen.41.53	Gen.41.53	same	
Gen.41.54	Gen.41.54	same	
Gen.41.55	Gen.41.55	same	
Gen.41.56	Gen.41.56	same	
Gen.41.57	Gen.41.57	same	
Gen.42.1	Gen.42.1	same	
Gen.42.2	Gen.42.2	same	
Gen.42.3	Gen.42.3	same	
Gen.42.4	Gen.42.4	same	
Gen.42.5	Gen.42.5	same	
Gen.42.6	Gen.42.6	same	
Gen.42.7	Gen.42.7	same	
Gen.42.8	Gen.42.8	same	
Gen.42.9	Gen.42.9	same	
Gen.42.10	Gen.42.10	same	
Gen.42.11	Gen.42.11	same	
Gen.42.12	Gen.42.12	same	
Gen.42.13	Gen.42.13	same	
Gen.42.14	Gen.42.14	same	
Gen.42.15	Gen.42.15	same	
Gen.42.16	Gen.42.16	same	
Gen.42.17	Gen.42.17	same	
Gen.42.18	Gen.42.18	same	
Gen.42.19	Gen.42.19	same	
Gen.42.20	Gen.42.20	same	
Gen.42.21	Gen.42.21	same	
Gen.42.22	Gen.42.22	same	
Gen.42.23	Gen.42.23	same	
Gen.42.24	Gen.42.24	same	
Gen.42.25	Gen.42.25	same	
Gen.42.26	Gen.42.26	same	
Gen.42.27	Gen.42.27	same	
Gen.42.28	Gen.42.28	same	
Gen.42.29	Gen.42.29	same	
Gen.42.30	Gen.42.30	same	
Gen.42.31	Gen.42.31	same	
Gen.42.32	Gen.42.32	same	
Gen.42.33	Gen.42.33	same	
Gen.42.34	Gen.42.34	same	
Gen.42.35	Gen.42.35	same	
Gen.42.36	Gen.42.36	same	
Gen.42.37	Gen.42.37	same	
Gen.42.38	Gen.42.38	same	
Gen.43.1	Gen.43.1	same	
Gen.43.2	Gen.43.2	same	
Gen.43.3	Gen.43.3	same	
Gen.43.4	Gen.43.4	same	
Gen.43.5	Gen.43.5	same	
Gen.43.6	Gen.43.6	same	
Gen.43.7	Gen.43.7	same	
Gen.43.8	Gen.43.8	same	
Gen.43.9	Gen.43.9	same	
Gen.43.10	Gen.43.10	same	
Gen.43.11	Gen.43.11	same	
Gen.43.12	Gen.43.12	same	
Gen.43.13	Gen.43.13	same	
Gen.43.14	Gen.43.14	same	
Gen.43.15	Gen.43.15	same	
Gen.43.16	Gen.43.16	same	
Gen.43.17	Gen.43.17	same	
Gen.43.18	Gen.43.18	same	
Gen.43.19	Gen.43.19	same	
Gen.43.20	Gen.43.20	same	
Gen.43.21	Gen.43.21	same	
Gen.43.22	Gen.43.22	same	
Gen.43.23	Gen.43.23	same	
Gen.43.24	Gen.43.24	same	
Gen.43.25	Gen.43.25	same	
Gen.43.26	Gen.43.26	same	
Gen.43.27	Gen.43.27	same	
Gen.43.28	Gen.43.28	same	
Gen.43.29	Gen.43.29	same	
Gen.43.30	Gen.43.30	same	
Gen.43.31	Gen.43.31	same	
Gen.43.32	Gen.43.32	same	
Gen.43.33	Gen.43.33	same	
Gen.43.34	Gen.43.34	same	
Gen.44.1	Gen.44.1	same	
Gen.44.2	Gen.44.2	same	
Gen.44.3	Gen.44.3	same	
Gen.44.4	Gen.44.4	same	
Gen.44.5	Gen.44.5	same	
Gen.44.6	Gen.44.6	same	
Gen.44.7	Gen.44.7	same	
Gen.44.8	Gen.44.8	same	
Gen.44.9	Gen.44.9	same	
Gen.44.10	Gen.44.10	same	
Gen.44.11	Gen.44.11	same	
Gen.44.12	Gen.44.12	same	
Gen.44.13	Gen.44.13	same	
Gen.44.14	Gen.44.14	same	
Gen.44.15	Gen.44.15	same	
Gen.44.16	Gen.44.16	same	
Gen.44.17	Gen.44.17	same	
Gen.44.18	Gen.44.18	same	
Gen.44.19	Gen.44.19	same	
Gen.44.20	Gen.44.20	same	
Gen.44.21	Gen.44.21	same	
Gen.44.22	Gen.44.22	same	
Gen.44.23	Gen.44.23	same	
Gen.44.24	Gen.44.24	same	
Gen.44.25	Gen.44.25	same	
Gen.44.26	Gen.44.26	same	
Gen.44.27	Gen.44.27	same	
Gen.44.28	Gen.44.28	same	
Gen.44.29	Gen.44.29	same	
Gen.44.30	Gen.44.30	same	
Gen.44.31	Gen.44.31	same	
Gen.44.32	Gen.44.32	same	
Gen.44.33	Gen.44.33	same	
Gen.44.34	Gen.44.34	same	
Gen.45.1	Gen.45.1	same	
Gen.45.2	Gen.45.2	same	
Gen.45.3	Gen.45.3	same	
Gen.45.4	Gen.45.4	same	
Gen.45.5	Gen.45.5	same	
Gen.45.6	Gen.45.6	same	
Gen.45.7	Gen.45.7	same	
Gen.45.8	Gen.45.8	same	
Gen.45.9	Gen.45.9	same	
Gen.45.10	Gen.45.10	same	
Gen.45.11	Gen.45.11	same	
Gen.45.12	Gen.45.12	same	
Gen.45.13	Gen.45.13	same	
Gen.45.14	Gen.45.14	same	
Gen.45.15	Gen.45.15	same	
Gen.45.16	Gen.45.16	same	
Gen.45.17	Gen.45.17	same	
Gen.45.18	Gen.45.18	same	
Gen.45.19	Gen.45.19	same	
Gen.45.20	Gen.45.20	same	
Gen.45.21	Gen.45.21	same	
Gen.45.22	Gen.45.22	same	
Gen.45.23	Gen.45.23	same	
Gen.45.24	Gen.45.24	same	
Gen.45.25	Gen.45.25	same	
Gen.45.26	Gen.45.26	same	
Gen.45.27	Gen.45.27	same	
Gen.46.1	Gen.46.1	same	
Gen.46.2	Gen.46.2	same	
Gen.46.3	Gen.46.3	same	
Gen.46.4	Gen.46.4	same	
Gen.46.5	Gen.46.5	same	
Gen.46.6	Gen.46.6	same	
Gen.46.7	Gen.46.7	same	
Gen.46.8	Gen.46.8	same	
Gen.46.9	Gen.46.9	same	
Gen.46.10	Gen.46.10	same	
Gen.46.11	Gen.46.11	same	
Gen.46.12	Gen.46.12	same	
Gen.46.13	Gen.46.13	same	
Gen.46.14	Gen.46.14	same	
Gen.46.15	Gen.46.15	same	
Gen.46.16	Gen.46.16	same	
Gen.46.17	Gen.46.17	same	
Gen.46.18	Gen.46.18	same	
Gen.46.19	Gen.46.19	same	
Gen.46.20	Gen.46.20	same	
Gen.46.21	Gen.46.21	same	
Gen.46.22	Gen.46.22	same	
Gen.46.23	Gen.46.23	same	
Gen.46.24	Gen.46.24	same	
Gen.46.25	Gen.46.25	same	
Gen.46.26	Gen.46.26	same	
Gen.46.27	Gen.46.27	same	
Gen.46.28	Gen.46.28	same	
Gen.46.29	Gen.46.29	same	
Gen.46.30	Gen.46.30	same	
Gen.46.31	Gen.46.31	same	
Gen.46.32	Gen.46.32	same	
Gen.46.33	Gen.46.33	same	
Gen.46.34	Gen.46.34	same	
Gen.47.1	Gen.47.1	same	
Gen.47.2	Gen.47.2	same	
Gen.47.3	Gen.47.3	same	
Gen.47.4	Gen.47.4	same	
Gen.47.5	Gen.47.5	same	
Gen.47.6	Gen.47.6	same	
Gen.47.7	Gen.47.7	same	
Gen.47.8	Gen.47.8	same	
Gen.47.9	Gen.47.9	same	
Gen.47.10	Gen.47.10	same	
Gen.47.11	Gen.47.11	same	
Gen.47.12	Gen.47.12	same	
Gen.47.13	Gen.47.13	same	
Gen.47.14	Gen.47.14	same	
Gen.47.15	Gen.47.15	same	
Gen.47.16	Gen.47.16	same	
Gen.47.17	Gen.47.17	same	
Gen.47.18	Gen.47.18	same	
Gen.47.19	Gen.47.19	same	
Gen.47.20	Gen.47.20	same	
Gen.47.21	Gen.47.21	same	
Gen.47.22	Gen.47.22	same	
Gen.47.23	Gen.47.23	same	
Gen.47.24	Gen.47.24	same	
Gen.47.25	Gen.47.25	same	
Gen.47.26	Gen.47.26	same	
Gen.47.27	Gen.47.27	same	
Gen.47.28	Gen.47.28	same	
Gen.47.29	Gen.47.29	same	
Gen.47.30	Gen.47.30	same	
Gen.47.31	Gen.47.31	same	
Gen.48.1	Gen.48.1	same	
Gen.48.2	Gen.48.2	same	
Gen.48.3	Gen.48.3	same	
Gen.48.4	Gen.48.4	same	
Gen.48.5	Gen.48.5	same	
Gen.48.6	Gen.48.6	same	
Gen.48.7	Gen.48.7	same	
Gen.48.8	Gen.48.8	same	
Gen.48.9	Gen.48.9	same	
Gen.48.10	Gen.48.10	same	
Gen.48.11	Gen.48.11	same	
Gen.48.12	Gen.48.12	same	
Gen.48.13	Gen.48.13	same	
Gen.48.14	Gen.48.14	same	
Gen.48.15	Gen.48.15	same	
Gen.48.16	Gen.48.16	same	
Gen.48.17	Gen.48.17	same	
Gen.48.18	Gen.48.18	same	
Gen.48.19	Gen.48.19	same	
Gen.48.20	Gen.48.20	same	
Gen.48.21	Gen.48.21	same	
Gen.48.22	Gen.48.22	same	
Gen.49.1	Gen.49.1	same	
Gen.49.2	Gen.49.2	same	
Gen.49.3	Gen.49.3	same	
Gen.49.4	Gen.49.4	same	
Gen.49.5	Gen.49.5	same	
Gen.49.6	Gen.49.6	same	
Gen.49.7	Gen.49.7	same	
Gen.49.8	Gen.49.8	same	
Gen.49.9	Gen.49.9	same	
Gen.49.10	Gen.49.10	same	
Gen.49.11	Gen.49.11	same	
Gen.49.12	Gen.49.12	same	
Gen.49.13	Gen.49.13	same	
Gen.49.14	Gen.49.14	same	
Gen.49.15	Gen.49.15	same	
Gen.49.16	Gen.49.16	same	
Gen.49.17	Gen.49.17	same	
Gen.49.18	Gen.49.18	same	
Gen.49.19	Gen.49.19	same	
Gen.49.20	Gen.49.20	same	
Gen.49.21	Gen.49.21	same	
Gen.49.22	Gen.49.22	same	
Gen.49.23	Gen.49.23	same	
Gen.49.24	Gen.49.24	same	
Gen.49.25	Gen.49.25	same	
Gen.49.26	Gen.49.26	same	
Gen.49.27	Gen.49.27	same	
Gen.49.28	Gen.49.28	same	
Gen.49.29	Gen.49.29	same	
Gen.49.30	Gen.49.30	same	
Gen.49.31	Gen.49.31	same	
Gen.49.32	Gen.49.32	same	IfEmpty verse
Gen.49.33	Gen.49.33	same	Keep verse
Gen.50.1	Gen.50.1	same	
Gen.50.2	Gen.50.2	same	
Gen.50.3	Gen.50.3	same	
Gen.50.4	Gen.50.4	same	
Gen.50.5	Gen.50.5	same	
Gen.50.6	Gen.50.6	same	
Gen.50.7	Gen.50.7	same	
Gen.50.8	Gen.50.8	same	
Gen.50.9	Gen.50.9	same	
Gen.50.10	Gen.50.10	same	
Gen.50.11	Gen.50.11	same	
Gen.50.12	Gen.50.12	same	
Gen.50.13	Gen.50.13	same	
Gen.50.14	Gen.50.14	same	
Gen.50.15	Gen.50.15	same	
Gen.50.16	Gen.50.16	same	
Gen.50.17	Gen.50.17	same	
Gen.50.18	Gen.50.18	same	
Gen.50.19	Gen.50.19	same	
Gen.50.20	Gen.50.20	same	
Gen.50.21	Gen.50.21	same	
Gen.50.22	Gen.50.22	same	Keep verse
Gen.50.23	Gen.50.23	same	Keep verse
Gen.50.24	Gen.50.24	same	Keep verse
Gen.50.25	Gen.50.25	same	Keep verse
Gen.50.26	Gen.50.26	same	Keep verse
Exod.1.1	Exod.1.1	same	
Exod.1.2	Exod.1.2	same	
Exod.1.3	Exod.1.3	same	
Exod.1.4	Exod.1.4	same	
Exod.1.5	Exod.1.5	same	
Exod.1.6	Exod.1.6	same	
Exod.1.7	Exod.1.7	same	
Exod.1.8	Exod.1.8	same	
Exod.1.9	Exod.1.9	same	
Exod.1.10	Exod.1.10	same	
Exod.1.11	Exod.1.11	same	
Exod.1.12	Exod.1.12	same	
Exod.1.13	Exod.1.13	same	
Exod.1.14	Exod.1.14	same	
Exod.1.15	Exod.1.15	same	
Exod.1.16	Exod.1.16	same	
Exod.1.17	Exod.1.17	same	
Exod.1.18	Exod.1.18	same	
Exod.1.19	Exod.1.19	same	
Exod.1.20	Exod.1.20	same	
Exod.1.21	Exod.1.21	same	
Exod.1.22	Exod.1.22	same	
Exod.2.1	Exod.2.1	same	
Exod.2.2	Exod.2.2	same	
Exod.2.3	Exod.2.3	same	
Exod.2.4	Exod.2.4	same	
Exod.2.5	Exod.2.5	same	
Exod.2.6	Exod.2.6	same	
Exod.2.7	Exod.2.7	same	
Exod.2.8	Exod.2.8	same	
Exod.2.9	Exod.2.9	same	
Exod.2.10	Exod.2.10	same	
Exod.2.11	Exod.2.11	same	
Exod.2.12	Exod.2.12	same	
Exod.2.13	Exod.2.13	same	
Exod.2.14	Exod.2.14	same	
Exod.2.15	Exod.2.15	same	
Exod.2.16	Exod.2.16	same	
Exod.2.17	Exod.2.17	same	
Exod.2.18	Exod.2.18	same	
Exod.2.19	Exod.2.19	same	
Exod.2.20	Exod.2.20	same	
Exod.2.21	Exod.2.21	same	
Exod.2.22	Exod.2.22	same	
Exod.2.23	Exod.2.23	same	
Exod.2.24	Exod.2.24	same	
Exod.2.25	Exod.2.25	same	
Exod.3.1	Exod.3.1	same	
Exod.3.2	Exod.3.2	same	
Exod.3.3	Exod.3.3	same	
Exod.3.4	Exod.3.4	same	
Exod.3.5	Exod.3.5	same	
Exod.3.6	Exod.3.6	same	
Exod.3.7	Exod.3.7	same	
Exod.3.8	Exod.3.8	same	
Exod.3.9	Exod.3.9	same	
Exod.3.10	Exod.3.10	same	
Exod.3.11	Exod.3.11	same	
Exod.3.12	Exod.3.12	same	
Exod.3.13	Exod.3.13	same	
Exod.3.14	Exod.3.14	same	
Exod.3.15	Exod.3.15	same	
Exod.3.16	Exod.3.16	same	
Exod.3.17	Exod.3.17	same	
Exod.3.18	Exod.3.18	same	
Exod.3.19	Exod.3.19	same	
Exod.3.20	Exod.3.20	same	
Exod.3.21	Exod.3.21	same	
Exod.3.22	Exod.3.22	same	
Exod.4.1	Exod.4.1	same	
Exod.4.2	Exod.4.2	same	
Exod.4.3	Exod.4.3	same	
Exod.4.4	Exod.4.4	same	
Exod.4.5	Exod.4.5	same	
Exod.4.6	Exod.4.6	same	
Exod.4.7	Exod.4.7	same	
Exod.4.8	Exod.4.8	same	
Exod.4.9	Exod.4.9	same	
Exod.4.10	Exod.4.10	same	
Exod.4.11	Exod.4.11	same	
Exod.4.12	Exod.4.12	same	
Exod.4.13	Exod.4.13	same	
Exod.4.14	Exod.4.14	same	
Exod.4.15	Exod.4.15	same	
Exod.4.16	Exod.4.16	same	
Exod.4.17	Exod.4.17	same	
Exod.4.18	Exod.4.18	same	
Exod.4.19	Exod.4.19	same	
Exod.4.20	Exod.4.20	same	
Exod.4.21	Exod.4.21	same	
Exod.4.22	Exod.4.22	same	
Exod.4.23	Exod.4.23	same	
Exod.4.24	Exod.4.24	same	
Exod.4.25	Exod.4.25	same	
Exod.4.27	Exod.4.27	same	
Exod.4.28	Exod.4.28	same	
Exod.4.29	Exod.4.29	same	
Exod.4.30	Exod.4.30	same	
Exod.4.31	Exod.4.31	same	
Exod.5.1	Exod.5.1	same	
Exod.5.2	Exod.5.2	same	
Exod.5.3	Exod.5.3	same	
Exod.5.4	Exod.5.4	same	
Exod.5.5	Exod.5.5	same	
Exod.5.6	Exod.5.6	same	
Exod.5.7	Exod.5.7	same	
Exod.5.8	Exod.5.8	same	
Exod.5.9	Exod.5.9	same	
Exod.5.10	Exod.5.10	same	
Exod.5.11	Exod.5.11	same	
Exod.5.12	Exod.5.12	same	
Exod.5.13	Exod.5.13	same	
Exod.5.14	Exod.5.14	same	
Exod.5.15	Exod.5.15	same	
Exod.5.16	Exod.5.16	same	
Exod.5.17	Exod.5.17	same	
Exod.5.18	Exod.5.18	same	
Exod.5.19	Exod.5.19	same	
Exod.5.20	Exod.5.20	same	
Exod.5.21	Exod.5.21	same	
Exod.5.22	Exod.5.22	same	
Exod.5.23	Exod.5.23	same	
Exod.6.1	Exod.6.1	same	
Exod.6.2	Exod.6.2	same	
Exod.6.3	Exod.6.3	same	
Exod.6.4	Exod.6.4	same	
Exod.6.5	Exod.6.5	same	
Exod.6.6	Exod.6.6	same	
Exod.6.7	Exod.6.7	same	
Exod.6.8	Exod.6.8	same	
Exod.6.9	Exod.6.9	same	
Exod.6.10	Exod.6.10	same	
Exod.6.11	Exod.6.11	same	
Exod.6.12	Exod.6.12	same	
Exod.6.13	Exod.6.13	same	
Exod.6.14	Exod.6.14	same	
Exod.6.15	Exod.6.15	same	
Exod.6.16	Exod.6.16	same	
Exod.6.17	Exod.6.17	same	
Exod.6.18	Exod.6.18	same	
Exod.6.19	Exod.6.19	same	
Exod.6.20	Exod.6.20	same	
Exod.6.21	Exod.6.21	same	
Exod.6.22	Exod.6.22	same	
Exod.6.23	Exod.6.23	same	
Exod.6.24	Exod.6.24	same	
Exod.6.25	Exod.6.25	same	
Exod.6.26	Exod.6.26	same	
Exod.6.27	Exod.6.27	same	
Exod.6.28	Exod.6.28	same	
Exod.6.29	Exod.6.29	same	
Exod.6.30	Exod.6.30	same	
Exod.7.1	Exod.7.1	same	
Exod.7.2	Exod.7.2	same	
Exod.7.3	Exod.7.3	same	
Exod.7.4	Exod.7.4	same	
Exod.7.5	Exod.7.5	same	
Exod.7.6	Exod.7.6	same	
Exod.7.7	Exod.7.7	same	
Exod.7.8	Exod.7.8	same	
Exod.7.9	Exod.7.9	same	
Exod.7.10	Exod.7.10	same	
Exod.7.11	Exod.7.11	same	
Exod.7.12	Exod.7.12	same	
Exod.7.13	Exod.7.13	same	
Exod.7.14	Exod.7.14	same	
Exod.7.15	Exod.7.15	same	
Exod.7.16	Exod.7.16	same	
Exod.7.17	Exod.7.17	same	
Exod.7.18	Exod.7.18	same	
Exod.7.19	Exod.7.19	same	
Exod.7.20	Exod.7.20	same	
Exod.7.21	Exod.7.21	same	
Exod.7.22	Exod.7.22	same	
Exod.7.23	Exod.7.23	same	
Exod.7.24	Exod.7.24	same	
Exod.7.25	Exod.7.25	same	
Exod.8.1	Exod.8.1	same	Keep verse
Exod.8.2	Exod.8.2	same	Keep verse
Exod.8.3	Exod.8.3	same	Keep verse
Exod.8.4	Exod.8.4	same	Keep verse
Exod.8.5	Exod.8.5	same	Keep verse
Exod.8.6	Exod.8.6	same	Keep verse
Exod.8.7	Exod.8.7	same	Keep verse
Exod.8.8	Exod.8.8	same	Keep verse
Exod.8.9	Exod.8.9	same	Keep verse
Exod.8.10	Exod.8.10	same	Keep verse
Exod.8.11	Exod.8.11	same	Keep verse
Exod.8.12	Exod.8.12	same	Keep verse
Exod.8.13	Exod.8.13	same	Keep verse
Exod.8.14	Exod.8.14	same	Keep verse
Exod.8.15	Exod.8.15	same	Keep verse
Exod.8.16	Exod.8.16	same	Keep verse
Exod.8.17	Exod.8.17	same	Keep verse
Exod.8.18	Exod.8.18	same	Keep verse
Exod.8.19	Exod.8.19	same	Keep verse
Exod.8.20	Exod.8.20	same	Keep verse
Exod.8.21	Exod.8.21	same	Keep verse
Exod.8.22	Exod.8.22	same	Keep verse
Exod.8.23	Exod.8.23	same	Keep verse
Exod.8.24	Exod.8.24	same	Keep verse
Exod.8.25	Exod.8.25	same	Keep verse
Exod.8.26	Exod.8.26	same	Keep verse
Exod.8.27	Exod.8.27	same	Keep verse
Exod.8.28	Exod.8.28	same	Keep verse
Exod.8.29	Exod.8.29	same	Keep verse
Exod.8.30	Exod.8.30	same	Keep verse
Exod.8.31	Exod.8.31	same	Keep verse
Exod.8.32	Exod.8.32	same	Keep verse
Exod.9.1	Exod.9.1	same	
Exod.9.2	Exod.9.2	same	
Exod.9.3	Exod.9.3	same	
Exod.9.4	Exod.9.4	same	
Exod.9.5	Exod.9.5	same	
Exod.9.6	Exod.9.6	same	
Exod.9.7	Exod.9.7	same	
Exod.9.8	Exod.9.8	same	
Exod.9.9	Exod.9.9	same	
Exod.9.10	Exod.9.10	same	
Exod.9.11	Exod.9.11	same	
Exod.9.12	Exod.9.12	same	
Exod.9.13	Exod.9.13	same	
Exod.9.14	Exod.9.14	same	
Exod.9.15	Exod.9.15	same	
Exod.9.16	Exod.9.16	same	
Exod.9.17	Exod.9.17	same	
Exod.9.18	Exod.9.18	same	
Exod.9.19	Exod.9.19	same	
Exod.9.20	Exod.9.20	same	
Exod.9.21	Exod.9.21	same	
Exod.9.22	Exod.9.22	same	
Exod.9.23	Exod.9.23	same	
Exod.9.24	Exod.9.24	same	
Exod.9.25	Exod.9.25	same	
Exod.9.26	Exod.9.26	same	
Exod.9.27	Exod.9.27	same	
Exod.9.28	Exod.9.28	same	
Exod.9.29	Exod.9.29	same	
Exod.9.30	Exod.9.30	same	
Exod.9.31	Exod.9.31	same	
Exod.9.32	Exod.9.32	same	
Exod.9.33	Exod.9.33	same	
Exod.9.34	Exod.9.34	same	
Exod.9.35	Exod.9.35	same	
Exod.10.1	Exod.10.1	same	
Exod.10.2	Exod.10.2	same	
Exod.10.3	Exod.10.3	same	
Exod.10.4	Exod.10.4	same	
Exod.10.5	Exod.10.5	same	
Exod.10.6	Exod.10.6	same	
Exod.10.7	Exod.10.7	same	
Exod.10.8	Exod.10.8	same	
Exod.10.9	Exod.10.9	same	
Exod.10.10	Exod.10.10	same	
Exod.10.11	Exod.10.11	same	
Exod.10.12	Exod.10.12	same	
Exod.10.13	Exod.10.13	same	
Exod.10.14	Exod.10.14	same	
Exod.10.15	Exod.10.15	same	
Exod.10.16	Exod.10.16	same	
Exod.10.17	Exod.10.17	same	
Exod.10.18	Exod.10.18	same	
Exod.10.19	Exod.10.19	same	
Exod.10.20	Exod.10.20	same	
Exod.10.21	Exod.10.21	same	
Exod.10.22	Exod.10.22	same	
Exod.10.23	Exod.10.23	same	
Exod.10.24	Exod.10.24	same	
Exod.10.25	Exod.10.25	same	
Exod.10.26	Exod.10.26	same	
Exod.10.27	Exod.10.27	same	
Exod.10.28	Exod.10.28	same	
Exod.10.29	Exod.10.29	same	
Exod.11.1	Exod.11.1	same	
Exod.11.2	Exod.11.2	same	
Exod.11.3	Exod.11.3	same	
Exod.11.4	Exod.11.4	same	
Exod.11.5	Exod.11.5	same	
Exod.11.6	Exod.11.6	same	
Exod.11.7	Exod.11.7	same	
Exod.11.8	Exod.11.8	same	
Exod.11.9	Exod.11.9	same	
Exod.11.10	Exod.11.10	same	
Exod.12.1	Exod.12.1	same	
Exod.12.2	Exod.12.2	same	
Exod.12.3	Exod.12.3	same	
Exod.12.4	Exod.12.4	same	
Exod.12.5	Exod.12.5	same	
Exod.12.6	Exod.12.6	same	
Exod.12.7	Exod.12.7	same	
Exod.12.8	Exod.12.8	same	
Exod.12.9	Exod.12.9	same	
Exod.12.10	Exod.12.10	same	
Exod.12.11	Exod.12.11	same	
Exod.12.12	Exod.12.12	same	
Exod.12.13	Exod.12.13	same	
Exod.12.14	Exod.12.14	same	
Exod.12.15	Exod.12.15	same	
Exod.12.16	Exod.12.16	same	
Exod.12.17	Exod.12.17	same	
Exod.12.18	Exod.12.18	same	
Exod.12.19	Exod.12.19	same	
Exod.12.20	Exod.12.20	same	
Exod.12.21	Exod.12.21	same	
Exod.12.22	Exod.12.22	same	
Exod.12.23	Exod.12.23	same	
Exod.12.24	Exod.12.24	same	
Exod.12.25	Exod.12.25	same	
Exod.12.26	Exod.12.26	same	
Exod.12.27	Exod.12.27	same	
Exod.12.28	Exod.12.28	same	
Exod.12.29	Exod.12.29	same	
Exod.12.30	Exod.12.30	same	
Exod.12.31	Exod.12.31	same	
Exod.12.32	Exod.12.32	same	
Exod.12.33	Exod.12.33	same	
Exod.12.34	Exod.12.34	same	
Exod.12.35	Exod.12.35	same	
Exod.12.36	Exod.12.36	same	
Exod.12.37	Exod.12.37	same	
Exod.12.38	Exod.12.38	same	
Exod.12.39	Exod.12.39	same	
Exod.12.40	Exod.12.40	same	
Exod.12.41	Exod.12.41	same	
Exod.12.42	Exod.12.42	same	
Exod.12.43	Exod.12.43	same	
Exod.12.44	Exod.12.44	same	
Exod.12.45	Exod.12.45	same	
Exod.12.46	Exod.12.46	same	
Exod.12.47	Exod.12.47	same	
Exod.12.48	Exod.12.48	same	
Exod.12.49	Exod.12.49	same	
Exod.12.50	Exod.12.50	same	
Exod.12.51	Exod.12.51	same	
Exod.13.1	Exod.13.1	same	
Exod.13.2	Exod.13.2	same	
Exod.13.3	Exod.13.3	same	
Exod.13.4	Exod.13.4	same	
Exod.13.5	Exod.13.5	same	
Exod.13.6	Exod.13.6	same	
Exod.13.7	Exod.13.7	same	
Exod.13.8	Exod.13.8	same	
Exod.13.9	Exod.13.9	same	
Exod.13.10	Exod.13.10	same	
Exod.13.11	Exod.13.11	same	
Exod.13.12	Exod.13.12	same	
Exod.13.13	Exod.13.13	same	
Exod.13.14	Exod.13.14	same	
Exod.13.15	Exod.13.15	same	
Exod.13.16	Exod.13.16	same	
Exod.13.17	Exod.13.17	same	
Exod.13.18	Exod.13.18	same	
Exod.13.19	Exod.13.19	same	
Exod.13.20	Exod.13.20	same	
Exod.13.21	Exod.13.21	same	
Exod.13.22	Exod.13.22	same	
Exod.14.1	Exod.14.1	same	
Exod.14.2	Exod.14.2	same	
Exod.14.3	Exod.14.3	same	
Exod.14.4	Exod.14.4	same	
Exod.14.5	Exod.14.5	same	
Exod.14.6	Exod.14.6	same	
Exod.14.7	Exod.14.7	same	
Exod.14.8	Exod.14.8	same	
Exod.14.9	Exod.14.9	same	
Exod.14.10	Exod.14.10	same	
Exod.14.11	Exod.14.11	same	
Exod.14.12	Exod.14.12	same	
Exod.14.13	Exod.14.13	same	
Exod.14.14	Exod.14.14	same	
Exod.14.15	Exod.14.15	same	
Exod.14.16	Exod.14.16	same	
Exod.14.17	Exod.14.17	same	
Exod.14.18	Exod.14.18	same	
Exod.14.19	Exod.14.19	same	
Exod.14.20	Exod.14.20	same	
Exod.14.21	Exod.14.21	same	
Exod.14.22	Exod.14.22	same	
Exod.14.23	Exod.14.23	same	
Exod.14.24	Exod.14.24	same	
Exod.14.25	Exod.14.25	same	
Exod.14.26	Exod.14.26	same	
Exod.14.27	Exod.14.27	same	
Exod.14.28	Exod.14.28	same	
Exod.14.29	Exod.14.29	same	
Exod.14.30	Exod.14.30	same	
Exod.14.31	Exod.14.31	same	
Exod.15.1	Exod.15.1	same	
Exod.15.2	Exod.15.2	same	
Exod.15.3	Exod.15.3	same	
Exod.15.4	Exod.15.4	same	
Exod.15.5	Exod.15.5	same	
Exod.15.6	Exod.15.6	same	
Exod.15.7	Exod.15.7	same	
Exod.15.8	Exod.15.8	same	
Exod.15.9	Exod.15.9	same	
Exod.15.10	Exod.15.10	same	
Exod.15.11	Exod.15.11	same	
Exod.15.12	Exod.15.12	same	
Exod.15.13	Exod.15.13	same	
Exod.15.14	Exod.15.14	same	
Exod.15.15	Exod.15.15	same	
Exod.15.16	Exod.15.16	same	
Exod.15.17	Exod.15.17	same	
Exod.15.18	Exod.15.18	same	
Exod.15.19	Exod.15.19	same	
Exod.15.20	Exod.15.20	same	
Exod.15.21	Exod.15.21	same	
Exod.15.22	Exod.15.22	same	
Exod.15.23	Exod.15.23	same	
Exod.15.24	Exod.15.24	same	
Exod.15.25	Exod.15.25	same	
Exod.15.26	Exod.15.26	same	
Exod.15.27	Exod.15.27	same	
Exod.16.1	Exod.16.1	same	
Exod.16.2	Exod.16.2	same	
Exod.16.3	Exod.16.3	same	
Exod.16.4	Exod.16.4	same	
Exod.16.5	Exod.16.5	same	
Exod.16.6	Exod.16.6	same	
Exod.16.7	Exod.16.7	same	
Exod.16.8	Exod.16.8	same	
Exod.16.9	Exod.16.9	same	
Exod.16.10	Exod.16.10	same	
Exod.16.11	Exod.16.11	same	
Exod.16.12	Exod.16.12	same	
Exod.16.13	Exod.16.13	same	
Exod.16.14	Exod.16.14	same	
Exod.16.15	Exod.16.15	same	
Exod.16.16	Exod.16.16	same	
Exod.16.17	Exod.16.17	same	
Exod.16.18	Exod.16.18	same	
Exod.16.19	Exod.16.19	same	
Exod.16.20	Exod.16.20	same	
Exod.16.21	Exod.16.21	same	
Exod.16.22	Exod.16.22	same	
Exod.16.23	Exod.16.23	same	
Exod.16.24	Exod.16.24	same	
Exod.16.25	Exod.16.25	same	
Exod.16.26	Exod.16.26	same	
Exod.16.27	Exod.16.27	same	
Exod.16.28	Exod.16.28	same	
Exod.16.29	Exod.16.29	same	
Exod.16.30	Exod.16.30	same	
Exod.16.31	Exod.16.31	same	
Exod.16.32	Exod.16.32	same	
Exod.16.33	Exod.16.33	same	
Exod.16.34	Exod.16.34	same	
Exod.16.35	Exod.16.35	same	
Exod.16.36	Exod.16.36	same	
Exod.17.1	Exod.17.1	same	
Exod.17.2	Exod.17.2	same	
Exod.17.3	Exod.17.3	same	
Exod.17.4	Exod.17.4	same	
Exod.17.5	Exod.17.5	same	
Exod.17.6	Exod.17.6	same	
Exod.17.7	Exod.17.7	same	
Exod.17.8	Exod.17.8	same	
Exod.17.9	Exod.17.9	same	
Exod.17.10	Exod.17.10	same	
Exod.17.11	Exod.17.11	same	
Exod.17.12	Exod.17.12	same	
Exod.18.1	Exod.18.1	same	
Exod.18.2	Exod.18.2	same	
Exod.18.3	Exod.18.3	same	
Exod.18.4	Exod.18.4	same	
Exod.18.5	Exod.18.5	same	
Exod.18.6	Exod.18.6	same	
Exod.18.7	Exod.18.7	same	
Exod.18.8	Exod.18.8	same	
Exod.18.9	Exod.18.9	same	
Exod.18.10	Exod.18.10	same	
Exod.18.11	Exod.18.11	same	
Exod.18.12	Exod.18.12	same	
Exod.18.13	Exod.18.13	same	
Exod.18.14	Exod.18.14	same	
Exod.18.15	Exod.18.15	same	
Exod.18.16	Exod.18.16	same	
Exod.18.17	Exod.18.17	same	
Exod.18.18	Exod.18.18	same	
Exod.18.19	Exod.18.19	same	
Exod.18.20	Exod.18.20	same	
Exod.18.21	Exod.18.21	same	
Exod.18.22	Exod.18.22	same	
Exod.18.23	Exod.18.23	same	
Exod.18.24	Exod.18.24	same	
Exod.18.25	Exod.18.25	same	
Exod.18.26	Exod.18.26	same	
Exod.18.27	Exod.18.27	same	
Exod.19.1	Exod.19.1	same	
Exod.19.2	Exod.19.2	same	
Exod.19.3	Exod.19.3	same	
Exod.19.4	Exod.19.4	same	
Exod.19.5	Exod.19.5	same	
Exod.19.6	Exod.19.6	same	
Exod.19.7	Exod.19.7	same	
Exod.19.8	Exod.19.8	same	
Exod.19.9	Exod.19.9	same	
Exod.19.10	Exod.19.10	same	
Exod.19.11	Exod.19.11	same	
Exod.19.12	Exod.19.12	same	
Exod.19.13	Exod.19.13	same	
Exod.19.14	Exod.19.14	same	
Exod.19.15	Exod.19.15	same	
Exod.19.16	Exod.19.16	same	
Exod.19.17	Exod.19.17	same	
Exod.19.18	Exod.19.18	same	
Exod.19.19	Exod.19.19	same	
Exod.19.20	Exod.19.20	same	
Exod.19.21	Exod.19.21	same	
Exod.19.22	Exod.19.22	same	
Exod.19.23	Exod.19.23	same	
Exod.19.24	Exod.19.24	same	
Exod.19.25	Exod.19.25	same	
Exod.20.1	Exod.20.1	same	
Exod.20.2	Exod.20.2	same	
Exod.20.3	Exod.20.3	same	
Exod.20.4	Exod.20.4	same	
Exod.20.5	Exod.20.5	same	
Exod.20.6	Exod.20.6	same	
Exod.20.7	Exod.20.7	same	
Exod.20.8	Exod.20.8	same	
Exod.20.9	Exod.20.9	same	
Exod.20.10	Exod.20.10	same	
Exod.20.11	Exod.20.11	same	
Exod.20.12	Exod.20.12	same	
Exod.20.13	Exod.20.14	renumbered	Renumber verse*
Exod.20.14	Exod.20.15	renumbered	Renumber verse*
Exod.20.15	Exod.20.13	renumbered	Renumber verse*
Exod.20.16	Exod.20.16	same	
Exod.20.17	Exod.20.17	same	
Exod.20.18	Exod.20.18	same	
Exod.20.19	Exod.20.19	same	
Exod.20.20	Exod.20.20	same	
Exod.20.21	Exod.20.21	same	
Exod.20.22	Exod.20.22	same	
Exod.20.23	Exod.20.23	same	
Exod.20.24	Exod.20.24	same	
Exod.20.25	Exod.20.25	same	
Exod.20.26	Exod.20.26	same	
Exod.21.1	Exod.21.1	same	
Exod.21.2	Exod.21.2	same	
Exod.21.3	Exod.21.3	same	
Exod.21.4	Exod.21.4	same	
Exod.21.5	Exod.21.5	same	
Exod.21.6	Exod.21.6	same	
Exod.21.7	Exod.21.7	same	
Exod.21.8	Exod.21.8	same	
Exod.21.9	Exod.21.9	same	
Exod.21.10	Exod.21.10	same	
Exod.21.11	Exod.21.11	same	
Exod.21.12	Exod.21.12	same	
Exod.21.13	Exod.21.13	same	
Exod.21.14	Exod.21.14	same	
Exod.21.15	Exod.21.15	same	
Exod.21.16	Exod.21.17	renumbered	Renumber verse*
Exod.21.17	Exod.21.16	renumbered	Renumber verse*
Exod.21.18	Exod.21.18	same	
Exod.21.19	Exod.21.19	same	
Exod.21.20	Exod.21.20	same	
Exod.21.21	Exod.21.21	same	
Exod.21.22	Exod.21.22	same	
Exod.21.23	Exod.21.23	same	
Exod.21.24	Exod.21.24	same	
Exod.21.25	Exod.21.25	same	
Exod.21.26	Exod.21.26	same	
Exod.21.27	Exod.21.27	same	
Exod.21.28	Exod.21.28	same	
Exod.21.29	Exod.21.29	same	
Exod.21.30	Exod.21.30	same	
Exod.21.31	Exod.21.31	same	
Exod.21.32	Exod.21.32	same	
Exod.21.33	Exod.21.33	same	
Exod.21.34	Exod.21.34	same	
Exod.21.35	Exod.21.35	same	
Exod.21.36	Exod.21.36	same	
Exod.22.1	Exod.22.1	same	Keep verse
Exod.22.2	Exod.22.2	same	Keep verse
Exod.22.3	Exod.22.3	same	Keep verse
Exod.22.4	Exod.22.4	same	Keep verse
Exod.22.5	Exod.22.5	same	Keep verse
Exod.22.6	Exod.22.6	same	Keep verse
Exod.22.7	Exod.22.7	same	Keep verse
Exod.22.8	Exod.22.8	same	Keep verse
Exod.22.9	Exod.22.9	same	Keep verse
Exod.22.10	Exod.22.10	same	Keep verse
Exod.22.11	Exod.22.11	same	Keep verse
Exod.22.12	Exod.22.12	same	Keep verse
Exod.22.13	Exod.22.13	same	Keep verse
Exod.22.14	Exod.22.14	same	Keep verse
Exod.22.15	Exod.22.15	same	Keep verse
Exod.22.16	Exod.22.16	same	Keep verse
Exod.22.17	Exod.22.17	same	Keep verse
Exod.22.18	Exod.22.18	same	Keep verse
Exod.22.19	Exod.22.19	same	Keep verse
Exod.22.20	Exod.22.20	same	Keep verse
Exod.22.21	Exod.22.21	same	Keep verse
Exod.22.22	Exod.22.22	same	Keep verse
Exod.22.23	Exod.22.23	same	Keep verse
Exod.22.24	Exod.22.24	same	Keep verse
Exod.22.25	Exod.22.25	same	Keep verse
Exod.22.26	Exod.22.26	same	Keep verse
Exod.22.27	Exod.22.27	same	Keep verse
Exod.22.28	Exod.22.28	same	Keep verse
Exod.22.29	Exod.22.29	same	Keep verse
Exod.22.30	Exod.22.30	same	Keep verse
Exod.22.31	Exod.22.31	same	Keep verse
Exod.23.1	Exod.23.1	same	
Exod.23.2	Exod.23.2	same	
Exod.23.3	Exod.23.3	same	
Exod.23.4	Exod.23.4	same	
Exod.23.5	Exod.23.5	same	
Exod.23.6	Exod.23.6	same	
Exod.23.7	Exod.23.7	same	
Exod.23.8	Exod.23.8	same	
Exod.23.9	Exod.23.9	same	
Exod.23.10	Exod.23.10	same	
Exod.23.11	Exod.23.11	same	
Exod.23.12	Exod.23.12	same	
Exod.23.13	Exod.23.13	same	
Exod.23.14	Exod.23.14	same	
Exod.23.15	Exod.23.15	same	
Exod.23.16	Exod.23.16	same	
Exod.23.17	Exod.23.17	same	
Exod.23.18	Exod.23.18	same	
Exod.23.19	Exod.23.19	same	
Exod.23.20	Exod.23.20	same	
Exod.23.21	Exod.23.21	same	
Exod.23.22	Exod.23.22	same	
Exod.23.23	Exod.23.23	same	
Exod.23.24	Exod.23.24	same	
Exod.23.25	Exod.23.25	same	
Exod.23.26	Exod.23.26	same	
Exod.23.27	Exod.23.27	same	
Exod.23.28	Exod.23.28	same	
Exod.23.29	Exod.23.29	same	
Exod.23.30	Exod.23.30	same	
Exod.23.31	Exod.23.31	same	
Exod.23.32	Exod.23.32	same	
Exod.23.33	Exod.23.33	same	
Exod.24.1	Exod.24.1	same	
Exod.24.2	Exod.24.2	same	
Exod.24.3	Exod.24.3	same	
Exod.24.4	Exod.24.4	same	
Exod.24.5	Exod.24.5	same	
Exod.24.6	Exod.24.6	same	
Exod.24.7	Exod.24.7	same	
Exod.24.8	Exod.24.8	same	
Exod.24.9	Exod.24.9	same	
Exod.24.10	Exod.24.10	same	
Exod.24.11	Exod.24.11	same	
Exod.24.12	Exod.24.12	same	
Exod.25.1	Exod.25.1	same	
Exod.25.2	Exod.25.2	same	
Exod.25.3	Exod.25.3	same	
Exod.25.4	Exod.25.4	same	
Exod.25.5	Exod.25.5	same	
Exod.25.6	Exod.25.6 Exod.25.7	several	IfEmpty verse; Renumber verse
Exod.25.7	Exod.25.8	renumbered	Renumber verse
Exod.25.8	Exod.25.9	renumbered	Renumber verse
Exod.25.9	Exod.25.10	renumbered	Renumber verse
Exod.25.10	Exod.25.11	renumbered	Renumber verse
Exod.25.11	Exod.25.12	renumbered	Renumber verse
Exod.25.12	Exod.25.13	renumbered	Renumber verse
Exod.25.13	Exod.25.14	renumbered	Renumber verse
Exod.25.14	Exod.25.15	renumbered	Renumber verse
Exod.25.15	Exod.25.16	renumbered	Renumber verse
Exod.25.16	Exod.25.17	renumbered	Renumber verse
Exod.25.17	Exod.25.18	renumbered	Renumber verse
Exod.25.18	Exod.25.19	renumbered	Renumber verse
Exod.25.19	Exod.25.20	renumbered	Renumber verse
Exod.25.20	Exod.25.21	renumbered	Renumber verse
Exod.25.21	Exod.25.22	renumbered	Renumber verse
Exod.25.22	Exod.25.23	renumbered	Renumber verse
Exod.25.23	Exod.25.24	renumbered	Renumber verse
Exod.25.24	Exod.25.25	renumbered	Renumber verse
Exod.25.25	Exod.25.26	renumbered	Renumber verse
Exod.25.26	Exod.25.27	renumbered	Renumber verse
Exod.25.27	Exod.25.28	renumbered	Renumber verse
Exod.25.28	Exod.25.29	renumbered	Renumber verse
Exod.25.29	Exod.25.30	renumbered	Renumber verse
Exod.25.30	Exod.25.31	renumbered	Renumber verse
Exod.25.31	Exod.25.32	renumbered	Renumber verse
Exod.25.32	Exod.25.33	renumbered	Renumber verse
Exod.25.33	Exod.25.34	renumbered	Renumber verse
Exod.25.34	Exod.25.35	renumbered	Renumber verse
Exod.25.35	Exod.25.35	same	IfEmpty verse
Exod.25.36	Exod.25.36	same	
Exod.25.37	Exod.25.37	same	
Exod.25.38	Exod.25.38	same	
Exod.25.39	Exod.25.39	same	
Exod.26.1	Exod.26.1	same	
Exod.26.2	Exod.26.2	same	
Exod.26.3	Exod.26.3	same	
Exod.26.4	Exod.26.4	same	
Exod.26.5	Exod.26.5	same	
Exod.26.6	Exod.26.6	same	
Exod.26.7	Exod.26.7	same	
Exod.26.8	Exod.26.8	same	
Exod.26.9	Exod.26.9	same	
Exod.26.10	Exod.26.10	same	
Exod.26.11	Exod.26.11	same	
Exod.26.12	Exod.26.12	same	
Exod.26.13	Exod.26.13	same	
Exod.26.14	Exod.26.14	same	
Exod.26.15	Exod.26.15	same	
Exod.26.16	Exod.26.16	same	
Exod.26.17	Exod.26.17	same	
Exod.26.18	Exod.26.18	same	
Exod.26.19	Exod.26.19	same	
Exod.26.20	Exod.26.20	same	
Exod.26.21	Exod.26.21	same	
Exod.26.22	Exod.26.22	same	
Exod.26.23	Exod.26.23	same	
Exod.26.24	Exod.26.24	same	
Exod.26.25	Exod.26.25	same	
Exod.26.26	Exod.26.26	same	
Exod.26.27	Exod.26.27	same	
Exod.26.28	Exod.26.28	same	
Exod.26.29	Exod.26.29	same	
Exod.26.30	Exod.26.30	same	
Exod.26.31	Exod.26.31	same	
Exod.26.32	Exod.26.32	same	
Exod.26.33	Exod.26.33	same	
Exod.26.34	Exod.26.34	same	
Exod.26.35	Exod.26.35	same	
Exod.26.36	Exod.26.36	same	
Exod.26.37	Exod.26.37	same	
Exod.27.1	Exod.27.1	same	
Exod.27.2	Exod.27.2	same	
Exod.27.3	Exod.27.3	same	
Exod.27.4	Exod.27.4	same	
Exod.27.5	Exod.27.5	same	
Exod.27.6	Exod.27.6	same	
Exod.27.7	Exod.27.7	same	
Exod.27.8	Exod.27.8	same	
Exod.27.9	Exod.27.9	same	
Exod.27.10	Exod.27.10	same	
Exod.27.11	Exod.27.11	same	
Exod.27.12	Exod.27.12	same	
Exod.27.13	Exod.27.13	same	
Exod.27.14	Exod.27.14	same	
Exod.27.15	Exod.27.15	same	
Exod.27.16	Exod.27.16	same	
Exod.27.17	Exod.27.17	same	
Exod.27.18	Exod.27.18	same	
Exod.27.19	Exod.27.19	same	
Exod.27.20	Exod.27.20	same	
Exod.27.21	Exod.27.21	same	
Exod.28.1	Exod.28.1	same	
Exod.28.2	Exod.28.2	same	
Exod.28.3	Exod.28.3	same	
Exod.28.4	Exod.28.4	same	
Exod.28.5	Exod.28.5	same	
Exod.28.6	Exod.28.6	same	
Exod.28.7	Exod.28.7	same	
Exod.28.8	Exod.28.8	same	
Exod.28.9	Exod.28.9	same	
Exod.28.10	Exod.28.10	same	
Exod.28.11	Exod.28.11	same	
Exod.28.12	Exod.28.12	same	
Exod.28.13	Exod.28.13	same	
Exod.28.14	Exod.28.14	same	
Exod.28.15	Exod.28.15	same	
Exod.28.16	Exod.28.16	same	
Exod.28.17	Exod.28.17	same	
Exod.28.18	Exod.28.18	same	
Exod.28.19	Exod.28.19	same	
Exod.28.20	Exod.28.20	same	
Exod.28.21	Exod.28.21	same	
Exod.28.22	Exod.28.23 Exod.28.24 Exod.28.25 Exod.28.26 Exod.28.27 Exod.28.28	several	Concatenation (soft)
Exod.28.23	Exod.28.29	part	Renumber verse (soft)
Exod.28.24	Exod.28.29	part	DividedPrev verse (soft)
Exod.28.25	Exod.28.29	part	DividedPrev verse (soft)
Exod.28.26	Exod.28.30	renumbered	Renumber verse (soft)
Exod.28.27	Exod.28.31	renumbered	Renumber verse (soft)
Exod.28.28	Exod.28.32	renumbered	Renumber verse (soft)
Exod.28.29	Exod.28.33	renumbered	Renumber verse (soft)
Exod.28.30	Exod.28.34	renumbered	Renumber verse (soft)
Exod.28.31	Exod.28.35	renumbered	Renumber verse (soft)
Exod.28.32	Exod.28.36	renumbered	Renumber verse (soft)
Exod.28.33	Exod.28.37	renumbered	Renumber verse (soft)
Exod.28.34	Exod.28.38	renumbered	Renumber verse (soft)
Exod.28.35	Exod.28.39	renumbered	Renumber verse (soft)
Exod.28.36	Exod.28.40	renumbered	Renumber verse (soft)
Exod.28.37	Exod.28.41	renumbered	Renumber verse (soft)
Exod.28.38	Exod.28.42	renumbered	Renumber verse (soft)
Exod.28.39	Exod.28.43	renumbered	Renumber verse (soft)
Exod.29.1	Exod.29.1	same	
Exod.29.2	Exod.29.2	same	
Exod.29.3	Exod.29.3	same	
Exod.29.4	Exod.29.4	same	
Exod.29.5	Exod.29.5	same	
Exod.29.6	Exod.29.6	same	
Exod.29.7	Exod.29.7	same	
Exod.29.8	Exod.29.8	same	
Exod.29.9	Exod.29.9	same	
Exod.29.10	Exod.29.10	same	
Exod.29.11	Exod.29.11	same	
Exod.29.12	Exod.29.12	same	
Exod.29.13	Exod.29.13	same	
Exod.29.14	Exod.29.14	same	
Exod.29.15	Exod.29.15	same	
Exod.29.16	Exod.29.16	same	
Exod.29.17	Exod.29.17	same	
Exod.29.18	Exod.29.18	same	
Exod.29.19	Exod.29.19	same	
Exod.29.20	Exod.29.20	same	
Exod.29.21	Exod.29.21	same	
Exod.29.22	Exod.29.22	same	
Exod.29.23	Exod.29.23	same	
Exod.29.24	Exod.29.24	same	
Exod.29.25	Exod.29.25	same	
Exod.29.26	Exod.29.26	same	
Exod.29.27	Exod.29.27	same	
Exod.29.28	Exod.29.28	same	
Exod.29.29	Exod.29.29	same	
Exod.29.30	Exod.29.30	same	
Exod.29.31	Exod.29.31	same	
Exod.29.32	Exod.29.32	same	
Exod.29.33	Exod.29.33	same	
Exod.29.34	Exod.29.34	same	
Exod.29.35	Exod.29.35	same	
Exod.29.36	Exod.29.36	same	
Exod.29.37	Exod.29.37	same	
Exod.29.38	Exod.29.38	same	
Exod.29.39	Exod.29.39	same	
Exod.29.40	Exod.29.40	same	
Exod.29.41	Exod.29.41	same	
Exod.29.42	Exod.29.42	same	
Exod.29.43	Exod.29.43	same	
Exod.29.44	Exod.29.44	same	
Exod.29.45	Exod.29.45	same	
Exod.30.1	Exod.30.1	same	
Exod.30.2	Exod.30.2	same	
Exod.30.3	Exod.30.3	same	
Exod.30.4	Exod.30.4	same	
Exod.30.5	Exod.30.5	same	
Exod.30.6	Exod.30.6	same	
Exod.30.7	Exod.30.7	same	
Exod.30.8	Exod.30.8	same	
Exod.30.9	Exod.30.9	same	
Exod.30.10	Exod.30.10	same	
Exod.30.11	Exod.30.11	same	
Exod.30.12	Exod.30.12	same	
Exod.30.13	Exod.30.13	same	
Exod.30.14	Exod.30.14	same	
Exod.30.15	Exod.30.15	same	
Exod.30.16	Exod.30.16	same	
Exod.30.17	Exod.30.17	same	
Exod.30.18	Exod.30.18	same	
Exod.30.19	Exod.30.19	same	
Exod.30.20	Exod.30.20	same	
Exod.30.21	Exod.30.21	same	
Exod.30.22	Exod.30.22	same	
Exod.30.23	Exod.30.23	same	
Exod.30.24	Exod.30.24	same	
Exod.30.25	Exod.30.25	same	
Exod.30.26	Exod.30.26	same	
Exod.30.27	Exod.30.27	same	
Exod.30.28	Exod.30.28	same	
Exod.30.29	Exod.30.29	same	
Exod.30.30	Exod.30.30	same	
Exod.30.31	Exod.30.31	same	
Exod.30.32	Exod.30.32	same	
Exod.30.33	Exod.30.33	same	
Exod.30.34	Exod.30.34	same	
Exod.30.35	Exod.30.35	same	
Exod.30.36	Exod.30.36	same	
Exod.30.37	Exod.30.37	same	
Exod.30.38	Exod.30.38	same	
Exod.31.1	Exod.31.1	same	
Exod.31.2	Exod.31.2	same	
Exod.31.3	Exod.31.3	same	
Exod.31.4	Exod.31.4	same	
Exod.31.5	Exod.31.5	same	
Exod.31.6	Exod.31.6	same	
Exod.31.7	Exod.31.7	same	
Exod.31.8	Exod.31.8	same	
Exod.31.9	Exod.31.9	same	
Exod.31.10	Exod.31.10	same	
Exod.31.11	Exod.31.11	same	
Exod.31.12	Exod.31.12	same	
Exod.31.13	Exod.31.13	same	
Exod.31.14	Exod.31.14	same	
Exod.31.15	Exod.31.15	same	
Exod.31.16	Exod.31.16	same	
Exod.31.17	Exod.31.17	same	
Exod.31.18	Exod.31.18	same	
Exod.32.1	Exod.32.1	same	
Exod.32.2	Exod.32.2	same	
Exod.32.3	Exod.32.3	same	
Exod.32.4	Exod.32.4	same	
Exod.32.5	Exod.32.5	same	
Exod.32.6	Exod.32.6	same	
Exod.32.7	Exod.32.7	same	
Exod.32.8	Exod.32.8	same	
Exod.32.9	Exod.32.9	same	
Exod.32.10	Exod.32.10	same	
Exod.32.11	Exod.32.11	same	
Exod.32.12	Exod.32.12	same	
Exod.32.13	Exod.32.13	same	
Exod.32.14	Exod.32.14	same	
Exod.32.15	Exod.32.15	same	
Exod.32.16	Exod.32.16	same	
Exod.32.17	Exod.32.17	same	
Exod.32.18	Exod.32.18	same	
Exod.32.19	Exod.32.19	same	
Exod.32.20	Exod.32.20	same	
Exod.32.21	Exod.32.21	same	
Exod.32.22	Exod.32.22	same	
Exod.32.23	Exod.32.23	same	
Exod.32.24	Exod.32.24	same	
Exod.32.25	Exod.32.25	same	
Exod.32.26	Exod.32.26	same	
Exod.32.27	Exod.32.27	same	
Exod.32.28	Exod.32.28	same	
Exod.32.29	Exod.32.29	same	
Exod.32.30	Exod.32.30	same	
Exod.32.31	Exod.32.31	same	
Exod.32.32	Exod.32.32	same	
Exod.32.33	Exod.32.33	same	
Exod.32.34	Exod.32.34	same	
Exod.32.35	Exod.32.35	same	
Exod.33.1	Exod.33.1	same	
Exod.33.2	Exod.33.2	same	
Exod.33.3	Exod.33.3	same	
Exod.33.4	Exod.33.4	same	
Exod.33.5	Exod.33.5	same	
Exod.33.6	Exod.33.6	same	
Exod.33.7	Exod.33.7	same	
Exod.33.8	Exod.33.8	same	
Exod.33.9	Exod.33.9	same	
Exod.33.10	Exod.33.10	same	
Exod.33.11	Exod.33.11	same	
Exod.33.12	Exod.33.12	same	
Exod.33.13	Exod.33.13	same	
Exod.33.14	Exod.33.14	same	
Exod.33.15	Exod.33.15	same	
Exod.33.16	Exod.33.16	same	
Exod.33.17	Exod.33.17	same	
Exod.33.18	Exod.33.18	same	
Exod.33.19	Exod.33.19	same	
Exod.33.20	Exod.33.20	same	
Exod.33.21	Exod.33.21	same	
Exod.33.22	Exod.33.22	same	
Exod.33.23	Exod.33.23	same	
Exod.34.1	Exod.34.1	same	
Exod.34.2	Exod.34.2	same	
Exod.34.3	Exod.34.3	same	
Exod.34.4	Exod.34.4	same	
Exod.34.5	Exod.34.5	same	
Exod.34.6	Exod.34.6	same	
Exod.34.7	Exod.34.7	same	
Exod.34.8	Exod.34.8	same	
Exod.34.9	Exod.34.9	same	
Exod.34.10	Exod.34.10	same	
Exod.34.11	Exod.34.11	same	
Exod.34.12	Exod.34.12	same	
Exod.34.13	Exod.34.13	same	
Exod.34.14	Exod.34.14	same	
Exod.34.15	Exod.34.15	same	
Exod.34.16	Exod.34.16	same	
Exod.34.17	Exod.34.17	same	
Exod.34.18	Exod.34.18	same	
Exod.34.19	Exod.34.19	same	
Exod.34.20	Exod.34.20	same	
Exod.34.21	Exod.34.21	same	
Exod.34.22	Exod.34.22	same	
Exod.34.23	Exod.34.23	same	
Exod.34.24	Exod.34.24	same	
Exod.34.25	Exod.34.25	same	
Exod.34.26	Exod.34.26	same	
Exod.34.27	Exod.34.27	same	
Exod.34.28	Exod.34.28	same	
Exod.34.29	Exod.34.29	same	
Exod.34.30	Exod.34.30	same	
Exod.34.31	Exod.34.31	same	
Exod.34.32	Exod.34.32	same	
Exod.34.33	Exod.34.33	same	
Exod.34.34	Exod.34.34	same	
Exod.34.35	Exod.34.35	same	
Exod.35.1	Exod.35.1	same	
Exod.35.2	Exod.35.2	same	
Exod.35.3	Exod.35.3	same	
Exod.35.4	Exod.35.4	same	
Exod.35.5	Exod.35.5	same	
Exod.35.6	Exod.35.6	same	
Exod.35.7	Exod.35.7	same	
Exod.35.8	Exod.35.9	renumbered	Renumber verse*
Exod.35.9	Exod.35.10	renumbered	Renumber verse*
Exod.35.10	Exod.35.11	renumbered	Renumber verse*
Exod.35.11	Exod.35.12	renumbered	Renumber verse*
Exod.35.12	Exod.35.13	renumbered	Renumber verse*
Exod.35.13	Exod.35.14	renumbered	Renumber verse*
Exod.35.14	Exod.35.15	renumbered	Renumber verse*
Exod.35.15	Exod.35.16	renumbered	Renumber verse*
Exod.35.16	Exod.35.17	renumbered	Renumber verse*
Exod.35.17	Exod.35.18	renumbered	Renumber verse*
Exod.35.18	Exod.35.19	part	Renumber verse*
Exod.35.19	Exod.35.8	renumbered	Renumber verse*
Exod.35.20	Exod.35.20	same	
Exod.35.21	Exod.35.21	same	
Exod.35.22	Exod.35.22	same	
Exod.35.23	Exod.35.23	same	
Exod.35.24	Exod.35.24	same	
Exod.35.25	Exod.35.25	same	
Exod.35.26	Exod.35.26	same	
Exod.35.27	Exod.35.27	same	
Exod.35.28	Exod.35.28	same	
Exod.35.29	Exod.35.29	same	
Exod.35.30	Exod.35.30	same	
Exod.35.31	Exod.35.31	same	
Exod.35.32	Exod.35.32	same	
Exod.35.33	Exod.35.33	same	
Exod.35.34	Exod.35.34	same	
Exod.35.35	Exod.35.35	same	
Exod.36.1	Exod.36.1	same	
Exod.36.2	Exod.36.2	same	
Exod.36.3	Exod.36.3	same	
Exod.36.4	Exod.36.4	same	
Exod.36.5	Exod.36.5	same	
Exod.36.6	Exod.36.6	same	
Exod.36.7	Exod.36.7	same	
Exod.36.8	Exod.36.8	unmatched	
Exod.36.9	Exod.39.2	renumbered	Renumber verse*
Exod.36.10	Exod.36.10 Exod.39.3	several	Keep verse; Renumber verse*
Exod.36.11	Exod.36.11 Exod.39.4	several	Keep verse; Renumber verse*
Exod.36.12	Exod.36.12 Exod.39.5	several	Keep verse; Renumber verse*
Exod.36.13	Exod.39.6	renumbered	Renumber verse*
Exod.36.14	Exod.36.14 Exod.39.7	several	Keep verse; Renumber verse*
Exod.36.15	Exod.36.15 Exod.39.8	several	Keep verse; Renumber verse*
Exod.36.16	Exod.36.16 Exod.39.9	several	Keep verse; Renumber verse*
Exod.36.17	Exod.36.17 Exod.39.10	several	Keep verse; Renumber verse*
Exod.36.18	Exod.36.18 Exod.39.11	several	Keep verse; Renumber verse*
Exod.36.19	Exod.36.19 Exod.39.12	several	Keep verse; Renumber verse*
Exod.36.20	Exod.36.20 Exod.39.13	several	Keep verse; Renumber verse*
Exod.36.21	Exod.36.21 Exod.39.14	several	Keep verse; Renumber verse*
Exod.36.22	Exod.36.22 Exod.39.15	several	Keep verse; Renumber verse*
Exod.36.23	Exod.36.23 Exod.39.16	part	Keep verse; Renumber verse*
Exod.36.24	Exod.36.24 Exod.39.16	part	Keep verse; DividedPrev verse*
Exod.36.25	Exod.36.25 Exod.39.17	several	Keep verse; Renumber verse*
Exod.36.26	Exod.36.26 Exod.39.18	several	Keep verse; Renumber verse*
Exod.36.27	Exod.36.27 Exod.39.19	several	Keep verse; Renumber verse*
Exod.36.28	Exod.36.28 Exod.39.20	several	Keep verse; Renumber verse*
Exod.36.29	Exod.36.29 Exod.39.21	several	Keep verse; Renumber verse*
Exod.36.30	Exod.36.30 Exod.39.22	several	Keep verse; Renumber verse*
Exod.36.31	Exod.36.31 Exod.39.23	several	Keep verse; Renumber verse*
Exod.36.32	Exod.36.32 Exod.39.24	several	Keep verse; Renumber verse*
Exod.36.33	Exod.36.33 Exod.39.25	several	Keep verse; Renumber verse*
Exod.36.34	Exod.36.34 Exod.39.26	several	Keep verse; Renumber verse*
Exod.36.35	Exod.39.27	renumbered	Renumber verse*
Exod.36.36	Exod.39.28	renumbered	Renumber verse*
Exod.36.37	Exod.39.29	renumbered	Renumber verse*
Exod.36.38	Exod.39.30	part	Renumber verse*
Exod.36.39	Exod.39.30	part	DividedPrev verse*
Exod.36.40	Exod.39.31	renumbered	Renumber verse*
Exod.37.1	Exod.36.8	part	Renumber verse*
Exod.37.2	Exod.36.9 Exod.36.10 Exod.36.11 Exod.36.12 Exod.36.13 Exod.36.14 Exod.36.15 Exod.36.16 Exod.36.17 Exod.36.18 Exod.36.19 Exod.36.20 Exod.36.21 Exod.36.22 Exod.36.23 Exod.36.24 Exod.36.25 Exod.36.26 Exod.36.27 Exod.36.28 Exod.36.29 Exod.36.30 Exod.36.31 Exod.36.32 Exod.36.33 Exod.36.34	several	Concatenation*
Exod.37.3	Exod.36.35	renumbered	Renumber verse*
Exod.37.4	Exod.36.36	renumbered	Renumber verse*
Exod.37.5	Exod.36.37	renumbered	Renumber verse*
Exod.37.6	Exod.36.38	renumbered	Renumber verse*
Exod.37.7	Exod.38.9	renumbered	Renumber verse*
Exod.37.8	Exod.38.10	renumbered	Renumber verse*
Exod.37.9	Exod.38.11	renumbered	Renumber verse*
Exod.37.10	Exod.37.10 Exod.38.12	several	Keep verse; Renumber verse*
Exod.37.11	Exod.38.13	renumbered	Renumber verse*
Exod.37.12	Exod.37.12 Exod.38.14	several	Keep verse; Renumber verse*
Exod.37.13	Exod.38.15	renumbered	Renumber verse*
Exod.37.14	Exod.37.14 Exod.38.16	several	Keep verse; Renumber verse*
Exod.37.15	Exod.38.17	renumbered	Renumber verse*
Exod.37.16	Exod.38.18	renumbered	Renumber verse*
Exod.37.17	Exod.38.19	part	Renumber verse*
Exod.37.18	Exod.38.20	part	Renumber verse*
Exod.37.19	Exod.38.21	renumbered	Renumber verse*
Exod.37.20	Exod.37.20 Exod.38.22	several	Keep verse; Renumber verse*
Exod.37.21	Exod.37.21 Exod.38.23	several	Keep verse; Renumber verse*
Exod.38.1	Exod.37.1	renumbered	Renumber verse*
Exod.38.2	Exod.37.2	renumbered	Renumber verse*
Exod.38.3	Exod.37.3	renumbered	Renumber verse*
Exod.38.4	Exod.37.4 Exod.37.5	several	Concatenation*
Exod.38.5	Exod.37.6	renumbered	Renumber verse*
Exod.38.6	Exod.37.7	renumbered	Renumber verse*
Exod.38.7	Exod.37.8	renumbered	Renumber verse*
Exod.38.8	Exod.37.9	renumbered	Renumber verse*
Exod.38.9	Exod.37.11	part	Renumber verse*
Exod.38.10	Exod.37.13	part	Renumber verse*
Exod.38.11	Exod.37.10 Exod.37.11 Exod.37.12 Exod.37.13 Exod.37.14 Exod.37.15	several	Concatenation*
Exod.38.12	Exod.37.16	renumbered	Renumber verse*
Exod.38.13	Exod.37.17	part	Renumber verse*
Exod.38.14	Exod.37.18	part	Renumber verse*
Exod.38.15	Exod.37.18	part	Renumber verse*
Exod.38.16	Exod.37.19	part	Renumber verse*
Exod.38.17	Exod.37.20 Exod.37.21 Exod.37.22 Exod.37.23 Exod.37.24 Exod.37.25 Exod.37.26 Exod.37.27 Exod.37.28	several	Concatenation (soft)
Exod.38.18	Exod.37.28	part	Renumber verse*
Exod.38.19	Exod.36.13	renumbered	Renumber verse*
Exod.38.20	Exod.38.19	part	Renumber verse*
Exod.38.21	Exod.38.20	part	Renumber verse*
Exod.38.22	Exod.38.1	renumbered	Renumber verse*
Exod.38.23	Exod.38.3	renumbered	Renumber verse*
Exod.38.24	Exod.38.4 Exod.38.5 Exod.38.6 Exod.38.7	several	Concatenation
Exod.38.25	Exod.37.29	renumbered	Renumber verse*
Exod.38.26	Exod.38.8	renumbered	Renumber verse*
Exod.38.27	Exod.40.30 Exod.40.31 Exod.40.32	several	Concatenation
Exod.39.1	Exod.38.24	renumbered	Renumber verse*
Exod.39.2	Exod.38.25	renumbered	Renumber verse*
Exod.39.3	Exod.38.26	renumbered	Renumber verse*
Exod.39.4	Exod.38.27	part	Renumber verse*
Exod.39.5	Exod.38.27	part	DividedPrev verse*
Exod.39.6	Exod.38.28	renumbered	Renumber verse*
Exod.39.7	Exod.38.29	renumbered	Renumber verse*
Exod.39.8	Exod.38.30	renumbered	Renumber verse*
Exod.39.9	Exod.38.31	renumbered	Renumber verse*
Exod.39.10	Exod.38.2	renumbered	Renumber verse*
Exod.39.11	Exod.39.32	part	Renumber verse*
Exod.39.12	Exod.39.32	part	DividedPrev verse*
Exod.39.13	Exod.39.1	part	MovedFrom verse*
Exod.39.14	Exod.39.33	renumbered	Renumber verse*
Exod.39.15	Exod.39.35	renumbered	Renumber verse*
Exod.39.16	Exod.39.38 Exod.39.39	several	Concatenation
Exod.39.17	Exod.39.37	renumbered	Renumber verse*
Exod.39.18	Exod.39.36	renumbered	Renumber verse*
Exod.39.19	Exod.39.41	renumbered	Renumber verse*
Exod.39.20	Exod.39.40	renumbered	Renumber verse*
Exod.39.21	Exod.39.34	renumbered	Renumber verse*
Exod.39.22	Exod.39.42	renumbered	Renumber verse*
Exod.39.23	Exod.39.43	renumbered	Renumber verse*
Exod.40.1	Exod.40.1	same	
Exod.40.2	Exod.40.2	same	
Exod.40.3	Exod.40.3	same	
Exod.40.4	Exod.40.4	same	
Exod.40.5	Exod.40.5	same	
Exod.40.6	Exod.40.6	same	
Exod.40.7	Exod.40.9 Exod.40.7	several	Renumber verse; IfEmpty verse
Exod.40.8	Exod.40.10	part	Renumber verse*
Exod.40.9	Exod.40.10	part	DividedPrev verse*
Exod.40.10	Exod.40.12	renumbered	Renumber verse*
Exod.40.11	Exod.40.13 Exod.40.11	several	Renumber verse*; IfEmpty verse*
Exod.40.12	Exod.40.14	renumbered	Renumber verse*
Exod.40.13	Exod.40.15	renumbered	Renumber verse*
Exod.40.14	Exod.40.16	renumbered	Renumber verse*
Exod.40.15	Exod.40.17	renumbered	Renumber verse*
Exod.40.16	Exod.40.18	renumbered	Renumber verse*
Exod.40.17	Exod.40.19	renumbered	Renumber verse*
Exod.40.18	Exod.40.20	renumbered	Renumber verse*
Exod.40.19	Exod.40.21	renumbered	Renumber verse*
Exod.40.20	Exod.40.22	renumbered	Renumber verse*
Exod.40.21	Exod.40.23	renumbered	Renumber verse*
Exod.40.22	Exod.40.24	renumbered	Renumber verse*
Exod.40.23	Exod.40.25	renumbered	Renumber verse*
Exod.40.24	Exod.40.26	renumbered	Renumber verse*
Exod.40.25	Exod.40.27	renumbered	Renumber verse*
Exod.40.26	Exod.40.29	renumbered	Renumber verse*
Exod.40.27	Exod.40.33	renumbered	Renumber verse*
Exod.40.28	Exod.40.34 Exod.40.28	several	Renumber verse*; IfEmpty verse*
Exod.40.29	Exod.40.35	renumbered	Renumber verse*
Exod.40.30	Exod.40.36	renumbered	Renumber verse*
Exod.40.31	Exod.40.37	renumbered	Renumber verse*
Exod.40.32	Exod.40.38	renumbered	Renumber verse*
Lev.1.1	Lev.1.1	same	
Lev.1.2	Lev.1.2	same	
Lev.1.3	Lev.1.3	same	
Lev.1.4	Lev.1.4	same	
Lev.1.5	Lev.1.5	same	
Lev.1.6	Lev.1.6	same	
Lev.1.7	Lev.1.7	same	
Lev.1.8	Lev.1.8	same	
Lev.1.9	Lev.1.9	same	
Lev.1.10	Lev.1.10	same	
Lev.1.11	Lev.1.11	same	
Lev.1.12	Lev.1.12	same	
Lev.1.13	Lev.1.13	same	
Lev.1.14	Lev.1.14	same	
Lev.1.15	Lev.1.15	same	
Lev.1.16	Lev.1.16	same	
Lev.1.17	Lev.1.17	same	
Lev.2.1	Lev.2.1	same	
Lev.2.2	Lev.2.2	same	
Lev.2.3	Lev.2.3	same	
Lev.2.4	Lev.2.4	same	
Lev.2.5	Lev.2.5	same	
Lev.2.6	Lev.2.6	same	
Lev.2.7	Lev.2.7	same	
Lev.2.8	Lev.2.8	same	
Lev.2.9	Lev.2.9	same	
Lev.2.10	Lev.2.10	same	
Lev.2.11	Lev.2.11	same	
Lev.2.12	Lev.2.12	same	
Lev.2.13	Lev.2.13	same	
Lev.2.14	Lev.2.14	same	
Lev.2.15	Lev.2.15	same	
Lev.2.16	Lev.2.16	same	
Lev.3.1	Lev.3.1	same	
Lev.3.2	Lev.3.2	same	
Lev.3.3	Lev.3.3	same	
Lev.3.4	Lev.3.4	same	
Lev.3.5	Lev.3.5	same	
Lev.3.6	Lev.3.6	same	
Lev.3.7	Lev.3.7	same	
Lev.3.8	Lev.3.8	same	
Lev.3.9	Lev.3.9	same	
Lev.3.10	Lev.3.10	same	
Lev.3.11	Lev.3.11	same	
Lev.3.12	Lev.3.12	same	
Lev.3.13	Lev.3.13	same	
Lev.3.14	Lev.3.14	same	
Lev.3.15	Lev.3.15	same	
Lev.3.16	Lev.3.16	same	
Lev.3.17	Lev.3.17	same	
Lev.4.1	Lev.4.1	same	
Lev.4.2	Lev.4.2	same	
Lev.4.3	Lev.4.3	same	
Lev.4.4	Lev.4.4	same	
Lev.4.5	Lev.4.5	same	
Lev.4.6	Lev.4.6	same	
Lev.4.7	Lev.4.7	same	
Lev.4.8	Lev.4.8	same	
Lev.4.9	Lev.4.9	same	
Lev.4.10	Lev.4.10	same	
Lev.4.11	Lev.4.11	same	
Lev.4.12	Lev.4.12	same	
Lev.4.13	Lev.4.13	same	
Lev.4.14	Lev.4.14	same	
Lev.4.15	Lev.4.15	same	
Lev.4.16	Lev.4.16	same	
Lev.4.17	Lev.4.17	same	
Lev.4.18	Lev.4.18	same	
Lev.4.19	Lev.4.19	same	
Lev.4.20	Lev.4.20	same	
Lev.4.21	Lev.4.21	same	
Lev.4.22	Lev.4.22	same	
Lev.4.23	Lev.4.23	same	
Lev.4.24	Lev.4.24	same	
Lev.4.25	Lev.4.25	same	
Lev.4.26	Lev.4.26	same	
Lev.4.27	Lev.4.27	same	
Lev.4.28	Lev.4.28	same	
Lev.4.29	Lev.4.29	same	
Lev.4.30	Lev.4.30	same	
Lev.4.31	Lev.4.31	same	
Lev.4.32	Lev.4.32	same	
Lev.4.33	Lev.4.33	same	
Lev.4.34	Lev.4.34	same	
Lev.4.35	Lev.4.35	same	
Lev.5.1	Lev.5.1	same	
Lev.5.2	Lev.5.2	same	
Lev.5.3	Lev.5.3	same	
Lev.5.4	Lev.5.4	same	
Lev.5.5	Lev.5.5	same	
Lev.5.6	Lev.5.6	same	
Lev.5.7	Lev.5.7	same	
Lev.5.8	Lev.5.8	same	
Lev.5.9	Lev.5.9	same	
Lev.5.10	Lev.5.10	same	
Lev.5.11	Lev.5.11	same	
Lev.5.12	Lev.5.12	same	
Lev.5.13	Lev.5.13	same	
Lev.5.14	Lev.5.14	same	
Lev.5.15	Lev.5.15	same	
Lev.5.16	Lev.5.16	same	
Lev.5.17	Lev.5.17	same	
Lev.5.18	Lev.5.18	same	
Lev.5.19	Lev.5.19	same	
Lev.6.1	Lev.6.1	same	Keep verse
Lev.6.2	Lev.6.2	same	Keep verse
Lev.6.3	Lev.6.3	same	Keep verse
Lev.6.4	Lev.6.4	same	Keep verse
Lev.6.5	Lev.6.5	same	Keep verse
Lev.6.6	Lev.6.6	same	Keep verse
Lev.6.7	Lev.6.7	same	Keep verse
Lev.6.8	Lev.6.8	same	Keep verse
Lev.6.9	Lev.6.9	same	Keep verse
Lev.6.10	Lev.6.10	same	Keep verse
Lev.6.11	Lev.6.11	same	Keep verse
Lev.6.12	Lev.6.12	same	Keep verse
Lev.6.13	Lev.6.13	same	Keep verse
Lev.6.14	Lev.6.14	same	Keep verse
Lev.6.15	Lev.6.15	same	Keep verse
Lev.6.16	Lev.6.16	same	Keep verse
Lev.6.17	Lev.6.17	same	Keep verse
Lev.6.18	Lev.6.18	same	Keep verse
Lev.6.19	Lev.6.19	same	Keep verse
Lev.6.20	Lev.6.20	same	Keep verse
Lev.6.21	Lev.6.21	same	Keep verse
Lev.6.22	Lev.6.22	same	Keep verse
Lev.6.23	Lev.6.23	same	Keep verse
Lev.6.24	Lev.6.24	same	Keep verse
Lev.6.25	Lev.6.25	same	Keep verse
Lev.6.26	Lev.6.26	same	Keep verse
Lev.6.27	Lev.6.27	same	Keep verse
Lev.6.28	Lev.6.28	same	Keep verse
Lev.6.29	Lev.6.29	same	Keep verse
Lev.6.30	Lev.6.30	same	Keep verse
Lev.6.31		not-in-kjv	
Lev.6.32		not-in-kjv	
Lev.6.33		not-in-kjv	
Lev.6.34		not-in-kjv	
Lev.6.35		not-in-kjv	
Lev.6.36		not-in-kjv	
Lev.6.37		not-in-kjv	
Lev.6.38		not-in-kjv	
Lev.6.39		not-in-kjv	
Lev.6.40		not-in-kjv	
Lev.7.1	Lev.7.1	unmatched	
Lev.7.2	Lev.7.2	unmatched	
Lev.7.3	Lev.7.3	unmatched	
Lev.7.4	Lev.7.4	unmatched	
Lev.7.5	Lev.7.5	unmatched	
Lev.7.6	Lev.7.6	unmatched	
Lev.7.7	Lev.7.7	unmatched	
Lev.7.8	Lev.7.8	unmatched	
Lev.7.9	Lev.7.9	unmatched	
Lev.7.10	Lev.7.10	unmatched	
Lev.7.11	Lev.7.11	unmatched	
Lev.7.12	Lev.7.12	unmatched	
Lev.7.13	Lev.7.13	unmatched	
Lev.7.14	Lev.7.14	unmatched	
Lev.7.15	Lev.7.15	unmatched	
Lev.7.16	Lev.7.16	unmatched	
Lev.7.17	Lev.7.17	unmatched	
Lev.7.18	Lev.7.18	unmatched	
Lev.7.19	Lev.7.19	unmatched	
Lev.7.20	Lev.7.20	unmatched	
Lev.7.21	Lev.7.21	unmatched	
Lev.7.22	Lev.7.22	unmatched	
Lev.7.23	Lev.7.23	unmatched	
Lev.7.24	Lev.7.24	unmatched	
Lev.7.25	Lev.7.25	unmatched	
Lev.7.26	Lev.7.26	unmatched	
Lev.7.27	Lev.7.27	unmatched	
Lev.8.1	Lev.8.1	same	
Lev.8.2	Lev.8.2	same	
Lev.8.3	Lev.8.3	same	
Lev.8.4	Lev.8.4	same	
Lev.8.5	Lev.8.5	same	
Lev.8.6	Lev.8.6	same	
Lev.8.7	Lev.8.7	same	
Lev.8.8	Lev.8.8	same	
Lev.8.9	Lev.8.9	same	
Lev.8.10	Lev.8.10	same	
Lev.8.11	Lev.8.11	same	
Lev.8.12	Lev.8.12	same	
Lev.8.13	Lev.8.13	same	
Lev.8.14	Lev.8.14	same	
Lev.8.15	Lev.8.15	same	
Lev.8.16	Lev.8.16	same	
Lev.8.17	Lev.8.17	same	
Lev.8.18	Lev.8.18	same	
Lev.8.19	Lev.8.19	same	
Lev.8.20	Lev.8.20	same	
Lev.8.21	Lev.8.21	same	
Lev.8.22	Lev.8.22	same	
Lev.8.23	Lev.8.23	same	
Lev.8.24	Lev.8.24	same	
Lev.8.25	Lev.8.25	same	
Lev.8.26	Lev.8.26	same	
Lev.8.27	Lev.8.27	same	
Lev.8.28	Lev.8.28	same	
Lev.8.29	Lev.8.29	same	
Lev.8.30	Lev.8.30	same	
Lev.8.31	Lev.8.31	same	
Lev.8.32	Lev.8.32	same	
Lev.8.33	Lev.8.33	same	
Lev.8.34	Lev.8.34	same	
Lev.8.35	Lev.8.35	same	
Lev.8.36	Lev.8.36	same	
Lev.9.1	Lev.9.1	same	
Lev.9.2	Lev.9.2	same	
Lev.9.3	Lev.9.3	same	
Lev.9.4	Lev.9.4	same	
Lev.9.5	Lev.9.5	same	
Lev.9.6	Lev.9.6	same	
Lev.9.7	Lev.9.7	same	
Lev.9.8	Lev.9.8	same	
Lev.9.9	Lev.9.9	same	
Lev.9.10	Lev.9.10	same	
Lev.9.11	Lev.9.11	same	
Lev.9.12	Lev.9.12	same	
Lev.9.13	Lev.9.13	same	
Lev.9.14	Lev.9.14	same	
Lev.9.15	Lev.9.15	same	
Lev.9.16	Lev.9.16	same	
Lev.9.17	Lev.9.17	same	
Lev.9.18	Lev.9.18	same	
Lev.9.19	Lev.9.19	same	
Lev.9.20	Lev.9.20	same	
Lev.9.21	Lev.9.21	same	
Lev.9.22	Lev.9.22	same	
Lev.9.23	Lev.9.23	same	
Lev.9.24	Lev.9.24	same	
Lev.10.1	Lev.10.1	same	
Lev.10.2	Lev.10.2	same	
Lev.10.3	Lev.10.3	same	
Lev.10.4	Lev.10.4	same	
Lev.10.5	Lev.10.5	same	
Lev.10.6	Lev.10.6	same	
Lev.10.7	Lev.10.7	same	
Lev.10.8	Lev.10.8	same	
Lev.10.9	Lev.10.9	same	
Lev.10.10	Lev.10.10	same	
Lev.10.11	Lev.10.11	same	
Lev.10.12	Lev.10.12	same	
Lev.10.13	Lev.10.13	same	
Lev.10.14	Lev.10.14	same	
Lev.10.15	Lev.10.15	same	
Lev.10.16	Lev.10.16	same	
Lev.10.17	Lev.10.17	same	
Lev.10.18	Lev.10.18	same	
Lev.10.19	Lev.10.19	same	
Lev.10.20	Lev.10.20	same	
Lev.11.1	Lev.11.1	same	
Lev.11.2	Lev.11.2	same	
Lev.11.3	Lev.11.3	same	
Lev.11.4	Lev.11.4	same	
Lev.11.5	Lev.11.5	same	
Lev.11.6	Lev.11.6	same	
Lev.11.7	Lev.11.7	same	
Lev.11.8	Lev.11.8	same	
Lev.11.9	Lev.11.9	same	
Lev.11.10	Lev.11.10	same	
Lev.11.11	Lev.11.11	same	
Lev.11.12	Lev.11.12	same	
Lev.11.13	Lev.11.13	same	
Lev.11.14	Lev.11.14	same	
Lev.11.15	Lev.11.15	same	
Lev.11.16	Lev.11.16	same	
Lev.11.17	Lev.11.17	same	
Lev.11.18	Lev.11.18	same	
Lev.11.19	Lev.11.19	same	
Lev.11.20	Lev.11.20	same	
Lev.11.21	Lev.11.21	same	
Lev.11.22	Lev.11.22	same	
Lev.11.23	Lev.11.23	same	
Lev.11.24	Lev.11.24	same	
Lev.11.25	Lev.11.25	same	
Lev.11.26	Lev.11.26	same	
Lev.11.27	Lev.11.27	same	
Lev.11.28	Lev.11.28	same	
Lev.11.29	Lev.11.29	same	
Lev.11.30	Lev.11.30	same	
Lev.11.31	Lev.11.31	same	
Lev.11.32	Lev.11.32	same	
Lev.11.33	Lev.11.33	same	
Lev.11.34	Lev.11.34	same	
Lev.11.35	Lev.11.35	same	
Lev.11.36	Lev.11.36	same	
Lev.11.37	Lev.11.37	same	
Lev.11.38	Lev.11.38	same	
Lev.11.39	Lev.11.39	same	
Lev.11.40	Lev.11.40	same	
Lev.11.41	Lev.11.41	same	
Lev.11.42	Lev.11.42	same	
Lev.11.43	Lev.11.43	same	
Lev.11.44	Lev.11.44	same	
Lev.11.45	Lev.11.45	same	
Lev.11.46	Lev.11.46	same	
Lev.11.47	Lev.11.47	same	
Lev.12.1	Lev.12.1	same	
Lev.12.2	Lev.12.2	same	
Lev.12.3	Lev.12.3	same	
Lev.12.4	Lev.12.4	same	
Lev.12.5	Lev.12.5	same	
Lev.12.6	Lev.12.6	same	
Lev.12.7	Lev.12.7	same	
Lev.12.8	Lev.12.8	same	
Lev.13.1	Lev.13.1	same	
Lev.13.2	Lev.13.2	same	
Lev.13.3	Lev.13.3	same	
Lev.13.4	Lev.13.4	same	
Lev.13.5	Lev.13.5	same	
Lev.13.6	Lev.13.6	same	
Lev.13.7	Lev.13.7	same	
Lev.13.8	Lev.13.8	same	
Lev.13.9	Lev.13.9	same	
Lev.13.10	Lev.13.10	same	
Lev.13.11	Lev.13.11	same	
Lev.13.12	Lev.13.12	same	
Lev.13.13	Lev.13.13	same	
Lev.13.14	Lev.13.14	same	
Lev.13.15	Lev.13.15	same	
Lev.13.16	Lev.13.16	same	
Lev.13.17	Lev.13.17	same	
Lev.13.18	Lev.13.18	same	
Lev.13.19	Lev.13.19	same	
Lev.13.20	Lev.13.20	same	
Lev.13.21	Lev.13.21	same	
Lev.13.22	Lev.13.22	same	
Lev.13.23	Lev.13.23	same	
Lev.13.24	Lev.13.24	same	
Lev.13.25	Lev.13.25	same	
Lev.13.26	Lev.13.26	same	
Lev.13.27	Lev.13.27	same	
Lev.13.28	Lev.13.28	same	
Lev.13.29	Lev.13.29	same	
Lev.13.30	Lev.13.30	same	
Lev.13.31	Lev.13.31	same	
Lev.13.32	Lev.13.32	same	
Lev.13.33	Lev.13.33	same	
Lev.13.34	Lev.13.34	same	
Lev.13.35	Lev.13.35	same	
Lev.13.36	Lev.13.36	same	
Lev.13.37	Lev.13.37	same	
Lev.13.38	Lev.13.38	same	
Lev.13.39	Lev.13.39	same	
Lev.13.40	Lev.13.40	same	
Lev.13.41	Lev.13.41	same	
Lev.13.42	Lev.13.42	same	
Lev.13.43	Lev.13.43	same	
Lev.13.44	Lev.13.44	same	
Lev.13.45	Lev.13.45	same	
Lev.13.46	Lev.13.46	same	
Lev.13.47	Lev.13.47	same	
Lev.13.48	Lev.13.48	same	
Lev.13.49	Lev.13.49	same	
Lev.13.50	Lev.13.50	same	
Lev.13.51	Lev.13.51	same	
Lev.13.52	Lev.13.52	same	
Lev.13.53	Lev.13.53	same	
Lev.13.54	Lev.13.54	same	
Lev.13.55	Lev.13.55	same	
Lev.13.56	Lev.13.56	same	
Lev.13.57	Lev.13.57	same	
Lev.13.58	Lev.13.58	same	
Lev.13.59	Lev.13.59	same	
Lev.14.1	Lev.14.1	same	
Lev.14.2	Lev.14.2	same	
Lev.14.3	Lev.14.3	same	
Lev.14.4	Lev.14.4	same	
Lev.14.5	Lev.14.5	same	
Lev.14.6	Lev.14.6	same	
Lev.14.7	Lev.14.7	same	
Lev.14.8	Lev.14.8	same	
Lev.14.9	Lev.14.9	same	
Lev.14.10	Lev.14.10	same	
Lev.14.11	Lev.14.11	same	
Lev.14.12	Lev.14.12	same	
Lev.14.13	Lev.14.13	same	
Lev.14.14	Lev.14.14	same	
Lev.14.15	Lev.14.15	same	
Lev.14.16	Lev.14.16	same	
Lev.14.17	Lev.14.17	same	
Lev.14.18	Lev.14.18	same	
Lev.14.19	Lev.14.19	same	
Lev.14.20	Lev.14.20	same	
Lev.14.21	Lev.14.21	same	
Lev.14.22	Lev.14.22	same	
Lev.14.23	Lev.14.23	same	
Lev.14.24	Lev.14.24	same	
Lev.14.25	Lev.14.25	same	
Lev.14.26	Lev.14.26	same	
Lev.14.27	Lev.14.27	same	
Lev.14.28	Lev.14.28	same	
Lev.14.29	Lev.14.29	same	
Lev.14.30	Lev.14.30	same	
Lev.14.31	Lev.14.31	same	
Lev.14.32	Lev.14.32	same	
Lev.14.33	Lev.14.33	same	
Lev.14.34	Lev.14.34	same	
Lev.14.35	Lev.14.35	same	
Lev.14.36	Lev.14.36	same	
Lev.14.37	Lev.14.37	same	
Lev.14.38	Lev.14.38	same	
Lev.14.39	Lev.14.39	same	
Lev.14.40	Lev.14.40	same	
Lev.14.41	Lev.14.41	same	
Lev.14.42	Lev.14.42	same	
Lev.14.43	Lev.14.43	same	
Lev.14.44	Lev.14.44	same	
Lev.14.45	Lev.14.45	same	
Lev.14.46	Lev.14.46	same	
Lev.14.47	Lev.14.47	same	
Lev.14.48	Lev.14.48	same	
Lev.14.49	Lev.14.49	same	
Lev.14.50	Lev.14.50	same	
Lev.14.51	Lev.14.51	same	
Lev.14.52	Lev.14.52	same	
Lev.14.53	Lev.14.53	same	
Lev.14.54	Lev.14.54	same	
Lev.14.55	Lev.14.55	unmatched	
Lev.14.56	Lev.14.56	unmatched	
Lev.14.57	Lev.14.57	same	
Lev.15.1	Lev.15.1	same	
Lev.15.2	Lev.15.2	same	
Lev.15.3	Lev.15.3	same	
Lev.15.4	Lev.15.4	same	
Lev.15.5	Lev.15.5	same	
Lev.15.6	Lev.15.6	same	
Lev.15.7	Lev.15.7	same	
Lev.15.8	Lev.15.8	same	
Lev.15.9	Lev.15.9	same	
Lev.15.10	Lev.15.10	same	
Lev.15.11	Lev.15.11	same	
Lev.15.12	Lev.15.12	same	
Lev.15.13	Lev.15.13	same	
Lev.15.14	Lev.15.14	same	
Lev.15.15	Lev.15.15	same	
Lev.15.16	Lev.15.16	same	
Lev.15.17	Lev.15.17	same	
Lev.15.18	Lev.15.18	same	
Lev.15.19	Lev.15.19	same	
Lev.15.20	Lev.15.20	same	
Lev.15.21	Lev.15.21	same	
Lev.15.22	Lev.15.22	same	
Lev.15.23	Lev.15.23	same	
Lev.15.24	Lev.15.24	same	
Lev.15.25	Lev.15.25	same	
Lev.15.26	Lev.15.26	same	
Lev.15.27	Lev.15.27	same	
Lev.15.28	Lev.15.28	same	
Lev.15.29	Lev.15.29	same	
Lev.15.30	Lev.15.30	same	
Lev.15.31	Lev.15.31	same	
Lev.15.32	Lev.15.32	same	
Lev.15.33	Lev.15.33	same	
Lev.16.1	Lev.16.1	same	
Lev.16.2	Lev.16.2	same	
Lev.16.3	Lev.16.3	same	
Lev.16.4	Lev.16.4	same	
Lev.16.5	Lev.16.5	same	
Lev.16.6	Lev.16.6	same	
Lev.16.7	Lev.16.7	same	
Lev.16.8	Lev.16.8	same	
Lev.16.9	Lev.16.9	same	
Lev.16.10	Lev.16.10	same	
Lev.16.11	Lev.16.11	same	
Lev.16.12	Lev.16.12	same	
Lev.16.13	Lev.16.13	same	
Lev.16.14	Lev.16.14	same	
Lev.16.15	Lev.16.15	same	
Lev.16.16	Lev.16.16	same	
Lev.16.17	Lev.16.17	same	
Lev.16.18	Lev.16.18	same	
Lev.16.19	Lev.16.19	same	
Lev.16.20	Lev.16.20	same	
Lev.16.21	Lev.16.21	same	
Lev.16.22	Lev.16.22	same	
Lev.16.23	Lev.16.23	same	
Lev.16.24	Lev.16.24	same	
Lev.16.25	Lev.16.25	same	
Lev.16.26	Lev.16.26	same	
Lev.16.27	Lev.16.27	same	
Lev.16.28	Lev.16.28	same	
Lev.16.29	Lev.16.29	same	
Lev.16.30	Lev.16.30	same	
Lev.16.31	Lev.16.31	same	
Lev.16.32	Lev.16.32	same	
Lev.16.33	Lev.16.33	same	
Lev.16.34	Lev.16.34	unmatched	
Lev.17.1	Lev.17.1	same	
Lev.17.2	Lev.17.2	same	
Lev.17.3	Lev.17.3	same	
Lev.17.4	Lev.17.4	same	
Lev.17.5	Lev.17.5	same	
Lev.17.6	Lev.17.6	same	
Lev.17.7	Lev.17.7	same	
Lev.17.8	Lev.17.8	same	
Lev.17.9	Lev.17.9	same	
Lev.17.10	Lev.17.10	same	
Lev.17.11	Lev.17.11	same	
Lev.17.12	Lev.17.12	same	
Lev.17.13	Lev.17.13	same	
Lev.17.14	Lev.17.14	same	
Lev.17.15	Lev.17.15	same	
Lev.17.16	Lev.17.16	same	
Lev.18.1	Lev.18.1	same	
Lev.18.2	Lev.18.2	same	
Lev.18.3	Lev.18.3	same	
Lev.18.4	Lev.18.4	same	
Lev.18.5	Lev.18.5	same	
Lev.18.6	Lev.18.6	same	
Lev.18.7	Lev.18.7	same	
Lev.18.8	Lev.18.8	same	
Lev.18.9	Lev.18.9	same	
Lev.18.10	Lev.18.10	same	
Lev.18.11	Lev.18.11	same	
Lev.18.12	Lev.18.12	same	
Lev.18.13	Lev.18.13	same	
Lev.18.14	Lev.18.14	same	
Lev.18.15	Lev.18.15	same	
Lev.18.16	Lev.18.16	same	
Lev.18.17	Lev.18.17	same	
Lev.18.18	Lev.18.18	same	
Lev.18.19	Lev.18.19	same	
Lev.18.20	Lev.18.20	same	
Lev.18.21	Lev.18.21	same	
Lev.18.22	Lev.18.22	same	
Lev.18.23	Lev.18.23	same	
Lev.18.24	Lev.18.24	same	
Lev.18.25	Lev.18.25	same	
Lev.18.26	Lev.18.26	same	
Lev.18.27	Lev.18.27	same	
Lev.18.28	Lev.18.28	same	
Lev.18.29	Lev.18.29	same	
Lev.18.30	Lev.18.30	same	
Lev.19.1	Lev.19.1	same	
Lev.19.2	Lev.19.2	same	
Lev.19.3	Lev.19.3	same	
Lev.19.4	Lev.19.4	same	
Lev.19.5	Lev.19.5	same	
Lev.19.6	Lev.19.6	same	
Lev.19.7	Lev.19.7	same	
Lev.19.8	Lev.19.8	same	
Lev.19.9	Lev.19.9	same	
Lev.19.10	Lev.19.10	same	
Lev.19.11	Lev.19.11	same	
Lev.19.12	Lev.19.12	same	
Lev.19.13	Lev.19.13	same	
Lev.19.14	Lev.19.14	same	
Lev.19.15	Lev.19.15	same	
Lev.19.16	Lev.19.16	same	
Lev.19.17	Lev.19.17	same	
Lev.19.18	Lev.19.18	same	
Lev.19.19	Lev.19.19	same	
Lev.19.20	Lev.19.20	same	
Lev.19.21	Lev.19.21	same	
Lev.19.22	Lev.19.22	same	
Lev.19.23	Lev.19.23	same	
Lev.19.24	Lev.19.24	same	
Lev.19.25	Lev.19.25	same	
Lev.19.26	Lev.19.26	same	
Lev.19.27	Lev.19.27	same	
Lev.19.28	Lev.19.28	same	
Lev.19.29	Lev.19.29	same	
Lev.19.30	Lev.19.30	same	
Lev.19.31	Lev.19.31	same	
Lev.19.32	Lev.19.32	same	
Lev.19.33	Lev.19.33	same	
Lev.19.34	Lev.19.34	same	
Lev.19.35	Lev.19.35	same	
Lev.19.36	Lev.19.36	same	
Lev.19.37	Lev.19.37	same	
Lev.20.1	Lev.20.1	same	
Lev.20.2	Lev.20.2	same	
Lev.20.3	Lev.20.3	same	
Lev.20.4	Lev.20.4	same	
Lev.20.5	Lev.20.5	same	
Lev.20.6	Lev.20.6	same	
Lev.20.7	Lev.20.7	same	
Lev.20.8	Lev.20.8	same	
Lev.20.9	Lev.20.9	same	
Lev.20.10	Lev.20.10	same	
Lev.20.11	Lev.20.11	same	
Lev.20.12	Lev.20.12	same	
Lev.20.13	Lev.20.13	same	
Lev.20.14	Lev.20.14	same	
Lev.20.15	Lev.20.15	same	
Lev.20.16	Lev.20.16	same	
Lev.20.17	Lev.20.17	same	
Lev.20.18	Lev.20.18	same	
Lev.20.19	Lev.20.19	same	
Lev.20.20	Lev.20.20	same	
Lev.20.21	Lev.20.21	same	
Lev.20.22	Lev.20.22	same	
Lev.20.23	Lev.20.23	same	
Lev.20.24	Lev.20.24	same	
Lev.20.25	Lev.20.25	same	
Lev.20.26	Lev.20.26	same	
Lev.20.27	Lev.20.27	same	
Lev.21.1	Lev.21.1	same	
Lev.21.2	Lev.21.2	same	
Lev.21.3	Lev.21.3	same	
Lev.21.4	Lev.21.4	same	
Lev.21.5	Lev.21.5	same	
Lev.21.6	Lev.21.6	same	
Lev.21.7	Lev.21.7	same	
Lev.21.8	Lev.21.8	same	
Lev.21.9	Lev.21.9	same	
Lev.21.10	Lev.21.10	same	
Lev.21.11	Lev.21.11	same	
Lev.21.12	Lev.21.12	same	
Lev.21.13	Lev.21.13	same	
Lev.21.14	Lev.21.14	same	
Lev.21.15	Lev.21.15	same	
Lev.21.16	Lev.21.16	same	
Lev.21.17	Lev.21.17	same	
Lev.21.18	Lev.21.18	same	
Lev.21.19	Lev.21.19	same	
Lev.21.20	Lev.21.20	same	
Lev.21.21	Lev.21.21	same	
Lev.21.22	Lev.21.22	same	
Lev.21.23	Lev.21.23	same	
Lev.21.24	Lev.21.24	same	
Lev.22.1	Lev.22.1	same	
Lev.22.2	Lev.22.2	same	
Lev.22.3	Lev.22.3	same	
Lev.22.4	Lev.22.4	same	
Lev.22.5	Lev.22.5	same	
Lev.22.6	Lev.22.6	same	
Lev.22.7	Lev.22.7	same	
Lev.22.8	Lev.22.8	same	
Lev.22.9	Lev.22.9	same	
Lev.22.10	Lev.22.10	same	
Lev.22.11	Lev.22.11	same	
Lev.22.12	Lev.22.12	same	
Lev.22.13	Lev.22.13	same	
Lev.22.14	Lev.22.14	same	
Lev.22.15	Lev.22.15	same	
Lev.22.16	Lev.22.16	same	
Lev.22.17	Lev.22.17	same	
Lev.22.18	Lev.22.18	same	
Lev.22.19	Lev.22.19	same	
Lev.22.20	Lev.22.20	same	
Lev.22.21	Lev.22.21	same	
Lev.22.22	Lev.22.22	same	
Lev.22.23	Lev.22.23	same	
Lev.22.24	Lev.22.24	same	
Lev.22.25	Lev.22.25	same	
Lev.22.26	Lev.22.26	same	
Lev.22.27	Lev.22.27	same	
Lev.22.28	Lev.22.28	same	
Lev.22.29	Lev.22.29	same	
Lev.22.30	Lev.22.30	same	
Lev.22.31	Lev.22.31	same	
Lev.22.32	Lev.22.32	same	
Lev.22.33	Lev.22.33	same	
Lev.23.1	Lev.23.1	same	
Lev.23.2	Lev.23.2	same	
Lev.23.3	Lev.23.3	same	
Lev.23.4	Lev.23.4	same	
Lev.23.5	Lev.23.5	same	
Lev.23.6	Lev.23.6	same	
Lev.23.7	Lev.23.7	same	
Lev.23.8	Lev.23.8	same	
Lev.23.9	Lev.23.9	same	
Lev.23.10	Lev.23.10	same	
Lev.23.11	Lev.23.11	same	
Lev.23.12	Lev.23.12	same	
Lev.23.13	Lev.23.13	same	
Lev.23.14	Lev.23.14	same	
Lev.23.15	Lev.23.15	same	
Lev.23.16	Lev.23.16	same	
Lev.23.17	Lev.23.17	same	
Lev.23.18	Lev.23.18	same	
Lev.23.19	Lev.23.19	same	
Lev.23.20	Lev.23.20	same	
Lev.23.21	Lev.23.21	same	
Lev.23.22	Lev.23.22	same	
Lev.23.23	Lev.23.23	same	
Lev.23.24	Lev.23.24	same	
Lev.23.25	Lev.23.25	same	
Lev.23.26	Lev.23.26	same	
Lev.23.27	Lev.23.27	same	
Lev.23.28	Lev.23.28	same	
Lev.23.29	Lev.23.29	same	
Lev.23.30	Lev.23.30	same	
Lev.23.31	Lev.23.31	same	
Lev.23.32	Lev.23.32	same	
Lev.23.33	Lev.23.33	same	
Lev.23.34	Lev.23.34	same	
Lev.23.35	Lev.23.35	same	
Lev.23.36	Lev.23.36	same	
Lev.23.37	Lev.23.37	same	
Lev.23.38	Lev.23.38	same	
Lev.23.39	Lev.23.39	same	
Lev.23.40	Lev.23.40	same	
Lev.23.41	Lev.23.41	same	
Lev.23.42	Lev.23.42	same	
Lev.23.43	Lev.23.43	same	
Lev.23.44	Lev.23.44	same	
Lev.24.1	Lev.24.1	same	
Lev.24.2	Lev.24.2	same	
Lev.24.3	Lev.24.3	same	
Lev.24.4	Lev.24.4	same	
Lev.24.5	Lev.24.5	same	
Lev.24.6	Lev.24.6	same	
Lev.24.7	Lev.24.7	same	
Lev.24.8	Lev.24.8	same	
Lev.24.9	Lev.24.9	same	
Lev.24.10	Lev.24.10	same	
Lev.24.11	Lev.24.11	same	
Lev.24.12	Lev.24.12	same	
Lev.24.13	Lev.24.13	same	
Lev.24.14	Lev.24.14	same	
Lev.24.15	Lev.24.15	same	
Lev.24.16	Lev.24.16	same	
Lev.24.17	Lev.24.17	same	
Lev.24.18	Lev.24.18	same	
Lev.24.19	Lev.24.19	same	
Lev.24.20	Lev.24.20	same	
Lev.24.21	Lev.24.21	same	
Lev.24.22	Lev.24.22	same	
Lev.24.23	Lev.24.23	same	
Lev.25.1	Lev.25.1	same	
Lev.25.2	Lev.25.2	same	
Lev.25.3	Lev.25.3	same	
Lev.25.4	Lev.25.4	same	
Lev.25.5	Lev.25.5	same	
Lev.25.6	Lev.25.6	same	
Lev.25.7	Lev.25.7	same	
Lev.25.8	Lev.25.8	same	
Lev.25.9	Lev.25.9	same	
Lev.25.10	Lev.25.10	same	
Lev.25.11	Lev.25.11	same	
Lev.25.12	Lev.25.12	same	
Lev.25.13	Lev.25.13	same	
Lev.25.14	Lev.25.14	same	
Lev.25.15	Lev.25.15	same	
Lev.25.16	Lev.25.16	same	
Lev.25.17	Lev.25.17	same	
Lev.25.18	Lev.25.18	same	
Lev.25.19	Lev.25.19	same	
Lev.25.20	Lev.25.20	same	
Lev.25.21	Lev.25.21	same	
Lev.25.22	Lev.25.22	same	
Lev.25.23	Lev.25.23	same	
Lev.25.24	Lev.25.24	same	
Lev.25.25	Lev.25.25	same	
Lev.25.26	Lev.25.26	same	
Lev.25.27	Lev.25.27	same	
Lev.25.28	Lev.25.28	same	
Lev.25.29	Lev.25.29	same	
Lev.25.30	Lev.25.30	same	
Lev.25.31	Lev.25.31	same	
Lev.25.32	Lev.25.32	same	
Lev.25.33	Lev.25.33	same	
Lev.25.34	Lev.25.34	same	
Lev.25.35	Lev.25.35	same	
Lev.25.36	Lev.25.36	same	
Lev.25.37	Lev.25.37	same	
Lev.25.38	Lev.25.38	same	
Lev.25.39	Lev.25.39	same	
Lev.25.40	Lev.25.40	same	
Lev.25.41	Lev.25.41	same	
Lev.25.42	Lev.25.42	same	
Lev.25.43	Lev.25.43	same	
Lev.25.44	Lev.25.44	same	
Lev.25.45	Lev.25.45	same	
Lev.25.46	Lev.25.46	same	
Lev.25.47	Lev.25.47	same	
Lev.25.48	Lev.25.48	same	
Lev.25.49	Lev.25.49	same	
Lev.25.50	Lev.25.50	same	
Lev.25.51	Lev.25.51	same	
Lev.25.52	Lev.25.52	same	
Lev.25.53	Lev.25.53	same	
Lev.25.54	Lev.25.54	same	
Lev.25.55	Lev.25.55	same	
Lev.26.1	Lev.26.1	same	
Lev.26.2	Lev.26.2	same	
Lev.26.3	Lev.26.3	same	
Lev.26.4	Lev.26.4	same	
Lev.26.5	Lev.26.5	same	
Lev.26.6	Lev.26.6	same	
Lev.26.7	Lev.26.7	same	
Lev.26.8	Lev.26.8	same	
Lev.26.9	Lev.26.9	same	
Lev.26.10	Lev.26.10	same	
Lev.26.11	Lev.26.11	same	
Lev.26.12	Lev.26.12	same	
Lev.26.13	Lev.26.13	same	
Lev.26.14	Lev.26.14	same	
Lev.26.15	Lev.26.15	same	
Lev.26.16	Lev.26.16	same	
Lev.26.17	Lev.26.17	same	
Lev.26.18	Lev.26.18	same	
Lev.26.19	Lev.26.19	same	
Lev.26.20	Lev.26.20	same	
Lev.26.21	Lev.26.21	same	
Lev.26.22	Lev.26.22	same	
Lev.26.23	Lev.26.23	same	
Lev.26.24	Lev.26.24	same	
Lev.26.25	Lev.26.25	same	
Lev.26.26	Lev.26.26	same	
Lev.26.27	Lev.26.27	same	
Lev.26.28	Lev.26.28	same	
Lev.26.29	Lev.26.29	same	
Lev.26.30	Lev.26.30	same	
Lev.26.31	Lev.26.31	same	
Lev.26.32	Lev.26.32	same	
Lev.26.33	Lev.26.33	same	
Lev.26.34	Lev.26.34	same	
Lev.26.35	Lev.26.35	same	
Lev.26.36	Lev.26.36	same	
Lev.26.37	Lev.26.37	same	
Lev.26.38	Lev.26.38	same	
Lev.26.39	Lev.26.39	same	
Lev.26.40	Lev.26.40	same	
Lev.26.41	Lev.26.41	same	
Lev.26.42	Lev.26.42	same	
Lev.26.43	Lev.26.43	same	
Lev.26.44	Lev.26.44	same	
Lev.26.45	Lev.26.45	same	Keep verse
Lev.26.46	Lev.26.46	same	Keep verse
Lev.27.1	Lev.27.1	same	
Lev.27.2	Lev.27.2	same	
Lev.27.3	Lev.27.3	same	
Lev.27.4	Lev.27.4	same	
Lev.27.5	Lev.27.5	same	
Lev.27.6	Lev.27.6	same	
Lev.27.7	Lev.27.7	same	
Lev.27.8	Lev.27.8	same	
Lev.27.9	Lev.27.9	same	
Lev.27.10	Lev.27.10	same	
Lev.27.11	Lev.27.11	same	
Lev.27.12	Lev.27.12	same	
Lev.27.13	Lev.27.13	same	
Lev.27.14	Lev.27.14	same	
Lev.27.15	Lev.27.15	same	
Lev.27.16	Lev.27.16	same	
Lev.27.17	Lev.27.17	same	
Lev.27.18	Lev.27.18	same	
Lev.27.19	Lev.27.19	same	
Lev.27.20	Lev.27.20	same	
Lev.27.21	Lev.27.21	same	
Lev.27.22	Lev.27.22	same	
Lev.27.23	Lev.27.23	same	
Lev.27.24	Lev.27.24	same	
Lev.27.25	Lev.27.25	same	
Lev.27.26	Lev.27.26	same	
Lev.27.27	Lev.27.27	same	
Lev.27.28	Lev.27.28	same	
Lev.27.29	Lev.27.29	same	
Lev.27.30	Lev.27.30	same	
Lev.27.31	Lev.27.31	same	
Lev.27.32	Lev.27.32	same	
Lev.27.33	Lev.27.33	same	
Lev.27.34	Lev.27.34	same	
Num.1.1	Num.1.1	same	
Num.1.2	Num.1.2	same	
Num.1.3	Num.1.3	same	
Num.1.4	Num.1.4	same	
Num.1.5	Num.1.5	same	
Num.1.6	Num.1.6	same	
Num.1.7	Num.1.7	same	
Num.1.8	Num.1.8	same	
Num.1.9	Num.1.9	same	
Num.1.10	Num.1.10	same	
Num.1.11	Num.1.11	same	
Num.1.12	Num.1.12	same	
Num.1.13	Num.1.13	same	
Num.1.14	Num.1.14	same	
Num.1.15	Num.1.15	same	
Num.1.16	Num.1.16	same	
Num.1.17	Num.1.17	same	
Num.1.18	Num.1.18	same	
Num.1.19	Num.1.19	same	
Num.1.20	Num.1.20	same	
Num.1.21	Num.1.21	same	
Num.1.22	Num.1.22	same	
Num.1.23	Num.1.23	same	
Num.1.24	Num.1.24	same	Renumber verse* (soft)
Num.1.25	Num.1.25	same	Renumber verse* (soft)
Num.1.26	Num.1.26	same	Renumber verse* (soft)
Num.1.27	Num.1.27	same	Renumber verse* (soft)
Num.1.28	Num.1.28	same	Renumber verse* (soft)
Num.1.29	Num.1.29	same	Renumber verse* (soft)
Num.1.30	Num.1.30	same	Renumber verse* (soft)
Num.1.31	Num.1.31	same	Renumber verse* (soft)
Num.1.32	Num.1.32	same	Renumber verse* (soft)
Num.1.33	Num.1.33	same	Renumber verse* (soft)
Num.1.34	Num.1.34	same	Renumber verse* (soft)
Num.1.35	Num.1.35	same	Renumber verse* (soft)
Num.1.36	Num.1.36	same	Renumber verse* (soft)
Num.1.37	Num.1.37	same	Renumber verse* (soft)
Num.1.38	Num.1.38	same	
Num.1.39	Num.1.39	same	
Num.1.40	Num.1.40	same	
Num.1.41	Num.1.41	same	
Num.1.42	Num.1.42	same	
Num.1.43	Num.1.43	same	
Num.1.44	Num.1.44	same	
Num.1.45	Num.1.45	same	
Num.1.46	Num.1.46	same	
Num.1.47	Num.1.47	same	
Num.1.48	Num.1.48	same	
Num.1.49	Num.1.49	same	
Num.1.50	Num.1.50	same	
Num.1.51	Num.1.51	same	
Num.1.52	Num.1.52	same	
Num.1.53	Num.1.53	same	
Num.1.54	Num.1.54	same	
Num.2.1	Num.2.1	same	
Num.2.2	Num.2.2	same	
Num.2.3	Num.2.3	same	
Num.2.4	Num.2.4	same	
Num.2.5	Num.2.5	same	
Num.2.6	Num.2.6	same	
Num.2.7	Num.2.7	same	
Num.2.8	Num.2.8	same	
Num.2.9	Num.2.9	same	
Num.2.10	Num.2.10	same	
Num.2.11	Num.2.11	same	
Num.2.12	Num.2.12	same	
Num.2.13	Num.2.13	same	
Num.2.14	Num.2.14	same	
Num.2.15	Num.2.15	same	
Num.2.16	Num.2.16	same	
Num.2.17	Num.2.17	same	
Num.2.18	Num.2.18	same	
Num.2.19	Num.2.19	same	
Num.2.20	Num.2.20	same	
Num.2.21	Num.2.21	same	
Num.2.22	Num.2.22	same	
Num.2.23	Num.2.23	same	
Num.2.24	Num.2.24	same	
Num.2.25	Num.2.25	same	
Num.2.26	Num.2.26	same	
Num.2.27	Num.2.27	same	
Num.2.28	Num.2.28	same	
Num.2.29	Num.2.29	same	
Num.2.30	Num.2.30	same	
Num.2.31	Num.2.31	same	
Num.2.32	Num.2.32	same	
Num.2.33	Num.2.33	same	
Num.2.34	Num.2.34	same	
Num.3.1	Num.3.1	same	
Num.3.2	Num.3.2	same	
Num.3.3	Num.3.3	same	
Num.3.4	Num.3.4	same	
Num.3.5	Num.3.5	same	
Num.3.6	Num.3.6	same	
Num.3.7	Num.3.7	same	
Num.3.8	Num.3.8	same	
Num.3.9	Num.3.9	same	
Num.3.10	Num.3.10	same	
Num.3.11	Num.3.11	same	
Num.3.12	Num.3.12	same	
Num.3.13	Num.3.13	same	
Num.3.14	Num.3.14	same	
Num.3.15	Num.3.15	same	
Num.3.16	Num.3.16	same	
Num.3.17	Num.3.17	same	
Num.3.18	Num.3.18	same	
Num.3.19	Num.3.19	same	
Num.3.20	Num.3.20	same	
Num.3.21	Num.3.21	same	
Num.3.22	Num.3.22	same	
Num.3.23	Num.3.23	same	
Num.3.24	Num.3.24	same	
Num.3.25	Num.3.25	same	
Num.3.26	Num.3.26	same	
Num.3.27	Num.3.27	same	
Num.3.28	Num.3.28	same	
Num.3.29	Num.3.29	same	
Num.3.30	Num.3.30	same	
Num.3.31	Num.3.31	same	
Num.3.32	Num.3.32	same	
Num.3.33	Num.3.33	same	
Num.3.34	Num.3.34	same	
Num.3.35	Num.3.35	same	
Num.3.36	Num.3.36	same	
Num.3.37	Num.3.37	same	
Num.3.38	Num.3.38	same	
Num.3.39	Num.3.39	same	
Num.3.40	Num.3.40	same	
Num.3.41	Num.3.41	same	
Num.3.42	Num.3.42	same	
Num.3.43	Num.3.43	same	
Num.3.44	Num.3.44	same	
Num.3.45	Num.3.45	same	
Num.3.46	Num.3.46	same	
Num.3.47	Num.3.47	same	
Num.3.48	Num.3.48	same	
Num.3.49	Num.3.49	same	
Num.3.50	Num.3.50	same	
Num.3.51	Num.3.51	same	
Num.4.1	Num.4.1	same	
Num.4.2	Num.4.2	same	
Num.4.3	Num.4.3	same	
Num.4.4	Num.4.4	same	
Num.4.5	Num.4.5	same	
Num.4.6	Num.4.6	same	
Num.4.7	Num.4.7	same	
Num.4.8	Num.4.8	same	
Num.4.9	Num.4.9	same	
Num.4.10	Num.4.10	same	
Num.4.11	Num.4.11	same	
Num.4.12	Num.4.12	same	
Num.4.13	Num.4.13	same	
Num.4.14	Num.4.14	same	
Num.4.15	Num.4.15	same	
Num.4.16	Num.4.16	same	
Num.4.17	Num.4.17	same	
Num.4.18	Num.4.18	same	
Num.4.19	Num.4.19	same	
Num.4.20	Num.4.20	same	
Num.4.21	Num.4.21	same	
Num.4.22	Num.4.22	same	
Num.4.23	Num.4.23	same	
Num.4.24	Num.4.24	same	
Num.4.25	Num.4.25	same	
Num.4.26	Num.4.26	same	
Num.4.27	Num.4.27	same	
Num.4.28	Num.4.28	same	
Num.4.29	Num.4.29	same	
Num.4.30	Num.4.30	same	
Num.4.31	Num.4.31	same	
Num.4.32	Num.4.32	same	
Num.4.33	Num.4.33	same	
Num.4.34	Num.4.34	same	
Num.4.35	Num.4.35	same	
Num.4.36	Num.4.36	same	
Num.4.37	Num.4.37	same	
Num.4.38	Num.4.38	same	
Num.4.39	Num.4.39	same	
Num.4.40	Num.4.40	same	
Num.4.41	Num.4.41	same	
Num.4.42	Num.4.42	same	
Num.4.43	Num.4.43	same	
Num.4.44	Num.4.44	same	
Num.4.45	Num.4.45	same	
Num.4.46	Num.4.46	same	
Num.4.47	Num.4.47	same	
Num.4.48	Num.4.48	same	
Num.4.49	Num.4.49	same	
Num.5.1	Num.5.1	same	
Num.5.2	Num.5.2	same	
Num.5.3	Num.5.3	same	
Num.5.4	Num.5.4	same	
Num.5.5	Num.5.5	same	
Num.5.6	Num.5.6	same	
Num.5.7	Num.5.7	same	
Num.5.8	Num.5.8	same	
Num.5.9	Num.5.9	same	
Num.5.10	Num.5.10	same	
Num.5.11	Num.5.11	same	
Num.5.12	Num.5.12	same	
Num.5.13	Num.5.13	same	
Num.5.14	Num.5.14	same	
Num.5.15	Num.5.15	same	
Num.5.16	Num.5.16	same	
Num.5.17	Num.5.17	same	
Num.5.18	Num.5.18	same	
Num.5.19	Num.5.19	same	
Num.5.20	Num.5.20	same	
Num.5.21	Num.5.21	same	
Num.5.22	Num.5.22	same	
Num.5.23	Num.5.23	same	
Num.5.24	Num.5.24	same	
Num.5.25	Num.5.25	same	
Num.5.26	Num.5.26	same	
Num.5.27	Num.5.27	same	
Num.5.28	Num.5.28	same	
Num.5.29	Num.5.29	same	
Num.5.30	Num.5.30	same	
Num.5.31	Num.5.31	same	
Num.6.1	Num.6.1	same	
Num.6.2	Num.6.2	same	
Num.6.3	Num.6.3	same	
Num.6.4	Num.6.4	same	
Num.6.5	Num.6.5	same	
Num.6.6	Num.6.6	same	
Num.6.7	Num.6.7	same	
Num.6.8	Num.6.8	same	
Num.6.9	Num.6.9	same	
Num.6.10	Num.6.10	same	
Num.6.11	Num.6.11	same	
Num.6.12	Num.6.12	same	
Num.6.13	Num.6.13	same	
Num.6.14	Num.6.14	same	
Num.6.15	Num.6.15	same	
Num.6.16	Num.6.16	same	
Num.6.17	Num.6.17	same	
Num.6.18	Num.6.18	same	
Num.6.19	Num.6.19	same	
Num.6.20	Num.6.20	same	
Num.6.21	Num.6.21	same	
Num.6.22	Num.6.22	same	
Num.6.23	Num.6.23	same	
Num.6.27	Num.6.27	same	Keep verse (another tradition's pattern)
Num.6.24	Num.6.24	same	Keep verse (another tradition's pattern)
Num.6.25	Num.6.25	same	Keep verse (another tradition's pattern)
Num.6.26	Num.6.26	same	Keep verse (another tradition's pattern)
Num.7.1	Num.7.1	same	
Num.7.2	Num.7.2	same	
Num.7.3	Num.7.3	same	
Num.7.4	Num.7.4	same	
Num.7.5	Num.7.5	same	
Num.7.6	Num.7.6	same	
Num.7.7	Num.7.7	same	
Num.7.8	Num.7.8	same	
Num.7.9	Num.7.9	same	
Num.7.10	Num.7.10	same	
Num.7.11	Num.7.11	same	
Num.7.12	Num.7.12	same	
Num.7.13	Num.7.13	same	
Num.7.14	Num.7.14	same	
Num.7.15	Num.7.15	same	
Num.7.16	Num.7.16	same	
Num.7.17	Num.7.17	same	
Num.7.18	Num.7.18	same	
Num.7.19	Num.7.19	same	
Num.7.20	Num.7.20	same	
Num.7.21	Num.7.21	same	
Num.7.22	Num.7.22	same	
Num.7.23	Num.7.23	same	
Num.7.24	Num.7.24	same	
Num.7.25	Num.7.25	same	
Num.7.26	Num.7.26	same	
Num.7.27	Num.7.27	same	
Num.7.28	Num.7.28	same	
Num.7.29	Num.7.29	same	
Num.7.30	Num.7.30	same	
Num.7.31	Num.7.31	same	
Num.7.32	Num.7.32	same	
Num.7.33	Num.7.33	same	
Num.7.34	Num.7.34	same	
Num.7.35	Num.7.35	same	
Num.7.36	Num.7.36	same	
Num.7.37	Num.7.37	same	
Num.7.38	Num.7.38	same	
Num.7.39	Num.7.39	same	
Num.7.40	Num.7.40	same	
Num.7.41	Num.7.41	same	
Num.7.42	Num.7.42	same	
Num.7.43	Num.7.43	same	
Num.7.44	Num.7.44	same	
Num.7.45	Num.7.45	same	
Num.7.46	Num.7.46	same	
Num.7.47	Num.7.47	same	
Num.7.48	Num.7.48	same	
Num.7.49	Num.7.49	same	
Num.7.50	Num.7.50	same	
Num.7.51	Num.7.51	same	
Num.7.52	Num.7.52	same	
Num.7.53	Num.7.53	same	
Num.7.54	Num.7.54	same	
Num.7.55	Num.7.55	same	
Num.7.56	Num.7.56	same	
Num.7.57	Num.7.57	same	
Num.7.58	Num.7.58	same	
Num.7.59	Num.7.59	same	
Num.7.60	Num.7.60	same	
Num.7.61	Num.7.61	same	
Num.7.62	Num.7.62	same	
Num.7.63	Num.7.63	same	
Num.7.64	Num.7.64	same	
Num.7.65	Num.7.65	same	
Num.7.66	Num.7.66	same	
Num.7.67	Num.7.67	same	
Num.7.68	Num.7.68	same	
Num.7.69	Num.7.69	same	
Num.7.70	Num.7.70	same	
Num.7.71	Num.7.71	same	
Num.7.72	Num.7.72	same	
Num.7.73	Num.7.73	same	
Num.7.74	Num.7.74	same	
Num.7.75	Num.7.75	same	
Num.7.76	Num.7.76	same	
Num.7.77	Num.7.77	same	
Num.7.78	Num.7.78	same	
Num.7.79	Num.7.79	same	
Num.7.80	Num.7.80	same	
Num.7.81	Num.7.81	same	
Num.7.82	Num.7.82	same	
Num.7.83	Num.7.83	same	
Num.7.84	Num.7.84	same	
Num.7.85	Num.7.85	same	
Num.7.86	Num.7.86	same	
Num.7.87	Num.7.87	same	
Num.7.88	Num.7.88	same	
Num.7.89	Num.7.89	same	
Num.8.1	Num.8.1	same	
Num.8.2	Num.8.2	same	
Num.8.3	Num.8.3	same	
Num.8.4	Num.8.4	same	
Num.8.5	Num.8.5	same	
Num.8.6	Num.8.6	same	
Num.8.7	Num.8.7	same	
Num.8.8	Num.8.8	same	
Num.8.9	Num.8.9	same	
Num.8.10	Num.8.10	same	
Num.8.11	Num.8.11	same	
Num.8.12	Num.8.12	same	
Num.8.13	Num.8.13	same	
Num.8.14	Num.8.14	same	
Num.8.15	Num.8.15	same	
Num.8.16	Num.8.16	same	
Num.8.17	Num.8.17	same	
Num.8.18	Num.8.18	same	
Num.8.19	Num.8.19	same	
Num.8.20	Num.8.20	same	
Num.8.21	Num.8.21	same	
Num.8.22	Num.8.22	same	
Num.8.23	Num.8.23	same	
Num.8.24	Num.8.24	same	
Num.8.25	Num.8.25	same	
Num.8.26	Num.8.26	same	
Num.9.1	Num.9.1	same	
Num.9.2	Num.9.2	same	
Num.9.3	Num.9.3	same	
Num.9.4	Num.9.4	same	
Num.9.5	Num.9.5	same	
Num.9.6	Num.9.6	same	
Num.9.7	Num.9.7	same	
Num.9.8	Num.9.8	same	
Num.9.9	Num.9.9	same	
Num.9.10	Num.9.10	same	
Num.9.11	Num.9.11	same	
Num.9.12	Num.9.12	same	
Num.9.13	Num.9.13	same	
Num.9.14	Num.9.14	same	
Num.9.15	Num.9.15	same	
Num.9.16	Num.9.16	same	
Num.9.17	Num.9.17	same	
Num.9.18	Num.9.18	same	
Num.9.19	Num.9.19	same	
Num.9.20	Num.9.20	same	
Num.9.21	Num.9.21	same	
Num.9.22	Num.9.22	same	
Num.9.23	Num.9.23	same	
Num.10.1	Num.10.1	same	
Num.10.2	Num.10.2	same	
Num.10.3	Num.10.3	same	
Num.10.4	Num.10.4	same	
Num.10.5	Num.10.5	same	
Num.10.6	Num.10.6	same	
Num.10.7	Num.10.7	same	
Num.10.8	Num.10.8	same	
Num.10.9	Num.10.9	same	
Num.10.10	Num.10.10	same	
Num.10.11	Num.10.11	same	
Num.10.12	Num.10.12	same	
Num.10.13	Num.10.13	same	
Num.10.14	Num.10.14	same	
Num.10.15	Num.10.15	same	
Num.10.16	Num.10.16	same	
Num.10.17	Num.10.17	same	
Num.10.18	Num.10.18	same	
Num.10.19	Num.10.19	same	
Num.10.20	Num.10.20	same	
Num.10.21	Num.10.21	same	
Num.10.22	Num.10.22	same	
Num.10.23	Num.10.23	same	
Num.10.24	Num.10.24	same	
Num.10.25	Num.10.25	same	
Num.10.26	Num.10.26	same	
Num.10.27	Num.10.27	same	
Num.10.28	Num.10.28	same	
Num.10.29	Num.10.29	same	
Num.10.30	Num.10.30	same	
Num.10.31	Num.10.31	same	
Num.10.32	Num.10.32	same	
Num.10.33	Num.10.33	same	
Num.10.35	Num.10.35	same	Keep verse (another tradition's pattern)
Num.10.36	Num.10.36	same	Keep verse (another tradition's pattern)
Num.10.34	Num.10.34	same	Keep verse (another tradition's pattern)
Num.11.1	Num.11.1	same	
Num.11.2	Num.11.2	same	
Num.11.3	Num.11.3	same	
Num.11.4	Num.11.4	same	
Num.11.5	Num.11.5	same	
Num.11.6	Num.11.6	same	
Num.11.7	Num.11.7	same	
Num.11.8	Num.11.8	same	
Num.11.9	Num.11.9	same	
Num.11.10	Num.11.10	same	
Num.11.11	Num.11.11	same	
Num.11.12	Num.11.12	same	
Num.11.13	Num.11.13	same	
Num.11.14	Num.11.14	same	
Num.11.15	Num.11.15	same	
Num.11.16	Num.11.16	same	
Num.11.17	Num.11.17	same	
Num.11.18	Num.11.18	same	
Num.11.19	Num.11.19	same	
Num.11.20	Num.11.20	same	
Num.11.21	Num.11.21	same	
Num.11.22	Num.11.22	same	
Num.11.23	Num.11.23	same	
Num.11.24	Num.11.24	same	
Num.11.25	Num.11.25	same	
Num.11.26	Num.11.26	same	
Num.11.27	Num.11.27	same	
Num.11.28	Num.11.28	same	
Num.11.29	Num.11.29	same	
Num.11.30	Num.11.30	same	
Num.11.31	Num.11.31	same	
Num.11.32	Num.11.32	same	
Num.11.33	Num.11.33	same	
Num.11.34	Num.11.34	same	Keep verse
Num.11.35	Num.11.35	same	Keep verse
Num.12.1	Num.12.1	same	
Num.12.2	Num.12.2	same	
Num.12.3	Num.12.3	same	
Num.12.4	Num.12.4	same	
Num.12.5	Num.12.5	same	
Num.12.6	Num.12.6	same	
Num.12.7	Num.12.7	same	
Num.12.8	Num.12.8	same	
Num.12.9	Num.12.9	same	
Num.12.10	Num.12.10	same	
Num.12.11	Num.12.11	same	
Num.12.12	Num.12.12	same	
Num.12.13	Num.12.13	same	
Num.12.14	Num.12.14	same	
Num.12.15	Num.12.15	same	
Num.13.1	Num.12.16	renumbered	Renumber verse
Num.13.2	Num.13.1	renumbered	Renumber verse
Num.13.3	Num.13.2	renumbered	Renumber verse
Num.13.4	Num.13.3	renumbered	Renumber verse
Num.13.5	Num.13.4	renumbered	Renumber verse
Num.13.6	Num.13.5	renumbered	Renumber verse
Num.13.7	Num.13.6	renumbered	Renumber verse
Num.13.8	Num.13.7	renumbered	Renumber verse
Num.13.9	Num.13.8	renumbered	Renumber verse
Num.13.10	Num.13.9	renumbered	Renumber verse
Num.13.11	Num.13.10	renumbered	Renumber verse
Num.13.12	Num.13.11	renumbered	Renumber verse
Num.13.13	Num.13.12	renumbered	Renumber verse
Num.13.14	Num.13.13	renumbered	Renumber verse
Num.13.15	Num.13.14	renumbered	Renumber verse
Num.13.16	Num.13.15	renumbered	Renumber verse
Num.13.17	Num.13.16	renumbered	Renumber verse
Num.13.18	Num.13.17	renumbered	Renumber verse
Num.13.19	Num.13.18	renumbered	Renumber verse
Num.13.20	Num.13.19	renumbered	Renumber verse
Num.13.21	Num.13.20	renumbered	Renumber verse
Num.13.22	Num.13.21	renumbered	Renumber verse
Num.13.23	Num.13.22	renumbered	Renumber verse
Num.13.24	Num.13.23	renumbered	Renumber verse
Num.13.25	Num.13.24	renumbered	Renumber verse
Num.13.26	Num.13.25	renumbered	Renumber verse
Num.13.27	Num.13.26	renumbered	Renumber verse
Num.13.28	Num.13.27	renumbered	Renumber verse
Num.13.29	Num.13.28	renumbered	Renumber verse
Num.13.30	Num.13.29	renumbered	Renumber verse
Num.13.31	Num.13.30	renumbered	Renumber verse
Num.13.32	Num.13.31	renumbered	Renumber verse
Num.13.33	Num.13.32	renumbered	Renumber verse
Num.13.34	Num.13.33	renumbered	Renumber verse
Num.14.1	Num.14.1	same	
Num.14.2	Num.14.2	same	
Num.14.3	Num.14.3	same	
Num.14.4	Num.14.4	same	
Num.14.5	Num.14.5	same	
Num.14.6	Num.14.6	same	
Num.14.7	Num.14.7	same	
Num.14.8	Num.14.8	same	
Num.14.9	Num.14.9	same	
Num.14.10	Num.14.10	same	
Num.14.11	Num.14.11	same	
Num.14.12	Num.14.12	same	
Num.14.13	Num.14.13	same	
Num.14.14	Num.14.14	same	
Num.14.15	Num.14.15	same	
Num.14.16	Num.14.16	same	
Num.14.17	Num.14.17	same	
Num.14.18	Num.14.18	same	
Num.14.19	Num.14.19	same	
Num.14.20	Num.14.20	same	
Num.14.21	Num.14.21	same	
Num.14.22	Num.14.22	same	
Num.14.23	Num.14.23	same	
Num.14.24	Num.14.24	same	
Num.14.25	Num.14.25	same	
Num.14.26	Num.14.26	same	
Num.14.27	Num.14.27	same	
Num.14.28	Num.14.28	same	
Num.14.29	Num.14.29	same	
Num.14.30	Num.14.30	same	
Num.14.31	Num.14.31	same	
Num.14.32	Num.14.32	same	
Num.14.33	Num.14.33	same	
Num.14.34	Num.14.34	same	
Num.14.35	Num.14.35	same	
Num.14.36	Num.14.36	same	
Num.14.37	Num.14.37	same	
Num.14.38	Num.14.38	same	
Num.14.39	Num.14.39	same	
Num.14.40	Num.14.40	same	
Num.14.41	Num.14.41	same	
Num.14.42	Num.14.42	same	
Num.14.43	Num.14.43	same	
Num.14.44	Num.14.44	same	
Num.14.45	Num.14.45	same	
Num.15.1	Num.15.1	same	
Num.15.2	Num.15.2	same	
Num.15.3	Num.15.3	same	
Num.15.4	Num.15.4	same	
Num.15.5	Num.15.5	same	
Num.15.6	Num.15.6	same	
Num.15.7	Num.15.7	same	
Num.15.8	Num.15.8	same	
Num.15.9	Num.15.9	same	
Num.15.10	Num.15.10	same	
Num.15.11	Num.15.11	same	
Num.15.12	Num.15.12	same	
Num.15.13	Num.15.13	same	
Num.15.14	Num.15.14	same	
Num.15.15	Num.15.15	same	
Num.15.16	Num.15.16	same	
Num.15.17	Num.15.17	same	
Num.15.18	Num.15.18	same	
Num.15.19	Num.15.19	same	
Num.15.20	Num.15.20	same	
Num.15.21	Num.15.21	same	
Num.15.22	Num.15.22	same	
Num.15.23	Num.15.23	same	
Num.15.24	Num.15.24	same	
Num.15.25	Num.15.25	same	
Num.15.26	Num.15.26	same	
Num.15.27	Num.15.27	same	
Num.15.28	Num.15.28	same	
Num.15.29	Num.15.29	same	
Num.15.30	Num.15.30	same	
Num.15.31	Num.15.31	same	
Num.15.32	Num.15.32	same	
Num.15.33	Num.15.33	same	
Num.15.34	Num.15.34	same	
Num.15.35	Num.15.35	same	
Num.15.36	Num.15.36	same	
Num.15.37	Num.15.37	same	
Num.15.38	Num.15.38	same	
Num.15.39	Num.15.39	same	
Num.15.40	Num.15.40	same	
Num.15.41	Num.15.41	same	
Num.16.1	Num.16.1	same	
Num.16.2	Num.16.2	same	
Num.16.3	Num.16.3	same	
Num.16.4	Num.16.4	same	
Num.16.5	Num.16.5	same	
Num.16.6	Num.16.6	same	
Num.16.7	Num.16.7	same	
Num.16.8	Num.16.8	same	
Num.16.9	Num.16.9	same	
Num.16.10	Num.16.10	same	
Num.16.11	Num.16.11	same	
Num.16.12	Num.16.12	same	
Num.16.13	Num.16.13	same	
Num.16.14	Num.16.14	same	
Num.16.15	Num.16.15	same	
Num.16.16	Num.16.16	same	
Num.16.17	Num.16.17	same	
Num.16.18	Num.16.18	same	
Num.16.19	Num.16.19	same	
Num.16.20	Num.16.20	same	
Num.16.21	Num.16.21	same	
Num.16.22	Num.16.22	same	
Num.16.23	Num.16.23	same	
Num.16.24	Num.16.24	same	
Num.16.25	Num.16.25	same	
Num.16.26	Num.16.26	same	
Num.16.27	Num.16.27	same	
Num.16.28	Num.16.28	same	
Num.16.29	Num.16.29	same	
Num.16.30	Num.16.30	same	
Num.16.31	Num.16.31	same	
Num.16.32	Num.16.32	same	
Num.16.33	Num.16.33	same	
Num.16.34	Num.16.34	same	
Num.16.35	Num.16.35	same	
Num.16.36	Num.16.36	same	Keep verse
Num.16.37	Num.16.37	same	Keep verse
Num.16.38	Num.16.38	same	Keep verse
Num.16.39	Num.16.39	same	Keep verse
Num.16.40	Num.16.40	same	Keep verse
Num.16.41	Num.16.41	same	Keep verse
Num.16.42	Num.16.42	same	Keep verse
Num.16.43	Num.16.43	same	Keep verse
Num.16.44	Num.16.44	same	Keep verse
Num.16.45	Num.16.45	same	Keep verse
Num.16.46	Num.16.46	same	Keep verse
Num.16.47	Num.16.47	same	Keep verse
Num.16.48	Num.16.48	same	Keep verse
Num.16.49	Num.16.49	same	Keep verse
Num.16.50	Num.16.50	same	Keep verse
Num.17.1	Num.17.1	same	Keep verse
Num.17.2	Num.17.2	same	Keep verse
Num.17.3	Num.17.3	same	Keep verse
Num.17.4	Num.17.4	same	Keep verse
Num.17.5	Num.17.5	same	Keep verse
Num.17.6	Num.17.6	same	Keep verse
Num.17.7	Num.17.7	same	Keep verse
Num.17.8	Num.17.8	same	Keep verse
Num.17.9	Num.17.9	same	Keep verse
Num.17.10	Num.17.10	same	Keep verse
Num.17.11	Num.17.11	same	Keep verse
Num.17.12	Num.17.12	same	Keep verse
Num.17.13	Num.17.13	same	Keep verse
Num.18.1	Num.18.1	same	
Num.18.2	Num.18.2	same	
Num.18.3	Num.18.3	same	
Num.18.4	Num.18.4	same	
Num.18.5	Num.18.5	same	
Num.18.6	Num.18.6	same	
Num.18.7	Num.18.7	same	
Num.18.8	Num.18.8	same	
Num.18.9	Num.18.9	same	
Num.18.10	Num.18.10	same	
Num.18.11	Num.18.11	same	
Num.18.12	Num.18.12	same	
Num.18.13	Num.18.13	same	
Num.18.14	Num.18.14	same	
Num.18.15	Num.18.15	same	
Num.18.16	Num.18.16	same	
Num.18.17	Num.18.17	same	
Num.18.18	Num.18.18	same	
Num.18.19	Num.18.19	same	
Num.18.20	Num.18.20	same	
Num.18.21	Num.18.21	same	
Num.18.22	Num.18.22	same	
Num.18.23	Num.18.23	same	
Num.18.24	Num.18.24	same	
Num.18.25	Num.18.25	same	
Num.18.26	Num.18.26	same	
Num.18.27	Num.18.27	same	
Num.18.28	Num.18.28	same	
Num.18.29	Num.18.29	same	
Num.18.30	Num.18.30	same	
Num.18.31	Num.18.31	same	
Num.18.32	Num.18.32	same	
Num.19.1	Num.19.1	same	
Num.19.2	Num.19.2	same	
Num.19.3	Num.19.3	same	
Num.19.4	Num.19.4	same	
Num.19.5	Num.19.5	same	
Num.19.6	Num.19.6	same	
Num.19.7	Num.19.7	same	
Num.19.8	Num.19.8	same	
Num.19.9	Num.19.9	same	
Num.19.10	Num.19.10	same	
Num.19.11	Num.19.11	same	
Num.19.12	Num.19.12	same	
Num.19.13	Num.19.13	same	
Num.19.14	Num.19.14	same	
Num.19.15	Num.19.15	same	
Num.19.16	Num.19.16	same	
Num.19.17	Num.19.17	same	
Num.19.18	Num.19.18	same	
Num.19.19	Num.19.19	same	
Num.19.20	Num.19.20	same	
Num.19.21	Num.19.21	same	
Num.19.22	Num.19.22	same	
Num.20.1	Num.20.1	same	
Num.20.2	Num.20.2	same	
Num.20.3	Num.20.3	same	
Num.20.4	Num.20.4	same	
Num.20.5	Num.20.5	same	
Num.20.6	Num.20.6	same	
Num.20.7	Num.20.7	same	
Num.20.8	Num.20.8	same	
Num.20.9	Num.20.9	same	
Num.20.10	Num.20.10	same	
Num.20.11	Num.20.11	same	
Num.20.12	Num.20.12	same	
Num.20.13	Num.20.13	same	
Num.20.14	Num.20.14	same	
Num.20.15	Num.20.15	same	
Num.20.16	Num.20.16	same	
Num.20.17	Num.20.17	same	
Num.20.18	Num.20.18	same	
Num.20.19	Num.20.19	same	
Num.20.20	Num.20.20	same	
Num.20.21	Num.20.21	same	
Num.20.22	Num.20.22	same	
Num.20.23	Num.20.23	same	
Num.20.24	Num.20.24	same	
Num.20.25	Num.20.25	same	
Num.20.26	Num.20.26	same	
Num.20.27	Num.20.27	same	
Num.20.28	Num.20.28	same	Keep verse
Num.20.29	Num.20.29	same	Keep verse
Num.21.1	Num.21.1	same	
Num.21.2	Num.21.2	same	
Num.21.3	Num.21.3	same	
Num.21.4	Num.21.4	same	
Num.21.5	Num.21.5	same	
Num.21.6	Num.21.6	same	
Num.21.7	Num.21.7	same	
Num.21.8	Num.21.8	same	
Num.21.9	Num.21.9	same	
Num.21.10	Num.21.10	same	
Num.21.11	Num.21.11	same	
Num.21.12	Num.21.12	same	
Num.21.13	Num.21.13	same	
Num.21.14	Num.21.14	same	
Num.21.15	Num.21.15	same	
Num.21.16	Num.21.16	same	
Num.21.17	Num.21.17	same	
Num.21.18	Num.21.18	same	
Num.21.19	Num.21.19	same	
Num.21.20	Num.21.20	same	
Num.21.21	Num.21.21	same	
Num.21.22	Num.21.22	same	
Num.21.23	Num.21.23	same	
Num.21.24	Num.21.24	same	
Num.21.25	Num.21.25	same	
Num.21.26	Num.21.26	same	
Num.21.27	Num.21.27	same	
Num.21.28	Num.21.28	same	
Num.21.29	Num.21.29	same	
Num.21.30	Num.21.30	same	
Num.21.31	Num.21.31	same	
Num.21.32	Num.21.32	same	
Num.21.33	Num.21.33	same	
Num.21.34	Num.21.34	same	
Num.22.1	Num.22.1	same	
Num.22.2	Num.22.2	same	
Num.22.3	Num.22.3	same	
Num.22.4	Num.22.4	same	
Num.22.5	Num.22.5	same	
Num.22.6	Num.22.6	same	
Num.22.7	Num.22.7	same	
Num.22.8	Num.22.8	same	
Num.22.9	Num.22.9	same	
Num.22.10	Num.22.10	same	
Num.22.11	Num.22.11	same	
Num.22.12	Num.22.12	same	
Num.22.13	Num.22.13	same	
Num.22.14	Num.22.14	same	
Num.22.15	Num.22.15	same	
Num.22.16	Num.22.16	same	
Num.22.17	Num.22.17	same	
Num.22.18	Num.22.18	same	
Num.22.19	Num.22.19	same	
Num.22.20	Num.22.20	same	
Num.22.21	Num.22.21	same	
Num.22.22	Num.22.22	same	
Num.22.23	Num.22.23	same	
Num.22.24	Num.22.24	same	
Num.22.25	Num.22.25	same	
Num.22.26	Num.22.26	same	
Num.22.27	Num.22.27	same	
Num.22.28	Num.22.28	same	
Num.22.29	Num.22.29	same	
Num.22.30	Num.22.30	same	
Num.22.31	Num.22.31	same	
Num.22.32	Num.22.32	same	
Num.22.33	Num.22.33	same	
Num.22.34	Num.22.34	same	
Num.22.35	Num.22.35	same	
Num.22.36	Num.22.36	same	
Num.22.37	Num.22.37	same	
Num.22.38	Num.22.38	same	
Num.22.39	Num.22.39	same	
Num.22.40	Num.22.40	same	
Num.22.41	Num.22.41	same	
Num.23.1	Num.23.1	same	
Num.23.2	Num.23.2	same	
Num.23.3	Num.23.3	same	
Num.23.4	Num.23.4	same	
Num.23.5	Num.23.5	same	
Num.23.6	Num.23.6	same	
Num.23.7	Num.23.7	same	
Num.23.8	Num.23.8	same	
Num.23.9	Num.23.9	same	
Num.23.10	Num.23.10	same	
Num.23.11	Num.23.11	same	
Num.23.12	Num.23.12	same	
Num.23.13	Num.23.13	same	
Num.23.14	Num.23.14	same	
Num.23.15	Num.23.15	same	
Num.23.16	Num.23.16	same	
Num.23.17	Num.23.17	same	
Num.23.18	Num.23.18	same	
Num.23.19	Num.23.19	same	
Num.23.20	Num.23.20	same	
Num.23.21	Num.23.21	same	
Num.23.22	Num.23.22	same	
Num.23.23	Num.23.23	same	
Num.23.24	Num.23.24	same	
Num.23.25	Num.23.25	same	
Num.23.26	Num.23.26	same	
Num.23.27	Num.23.27	same	
Num.23.28	Num.23.28	same	
Num.23.29	Num.23.29	same	
Num.23.30	Num.23.30	same	
Num.24.1	Num.24.1	same	
Num.24.2	Num.24.2	same	
Num.24.3	Num.24.3	same	
Num.24.4	Num.24.4	same	
Num.24.5	Num.24.5	same	
Num.24.6	Num.24.6	same	
Num.24.7	Num.24.7	same	
Num.24.8	Num.24.8	same	
Num.24.9	Num.24.9	same	
Num.24.10	Num.24.10	same	
Num.24.11	Num.24.11	same	
Num.24.12	Num.24.12	same	
Num.24.13	Num.24.13	same	
Num.24.14	Num.24.14	same	
Num.24.15	Num.24.15	same	
Num.24.16	Num.24.16	same	
Num.24.17	Num.24.17	same	
Num.24.18	Num.24.18	same	
Num.24.19	Num.24.19	same	
Num.24.20	Num.24.20	same	
Num.24.21	Num.24.21	same	
Num.24.22	Num.24.22	same	
Num.24.23	Num.24.23	same	
Num.24.24	Num.24.24	same	
Num.24.25	Num.24.25	same	
Num.25.1	Num.25.1	same	
Num.25.2	Num.25.2	same	
Num.25.3	Num.25.3	same	
Num.25.4	Num.25.4	same	
Num.25.5	Num.25.5	same	
Num.25.6	Num.25.6	same	
Num.25.7	Num.25.7	same	
Num.25.8	Num.25.8	same	
Num.25.9	Num.25.9	same	
Num.25.10	Num.25.10	same	
Num.25.11	Num.25.11	same	
Num.25.12	Num.25.12	same	
Num.25.13	Num.25.13	same	
Num.25.14	Num.25.14	same	
Num.25.15	Num.25.15	same	
Num.25.16	Num.25.16	same	
Num.25.17	Num.25.17	same	
Num.25.18	Num.25.18	same	
Num.26.1	Num.26.1	same	Keep verse
Num.26.2	Num.26.2	same	
Num.26.3	Num.26.3	same	
Num.26.4	Num.26.4	same	
Num.26.5	Num.26.5	same	
Num.26.6	Num.26.6	same	
Num.26.7	Num.26.7	same	
Num.26.8	Num.26.8	same	
Num.26.9	Num.26.9	same	
Num.26.10	Num.26.10	same	
Num.26.11	Num.26.11	same	
Num.26.12	Num.26.12	same	
Num.26.13	Num.26.13	same	
Num.26.14	Num.26.14	same	
Num.26.15	Num.26.19	renumbered	Renumber verse*
Num.26.16	Num.26.20	renumbered	Renumber verse*
Num.26.17	Num.26.21	renumbered	Renumber verse*
Num.26.18	Num.26.22	renumbered	Renumber verse*
Num.26.19	Num.26.23	renumbered	Renumber verse*
Num.26.20	Num.26.24	renumbered	Renumber verse*
Num.26.21	Num.26.25	renumbered	Renumber verse*
Num.26.22	Num.26.26	renumbered	Renumber verse*
Num.26.23	Num.26.27	renumbered	Renumber verse*
Num.26.24	Num.26.15	renumbered	Renumber verse*
Num.26.25	Num.26.16	renumbered	Renumber verse*
Num.26.26	Num.26.17	renumbered	Renumber verse*
Num.26.27	Num.26.18	renumbered	Renumber verse*
Num.26.28	Num.26.44	renumbered	Renumber verse*
Num.26.29	Num.26.45	renumbered	Renumber verse*
Num.26.30	Num.26.46	renumbered	Renumber verse*
Num.26.31	Num.26.47	renumbered	Renumber verse*
Num.26.32	Num.26.28	renumbered	Renumber verse*
Num.26.33	Num.26.29	renumbered	Renumber verse*
Num.26.34	Num.26.30	renumbered	Renumber verse*
Num.26.35	Num.26.31	renumbered	Renumber verse*
Num.26.36	Num.26.32	renumbered	Renumber verse*
Num.26.37	Num.26.33	renumbered	Renumber verse*
Num.26.38	Num.26.34	renumbered	Renumber verse*
Num.26.39	Num.26.35	renumbered	Renumber verse*
Num.26.40	Num.26.36	renumbered	Renumber verse*
Num.26.41	Num.26.37	renumbered	Renumber verse*
Num.26.42	Num.26.38	renumbered	Renumber verse*
Num.26.43	Num.26.39	renumbered	Renumber verse*
Num.26.44	Num.26.40	renumbered	Renumber verse*
Num.26.45	Num.26.41	renumbered	Renumber verse*
Num.26.46	Num.26.42	renumbered	Renumber verse*
Num.26.47	Num.26.43	renumbered	Renumber verse*
Num.26.48	Num.26.48	same	
Num.26.49	Num.26.49	same	
Num.26.50	Num.26.50	same	
Num.26.51	Num.26.51	same	
Num.26.52	Num.26.52	same	
Num.26.53	Num.26.53	same	
Num.26.54	Num.26.54	same	
Num.26.55	Num.26.55	same	
Num.26.56	Num.26.56	same	
Num.26.57	Num.26.57	same	
Num.26.58	Num.26.58	same	
Num.26.59	Num.26.59	same	
Num.26.60	Num.26.60	same	
Num.26.61	Num.26.61	same	
Num.26.62	Num.26.62	same	
Num.26.63	Num.26.63	same	
Num.26.64	Num.26.64	same	
Num.26.65	Num.26.65	same	
Num.27.1	Num.27.1	same	
Num.27.2	Num.27.2	same	
Num.27.3	Num.27.3	same	
Num.27.4	Num.27.4	same	
Num.27.5	Num.27.5	same	
Num.27.6	Num.27.6	same	
Num.27.7	Num.27.7	same	
Num.27.8	Num.27.8	same	
Num.27.9	Num.27.9	same	
Num.27.10	Num.27.10	same	
Num.27.11	Num.27.11	same	
Num.27.12	Num.27.12	same	
Num.27.13	Num.27.13	same	
Num.27.14	Num.27.14	same	
Num.27.15	Num.27.15	same	
Num.27.16	Num.27.16	same	
Num.27.17	Num.27.17	same	
Num.27.18	Num.27.18	same	
Num.27.19	Num.27.19	same	
Num.27.20	Num.27.20	same	
Num.27.21	Num.27.21	same	
Num.27.22	Num.27.22	same	
Num.28.1	Num.28.1	same	
Num.28.2	Num.28.2	same	
Num.28.3	Num.28.3	same	
Num.28.4	Num.28.4	same	
Num.28.5	Num.28.5	same	
Num.28.6	Num.28.6	same	
Num.28.7	Num.28.7	same	
Num.28.8	Num.28.8	same	
Num.28.9	Num.28.9	same	
Num.28.10	Num.28.10	same	
Num.28.11	Num.28.11	same	
Num.28.12	Num.28.12	same	
Num.28.13	Num.28.13	same	
Num.28.14	Num.28.14	same	
Num.28.15	Num.28.15	same	
Num.28.16	Num.28.16	same	
Num.28.17	Num.28.17	same	
Num.28.18	Num.28.18	same	
Num.28.19	Num.28.19	same	
Num.28.20	Num.28.20	same	
Num.28.21	Num.28.21	same	
Num.28.22	Num.28.22	same	
Num.28.23	Num.28.23	same	
Num.28.24	Num.28.24	same	
Num.28.25	Num.28.25	same	
Num.28.26	Num.28.26	same	
Num.28.27	Num.28.27	same	
Num.28.28	Num.28.28	same	
Num.28.29	Num.28.29	same	
Num.28.30	Num.28.30	same	
Num.28.31	Num.28.31	same	
Num.29.1	Num.29.1	same	
Num.29.2	Num.29.2	same	
Num.29.3	Num.29.3	same	
Num.29.4	Num.29.4	same	
Num.29.5	Num.29.5	same	
Num.29.6	Num.29.6	same	
Num.29.7	Num.29.7	same	
Num.29.8	Num.29.8	same	
Num.29.9	Num.29.9	same	
Num.29.10	Num.29.10	same	
Num.29.11	Num.29.11	same	
Num.29.12	Num.29.12	same	
Num.29.13	Num.29.13	same	
Num.29.14	Num.29.14	same	
Num.29.15	Num.29.15	same	
Num.29.16	Num.29.16	same	
Num.29.17	Num.29.17	same	
Num.29.18	Num.29.18	same	
Num.29.19	Num.29.19	same	
Num.29.20	Num.29.20	same	
Num.29.21	Num.29.21	same	
Num.29.22	Num.29.22	same	
Num.29.23	Num.29.23	same	
Num.29.24	Num.29.24	same	
Num.29.25	Num.29.25	same	
Num.29.26	Num.29.26	same	
Num.29.27	Num.29.27	same	
Num.29.28	Num.29.28	same	
Num.29.29	Num.29.29	same	
Num.29.30	Num.29.30	same	
Num.29.31	Num.29.31	same	
Num.29.32	Num.29.32	same	
Num.29.33	Num.29.33	same	
Num.29.34	Num.29.34	same	
Num.29.35	Num.29.35	same	
Num.29.36	Num.29.36	same	
Num.29.37	Num.29.37	same	
Num.29.38	Num.29.38	same	
Num.29.39	Num.29.39	same	
Num.30.1	Num.29.40	renumbered	Renumber verse
Num.30.2	Num.30.1	renumbered	Renumber verse
Num.30.3	Num.30.2	renumbered	Renumber verse
Num.30.4	Num.30.3	renumbered	Renumber verse
Num.30.5	Num.30.4	renumbered	Renumber verse
Num.30.6	Num.30.5	renumbered	Renumber verse
Num.30.7	Num.30.6	renumbered	Renumber verse
Num.30.8	Num.30.7	renumbered	Renumber verse
Num.30.9	Num.30.8	renumbered	Renumber verse
Num.30.10	Num.30.9	renumbered	Renumber verse
Num.30.11	Num.30.10	renumbered	Renumber verse
Num.30.12	Num.30.11	renumbered	Renumber verse
Num.30.13	Num.30.12	renumbered	Renumber verse
Num.30.14	Num.30.13	renumbered	Renumber verse
Num.30.15	Num.30.14	renumbered	Renumber verse
Num.30.16	Num.30.15	renumbered	Renumber verse
Num.31.1	Num.31.1	same	
Num.31.2	Num.31.2	same	
Num.31.3	Num.31.3	same	
Num.31.4	Num.31.4	same	
Num.31.5	Num.31.5	same	
Num.31.6	Num.31.6	same	
Num.31.7	Num.31.7	same	
Num.31.8	Num.31.8	same	
Num.31.9	Num.31.9	same	
Num.31.10	Num.31.10	same	
Num.31.11	Num.31.11	same	
Num.31.12	Num.31.12	same	
Num.31.13	Num.31.13	same	
Num.31.14	Num.31.14	same	
Num.31.15	Num.31.15	same	
Num.31.16	Num.31.16	same	
Num.31.17	Num.31.17	same	
Num.31.18	Num.31.18	same	
Num.31.19	Num.31.19	same	
Num.31.20	Num.31.20	same	
Num.31.21	Num.31.21	same	
Num.31.22	Num.31.22	same	
Num.31.23	Num.31.23	same	
Num.31.24	Num.31.24	same	
Num.31.25	Num.31.25	same	
Num.31.26	Num.31.26	same	
Num.31.27	Num.31.27	same	
Num.31.28	Num.31.28	same	
Num.31.29	Num.31.29	same	
Num.31.30	Num.31.30	same	
Num.31.31	Num.31.31	same	
Num.31.32	Num.31.32	same	
Num.31.33	Num.31.33	same	
Num.31.34	Num.31.34	same	
Num.31.35	Num.31.35	same	
Num.31.36	Num.31.36	same	
Num.31.37	Num.31.37	same	
Num.31.38	Num.31.38	same	
Num.31.39	Num.31.39	same	
Num.31.40	Num.31.40	same	
Num.31.41	Num.31.41	same	
Num.31.42	Num.31.42	same	
Num.31.43	Num.31.43	same	
Num.31.44	Num.31.44	same	
Num.31.45	Num.31.45	same	
Num.31.46	Num.31.46	same	
Num.31.47	Num.31.47	same	
Num.31.48	Num.31.48	same	
Num.31.49	Num.31.49	same	
Num.31.50	Num.31.50	same	
Num.31.51	Num.31.51	same	
Num.31.52	Num.31.52	same	
Num.31.53	Num.31.53	same	
Num.31.54	Num.31.54	same	
Num.32.1	Num.32.1	same	
Num.32.2	Num.32.2	same	
Num.32.3	Num.32.3	same	
Num.32.4	Num.32.4	same	
Num.32.5	Num.32.5	same	
Num.32.6	Num.32.6	same	
Num.32.7	Num.32.7	same	
Num.32.8	Num.32.8	same	
Num.32.9	Num.32.9	same	
Num.32.10	Num.32.10	same	
Num.32.11	Num.32.11	same	
Num.32.12	Num.32.12	same	
Num.32.13	Num.32.13	same	
Num.32.14	Num.32.14	same	
Num.32.15	Num.32.15	same	
Num.32.16	Num.32.16	same	
Num.32.17	Num.32.17	same	
Num.32.18	Num.32.18	same	
Num.32.19	Num.32.19	same	
Num.32.20	Num.32.20	same	
Num.32.21	Num.32.21	same	
Num.32.22	Num.32.22	same	
Num.32.23	Num.32.23	same	
Num.32.24	Num.32.24	same	
Num.32.25	Num.32.25	same	
Num.32.26	Num.32.26	same	
Num.32.27	Num.32.27	same	
Num.32.28	Num.32.28	same	
Num.32.29	Num.32.29	same	
Num.32.30	Num.32.30	same	
Num.32.31	Num.32.31	same	
Num.32.32	Num.32.32	same	
Num.32.33	Num.32.33	same	
Num.32.34	Num.32.34	same	
Num.32.35	Num.32.35	same	
Num.32.36	Num.32.36	same	
Num.32.37	Num.32.37	same	
Num.32.38	Num.32.38	same	
Num.32.39	Num.32.39	same	
Num.32.40	Num.32.40	same	
Num.32.41	Num.32.41	same	
Num.32.42	Num.32.42	same	
Num.33.1	Num.33.1	same	
Num.33.2	Num.33.2	same	
Num.33.3	Num.33.3	same	
Num.33.4	Num.33.4	same	
Num.33.5	Num.33.5	same	
Num.33.6	Num.33.6	same	
Num.33.7	Num.33.7	same	
Num.33.8	Num.33.8	same	
Num.33.9	Num.33.9	same	
Num.33.10	Num.33.10	same	
Num.33.11	Num.33.11	same	
Num.33.12	Num.33.12	same	
Num.33.13	Num.33.13	same	
Num.33.14	Num.33.14	same	
Num.33.15	Num.33.15	same	
Num.33.16	Num.33.16	same	
Num.33.17	Num.33.17	same	
Num.33.18	Num.33.18	same	
Num.33.19	Num.33.19	same	
Num.33.20	Num.33.20	same	
Num.33.21	Num.33.21	same	
Num.33.22	Num.33.22	same	
Num.33.23	Num.33.23	same	
Num.33.24	Num.33.24	same	
Num.33.25	Num.33.25	same	
Num.33.26	Num.33.26	same	
Num.33.27	Num.33.27	same	
Num.33.28	Num.33.28	same	
Num.33.29	Num.33.29	same	
Num.33.30	Num.33.30	same	
Num.33.31	Num.33.31	same	
Num.33.32	Num.33.32	same	
Num.33.33	Num.33.33	same	
Num.33.34	Num.33.34	same	
Num.33.35	Num.33.35	same	
Num.33.36	Num.33.36	same	
Num.33.37	Num.33.37	same	
Num.33.38	Num.33.38	same	
Num.33.39	Num.33.39	same	
Num.33.40	Num.33.40	same	
Num.33.41	Num.33.41	same	
Num.33.42	Num.33.42	same	
Num.33.43	Num.33.43	same	
Num.33.44	Num.33.44	same	
Num.33.45	Num.33.45	same	
Num.33.46	Num.33.46	same	
Num.33.47	Num.33.47	same	
Num.33.48	Num.33.48	same	
Num.33.49	Num.33.49	same	
Num.33.50	Num.33.50	same	
Num.33.51	Num.33.51	same	
Num.33.52	Num.33.52	same	
Num.33.53	Num.33.53	same	
Num.33.54	Num.33.54	same	
Num.33.55	Num.33.55	same	
Num.33.56	Num.33.56	same	
Num.34.1	Num.34.1	same	
Num.34.2	Num.34.2	same	
Num.34.3	Num.34.3	same	
Num.34.4	Num.34.4	same	
Num.34.5	Num.34.5	same	
Num.34.6	Num.34.6	same	
Num.34.7	Num.34.7	same	
Num.34.8	Num.34.8	same	
Num.34.9	Num.34.9	same	
Num.34.10	Num.34.10	same	
Num.34.11	Num.34.11	same	
Num.34.12	Num.34.12	same	
Num.34.13	Num.34.13	same	
Num.34.14	Num.34.14	same	
Num.34.15	Num.34.15	same	
Num.34.16	Num.34.16	same	
Num.34.17	Num.34.17	same	
Num.34.18	Num.34.18	same	
Num.34.19	Num.34.19	same	
Num.34.20	Num.34.20	same	
Num.34.21	Num.34.21	same	
Num.34.22	Num.34.22	same	
Num.34.23	Num.34.23	same	
Num.34.24	Num.34.24	same	
Num.34.25	Num.34.25	same	
Num.34.26	Num.34.26	same	
Num.34.27	Num.34.27	same	
Num.34.28	Num.34.28	same	
Num.34.29	Num.34.29	same	
Num.35.1	Num.35.1	same	
Num.35.2	Num.35.2	same	
Num.35.3	Num.35.3	same	
Num.35.4	Num.35.4	same	
Num.35.5	Num.35.5	same	
Num.35.6	Num.35.6	same	
Num.35.7	Num.35.7	same	
Num.35.8	Num.35.8	same	
Num.35.9	Num.35.9	same	
Num.35.10	Num.35.10	same	
Num.35.11	Num.35.11	same	
Num.35.12	Num.35.12	same	
Num.35.13	Num.35.13	same	
Num.35.14	Num.35.14	same	
Num.35.15	Num.35.15	same	
Num.35.16	Num.35.16	same	
Num.35.17	Num.35.17	same	
Num.35.18	Num.35.18	same	
Num.35.19	Num.35.19	same	
Num.35.20	Num.35.20	same	
Num.35.21	Num.35.21	same	
Num.35.22	Num.35.22	same	
Num.35.23	Num.35.23	same	
Num.35.24	Num.35.24	same	
Num.35.25	Num.35.25	same	
Num.35.26	Num.35.26	same	
Num.35.27	Num.35.27	same	
Num.35.28	Num.35.28	same	
Num.35.29	Num.35.29	same	
Num.35.30	Num.35.30	same	
Num.35.31	Num.35.31	same	
Num.35.32	Num.35.32	same	
Num.35.33	Num.35.33	same	
Num.35.34	Num.35.34	same	
Num.36.1	Num.36.1	same	
Num.36.2	Num.36.2	same	
Num.36.3	Num.36.3	same	
Num.36.4	Num.36.4	same	
Num.36.5	Num.36.5	same	
Num.36.6	Num.36.6	same	
Num.36.7	Num.36.7	same	
Num.36.8	Num.36.8	same	
Num.36.9	Num.36.9	same	
Num.36.10	Num.36.10	same	
Num.36.11	Num.36.11	same	
Num.36.12	Num.36.12	same	
Num.36.13	Num.36.13	same	
Deut.1.1	Deut.1.1	same	
Deut.1.2	Deut.1.2	same	
Deut.1.3	Deut.1.3	same	
Deut.1.4	Deut.1.4	same	
Deut.1.5	Deut.1.5	same	
Deut.1.6	Deut.1.6	same	
Deut.1.7	Deut.1.7	same	
Deut.1.8	Deut.1.8	same	
Deut.1.9	Deut.1.9	same	
Deut.1.10	Deut.1.10	same	
Deut.1.11	Deut.1.11	same	
Deut.1.12	Deut.1.12	same	
Deut.1.13	Deut.1.13	same	
Deut.1.14	Deut.1.14	same	
Deut.1.15	Deut.1.15	same	
Deut.1.16	Deut.1.16	same	
Deut.1.17	Deut.1.17	same	
Deut.1.18	Deut.1.18	same	
Deut.1.19	Deut.1.19	same	
Deut.1.20	Deut.1.20	same	
Deut.1.21	Deut.1.21	same	
Deut.1.22	Deut.1.22	same	
Deut.1.23	Deut.1.23	same	
Deut.1.24	Deut.1.24	same	
Deut.1.25	Deut.1.25	same	
Deut.1.26	Deut.1.26	same	
Deut.1.27	Deut.1.27	same	
Deut.1.28	Deut.1.28	same	
Deut.1.29	Deut.1.29	same	
Deut.1.30	Deut.1.30	same	
Deut.1.31	Deut.1.31	same	
Deut.1.32	Deut.1.32	same	
Deut.1.33	Deut.1.33	same	
Deut.1.34	Deut.1.34	same	
Deut.1.35	Deut.1.35	same	
Deut.1.36	Deut.1.36	same	
Deut.1.37	Deut.1.37	same	
Deut.1.38	Deut.1.38	same	
Deut.1.39	Deut.1.39	same	
Deut.1.40	Deut.1.40	same	
Deut.1.41	Deut.1.41	same	
Deut.1.42	Deut.1.42	same	
Deut.1.43	Deut.1.43	same	
Deut.1.44	Deut.1.44	same	
Deut.1.45	Deut.1.45	same	
Deut.1.46	Deut.1.46	same	
Deut.2.1	Deut.2.1	same	
Deut.2.2	Deut.2.2	same	
Deut.2.3	Deut.2.3	same	
Deut.2.4	Deut.2.4	same	
Deut.2.5	Deut.2.5	same	
Deut.2.6	Deut.2.6	same	
Deut.2.7	Deut.2.7	same	
Deut.2.8	Deut.2.8	same	
Deut.2.9	Deut.2.9	same	
Deut.2.10	Deut.2.10	same	
Deut.2.11	Deut.2.11	same	
Deut.2.12	Deut.2.12	same	
Deut.2.13	Deut.2.13	same	
Deut.2.14	Deut.2.14	same	
Deut.2.15	Deut.2.15	same	
Deut.2.16	Deut.2.16	same	
Deut.2.17	Deut.2.17	same	
Deut.2.18	Deut.2.18	same	
Deut.2.19	Deut.2.19	same	
Deut.2.20	Deut.2.20	same	
Deut.2.21	Deut.2.21	same	
Deut.2.22	Deut.2.22	same	
Deut.2.23	Deut.2.23	same	
Deut.2.24	Deut.2.24	same	
Deut.2.25	Deut.2.25	same	
Deut.2.26	Deut.2.26	same	
Deut.2.27	Deut.2.27	same	
Deut.2.28	Deut.2.28	same	
Deut.2.29	Deut.2.29	same	
Deut.2.30	Deut.2.30	same	
Deut.2.31	Deut.2.31	same	
Deut.2.32	Deut.2.32	same	
Deut.2.33	Deut.2.33	same	
Deut.2.34	Deut.2.34	same	
Deut.2.35	Deut.2.35	same	
Deut.2.36	Deut.2.36	same	
Deut.2.37	Deut.2.37	same	
Deut.3.1	Deut.3.1	same	
Deut.3.2	Deut.3.2	same	
Deut.3.3	Deut.3.3	same	
Deut.3.4	Deut.3.4	same	
Deut.3.5	Deut.3.5	same	
Deut.3.6	Deut.3.6	same	
Deut.3.7	Deut.3.7	same	
Deut.3.8	Deut.3.8	same	
Deut.3.9	Deut.3.9	same	
Deut.3.10	Deut.3.10	same	
Deut.3.11	Deut.3.11	same	
Deut.3.12	Deut.3.12	same	
Deut.3.13	Deut.3.13	same	
Deut.3.14	Deut.3.14	same	
Deut.3.15	Deut.3.15	same	
Deut.3.16	Deut.3.16	same	
Deut.3.17	Deut.3.17	same	
Deut.3.18	Deut.3.18	same	
Deut.3.19	Deut.3.19	same	
Deut.3.20	Deut.3.20	same	
Deut.3.21	Deut.3.21	same	
Deut.3.22	Deut.3.22	same	
Deut.3.23	Deut.3.23	same	
Deut.3.24	Deut.3.24	same	
Deut.3.25	Deut.3.25	same	
Deut.3.26	Deut.3.26	same	
Deut.3.27	Deut.3.27	same	
Deut.3.28	Deut.3.28	same	
Deut.3.29	Deut.3.29	same	
Deut.4.1	Deut.4.1	same	
Deut.4.2	Deut.4.2	same	
Deut.4.3	Deut.4.3	same	
Deut.4.4	Deut.4.4	same	
Deut.4.5	Deut.4.5	same	
Deut.4.6	Deut.4.6	same	
Deut.4.7	Deut.4.7	same	
Deut.4.8	Deut.4.8	same	
Deut.4.9	Deut.4.9	same	
Deut.4.10	Deut.4.10	same	
Deut.4.11	Deut.4.11	same	
Deut.4.12	Deut.4.12	same	
Deut.4.13	Deut.4.13	same	
Deut.4.14	Deut.4.14	same	
Deut.4.15	Deut.4.15	same	
Deut.4.16	Deut.4.16	same	
Deut.4.17	Deut.4.17	same	
Deut.4.18	Deut.4.18	same	
Deut.4.19	Deut.4.19	same	
Deut.4.20	Deut.4.20	same	
Deut.4.21	Deut.4.21	same	
Deut.4.22	Deut.4.22	same	
Deut.4.23	Deut.4.23	same	
Deut.4.24	Deut.4.24	same	
Deut.4.25	Deut.4.25	same	
Deut.4.26	Deut.4.26	same	
Deut.4.27	Deut.4.27	same	
Deut.4.28	Deut.4.28	same	
Deut.4.29	Deut.4.29	same	
Deut.4.30	Deut.4.30	same	
Deut.4.31	Deut.4.31	same	
Deut.4.32	Deut.4.32	same	
Deut.4.33	Deut.4.33	same	
Deut.4.34	Deut.4.34	same	
Deut.4.35	Deut.4.35	same	
Deut.4.36	Deut.4.36	same	
Deut.4.37	Deut.4.37	same	
Deut.4.38	Deut.4.38	same	
Deut.4.39	Deut.4.39	same	
Deut.4.40	Deut.4.40	same	
Deut.4.41	Deut.4.41	same	
Deut.4.42	Deut.4.42	same	
Deut.4.43	Deut.4.43	same	
Deut.4.44	Deut.4.44	same	
Deut.4.45	Deut.4.45	same	
Deut.4.46	Deut.4.46	same	
Deut.4.47	Deut.4.47	same	
Deut.4.48	Deut.4.48	same	
Deut.4.49	Deut.4.49	same	
Deut.5.1	Deut.5.1	same	
Deut.5.2	Deut.5.2	same	
Deut.5.3	Deut.5.3	same	
Deut.5.4	Deut.5.4	same	
Deut.5.5	Deut.5.5	same	
Deut.5.6	Deut.5.6	same	
Deut.5.7	Deut.5.7	same	
Deut.5.8	Deut.5.8	same	
Deut.5.9	Deut.5.9	same	
Deut.5.10	Deut.5.10	same	
Deut.5.11	Deut.5.11	same	
Deut.5.12	Deut.5.12	same	
Deut.5.13	Deut.5.13	same	
Deut.5.14	Deut.5.14	same	
Deut.5.15	Deut.5.15	same	
Deut.5.16	Deut.5.16	same	
Deut.5.17	Deut.5.18	renumbered	Renumber verse*
Deut.5.18	Deut.5.17	renumbered	Renumber verse*
Deut.5.19	Deut.5.19	same	
Deut.5.20	Deut.5.20	same	
Deut.5.21	Deut.5.21	same	
Deut.5.22	Deut.5.22	same	
Deut.5.23	Deut.5.23	same	
Deut.5.24	Deut.5.24	same	
Deut.5.25	Deut.5.25	same	
Deut.5.26	Deut.5.26	same	
Deut.5.27	Deut.5.27	same	
Deut.5.28	Deut.5.28	same	
Deut.5.29	Deut.5.29	same	
Deut.5.30	Deut.5.30	same	
Deut.5.31	Deut.5.31	same	
Deut.5.32	Deut.5.32	same	
Deut.5.33	Deut.5.33	same	
Deut.6.1	Deut.6.1	same	
Deut.6.2	Deut.6.2	same	
Deut.6.3	Deut.6.3	same	
Deut.6.4	Deut.6.4	same	
Deut.6.5	Deut.6.5	same	
Deut.6.6	Deut.6.6	same	
Deut.6.7	Deut.6.7	same	
Deut.6.8	Deut.6.8	same	
Deut.6.9	Deut.6.9	same	
Deut.6.10	Deut.6.10	same	
Deut.6.11	Deut.6.11	same	
Deut.6.12	Deut.6.12	same	
Deut.6.13	Deut.6.13	same	
Deut.6.14	Deut.6.14	same	
Deut.6.15	Deut.6.15	same	
Deut.6.16	Deut.6.16	same	
Deut.6.17	Deut.6.17	same	
Deut.6.18	Deut.6.18	same	
Deut.6.19	Deut.6.19	same	
Deut.6.20	Deut.6.20	same	
Deut.6.21	Deut.6.21	same	
Deut.6.22	Deut.6.22	same	
Deut.6.23	Deut.6.23	same	
Deut.6.24	Deut.6.24	same	
Deut.6.25	Deut.6.25	same	
Deut.7.1	Deut.7.1	same	
Deut.7.2	Deut.7.2	same	
Deut.7.3	Deut.7.3	same	
Deut.7.4	Deut.7.4	same	
Deut.7.5	Deut.7.5	same	
Deut.7.6	Deut.7.6	same	
Deut.7.7	Deut.7.7	same	
Deut.7.8	Deut.7.8	same	
Deut.7.9	Deut.7.9	same	
Deut.7.10	Deut.7.10	same	
Deut.7.11	Deut.7.11	same	
Deut.7.12	Deut.7.12	same	
Deut.7.13	Deut.7.13	same	
Deut.7.14	Deut.7.14	same	
Deut.7.15	Deut.7.15	same	
Deut.7.16	Deut.7.16	same	
Deut.7.17	Deut.7.17	same	
Deut.7.18	Deut.7.18	same	
Deut.7.19	Deut.7.19	same	
Deut.7.20	Deut.7.20	same	
Deut.7.21	Deut.7.21	same	
Deut.7.22	Deut.7.22	same	
Deut.7.23	Deut.7.23	same	
Deut.7.24	Deut.7.24	same	
Deut.7.25	Deut.7.25	same	
Deut.7.26	Deut.7.26	same	
Deut.8.1	Deut.8.1	same	
Deut.8.2	Deut.8.2	same	
Deut.8.3	Deut.8.3	same	
Deut.8.4	Deut.8.4	same	
Deut.8.5	Deut.8.5	same	
Deut.8.6	Deut.8.6	same	
Deut.8.7	Deut.8.7	same	
Deut.8.8	Deut.8.8	same	
Deut.8.9	Deut.8.9	same	
Deut.8.10	Deut.8.10	same	
Deut.8.11	Deut.8.11	same	
Deut.8.12	Deut.8.12	same	
Deut.8.13	Deut.8.13	same	
Deut.8.14	Deut.8.14	same	
Deut.8.15	Deut.8.15	same	
Deut.8.16	Deut.8.16	same	
Deut.8.17	Deut.8.17	same	
Deut.8.18	Deut.8.18	same	
Deut.8.19	Deut.8.19	same	
Deut.8.20	Deut.8.20	same	
Deut.9.1	Deut.9.1	same	
Deut.9.2	Deut.9.2	same	
Deut.9.3	Deut.9.3	same	
Deut.9.4	Deut.9.4	same	
Deut.9.5	Deut.9.5	same	
Deut.9.6	Deut.9.6	same	
Deut.9.7	Deut.9.7	same	
Deut.9.8	Deut.9.8	same	
Deut.9.9	Deut.9.9	same	
Deut.9.10	Deut.9.10	same	
Deut.9.11	Deut.9.11	same	
Deut.9.12	Deut.9.12	same	
Deut.9.13	Deut.9.13	same	
Deut.9.14	Deut.9.14	same	
Deut.9.15	Deut.9.15	same	
Deut.9.16	Deut.9.16	same	
Deut.9.17	Deut.9.17	same	
Deut.9.18	Deut.9.18	same	
Deut.9.19	Deut.9.19	same	
Deut.9.20	Deut.9.20	same	
Deut.9.21	Deut.9.21	same	
Deut.9.22	Deut.9.22	same	
Deut.9.23	Deut.9.23	same	
Deut.9.24	Deut.9.24	same	
Deut.9.25	Deut.9.25	same	
Deut.9.26	Deut.9.26	same	
Deut.9.27	Deut.9.27	same	
Deut.9.28	Deut.9.28	same	
Deut.9.29	Deut.9.29	same	
Deut.10.1	Deut.10.1	same	
Deut.10.2	Deut.10.2	same	
Deut.10.3	Deut.10.3	same	
Deut.10.4	Deut.10.4	same	
Deut.10.5	Deut.10.5	same	
Deut.10.6	Deut.10.6	same	
Deut.10.7	Deut.10.7	same	
Deut.10.8	Deut.10.8	same	
Deut.10.9	Deut.10.9	same	
Deut.10.10	Deut.10.10	same	
Deut.10.11	Deut.10.11	same	
Deut.10.12	Deut.10.12	same	
Deut.10.13	Deut.10.13	same	
Deut.10.14	Deut.10.14	same	
Deut.10.15	Deut.10.15	same	
Deut.10.16	Deut.10.16	same	
Deut.10.17	Deut.10.17	same	
Deut.10.18	Deut.10.18	same	
Deut.10.19	Deut.10.19	same	
Deut.10.20	Deut.10.20	same	
Deut.10.21	Deut.10.21	same	
Deut.10.22	Deut.10.22	same	
Deut.11.1	Deut.11.1	same	
Deut.11.2	Deut.11.2	same	
Deut.11.3	Deut.11.3	same	
Deut.11.4	Deut.11.4	same	
Deut.11.5	Deut.11.5	same	
Deut.11.6	Deut.11.6	same	
Deut.11.7	Deut.11.7	same	
Deut.11.8	Deut.11.8	same	
Deut.11.9	Deut.11.9	same	
Deut.11.10	Deut.11.10	same	
Deut.11.11	Deut.11.11	same	
Deut.11.12	Deut.11.12	same	
Deut.11.13	Deut.11.13	same	
Deut.11.14	Deut.11.14	same	
Deut.11.15	Deut.11.15	same	
Deut.11.16	Deut.11.16	same	
Deut.11.17	Deut.11.17	same	
Deut.11.18	Deut.11.18	same	
Deut.11.19	Deut.11.19	same	
Deut.11.20	Deut.11.20	same	
Deut.11.21	Deut.11.21	same	
Deut.11.22	Deut.11.22	same	
Deut.11.23	Deut.11.23	same	
Deut.11.24	Deut.11.24	same	
Deut.11.25	Deut.11.25	same	
Deut.11.26	Deut.11.26	same	
Deut.11.27	Deut.11.27	same	
Deut.11.28	Deut.11.28	same	
Deut.11.29	Deut.11.29	same	
Deut.11.30	Deut.11.30	same	
Deut.11.31	Deut.11.31	same	
Deut.11.32	Deut.11.32	same	
Deut.12.1	Deut.12.1	same	
Deut.12.2	Deut.12.2	same	
Deut.12.3	Deut.12.3	same	
Deut.12.4	Deut.12.4	same	
Deut.12.5	Deut.12.5	same	
Deut.12.6	Deut.12.6	same	
Deut.12.7	Deut.12.7	same	
Deut.12.8	Deut.12.8	same	
Deut.12.9	Deut.12.9	same	
Deut.12.10	Deut.12.10	same	
Deut.12.11	Deut.12.11	same	
Deut.12.12	Deut.12.12	same	
Deut.12.13	Deut.12.13	same	
Deut.12.14	Deut.12.14	same	
Deut.12.15	Deut.12.15	same	
Deut.12.16	Deut.12.16	same	
Deut.12.17	Deut.12.17	same	
Deut.12.18	Deut.12.18	same	
Deut.12.19	Deut.12.19	same	
Deut.12.20	Deut.12.20	same	
Deut.12.21	Deut.12.21	same	
Deut.12.22	Deut.12.22	same	
Deut.12.23	Deut.12.23	same	
Deut.12.24	Deut.12.24	same	
Deut.12.25	Deut.12.25	same	
Deut.12.26	Deut.12.26	same	
Deut.12.27	Deut.12.27	same	
Deut.12.28	Deut.12.28	same	
Deut.12.29	Deut.12.29	same	
Deut.12.30	Deut.12.30	same	
Deut.12.31	Deut.12.31	same	
Deut.12.32	Deut.12.32	same	Keep verse
Deut.13.1	Deut.13.1	same	Keep verse
Deut.13.2	Deut.13.2	same	Keep verse
Deut.13.3	Deut.13.3	same	Keep verse
Deut.13.4	Deut.13.4	same	Keep verse
Deut.13.5	Deut.13.5	same	Keep verse
Deut.13.6	Deut.13.6	same	Keep verse
Deut.13.7	Deut.13.7	same	Keep verse
Deut.13.8	Deut.13.8	same	Keep verse
Deut.13.9	Deut.13.9	same	Keep verse
Deut.13.10	Deut.13.10	same	Keep verse
Deut.13.11	Deut.13.11	same	Keep verse
Deut.13.12	Deut.13.12	same	Keep verse
Deut.13.13	Deut.13.13	same	Keep verse
Deut.13.14	Deut.13.14	same	Keep verse
Deut.13.15	Deut.13.15	same	Keep verse
Deut.13.16	Deut.13.16	same	Keep verse
Deut.13.17	Deut.13.17	same	Keep verse
Deut.13.18	Deut.13.18	same	Keep verse
Deut.14.1	Deut.14.1	same	
Deut.14.2	Deut.14.2	same	
Deut.14.3	Deut.14.3	same	
Deut.14.4	Deut.14.4	same	
Deut.14.5	Deut.14.5	same	
Deut.14.6	Deut.14.6	same	
Deut.14.7	Deut.14.7	same	
Deut.14.8	Deut.14.8	same	
Deut.14.9	Deut.14.9	same	
Deut.14.10	Deut.14.10	same	
Deut.14.11	Deut.14.11	same	
Deut.14.12	Deut.14.12	same	
Deut.14.13	Deut.14.13	same	
Deut.14.14	Deut.14.14 Deut.14.15	several	Concatenation
Deut.14.15	Deut.14.16	renumbered	Renumber verse
Deut.14.16	Deut.14.17	renumbered	Renumber verse
Deut.14.17	Deut.14.18	renumbered	Renumber verse
Deut.14.18	Deut.14.19	renumbered	Renumber verse
Deut.14.19	Deut.14.20	renumbered	Renumber verse
Deut.14.20	Deut.14.21	renumbered	Renumber verse
Deut.14.21	Deut.14.22	renumbered	Renumber verse
Deut.14.22	Deut.14.23	renumbered	Renumber verse
Deut.14.23	Deut.14.24	renumbered	Renumber verse
Deut.14.24	Deut.14.25	renumbered	Renumber verse
Deut.14.25	Deut.14.26	renumbered	Renumber verse
Deut.14.26	Deut.14.27	renumbered	Renumber verse
Deut.14.27	Deut.14.28	renumbered	Renumber verse
Deut.14.28	Deut.14.29	renumbered	Renumber verse
Deut.15.1	Deut.15.1	same	
Deut.15.2	Deut.15.2	same	
Deut.15.3	Deut.15.3	same	
Deut.15.4	Deut.15.4	same	
Deut.15.5	Deut.15.5	same	
Deut.15.6	Deut.15.6	same	
Deut.15.7	Deut.15.7	same	
Deut.15.8	Deut.15.8	same	
Deut.15.9	Deut.15.9	same	
Deut.15.10	Deut.15.10	same	
Deut.15.11	Deut.15.11	same	
Deut.15.12	Deut.15.12	same	
Deut.15.13	Deut.15.13	same	
Deut.15.14	Deut.15.14	same	
Deut.15.15	Deut.15.15	same	
Deut.15.16	Deut.15.16	same	
Deut.15.17	Deut.15.17	same	
Deut.15.18	Deut.15.18	same	
Deut.15.19	Deut.15.19	same	
Deut.15.20	Deut.15.20	same	
Deut.15.21	Deut.15.21	same	
Deut.15.22	Deut.15.22	same	
Deut.15.23	Deut.15.23	same	
Deut.16.1	Deut.16.1	same	
Deut.16.2	Deut.16.2	same	
Deut.16.3	Deut.16.3	same	
Deut.16.4	Deut.16.4	same	
Deut.16.5	Deut.16.5	same	
Deut.16.6	Deut.16.6	same	
Deut.16.7	Deut.16.7	same	
Deut.16.8	Deut.16.8	same	
Deut.16.9	Deut.16.9	same	
Deut.16.10	Deut.16.10	same	
Deut.16.11	Deut.16.11	same	
Deut.16.12	Deut.16.12	same	
Deut.16.13	Deut.16.13	same	
Deut.16.14	Deut.16.14	same	
Deut.16.15	Deut.16.15	same	
Deut.16.16	Deut.16.16	same	
Deut.16.17	Deut.16.17	same	
Deut.16.18	Deut.16.18	same	
Deut.16.19	Deut.16.19	same	
Deut.16.20	Deut.16.20	same	
Deut.16.21	Deut.16.21	same	
Deut.17.1	Deut.17.1	same	
Deut.17.2	Deut.17.2	same	
Deut.17.3	Deut.17.3	same	
Deut.17.4	Deut.17.4	same	
Deut.17.5	Deut.17.5	same	
Deut.17.6	Deut.17.6	same	
Deut.17.7	Deut.17.7	same	
Deut.17.8	Deut.17.8	same	
Deut.17.9	Deut.17.9	same	
Deut.17.10	Deut.17.10	same	
Deut.17.11	Deut.17.11	same	
Deut.17.12	Deut.17.12	same	
Deut.17.13	Deut.17.13	same	
Deut.17.14	Deut.17.14	same	
Deut.17.15	Deut.17.15	same	
Deut.17.16	Deut.17.16	same	
Deut.17.17	Deut.17.17	same	
Deut.17.18	Deut.17.18	same	
Deut.17.19	Deut.17.19	same	
Deut.17.20	Deut.17.20	same	
Deut.18.1	Deut.18.1	same	
Deut.18.2	Deut.18.2	same	
Deut.18.3	Deut.18.3	same	
Deut.18.4	Deut.18.4	same	
Deut.18.5	Deut.18.5	same	
Deut.18.6	Deut.18.6	same	
Deut.18.7	Deut.18.7	same	
Deut.18.8	Deut.18.8	same	
Deut.18.9	Deut.18.9	same	
Deut.18.10	Deut.18.10	same	
Deut.18.11	Deut.18.11	same	
Deut.18.12	Deut.18.12	same	
Deut.18.13	Deut.18.13	same	
Deut.18.14	Deut.18.14	same	
Deut.18.15	Deut.18.15	same	
Deut.18.16	Deut.18.16	same	
Deut.18.17	Deut.18.17	same	
Deut.18.18	Deut.18.18	same	
Deut.18.19	Deut.18.19	same	
Deut.19.1	Deut.19.1	same	
Deut.19.2	Deut.19.2	same	
Deut.19.3	Deut.19.3	same	
Deut.19.4	Deut.19.4	same	
Deut.19.5	Deut.19.5	same	
Deut.19.6	Deut.19.6	same	
Deut.19.7	Deut.19.7	same	
Deut.19.8	Deut.19.8	same	
Deut.19.9	Deut.19.9	same	
Deut.19.10	Deut.19.10	same	
Deut.19.11	Deut.19.11	same	
Deut.19.12	Deut.19.12	same	
Deut.19.13	Deut.19.13	same	
Deut.19.14	Deut.19.14	same	
Deut.19.15	Deut.19.15	same	
Deut.19.16	Deut.19.16	same	
Deut.19.17	Deut.19.17	same	
Deut.19.18	Deut.19.18	same	
Deut.19.19	Deut.19.19	same	
Deut.19.20	Deut.19.20	same	
Deut.19.21	Deut.19.21	same	
Deut.20.1	Deut.20.1	same	
Deut.20.2	Deut.20.2	same	
Deut.20.3	Deut.20.3	same	
Deut.20.4	Deut.20.4	same	
Deut.20.5	Deut.20.5	same	
Deut.20.6	Deut.20.6	same	
Deut.20.7	Deut.20.7	same	
Deut.20.8	Deut.20.8	same	
Deut.20.9	Deut.20.9	same	
Deut.20.10	Deut.20.10	same	
Deut.20.11	Deut.20.11	same	
Deut.20.12	Deut.20.12	same	
Deut.20.13	Deut.20.13	same	
Deut.20.14	Deut.20.14	same	
Deut.20.15	Deut.20.15	same	
Deut.20.16	Deut.20.16	same	
Deut.20.17	Deut.20.17	same	
Deut.20.18	Deut.20.18	same	
Deut.20.19	Deut.20.19	same	
Deut.20.20	Deut.20.20	same	
Deut.21.1	Deut.21.1	same	
Deut.21.2	Deut.21.2	same	
Deut.21.3	Deut.21.3	same	
Deut.21.4	Deut.21.4	same	
Deut.21.5	Deut.21.5	same	
Deut.21.6	Deut.21.6	same	
Deut.21.7	Deut.21.7	same	
Deut.21.8	Deut.21.8	same	
Deut.21.9	Deut.21.9	same	
Deut.21.10	Deut.21.10	same	
Deut.21.11	Deut.21.11	same	
Deut.21.12	Deut.21.12	same	
Deut.21.13	Deut.21.13	same	
Deut.21.14	Deut.21.14	same	
Deut.21.15	Deut.21.15	same	
Deut.21.16	Deut.21.16	same	
Deut.21.17	Deut.21.17	same	
Deut.21.18	Deut.21.18	same	
Deut.21.19	Deut.21.19	same	
Deut.21.20	Deut.21.20	same	
Deut.21.21	Deut.21.21	same	
Deut.22.1	Deut.22.1	same	
Deut.22.2	Deut.22.2	same	
Deut.22.3	Deut.22.3	same	
Deut.22.4	Deut.22.4	same	
Deut.22.5	Deut.22.5	same	
Deut.22.6	Deut.22.6	same	
Deut.22.7	Deut.22.7	same	
Deut.22.8	Deut.22.8	same	
Deut.22.9	Deut.22.9	same	
Deut.22.10	Deut.22.10	same	
Deut.22.11	Deut.22.11	same	
Deut.22.12	Deut.22.12	same	
Deut.22.13	Deut.22.13	same	
Deut.22.14	Deut.22.14	same	
Deut.22.15	Deut.22.15	same	
Deut.22.16	Deut.22.16	same	
Deut.22.17	Deut.22.17	same	
Deut.22.18	Deut.22.18	same	
Deut.22.19	Deut.22.19	same	
Deut.22.20	Deut.22.20	same	
Deut.22.21	Deut.22.21	same	
Deut.22.22	Deut.22.22	same	
Deut.22.23	Deut.22.23	same	
Deut.22.24	Deut.22.24	same	
Deut.22.25	Deut.22.25	same	
Deut.22.26	Deut.22.26	same	
Deut.22.27	Deut.22.27	same	
Deut.22.28	Deut.22.28	same	
Deut.22.29	Deut.22.29	same	
Deut.22.30	Deut.22.30	same	Keep verse
Deut.23.1	Deut.23.1	same	Keep verse
Deut.23.3	Deut.23.3	same	Keep verse
Deut.23.4	Deut.23.4	same	Keep verse
Deut.23.5	Deut.23.5	same	Keep verse
Deut.23.6	Deut.23.6	same	Keep verse
Deut.23.7	Deut.23.7	same	Keep verse
Deut.23.8	Deut.23.8	same	Keep verse
Deut.23.9	Deut.23.9	same	Keep verse
Deut.23.10	Deut.23.10	same	Keep verse
Deut.23.11	Deut.23.11	same	Keep verse
Deut.23.13	Deut.23.13	same	Keep verse
Deut.23.14	Deut.23.14	same	Keep verse
Deut.23.15	Deut.23.15	same	Keep verse
Deut.23.16	Deut.23.16	same	Keep verse
Deut.23.17	Deut.23.17	same	Keep verse
Deut.23.18	Deut.23.18	same	Keep verse
Deut.23.19	Deut.23.19	same	Keep verse
Deut.23.20	Deut.23.20	same	Keep verse
Deut.23.21	Deut.23.21	same	Keep verse
Deut.23.22	Deut.23.22	same	Keep verse
Deut.23.23	Deut.23.23	same	Keep verse
Deut.23.24	Deut.23.24	same	Keep verse
Deut.23.25	Deut.23.25	same	Keep verse
Deut.24.1	Deut.24.1	unmatched	
Deut.24.2	Deut.24.2	unmatched	
Deut.24.3	Deut.24.3	unmatched	
Deut.24.4	Deut.24.4	unmatched	
Deut.24.5	Deut.24.5	unmatched	
Deut.24.6	Deut.24.6	unmatched	
Deut.24.7	Deut.24.7	unmatched	
Deut.24.8	Deut.24.8	unmatched	
Deut.24.9	Deut.24.9	unmatched	
Deut.24.10	Deut.24.10	unmatched	
Deut.24.11	Deut.24.11	unmatched	
Deut.24.12	Deut.24.12	unmatched	
Deut.24.13	Deut.24.13	unmatched	
Deut.24.14	Deut.24.14	unmatched	
Deut.24.15	Deut.24.15	unmatched	
Deut.24.16	Deut.24.16	unmatched	
Deut.24.17	Deut.24.17	unmatched	
Deut.24.18	Deut.24.18	unmatched	
Deut.24.19	Deut.24.19	unmatched	
Deut.24.20	Deut.24.20	unmatched	
Deut.24.21	Deut.24.21	unmatched	
Deut.24.22	Deut.24.22	unmatched	
Deut.25.1	Deut.25.1	same	
Deut.25.2	Deut.25.2	same	
Deut.25.3	Deut.25.3	same	
Deut.25.4	Deut.25.4	same	
Deut.25.5	Deut.25.5	same	
Deut.25.6	Deut.25.6	same	
Deut.25.7	Deut.25.7	same	
Deut.25.8	Deut.25.8	same	
Deut.25.9	Deut.25.9	same	
Deut.25.10	Deut.25.10	same	
Deut.25.11	Deut.25.11	same	
Deut.25.12	Deut.25.12	same	
Deut.25.13	Deut.25.13	same	
Deut.25.14	Deut.25.14	same	
Deut.25.15	Deut.25.15	same	
Deut.25.17	Deut.25.17	same	
Deut.25.18	Deut.25.18	same	
Deut.26.1	Deut.26.1	same	
Deut.26.2	Deut.26.2	same	
Deut.26.3	Deut.26.3	same	
Deut.26.4	Deut.26.4	same	
Deut.26.5	Deut.26.5	same	
Deut.26.6	Deut.26.6	same	
Deut.26.7	Deut.26.7	same	
Deut.26.8	Deut.26.8	same	
Deut.26.9	Deut.26.9	same	
Deut.26.10	Deut.26.10	same	
Deut.26.11	Deut.26.11	same	
Deut.26.12	Deut.26.12	same	
Deut.26.13	Deut.26.13	same	
Deut.26.14	Deut.26.14	same	
Deut.26.15	Deut.26.15	same	
Deut.26.16	Deut.26.16	same	
Deut.26.17	Deut.26.17	same	
Deut.26.18	Deut.26.18	same	
Deut.26.19	Deut.26.19	same	
Deut.27.1	Deut.27.1	same	
Deut.27.2	Deut.27.2	same	
Deut.27.3	Deut.27.3	same	
Deut.27.4	Deut.27.4	same	
Deut.27.5	Deut.27.5	same	
Deut.27.6	Deut.27.6	same	
Deut.27.7	Deut.27.7	same	
Deut.27.8	Deut.27.8	same	
Deut.27.9	Deut.27.9	same	
Deut.27.10	Deut.27.10	same	
Deut.27.11	Deut.27.11	same	
Deut.27.12	Deut.27.12	same	
Deut.27.13	Deut.27.13	same	
Deut.27.14	Deut.27.14	same	
Deut.27.15	Deut.27.15	same	
Deut.27.16	Deut.27.16	same	
Deut.27.17	Deut.27.17	same	
Deut.27.18	Deut.27.18	same	
Deut.27.19	Deut.27.19	same	
Deut.27.20	Deut.27.20	same	
Deut.27.21	Deut.27.21	same	
Deut.27.22	Deut.27.22	same	
Deut.27.23	Deut.27.23	same	
Deut.27.24	Deut.27.24	same	
Deut.27.25	Deut.27.25	same	
Deut.27.26	Deut.27.26	same	
Deut.28.1	Deut.28.1	same	
Deut.28.2	Deut.28.2	same	
Deut.28.3	Deut.28.3	same	
Deut.28.4	Deut.28.4	same	
Deut.28.5	Deut.28.5	same	
Deut.28.6	Deut.28.6	same	
Deut.28.7	Deut.28.7	same	
Deut.28.8	Deut.28.8	same	
Deut.28.9	Deut.28.9	same	
Deut.28.10	Deut.28.10	same	
Deut.28.11	Deut.28.11	same	
Deut.28.12	Deut.28.12	same	
Deut.28.13	Deut.28.13	same	
Deut.28.14	Deut.28.14	same	
Deut.28.15	Deut.28.15	same	
Deut.28.16	Deut.28.16	same	
Deut.28.17	Deut.28.17	same	
Deut.28.18	Deut.28.18	same	
Deut.28.19	Deut.28.19	same	
Deut.28.20	Deut.28.20	same	
Deut.28.21	Deut.28.21	same	
Deut.28.22	Deut.28.22	same	
Deut.28.23	Deut.28.23	same	
Deut.28.24	Deut.28.24	same	
Deut.28.25	Deut.28.25	same	
Deut.28.26	Deut.28.26	same	
Deut.28.27	Deut.28.27	same	
Deut.28.28	Deut.28.28	same	
Deut.28.29	Deut.28.29	same	
Deut.28.30	Deut.28.30	same	
Deut.28.31	Deut.28.31	same	
Deut.28.32	Deut.28.32	same	
Deut.28.33	Deut.28.33	same	
Deut.28.34	Deut.28.34	same	
Deut.28.35	Deut.28.35	same	
Deut.28.36	Deut.28.36	same	
Deut.28.37	Deut.28.37	same	
Deut.28.38	Deut.28.38	same	
Deut.28.39	Deut.28.39	same	
Deut.28.40	Deut.28.40	same	
Deut.28.41	Deut.28.41	same	
Deut.28.42	Deut.28.42	same	
Deut.28.43	Deut.28.43	same	
Deut.28.44	Deut.28.44	same	
Deut.28.45	Deut.28.45	same	
Deut.28.46	Deut.28.46	same	
Deut.28.47	Deut.28.47	same	
Deut.28.48	Deut.28.48	same	
Deut.28.49	Deut.28.49	same	
Deut.28.50	Deut.28.50	same	
Deut.28.51	Deut.28.51	same	
Deut.28.52	Deut.28.52	same	
Deut.28.53	Deut.28.53	same	
Deut.28.54	Deut.28.54	same	
Deut.28.55	Deut.28.55	same	
Deut.28.56	Deut.28.56	same	
Deut.28.57	Deut.28.57	same	
Deut.28.58	Deut.28.58	same	
Deut.28.59	Deut.28.59	same	
Deut.28.60	Deut.28.60	same	
Deut.28.61	Deut.28.61	same	
Deut.28.62	Deut.28.62	same	
Deut.28.63	Deut.28.63	same	
Deut.28.64	Deut.28.64	same	
Deut.28.65	Deut.28.65	same	
Deut.28.66	Deut.28.66	same	
Deut.28.67	Deut.28.67	same	
Deut.28.68	Deut.28.68	same	
Deut.29.1	Deut.29.1	same	Keep verse
Deut.29.2	Deut.29.2	same	Keep verse
Deut.29.3	Deut.29.3	same	Keep verse
Deut.29.4	Deut.29.4	same	Keep verse
Deut.29.5	Deut.29.5	same	Keep verse
Deut.29.6	Deut.29.6	same	Keep verse
Deut.29.7	Deut.29.7	same	Keep verse
Deut.29.8	Deut.29.8	same	Keep verse
Deut.29.9	Deut.29.9	same	Keep verse
Deut.29.10	Deut.29.10	same	Keep verse
Deut.29.11	Deut.29.11	same	Keep verse
Deut.29.12	Deut.29.12	same	Keep verse
Deut.29.13	Deut.29.13	same	Keep verse
Deut.29.14	Deut.29.14	same	Keep verse
Deut.29.15	Deut.29.15	same	Keep verse
Deut.29.16	Deut.29.16	same	Keep verse
Deut.29.17	Deut.29.17	same	Keep verse
Deut.29.18	Deut.29.18	same	Keep verse
Deut.29.19	Deut.29.19	same	Keep verse
Deut.29.20	Deut.29.20	same	Keep verse
Deut.29.21	Deut.29.21	same	Keep verse
Deut.29.22	Deut.29.22	same	Keep verse
Deut.29.23	Deut.29.23	same	Keep verse
Deut.29.24	Deut.29.24	same	Keep verse
Deut.29.25	Deut.29.25	same	Keep verse
Deut.29.26	Deut.29.26	same	Keep verse
Deut.29.27	Deut.29.27	same	Keep verse
Deut.29.28	Deut.29.28	same	Keep verse
Deut.29.29	Deut.29.29	same	Keep verse
Deut.30.1	Deut.30.1	same	
Deut.30.2	Deut.30.2	same	
Deut.30.3	Deut.30.3	same	
Deut.30.4	Deut.30.4	same	
Deut.30.5	Deut.30.5	same	
Deut.30.6	Deut.30.6	same	
Deut.30.7	Deut.30.7	same	
Deut.30.8	Deut.30.8	same	
Deut.30.9	Deut.30.9	same	
Deut.30.10	Deut.30.10	same	
Deut.30.11	Deut.30.11	same	
Deut.30.12	Deut.30.12	same	
Deut.30.13	Deut.30.13	same	
Deut.30.14	Deut.30.14	same	
Deut.30.15	Deut.30.15	same	
Deut.30.16	Deut.30.16	same	
Deut.30.17	Deut.30.17	same	
Deut.30.18	Deut.30.18	same	
Deut.30.19	Deut.30.19	same	
Deut.30.20	Deut.30.20	same	
Deut.31.1	Deut.31.1	same	
Deut.31.2	Deut.31.2	same	
Deut.31.3	Deut.31.3	same	
Deut.31.4	Deut.31.4	same	
Deut.31.5	Deut.31.5	same	
Deut.31.6	Deut.31.6	same	
Deut.31.7	Deut.31.7	same	
Deut.31.8	Deut.31.8	same	
Deut.31.9	Deut.31.9	same	
Deut.31.10	Deut.31.10	same	
Deut.31.11	Deut.31.11	same	
Deut.31.12	Deut.31.12	same	
Deut.31.13	Deut.31.13	same	
Deut.31.14	Deut.31.14	same	
Deut.31.15	Deut.31.15	same	
Deut.31.16	Deut.31.16	same	
Deut.31.17	Deut.31.17	same	
Deut.31.18	Deut.31.18	same	
Deut.31.19	Deut.31.19	same	
Deut.31.20	Deut.31.20	same	
Deut.31.21	Deut.31.21	same	
Deut.31.22	Deut.31.22	same	
Deut.31.23	Deut.31.23	same	
Deut.31.24	Deut.31.24	same	
Deut.31.25	Deut.31.25	same	
Deut.31.26	Deut.31.26	same	
Deut.31.27	Deut.31.27	same	
Deut.31.28	Deut.31.28	same	
Deut.31.29	Deut.31.29	same	
Deut.32.1	Deut.32.1	same	
Deut.32.2	Deut.32.2	same	
Deut.32.3	Deut.32.3	same	
Deut.32.4	Deut.32.4	same	
Deut.32.5	Deut.32.5	same	
Deut.32.6	Deut.32.6	same	
Deut.32.7	Deut.32.7	same	
Deut.32.8	Deut.32.8	same	
Deut.32.9	Deut.32.9	same	
Deut.32.10	Deut.32.10	same	
Deut.32.11	Deut.32.11	same	
Deut.32.12	Deut.32.12	same	
Deut.32.13	Deut.32.13	same	
Deut.32.14	Deut.32.14	same	
Deut.32.15	Deut.32.15	same	
Deut.32.16	Deut.32.16	same	
Deut.32.17	Deut.32.17	same	
Deut.32.18	Deut.32.18	same	
Deut.32.19	Deut.32.19	same	
Deut.32.20	Deut.32.20	same	
Deut.32.21	Deut.32.21	same	
Deut.32.22	Deut.32.22	same	
Deut.32.23	Deut.32.23	same	
Deut.32.24	Deut.32.24	same	
Deut.32.25	Deut.32.25	same	
Deut.32.26	Deut.32.26	same	
Deut.32.27	Deut.32.27	same	
Deut.32.28	Deut.32.28	same	
Deut.32.29	Deut.32.29	same	
Deut.32.30	Deut.32.30	same	
Deut.32.31	Deut.32.31	same	
Deut.32.32	Deut.32.32	same	
Deut.32.33	Deut.32.33	same	
Deut.32.34	Deut.32.34	same	
Deut.32.35	Deut.32.35	same	
Deut.32.36	Deut.32.36	same	
Deut.32.37	Deut.32.37	same	
Deut.32.38	Deut.32.38	same	
Deut.32.39	Deut.32.39	same	
Deut.32.40	Deut.32.40	same	
Deut.32.41	Deut.32.41	same	
Deut.32.42	Deut.32.42	same	
Deut.32.43	Deut.32.43	same	
Deut.32.44	Deut.32.44	same	
Deut.32.45	Deut.32.45	same	
Deut.32.46	Deut.32.46	same	
Deut.32.47	Deut.32.47	same	
Deut.32.48	Deut.32.48	same	
Deut.32.49	Deut.32.49	same	
Deut.32.50	Deut.32.50	same	
Deut.32.51	Deut.32.51	same	
Deut.32.52	Deut.32.52	same	
Deut.33.1	Deut.33.1	same	
Deut.33.2	Deut.33.2	same	
Deut.33.3	Deut.33.3	same	
Deut.33.4	Deut.33.4	same	
Deut.33.5	Deut.33.5	same	
Deut.33.6	Deut.33.6	same	
Deut.33.7	Deut.33.7	same	
Deut.33.8	Deut.33.8	same	
Deut.33.9	Deut.33.9	same	
Deut.33.10	Deut.33.10	same	
Deut.33.11	Deut.33.11	same	
Deut.33.12	Deut.33.12	same	
Deut.33.13	Deut.33.13	same	
Deut.33.14	Deut.33.14	same	
Deut.33.15	Deut.33.15	same	
Deut.33.16	Deut.33.16	same	
Deut.33.17	Deut.33.17	same	
Deut.33.18	Deut.33.18	same	
Deut.33.19	Deut.33.19	same	
Deut.33.20	Deut.33.20	same	
Deut.33.21	Deut.33.21	same	
Deut.33.22	Deut.33.22	same	
Deut.33.23	Deut.33.23	same	
Deut.33.24	Deut.33.24	same	
Deut.33.25	Deut.33.25	same	
Deut.33.26	Deut.33.26	same	
Deut.33.27	Deut.33.27	same	
Deut.33.28	Deut.33.28	same	
Deut.33.29	Deut.33.29	same	
Deut.34.1	Deut.34.1	same	
Deut.34.2	Deut.34.2	same	
Deut.34.3	Deut.34.3	same	
Deut.34.4	Deut.34.4	same	
Deut.34.5	Deut.34.5	same	
Deut.34.6	Deut.34.6	same	
Deut.34.7	Deut.34.7	same	
Deut.34.8	Deut.34.8	same	
Deut.34.9	Deut.34.9	same	
Deut.34.10	Deut.34.10	same	
Deut.34.11	Deut.34.11	same	
Deut.34.12	Deut.34.12	same	
Josh.1.1	Josh.1.1	same	
Josh.1.2	Josh.1.2	same	
Josh.1.3	Josh.1.3	same	
Josh.1.4	Josh.1.4	same	
Josh.1.5	Josh.1.5	same	
Josh.1.6	Josh.1.6	same	
Josh.1.7	Josh.1.7	same	
Josh.1.8	Josh.1.8	same	
Josh.1.9	Josh.1.9	same	
Josh.1.10	Josh.1.10	same	
Josh.1.11	Josh.1.11	same	
Josh.1.12	Josh.1.12	same	
Josh.1.13	Josh.1.13	same	
Josh.1.14	Josh.1.14	same	
Josh.1.15	Josh.1.15	same	
Josh.1.16	Josh.1.16	same	
Josh.1.17	Josh.1.17	same	
Josh.1.18	Josh.1.18	same	
Josh.2.1	Josh.2.1	same	
Josh.2.2	Josh.2.2	same	
Josh.2.3	Josh.2.3	same	
Josh.2.4	Josh.2.4	same	
Josh.2.5	Josh.2.5	same	
Josh.2.6	Josh.2.6	same	
Josh.2.7	Josh.2.7	same	
Josh.2.8	Josh.2.8	same	
Josh.2.9	Josh.2.9	same	
Josh.2.10	Josh.2.10	same	
Josh.2.11	Josh.2.11	same	
Josh.2.12	Josh.2.12	same	
Josh.2.13	Josh.2.13	same	
Josh.2.14	Josh.2.14	same	
Josh.2.15	Josh.2.15	same	
Josh.2.16	Josh.2.16	same	
Josh.2.17	Josh.2.17	same	
Josh.2.18	Josh.2.18	same	
Josh.2.19	Josh.2.19	same	
Josh.2.20	Josh.2.20	same	
Josh.2.21	Josh.2.21	same	
Josh.2.22	Josh.2.22	same	
Josh.2.23	Josh.2.23	same	
Josh.2.24	Josh.2.24	same	
Josh.3.1	Josh.3.1	same	
Josh.3.2	Josh.3.2	same	
Josh.3.3	Josh.3.3	same	
Josh.3.4	Josh.3.4	same	
Josh.3.5	Josh.3.5	same	
Josh.3.6	Josh.3.6	same	
Josh.3.7	Josh.3.7	same	
Josh.3.8	Josh.3.8	same	
Josh.3.9	Josh.3.9	same	
Josh.3.10	Josh.3.10	same	
Josh.3.11	Josh.3.11	same	
Josh.3.12	Josh.3.12	same	
Josh.3.13	Josh.3.13	same	
Josh.3.14	Josh.3.14	same	
Josh.3.15	Josh.3.15	same	
Josh.3.16	Josh.3.16	same	
Josh.3.17	Josh.3.17	same	
Josh.4.1	Josh.4.1	same	
Josh.4.2	Josh.4.2	same	
Josh.4.3	Josh.4.3	same	
Josh.4.4	Josh.4.4	same	
Josh.4.5	Josh.4.5	same	
Josh.4.6	Josh.4.6	same	
Josh.4.7	Josh.4.7	same	
Josh.4.8	Josh.4.8	same	
Josh.4.9	Josh.4.9	same	
Josh.4.10	Josh.4.10	same	
Josh.4.11	Josh.4.11	same	
Josh.4.12	Josh.4.12	same	
Josh.4.13	Josh.4.13	same	
Josh.4.14	Josh.4.14	same	
Josh.4.15	Josh.4.15	same	
Josh.4.16	Josh.4.16	same	
Josh.4.17	Josh.4.17	same	
Josh.4.18	Josh.4.18	same	
Josh.4.19	Josh.4.19	same	
Josh.4.20	Josh.4.20	same	
Josh.4.21	Josh.4.21	same	
Josh.4.22	Josh.4.22	same	
Josh.4.23	Josh.4.23	same	Keep verse
Josh.4.24	Josh.4.24	same	Keep verse
Josh.5.1	Josh.5.1	same	
Josh.5.2	Josh.5.2	same	
Josh.5.3	Josh.5.3	same	
Josh.5.4	Josh.5.4	same	
Josh.5.5	Josh.5.5	same	
Josh.5.6	Josh.5.6	same	
Josh.5.7	Josh.5.7	same	
Josh.5.8	Josh.5.8	same	
Josh.5.9	Josh.5.9	same	
Josh.5.10	Josh.5.10	same	
Josh.5.11	Josh.5.11	same	
Josh.5.12	Josh.5.12	same	
Josh.5.13	Josh.5.13	same	
Josh.5.14	Josh.5.14	same	Keep verse
Josh.5.15	Josh.5.15	same	Keep verse
Josh.6.1	Josh.6.1	unmatched	
Josh.6.2	Josh.6.2	unmatched	
Josh.6.3	Josh.6.3	unmatched	
Josh.6.4	Josh.6.4	unmatched	
Josh.6.5	Josh.6.5	unmatched	
Josh.6.6	Josh.6.6	unmatched	
Josh.6.7	Josh.6.7	unmatched	
Josh.6.8	Josh.6.8	unmatched	
Josh.6.9	Josh.6.9	unmatched	
Josh.6.10	Josh.6.10	unmatched	
Josh.6.11	Josh.6.11	unmatched	
Josh.6.12	Josh.6.12	unmatched	
Josh.6.13	Josh.6.13	unmatched	
Josh.6.14	Josh.6.14	unmatched	
Josh.6.15	Josh.6.15	unmatched	
Josh.6.16	Josh.6.16	unmatched	
Josh.6.17	Josh.6.17	unmatched	
Josh.6.18	Josh.6.18	unmatched	
Josh.6.19	Josh.6.19	unmatched	
Josh.6.20	Josh.6.20	unmatched	
Josh.6.21	Josh.6.21	unmatched	
Josh.6.22	Josh.6.22	unmatched	
Josh.6.23	Josh.6.23	unmatched	
Josh.6.24	Josh.6.24	unmatched	
Josh.6.25	Josh.6.25	unmatched	
Josh.6.26	Josh.6.26	unmatched	
Josh.6.27	Josh.6.27	same	
Josh.7.1	Josh.7.1	same	
Josh.7.2	Josh.7.2	same	
Josh.7.3	Josh.7.3	same	
Josh.7.4	Josh.7.4	same	
Josh.7.5	Josh.7.5	same	
Josh.7.6	Josh.7.6	same	
Josh.7.7	Josh.7.7	same	
Josh.7.8	Josh.7.8	same	
Josh.7.9	Josh.7.9	same	
Josh.7.10	Josh.7.10	same	
Josh.7.11	Josh.7.11	same	
Josh.7.12	Josh.7.12	same	
Josh.7.13	Josh.7.13	same	
Josh.7.14	Josh.7.14	same	
Josh.7.15	Josh.7.15	same	
Josh.7.16	Josh.7.16	same	
Josh.7.17	Josh.7.17	same	
Josh.7.18	Josh.7.18	same	
Josh.7.19	Josh.7.19	same	
Josh.7.20	Josh.7.20	same	
Josh.7.21	Josh.7.21	same	
Josh.7.22	Josh.7.22	same	
Josh.7.23	Josh.7.23	same	
Josh.7.24	Josh.7.24	same	
Josh.7.25	Josh.7.25	same	
Josh.7.26	Josh.7.26	same	
Josh.8.1	Josh.8.1	same	
Josh.8.2	Josh.8.2	same	
Josh.8.3	Josh.8.3	same	
Josh.8.4	Josh.8.4	same	
Josh.8.5	Josh.8.5	same	
Josh.8.6	Josh.8.6	same	
Josh.8.7	Josh.8.7	same	
Josh.8.8	Josh.8.8	same	
Josh.8.9	Josh.8.9	same	
Josh.8.10	Josh.8.10	same	
Josh.8.11	Josh.8.11	same	
Josh.8.12	Josh.8.12	same	
Josh.8.14	Josh.8.14	same	
Josh.8.15	Josh.8.15	same	
Josh.8.16	Josh.8.16	same	
Josh.8.17	Josh.8.17	same	
Josh.8.18	Josh.8.18	same	
Josh.8.19	Josh.8.19	same	
Josh.8.20	Josh.8.20	same	
Josh.8.21	Josh.8.21	same	
Josh.8.22	Josh.8.22	same	
Josh.8.23	Josh.8.23	same	
Josh.8.24	Josh.8.24	same	
Josh.8.25	Josh.8.25	same	
Josh.8.27	Josh.8.27	same	
Josh.8.28	Josh.8.28	same	
Josh.8.29	Josh.8.29	same	
Josh.9.1	Josh.9.1	same	
Josh.9.2	Josh.9.2 Josh.8.30 Josh.8.31 Josh.8.32 Josh.8.33 Josh.8.34 Josh.8.35	several	Concatenation (soft)
Josh.9.3	Josh.9.3	same	
Josh.9.4	Josh.9.4	same	
Josh.9.5	Josh.9.5	same	
Josh.9.6	Josh.9.6	same	
Josh.9.7	Josh.9.7	same	
Josh.9.8	Josh.9.8	same	
Josh.9.9	Josh.9.9	same	
Josh.9.10	Josh.9.10	same	
Josh.9.11	Josh.9.11	same	
Josh.9.12	Josh.9.12	same	
Josh.9.13	Josh.9.13	same	
Josh.9.14	Josh.9.14	same	
Josh.9.15	Josh.9.15	same	
Josh.9.16	Josh.9.16	same	
Josh.9.17	Josh.9.17	same	
Josh.9.18	Josh.9.18	same	
Josh.9.19	Josh.9.19	same	
Josh.9.20	Josh.9.20	same	
Josh.9.21	Josh.9.21	same	
Josh.9.22	Josh.9.22	same	
Josh.9.23	Josh.9.23	same	
Josh.9.24	Josh.9.24	same	
Josh.9.25	Josh.9.25	same	
Josh.9.26	Josh.9.26	same	
Josh.9.27	Josh.9.27	same	Renumber verse
Josh.9.28	Josh.9.27	part	DividedPrev verse
Josh.9.29	Josh.9.27	part	DividedPrev verse
Josh.9.30	Josh.9.27	part	DividedPrev verse
Josh.9.31	Josh.9.27	part	DividedPrev verse
Josh.9.32	Josh.9.27	part	DividedPrev verse
Josh.9.33	Josh.9.27	part	DividedPrev verse
Josh.10.1	Josh.10.1	same	
Josh.10.2	Josh.10.2	same	
Josh.10.3	Josh.10.3	same	
Josh.10.4	Josh.10.4	same	
Josh.10.5	Josh.10.5	same	
Josh.10.6	Josh.10.6	same	
Josh.10.7	Josh.10.7	same	
Josh.10.8	Josh.10.8	same	
Josh.10.9	Josh.10.9	same	
Josh.10.10	Josh.10.10	same	
Josh.10.11	Josh.10.11	same	
Josh.10.12	Josh.10.12	same	
Josh.10.13	Josh.10.13	same	
Josh.10.14	Josh.10.14	same	
Josh.10.15	Josh.10.15	same	
Josh.10.16	Josh.10.16	same	
Josh.10.17	Josh.10.17	same	
Josh.10.18	Josh.10.18	same	
Josh.10.19	Josh.10.19	same	
Josh.10.20	Josh.10.20	same	
Josh.10.21	Josh.10.21	same	
Josh.10.22	Josh.10.22	same	
Josh.10.23	Josh.10.23	same	
Josh.10.24	Josh.10.24	same	
Josh.10.25	Josh.10.25	same	
Josh.10.26	Josh.10.26	same	
Josh.10.27	Josh.10.27	same	
Josh.10.28	Josh.10.28	same	
Josh.10.29	Josh.10.29	same	
Josh.10.30	Josh.10.30	same	
Josh.10.31	Josh.10.31	same	
Josh.10.32	Josh.10.32	same	
Josh.10.33	Josh.10.33	same	
Josh.10.34	Josh.10.34	same	
Josh.10.35	Josh.10.35	same	
Josh.10.36	Josh.10.36	same	
Josh.10.37	Josh.10.37	same	
Josh.10.38	Josh.10.38	same	
Josh.10.39	Josh.10.39	same	
Josh.10.40	Josh.10.40	same	
Josh.10.41	Josh.10.41	same	
Josh.10.42	Josh.10.42	same	
Josh.11.1	Josh.11.1	same	
Josh.11.2	Josh.11.2	same	
Josh.11.3	Josh.11.3	same	
Josh.11.4	Josh.11.4	same	
Josh.11.5	Josh.11.5	same	
Josh.11.6	Josh.11.6	same	
Josh.11.7	Josh.11.7	same	
Josh.11.8	Josh.11.8	same	
Josh.11.9	Josh.11.9	same	
Josh.11.10	Josh.11.10	same	
Josh.11.11	Josh.11.11	same	
Josh.11.12	Josh.11.12	same	
Josh.11.13	Josh.11.13	same	
Josh.11.14	Josh.11.14	same	
Josh.11.15	Josh.11.15	same	
Josh.11.16	Josh.11.16	same	
Josh.11.17	Josh.11.17	same	
Josh.11.18	Josh.11.18	same	
Josh.11.19	Josh.11.19	same	
Josh.11.20	Josh.11.20	same	
Josh.11.21	Josh.11.21	same	
Josh.11.22	Josh.11.22	same	
Josh.11.23	Josh.11.23	same	
Josh.12.1	Josh.12.1	same	
Josh.12.2	Josh.12.2	same	
Josh.12.3	Josh.12.3	same	
Josh.12.4	Josh.12.4	same	
Josh.12.5	Josh.12.5	same	
Josh.12.6	Josh.12.6	same	
Josh.12.7	Josh.12.7	same	
Josh.12.8	Josh.12.8	same	
Josh.12.9	Josh.12.9	same	
Josh.12.10	Josh.12.10	same	
Josh.12.11	Josh.12.11	same	
Josh.12.12	Josh.12.12	same	
Josh.12.13	Josh.12.13	same	
Josh.12.14	Josh.12.14	same	
Josh.12.15	Josh.12.15	same	
Josh.12.16	Josh.12.16	same	
Josh.12.17	Josh.12.17	same	
Josh.12.18	Josh.12.18	same	
Josh.12.19	Josh.12.19	same	
Josh.12.20	Josh.12.20	same	
Josh.12.21	Josh.12.21	same	
Josh.12.22	Josh.12.22	same	
Josh.12.23	Josh.12.23	same	
Josh.12.24	Josh.12.24	same	
Josh.13.1	Josh.13.1	same	
Josh.13.2	Josh.13.2	same	
Josh.13.3	Josh.13.3	same	
Josh.13.4	Josh.13.4	same	
Josh.13.5	Josh.13.5	same	
Josh.13.6	Josh.13.6	same	
Josh.13.7	Josh.13.7	same	
Josh.13.8	Josh.13.8	same	
Josh.13.9	Josh.13.9	same	
Josh.13.10	Josh.13.10	same	
Josh.13.11	Josh.13.11	same	
Josh.13.12	Josh.13.12	same	
Josh.13.13	Josh.13.13	same	
Josh.13.14	Josh.13.14	same	
Josh.13.15	Josh.13.15	same	
Josh.13.16	Josh.13.16	same	
Josh.13.17	Josh.13.17	same	
Josh.13.18	Josh.13.18	same	
Josh.13.19	Josh.13.19	same	
Josh.13.20	Josh.13.20	same	
Josh.13.21	Josh.13.21	same	
Josh.13.22	Josh.13.22	same	
Josh.13.23	Josh.13.23	same	
Josh.13.24	Josh.13.24	same	
Josh.13.25	Josh.13.25	same	
Josh.13.26	Josh.13.26	same	
Josh.13.27	Josh.13.27	same	
Josh.13.28	Josh.13.28	same	
Josh.13.29	Josh.13.29	same	
Josh.13.30	Josh.13.30	same	
Josh.13.31	Josh.13.31	same	
Josh.13.32	Josh.13.32	same	
Josh.14.1	Josh.14.1	same	
Josh.14.2	Josh.14.2	same	
Josh.14.3	Josh.14.3	same	
Josh.14.4	Josh.14.4	same	
Josh.14.5	Josh.14.5	same	
Josh.14.6	Josh.14.6	same	
Josh.14.7	Josh.14.7	same	
Josh.14.8	Josh.14.8	same	
Josh.14.9	Josh.14.9	same	
Josh.14.10	Josh.14.10	same	
Josh.14.11	Josh.14.11	same	
Josh.14.12	Josh.14.12	same	
Josh.14.13	Josh.14.13	same	
Josh.14.14	Josh.14.14	same	
Josh.14.15	Josh.14.15	same	
Josh.15.1	Josh.15.1	same	
Josh.15.2	Josh.15.2	same	
Josh.15.3	Josh.15.3	same	
Josh.15.4	Josh.15.4	same	
Josh.15.5	Josh.15.5	same	
Josh.15.6	Josh.15.6	same	
Josh.15.7	Josh.15.7	same	
Josh.15.8	Josh.15.8	same	
Josh.15.9	Josh.15.9	same	
Josh.15.10	Josh.15.10	same	
Josh.15.11	Josh.15.11	same	
Josh.15.12	Josh.15.12	same	
Josh.15.13	Josh.15.13	same	
Josh.15.14	Josh.15.14	same	
Josh.15.15	Josh.15.15	same	
Josh.15.16	Josh.15.16	same	
Josh.15.17	Josh.15.17	same	
Josh.15.18	Josh.15.18	same	
Josh.15.19	Josh.15.19	same	
Josh.15.20	Josh.15.20	same	
Josh.15.21	Josh.15.21	same	
Josh.15.22	Josh.15.22	same	
Josh.15.23	Josh.15.23	same	
Josh.15.24	Josh.15.24	same	
Josh.15.25	Josh.15.25	same	
Josh.15.26	Josh.15.26	same	
Josh.15.27	Josh.15.27	same	
Josh.15.28	Josh.15.28	same	
Josh.15.29	Josh.15.29	same	
Josh.15.30	Josh.15.30	same	
Josh.15.31	Josh.15.31	same	
Josh.15.32	Josh.15.32	same	
Josh.15.33	Josh.15.33	same	
Josh.15.34	Josh.15.34	same	
Josh.15.35	Josh.15.35	same	
Josh.15.36	Josh.15.36	same	
Josh.15.37	Josh.15.37	same	
Josh.15.38	Josh.15.38	same	
Josh.15.39	Josh.15.39	same	
Josh.15.40	Josh.15.40	same	
Josh.15.41	Josh.15.41	same	
Josh.15.42	Josh.15.42	same	
Josh.15.43	Josh.15.43	same	
Josh.15.44	Josh.15.44	same	
Josh.15.45	Josh.15.45	same	
Josh.15.46	Josh.15.46	same	
Josh.15.47	Josh.15.47	same	
Josh.15.48	Josh.15.48	same	
Josh.15.49	Josh.15.49	same	
Josh.15.50	Josh.15.50	same	
Josh.15.51	Josh.15.51	same	
Josh.15.52	Josh.15.52	same	
Josh.15.53	Josh.15.53	same	
Josh.15.54	Josh.15.54	same	
Josh.15.55	Josh.15.55	same	
Josh.15.56	Josh.15.56	same	
Josh.15.57	Josh.15.57	same	
Josh.15.58	Josh.15.58	same	
Josh.15.59	Josh.15.59	same	
Josh.15.59a		not-in-kjv	
Josh.15.60	Josh.15.60	same	
Josh.15.61	Josh.15.61	same	
Josh.15.62	Josh.15.62	same	
Josh.15.63	Josh.15.63	same	
Josh.16.1	Josh.16.1	same	
Josh.16.2	Josh.16.2	same	
Josh.16.3	Josh.16.3	same	
Josh.16.4	Josh.16.4	same	
Josh.16.5	Josh.16.5	same	
Josh.16.6	Josh.16.6	same	
Josh.16.7	Josh.16.7	same	
Josh.16.8	Josh.16.8	same	
Josh.16.9	Josh.16.9	same	
Josh.16.10	Josh.16.10	same	
Josh.17.1	Josh.17.1	same	
Josh.17.2	Josh.17.2	same	
Josh.17.3	Josh.17.3	same	
Josh.17.4	Josh.17.4	same	
Josh.17.5	Josh.17.5	same	
Josh.17.6	Josh.17.6	same	
Josh.17.7	Josh.17.7	same	
Josh.17.8	Josh.17.8	same	
Josh.17.9	Josh.17.9	same	
Josh.17.10	Josh.17.10	same	
Josh.17.11	Josh.17.11	same	
Josh.17.12	Josh.17.12	same	
Josh.17.13	Josh.17.13	same	
Josh.17.14	Josh.17.14	same	
Josh.17.15	Josh.17.15	same	
Josh.17.16	Josh.17.16	same	
Josh.17.17	Josh.17.17	same	
Josh.17.18	Josh.17.18	same	
Josh.18.1	Josh.18.1	same	
Josh.18.2	Josh.18.2	same	
Josh.18.3	Josh.18.3	same	
Josh.18.4	Josh.18.4	same	
Josh.18.5	Josh.18.5	same	
Josh.18.6	Josh.18.6	same	
Josh.18.7	Josh.18.7	same	
Josh.18.8	Josh.18.8	same	
Josh.18.9	Josh.18.9	same	
Josh.18.10	Josh.18.10	same	
Josh.18.11	Josh.18.11	same	
Josh.18.12	Josh.18.12	same	
Josh.18.13	Josh.18.13	same	
Josh.18.14	Josh.18.14	same	
Josh.18.15	Josh.18.15	same	
Josh.18.16	Josh.18.16	same	
Josh.18.17	Josh.18.17	same	
Josh.18.18	Josh.18.18	same	
Josh.18.19	Josh.18.19	same	
Josh.18.20	Josh.18.20	same	
Josh.18.21	Josh.18.21	same	
Josh.18.22	Josh.18.22	same	
Josh.18.23	Josh.18.23	same	
Josh.18.24	Josh.18.24	same	
Josh.18.25	Josh.18.25	same	
Josh.18.26	Josh.18.26	same	
Josh.18.27	Josh.18.27	same	
Josh.18.28	Josh.18.28	same	
Josh.19.1	Josh.19.1	same	
Josh.19.2	Josh.19.2	same	
Josh.19.3	Josh.19.3	same	
Josh.19.4	Josh.19.4	same	
Josh.19.5	Josh.19.5	same	
Josh.19.6	Josh.19.6	same	
Josh.19.7	Josh.19.7	same	
Josh.19.8	Josh.19.8	same	
Josh.19.9	Josh.19.9	same	
Josh.19.10	Josh.19.10	same	
Josh.19.11	Josh.19.11	same	
Josh.19.12	Josh.19.12	same	
Josh.19.13	Josh.19.13	same	
Josh.19.14	Josh.19.14	same	
Josh.19.15	Josh.19.15	same	
Josh.19.16	Josh.19.16	same	
Josh.19.17	Josh.19.17	same	
Josh.19.18	Josh.19.18	same	
Josh.19.19	Josh.19.19	same	
Josh.19.20	Josh.19.20	same	
Josh.19.21	Josh.19.21	same	
Josh.19.22	Josh.19.22	same	
Josh.19.23	Josh.19.23	same	
Josh.19.24	Josh.19.24	same	
Josh.19.25	Josh.19.25	same	
Josh.19.26	Josh.19.26	same	
Josh.19.27	Josh.19.27	same	
Josh.19.28	Josh.19.28	same	
Josh.19.29	Josh.19.29	same	
Josh.19.30	Josh.19.30	same	
Josh.19.31	Josh.19.31	same	
Josh.19.32	Josh.19.32	same	
Josh.19.33	Josh.19.33	same	
Josh.19.34	Josh.19.34	same	
Josh.19.35	Josh.19.35	same	
Josh.19.36	Josh.19.36	same	
Josh.19.37	Josh.19.37	same	
Josh.19.38	Josh.19.38	same	
Josh.19.39	Josh.19.39	same	
Josh.19.40	Josh.19.40	same	
Josh.19.41	Josh.19.41	same	
Josh.19.42	Josh.19.42	same	
Josh.19.43	Josh.19.43	same	
Josh.19.44	Josh.19.44	same	
Josh.19.45	Josh.19.45	same	
Josh.19.46	Josh.19.46	same	
Josh.19.48	Josh.19.48	same	
Josh.19.48a		not-in-kjv	
Josh.19.47	Josh.19.47	same	
Josh.19.47a		not-in-kjv	
Josh.19.49	Josh.19.49	same	
Josh.19.50	Josh.19.50	same	
Josh.19.51	Josh.19.51	same	
Josh.20.1	Josh.20.1	same	
Josh.20.2	Josh.20.2	same	
Josh.20.3	Josh.20.3	same	
Josh.20.7	Josh.20.7	same	
Josh.20.8	Josh.20.8	same	
Josh.20.9	Josh.20.9	same	
Josh.21.1	Josh.21.1	same	
Josh.21.2	Josh.21.2	same	
Josh.21.3	Josh.21.3	same	
Josh.21.4	Josh.21.4	same	
Josh.21.5	Josh.21.5	same	
Josh.21.6	Josh.21.6	same	
Josh.21.7	Josh.21.7	same	
Josh.21.8	Josh.21.8	same	
Josh.21.9	Josh.21.9	same	
Josh.21.10	Josh.21.10	same	
Josh.21.11	Josh.21.11	same	
Josh.21.12	Josh.21.12	same	
Josh.21.13	Josh.21.13	same	
Josh.21.14	Josh.21.14	same	
Josh.21.15	Josh.21.15	same	
Josh.21.16	Josh.21.16	same	
Josh.21.17	Josh.21.17	same	
Josh.21.18	Josh.21.18	same	
Josh.21.19	Josh.21.19	same	
Josh.21.20	Josh.21.20	same	
Josh.21.21	Josh.21.21	same	
Josh.21.22	Josh.21.22	same	
Josh.21.23	Josh.21.23	same	
Josh.21.24	Josh.21.24	same	
Josh.21.25	Josh.21.25	same	
Josh.21.26	Josh.21.26	same	
Josh.21.27	Josh.21.27	same	
Josh.21.28	Josh.21.28	same	
Josh.21.29	Josh.21.29	same	
Josh.21.30	Josh.21.30	same	
Josh.21.31	Josh.21.31	same	
Josh.21.32	Josh.21.32	same	
Josh.21.33	Josh.21.33	same	
Josh.21.34	Josh.21.34	same	
Josh.21.35	Josh.21.35	same	
Josh.21.36	Josh.21.36	same	Keep verse
Josh.21.37	Josh.21.37	same	Keep verse
Josh.21.38	Josh.21.38	same	Keep verse
Josh.21.39	Josh.21.39	same	Keep verse
Josh.21.40	Josh.21.40	same	Keep verse
Josh.21.41	Josh.21.41	same	Keep verse
Josh.21.42	Josh.21.42	same	Keep verse
Josh.21.42a		not-in-kjv	
Josh.21.42b		not-in-kjv	
Josh.21.42c		not-in-kjv	
Josh.21.42d		not-in-kjv	
Josh.21.43	Josh.21.43	same	Keep verse
Josh.21.44	Josh.21.44	same	Keep verse
Josh.21.45	Josh.21.45	same	Keep verse
Josh.22.1	Josh.22.1	same	
Josh.22.2	Josh.22.2	same	
Josh.22.3	Josh.22.3	same	
Josh.22.4	Josh.22.4	same	
Josh.22.5	Josh.22.5	same	
Josh.22.6	Josh.22.6	same	
Josh.22.7	Josh.22.7	same	
Josh.22.8	Josh.22.8	same	
Josh.22.9	Josh.22.9	same	
Josh.22.10	Josh.22.10	same	
Josh.22.11	Josh.22.11	same	
Josh.22.12	Josh.22.12	same	
Josh.22.13	Josh.22.13	same	
Josh.22.14	Josh.22.14	same	
Josh.22.15	Josh.22.15	same	
Josh.22.16	Josh.22.16	same	
Josh.22.17	Josh.22.17	same	
Josh.22.18	Josh.22.18	same	
Josh.22.19	Josh.22.19	same	
Josh.22.20	Josh.22.20	same	
Josh.22.21	Josh.22.21	same	
Josh.22.22	Josh.22.22	same	
Josh.22.23	Josh.22.23	same	
Josh.22.24	Josh.22.24	same	
Josh.22.25	Josh.22.25	same	
Josh.22.26	Josh.22.26	same	
Josh.22.27	Josh.22.27	same	
Josh.22.28	Josh.22.28	same	
Josh.22.29	Josh.22.29	same	
Josh.22.30	Josh.22.30	same	
Josh.22.31	Josh.22.31	same	
Josh.22.32	Josh.22.32	same	
Josh.22.33	Josh.22.33	same	
Josh.22.34	Josh.22.34	same	
Josh.23.1	Josh.23.1	same	
Josh.23.2	Josh.23.2	same	
Josh.23.3	Josh.23.3	same	
Josh.23.4	Josh.23.4	same	
Josh.23.5	Josh.23.5	same	
Josh.23.6	Josh.23.6	same	
Josh.23.7	Josh.23.7	same	
Josh.23.8	Josh.23.8	same	
Josh.23.9	Josh.23.9	same	
Josh.23.10	Josh.23.10	same	
Josh.23.11	Josh.23.11	same	
Josh.23.12	Josh.23.12	same	
Josh.23.13	Josh.23.13	same	
Josh.23.14	Josh.23.14	same	
Josh.23.15	Josh.23.15	same	
Josh.23.16	Josh.23.16	same	
Josh.24.1	Josh.24.1	same	
Josh.24.2	Josh.24.2	same	
Josh.24.3	Josh.24.3	same	
Josh.24.4	Josh.24.4	same	
Josh.24.5	Josh.24.5	same	
Josh.24.6	Josh.24.6	same	
Josh.24.7	Josh.24.7	same	
Josh.24.8	Josh.24.8	same	
Josh.24.9	Josh.24.9	same	
Josh.24.10	Josh.24.10	same	
Josh.24.11	Josh.24.11	same	
Josh.24.12	Josh.24.12	same	
Josh.24.13	Josh.24.13	same	
Josh.24.14	Josh.24.14	same	
Josh.24.15	Josh.24.15	same	
Josh.24.16	Josh.24.16	same	
Josh.24.17	Josh.24.17	same	
Josh.24.18	Josh.24.18	same	
Josh.24.19	Josh.24.19	same	
Josh.24.20	Josh.24.20	same	
Josh.24.21	Josh.24.21	same	
Josh.24.22	Josh.24.22	same	
Josh.24.23	Josh.24.23	same	
Josh.24.24	Josh.24.24	same	
Josh.24.25	Josh.24.25	same	
Josh.24.26	Josh.24.26	same	
Josh.24.27	Josh.24.27	same	
Josh.24.28	Josh.24.28	same	
Josh.24.31	Josh.24.31	same	Keep verse (another tradition's pattern)
Josh.24.29	Josh.24.29	same	Keep verse (another tradition's pattern)
Josh.24.30	Josh.24.30	same	Keep verse (another tradition's pattern)
Josh.24.30a		not-in-kjv	
Josh.24.32	Josh.24.32	same	
Josh.24.33	Josh.24.33	same	Keep verse (soft)
Josh.24.33a		not-in-kjv	
Josh.24.33b		not-in-kjv	
Judg.1.1	Judg.1.1	same	
Judg.1.2	Judg.1.2	same	
Judg.1.3	Judg.1.3	same	
Judg.1.4	Judg.1.4	same	
Judg.1.5	Judg.1.5	same	
Judg.1.6	Judg.1.6	same	
Judg.1.7	Judg.1.7	same	
Judg.1.8	Judg.1.8	same	
Judg.1.9	Judg.1.9	same	
Judg.1.10	Judg.1.10	same	
Judg.1.11	Judg.1.11	same	
Judg.1.12	Judg.1.12	same	
Judg.1.13	Judg.1.13	same	
Judg.1.14	Judg.1.14	same	
Judg.1.15	Judg.1.15	same	
Judg.1.16	Judg.1.16	same	
Judg.1.17	Judg.1.17	same	
Judg.1.18	Judg.1.18	same	
Judg.1.19	Judg.1.19	same	
Judg.1.20	Judg.1.20	same	
Judg.1.21	Judg.1.21	same	
Judg.1.22	Judg.1.22	same	
Judg.1.23	Judg.1.23	same	
Judg.1.24	Judg.1.24	same	
Judg.1.25	Judg.1.25	same	
Judg.1.26	Judg.1.26	same	
Judg.1.27	Judg.1.27	same	
Judg.1.28	Judg.1.28	same	
Judg.1.29	Judg.1.29	same	
Judg.1.30	Judg.1.30	same	
Judg.1.31	Judg.1.31	same	
Judg.1.32	Judg.1.32	same	
Judg.1.33	Judg.1.33	same	
Judg.1.34	Judg.1.34	same	
Judg.1.35	Judg.1.35	same	
Judg.1.36	Judg.1.36	same	
Judg.2.1	Judg.2.1	same	
Judg.2.2	Judg.2.2	same	
Judg.2.3	Judg.2.3	same	
Judg.2.4	Judg.2.4	same	
Judg.2.5	Judg.2.5	same	
Judg.2.6	Judg.2.6	same	
Judg.2.7	Judg.2.7	same	
Judg.2.8	Judg.2.8	same	
Judg.2.9	Judg.2.9	same	
Judg.2.10	Judg.2.10	same	
Judg.2.11	Judg.2.11	same	
Judg.2.12	Judg.2.12	same	
Judg.2.13	Judg.2.13	same	
Judg.2.14	Judg.2.14	same	
Judg.2.15	Judg.2.15	same	
Judg.2.16	Judg.2.16	same	
Judg.2.17	Judg.2.17	same	
Judg.2.18	Judg.2.18	same	
Judg.2.19	Judg.2.19	same	
Judg.2.20	Judg.2.20	same	
Judg.2.21	Judg.2.21	same	
Judg.2.22	Judg.2.22	same	
Judg.2.23	Judg.2.23	same	
Judg.3.1	Judg.3.1	same	
Judg.3.2	Judg.3.2	same	
Judg.3.3	Judg.3.3	same	
Judg.3.4	Judg.3.4	same	
Judg.3.5	Judg.3.5	same	
Judg.3.6	Judg.3.6	same	
Judg.3.7	Judg.3.7	same	
Judg.3.8	Judg.3.8	same	
Judg.3.9	Judg.3.9	same	
Judg.3.10	Judg.3.10	same	
Judg.3.11	Judg.3.11	same	
Judg.3.12	Judg.3.12	same	
Judg.3.13	Judg.3.13	same	
Judg.3.14	Judg.3.14	same	
Judg.3.15	Judg.3.15	same	
Judg.3.16	Judg.3.16	same	
Judg.3.17	Judg.3.17	same	
Judg.3.18	Judg.3.18	same	
Judg.3.19	Judg.3.19	same	
Judg.3.20	Judg.3.20	same	
Judg.3.21	Judg.3.21	same	
Judg.3.22	Judg.3.22	same	
Judg.3.23	Judg.3.23	same	
Judg.3.24	Judg.3.24	same	
Judg.3.25	Judg.3.25	same	
Judg.3.26	Judg.3.26	same	
Judg.3.27	Judg.3.27	same	
Judg.3.28	Judg.3.28	same	
Judg.3.29	Judg.3.29	same	
Judg.3.30	Judg.3.30	same	
Judg.3.31	Judg.3.31	same	
Judg.4.1	Judg.4.1	same	
Judg.4.2	Judg.4.2	same	
Judg.4.3	Judg.4.3	same	
Judg.4.4	Judg.4.4	same	
Judg.4.5	Judg.4.5	same	
Judg.4.6	Judg.4.6	same	
Judg.4.7	Judg.4.7	same	
Judg.4.8	Judg.4.8	same	
Judg.4.9	Judg.4.9	same	
Judg.4.10	Judg.4.10	same	
Judg.4.11	Judg.4.11	same	
Judg.4.12	Judg.4.12	same	
Judg.4.13	Judg.4.13	same	
Judg.4.14	Judg.4.14	same	
Judg.4.15	Judg.4.15	same	
Judg.4.16	Judg.4.16	same	
Judg.4.17	Judg.4.17	same	
Judg.4.18	Judg.4.18	same	
Judg.4.19	Judg.4.19	same	
Judg.4.20	Judg.4.20	same	
Judg.4.21	Judg.4.21	same	
Judg.4.22	Judg.4.22	same	
Judg.4.23	Judg.4.23	same	
Judg.4.24	Judg.4.24	same	
Judg.5.1	Judg.5.1	same	
Judg.5.2	Judg.5.2	same	
Judg.5.3	Judg.5.3	same	
Judg.5.4	Judg.5.4	same	
Judg.5.5	Judg.5.5	same	
Judg.5.6	Judg.5.6	same	
Judg.5.7	Judg.5.7	same	
Judg.5.8	Judg.5.8	same	
Judg.5.9	Judg.5.9	same	
Judg.5.10	Judg.5.10	same	
Judg.5.11	Judg.5.11	same	
Judg.5.12	Judg.5.12	same	
Judg.5.13	Judg.5.13	same	
Judg.5.14	Judg.5.14	same	
Judg.5.15	Judg.5.15	same	
Judg.5.16	Judg.5.16	same	
Judg.5.17	Judg.5.17	same	
Judg.5.18	Judg.5.18	same	
Judg.5.19	Judg.5.19	same	
Judg.5.20	Judg.5.20	same	
Judg.5.21	Judg.5.21	same	
Judg.5.22	Judg.5.22	same	
Judg.5.23	Judg.5.23	same	
Judg.5.24	Judg.5.24	same	
Judg.5.25	Judg.5.25	same	
Judg.5.26	Judg.5.26	same	
Judg.5.27	Judg.5.27	same	
Judg.5.28	Judg.5.28	same	
Judg.5.29	Judg.5.29	same	
Judg.5.30	Judg.5.30	same	
Judg.5.31	Judg.5.31	same	Keep verse
Judg.6.1	Judg.6.1	same	
Judg.6.2	Judg.6.2	same	
Judg.6.3	Judg.6.3	same	
Judg.6.4	Judg.6.4	same	
Judg.6.5	Judg.6.5	same	
Judg.6.6	Judg.6.6	same	
Judg.6.7	Judg.6.7	same	
Judg.6.8	Judg.6.8	same	
Judg.6.9	Judg.6.9	same	
Judg.6.10	Judg.6.10	same	
Judg.6.11	Judg.6.11	same	
Judg.6.12	Judg.6.12	same	
Judg.6.13	Judg.6.13	same	
Judg.6.14	Judg.6.14	same	
Judg.6.15	Judg.6.15	same	
Judg.6.16	Judg.6.16	same	
Judg.6.17	Judg.6.17	same	
Judg.6.18	Judg.6.18	same	
Judg.6.19	Judg.6.19	same	
Judg.6.20	Judg.6.20	same	
Judg.6.21	Judg.6.21	same	
Judg.6.22	Judg.6.22	same	
Judg.6.23	Judg.6.23	same	
Judg.6.24	Judg.6.24	same	
Judg.6.25	Judg.6.25	same	
Judg.6.26	Judg.6.26	same	
Judg.6.27	Judg.6.27	same	
Judg.6.28	Judg.6.28	same	
Judg.6.29	Judg.6.29	same	
Judg.6.30	Judg.6.30	same	
Judg.6.31	Judg.6.31	same	
Judg.6.32	Judg.6.32	same	
Judg.6.33	Judg.6.33	same	
Judg.6.34	Judg.6.34	same	
Judg.6.35	Judg.6.35	same	
Judg.6.36	Judg.6.36	same	
Judg.6.37	Judg.6.37	same	
Judg.6.38	Judg.6.38	same	
Judg.6.39	Judg.6.39	same	
Judg.6.40	Judg.6.40	same	
Judg.7.1	Judg.7.1	same	
Judg.7.2	Judg.7.2	same	
Judg.7.3	Judg.7.3	same	
Judg.7.4	Judg.7.4	same	
Judg.7.5	Judg.7.5	same	
Judg.7.6	Judg.7.6	same	
Judg.7.7	Judg.7.7	same	
Judg.7.8	Judg.7.8	same	
Judg.7.9	Judg.7.9	same	
Judg.7.10	Judg.7.10	same	
Judg.7.11	Judg.7.11	same	
Judg.7.12	Judg.7.12	same	
Judg.7.13	Judg.7.13	same	
Judg.7.14	Judg.7.14	same	
Judg.7.15	Judg.7.15	same	
Judg.7.16	Judg.7.16	same	
Judg.7.17	Judg.7.17	same	
Judg.7.18	Judg.7.18	same	
Judg.7.19	Judg.7.19	same	
Judg.7.20	Judg.7.20	same	
Judg.7.21	Judg.7.21	same	
Judg.7.22	Judg.7.22	same	
Judg.7.23	Judg.7.23	same	
Judg.7.24	Judg.7.24	same	
Judg.7.25	Judg.7.25	same	
Judg.8.1	Judg.8.1	same	
Judg.8.2	Judg.8.2	same	
Judg.8.3	Judg.8.3	same	
Judg.8.4	Judg.8.4	same	
Judg.8.5	Judg.8.5	same	
Judg.8.6	Judg.8.6	same	
Judg.8.7	Judg.8.7	same	
Judg.8.8	Judg.8.8	same	
Judg.8.9	Judg.8.9	same	
Judg.8.10	Judg.8.10	same	
Judg.8.11	Judg.8.11	same	
Judg.8.12	Judg.8.12	same	
Judg.8.13	Judg.8.13	same	
Judg.8.14	Judg.8.14	same	
Judg.8.15	Judg.8.15	same	
Judg.8.16	Judg.8.16	same	
Judg.8.17	Judg.8.17	same	
Judg.8.18	Judg.8.18	same	
Judg.8.19	Judg.8.19	same	
Judg.8.20	Judg.8.20	same	
Judg.8.21	Judg.8.21	same	
Judg.8.22	Judg.8.22	same	
Judg.8.23	Judg.8.23	same	
Judg.8.24	Judg.8.24	same	
Judg.8.25	Judg.8.25	same	
Judg.8.26	Judg.8.26	same	
Judg.8.27	Judg.8.27	same	
Judg.8.28	Judg.8.28	same	
Judg.8.29	Judg.8.29	same	
Judg.8.30	Judg.8.30	same	
Judg.8.31	Judg.8.31	same	
Judg.8.32	Judg.8.32	same	
Judg.8.33	Judg.8.33	same	
Judg.8.34	Judg.8.34	same	
Judg.8.35	Judg.8.35	same	
Judg.9.1	Judg.9.1	same	
Judg.9.2	Judg.9.2	same	
Judg.9.3	Judg.9.3	same	
Judg.9.4	Judg.9.4	same	
Judg.9.5	Judg.9.5	same	
Judg.9.6	Judg.9.6	same	
Judg.9.7	Judg.9.7	same	
Judg.9.8	Judg.9.8	same	
Judg.9.9	Judg.9.9	same	
Judg.9.10	Judg.9.10	same	
Judg.9.11	Judg.9.11	same	
Judg.9.12	Judg.9.12	same	
Judg.9.13	Judg.9.13	same	
Judg.9.14	Judg.9.14	same	
Judg.9.15	Judg.9.15	same	
Judg.9.16	Judg.9.16	same	
Judg.9.17	Judg.9.17	same	
Judg.9.18	Judg.9.18	same	
Judg.9.19	Judg.9.19	same	
Judg.9.20	Judg.9.20	same	
Judg.9.21	Judg.9.21	same	
Judg.9.22	Judg.9.22	same	
Judg.9.23	Judg.9.23	same	
Judg.9.24	Judg.9.24	same	
Judg.9.25	Judg.9.25	same	
Judg.9.26	Judg.9.26	same	
Judg.9.27	Judg.9.27	same	
Judg.9.28	Judg.9.28	same	
Judg.9.29	Judg.9.29	same	
Judg.9.30	Judg.9.30	same	
Judg.9.31	Judg.9.31	same	
Judg.9.32	Judg.9.32	same	
Judg.9.33	Judg.9.33	same	
Judg.9.34	Judg.9.34	same	
Judg.9.35	Judg.9.35	same	
Judg.9.36	Judg.9.36	same	
Judg.9.37	Judg.9.37	same	
Judg.9.38	Judg.9.38	same	
Judg.9.39	Judg.9.39	same	
Judg.9.40	Judg.9.40	same	
Judg.9.41	Judg.9.41	same	
Judg.9.42	Judg.9.42	same	
Judg.9.43	Judg.9.43	same	
Judg.9.44	Judg.9.44	same	
Judg.9.45	Judg.9.45	same	
Judg.9.46	Judg.9.46	same	
Judg.9.47	Judg.9.47	same	
Judg.9.48	Judg.9.48	same	
Judg.9.49	Judg.9.49	same	
Judg.9.50	Judg.9.50	same	
Judg.9.51	Judg.9.51	same	
Judg.9.52	Judg.9.52	same	
Judg.9.53	Judg.9.53	same	
Judg.9.54	Judg.9.54	same	
Judg.9.55	Judg.9.55	same	
Judg.9.56	Judg.9.56	same	
Judg.9.57	Judg.9.57	same	
Judg.10.1	Judg.10.1	same	
Judg.10.2	Judg.10.2	same	
Judg.10.3	Judg.10.3	same	
Judg.10.4	Judg.10.4	same	
Judg.10.5	Judg.10.5	same	
Judg.10.6	Judg.10.6	same	
Judg.10.7	Judg.10.7	same	
Judg.10.8	Judg.10.8	same	
Judg.10.9	Judg.10.9	same	
Judg.10.10	Judg.10.10	same	
Judg.10.11	Judg.10.11	same	
Judg.10.12	Judg.10.12	same	
Judg.10.13	Judg.10.13	same	
Judg.10.14	Judg.10.14	same	
Judg.10.15	Judg.10.15	same	
Judg.10.16	Judg.10.16	same	
Judg.10.17	Judg.10.17	same	
Judg.10.18	Judg.10.18	same	
Judg.11.1	Judg.11.1	same	
Judg.11.2	Judg.11.2	same	
Judg.11.3	Judg.11.3	same	
Judg.11.4	Judg.11.4	same	
Judg.11.5	Judg.11.5	same	
Judg.11.6	Judg.11.6	same	
Judg.11.7	Judg.11.7	same	
Judg.11.8	Judg.11.8	same	
Judg.11.9	Judg.11.9	same	
Judg.11.10	Judg.11.10	same	
Judg.11.11	Judg.11.11	same	
Judg.11.12	Judg.11.12	same	
Judg.11.13	Judg.11.13	same	
Judg.11.14	Judg.11.14	same	
Judg.11.15	Judg.11.15	same	
Judg.11.16	Judg.11.16	same	
Judg.11.17	Judg.11.17	same	
Judg.11.18	Judg.11.18	same	
Judg.11.19	Judg.11.19	same	
Judg.11.20	Judg.11.20	same	
Judg.11.21	Judg.11.21	same	
Judg.11.22	Judg.11.22	same	
Judg.11.23	Judg.11.23	same	
Judg.11.24	Judg.11.24	same	
Judg.11.25	Judg.11.25	same	
Judg.11.26	Judg.11.26	same	
Judg.11.27	Judg.11.27	same	
Judg.11.28	Judg.11.28	same	
Judg.11.29	Judg.11.29	same	
Judg.11.30	Judg.11.30	same	
Judg.11.31	Judg.11.31	same	
Judg.11.32	Judg.11.32	same	
Judg.11.33	Judg.11.33	same	
Judg.11.34	Judg.11.34	same	
Judg.11.35	Judg.11.35	same	
Judg.11.36	Judg.11.36	same	
Judg.11.37	Judg.11.37	same	
Judg.11.38	Judg.11.38	same	
Judg.11.39	Judg.11.39	same	
Judg.11.40	Judg.11.40	same	
Judg.12.1	Judg.12.1	same	
Judg.12.2	Judg.12.2	same	
Judg.12.3	Judg.12.3	same	
Judg.12.4	Judg.12.4	same	
Judg.12.5	Judg.12.5	same	
Judg.12.6	Judg.12.6	same	
Judg.12.7	Judg.12.7	same	
Judg.12.8	Judg.12.8	same	
Judg.12.9	Judg.12.9	same	
Judg.12.10	Judg.12.10	same	
Judg.12.11	Judg.12.11	same	
Judg.12.12	Judg.12.12	same	
Judg.12.13	Judg.12.13	same	
Judg.12.14	Judg.12.14	same	
Judg.12.15	Judg.12.15	same	
Judg.13.1	Judg.13.1	same	
Judg.13.2	Judg.13.2	same	
Judg.13.3	Judg.13.3	same	
Judg.13.4	Judg.13.4	same	
Judg.13.5	Judg.13.5	same	
Judg.13.6	Judg.13.6	same	
Judg.13.7	Judg.13.7	same	
Judg.13.8	Judg.13.8	same	
Judg.13.9	Judg.13.9	same	
Judg.13.10	Judg.13.10	same	
Judg.13.11	Judg.13.11	same	
Judg.13.12	Judg.13.12	same	
Judg.13.13	Judg.13.13	same	
Judg.13.14	Judg.13.14	same	
Judg.13.15	Judg.13.15	same	
Judg.13.16	Judg.13.16	same	
Judg.13.17	Judg.13.17	same	
Judg.13.18	Judg.13.18	same	
Judg.13.19	Judg.13.19	same	
Judg.13.20	Judg.13.20	same	
Judg.13.21	Judg.13.21	same	
Judg.13.22	Judg.13.22	same	
Judg.13.23	Judg.13.23	same	
Judg.13.24	Judg.13.24	same	
Judg.13.25	Judg.13.25	same	
Judg.14.1	Judg.14.1	same	
Judg.14.2	Judg.14.2	same	
Judg.14.3	Judg.14.3	same	
Judg.14.4	Judg.14.4	same	
Judg.14.5	Judg.14.5	same	
Judg.14.6	Judg.14.6	same	
Judg.14.7	Judg.14.7	same	
Judg.14.8	Judg.14.8	same	
Judg.14.9	Judg.14.9	same	
Judg.14.10	Judg.14.10	same	
Judg.14.11	Judg.14.11	same	
Judg.14.12	Judg.14.12	same	
Judg.14.13	Judg.14.13	same	
Judg.14.14	Judg.14.14	same	
Judg.14.15	Judg.14.15	same	
Judg.14.16	Judg.14.16	same	
Judg.14.17	Judg.14.17	same	
Judg.14.18	Judg.14.18	same	
Judg.14.19	Judg.14.19	same	
Judg.14.20	Judg.14.20	same	
Judg.15.1	Judg.15.1	same	
Judg.15.2	Judg.15.2	same	
Judg.15.3	Judg.15.3	same	
Judg.15.4	Judg.15.4	same	
Judg.15.5	Judg.15.5	same	
Judg.15.6	Judg.15.6	same	
Judg.15.7	Judg.15.7	same	
Judg.15.8	Judg.15.8	same	
Judg.15.9	Judg.15.9	same	
Judg.15.10	Judg.15.10	same	
Judg.15.11	Judg.15.11	same	
Judg.15.12	Judg.15.12	same	
Judg.15.13	Judg.15.13	same	
Judg.15.14	Judg.15.14	same	
Judg.15.15	Judg.15.15	same	
Judg.15.16	Judg.15.16	same	
Judg.15.17	Judg.15.17	same	
Judg.15.18	Judg.15.18	same	
Judg.15.19	Judg.15.19	same	
Judg.15.20	Judg.15.20	same	
Judg.16.1	Judg.16.1	same	
Judg.16.2	Judg.16.2	same	
Judg.16.3	Judg.16.3	same	
Judg.16.4	Judg.16.4	same	
Judg.16.5	Judg.16.5	same	
Judg.16.6	Judg.16.6	same	
Judg.16.7	Judg.16.7	same	
Judg.16.8	Judg.16.8	same	
Judg.16.9	Judg.16.9	same	
Judg.16.10	Judg.16.10	same	
Judg.16.11	Judg.16.11	same	
Judg.16.12	Judg.16.12	same	
Judg.16.13	Judg.16.13	same	
Judg.16.14	Judg.16.14	same	
Judg.16.15	Judg.16.15	same	
Judg.16.16	Judg.16.16	same	
Judg.16.17	Judg.16.17	same	
Judg.16.18	Judg.16.18	same	
Judg.16.19	Judg.16.19	same	
Judg.16.20	Judg.16.20	same	
Judg.16.21	Judg.16.21	same	
Judg.16.22	Judg.16.22	same	
Judg.16.23	Judg.16.23	same	
Judg.16.24	Judg.16.24	same	
Judg.16.25	Judg.16.25	same	
Judg.16.26	Judg.16.26	same	
Judg.16.27	Judg.16.27	same	
Judg.16.28	Judg.16.28	same	
Judg.16.29	Judg.16.29	same	
Judg.16.30	Judg.16.30	same	
Judg.16.31	Judg.16.31	same	
Judg.17.1	Judg.17.1	same	
Judg.17.2	Judg.17.2	same	
Judg.17.3	Judg.17.3	same	
Judg.17.4	Judg.17.4	same	
Judg.17.5	Judg.17.5	same	
Judg.17.6	Judg.17.6	same	
Judg.17.7	Judg.17.7	same	
Judg.17.8	Judg.17.8	same	
Judg.17.9	Judg.17.9	same	
Judg.17.10	Judg.17.10	same	
Judg.17.11	Judg.17.11	same	
Judg.17.12	Judg.17.12	same	
Judg.17.13	Judg.17.13	same	
Judg.18.1	Judg.18.1	same	
Judg.18.2	Judg.18.2	same	
Judg.18.3	Judg.18.3	same	
Judg.18.4	Judg.18.4	same	
Judg.18.5	Judg.18.5	same	
Judg.18.6	Judg.18.6	same	
Judg.18.7	Judg.18.7	same	
Judg.18.8	Judg.18.8	same	
Judg.18.9	Judg.18.9	same	
Judg.18.10	Judg.18.10	same	
Judg.18.11	Judg.18.11	same	
Judg.18.12	Judg.18.12	same	
Judg.18.13	Judg.18.13	same	
Judg.18.14	Judg.18.14	same	
Judg.18.15	Judg.18.15	same	
Judg.18.16	Judg.18.16	same	
Judg.18.17	Judg.18.17	same	
Judg.18.18	Judg.18.18	same	
Judg.18.19	Judg.18.19	same	
Judg.18.20	Judg.18.20	same	
Judg.18.21	Judg.18.21	same	
Judg.18.22	Judg.18.22	same	
Judg.18.23	Judg.18.23	same	
Judg.18.24	Judg.18.24	same	
Judg.18.25	Judg.18.25	same	
Judg.18.26	Judg.18.26	same	
Judg.18.27	Judg.18.27	same	
Judg.18.28	Judg.18.28	same	
Judg.18.29	Judg.18.29	same	
Judg.18.30	Judg.18.30	same	
Judg.18.31	Judg.18.31	same	
Judg.19.1	Judg.19.1	same	
Judg.19.2	Judg.19.2	same	
Judg.19.3	Judg.19.3	same	
Judg.19.4	Judg.19.4	same	
Judg.19.5	Judg.19.5	same	
Judg.19.6	Judg.19.6	same	
Judg.19.7	Judg.19.7	same	
Judg.19.8	Judg.19.8	same	
Judg.19.9	Judg.19.9	same	
Judg.19.10	Judg.19.10	same	
Judg.19.11	Judg.19.11	same	
Judg.19.12	Judg.19.12	same	
Judg.19.13	Judg.19.13	same	
Judg.19.14	Judg.19.14	same	
Judg.19.15	Judg.19.15	same	
Judg.19.16	Judg.19.16	same	
Judg.19.17	Judg.19.17	same	
Judg.19.18	Judg.19.18	same	
Judg.19.19	Judg.19.19	same	
Judg.19.20	Judg.19.20	same	
Judg.19.21	Judg.19.21	same	
Judg.19.22	Judg.19.22	same	
Judg.19.23	Judg.19.23	same	
Judg.19.24	Judg.19.24	same	
Judg.19.25	Judg.19.25	same	
Judg.19.26	Judg.19.26	same	
Judg.19.27	Judg.19.27	same	
Judg.19.28	Judg.19.28	same	
Judg.19.29	Judg.19.29	same	
Judg.19.30	Judg.19.30	same	
Judg.20.1	Judg.20.1	same	
Judg.20.2	Judg.20.2	same	
Judg.20.3	Judg.20.3	same	
Judg.20.4	Judg.20.4	same	
Judg.20.5	Judg.20.5	same	
Judg.20.6	Judg.20.6	same	
Judg.20.7	Judg.20.7	same	
Judg.20.8	Judg.20.8	same	
Judg.20.9	Judg.20.9	same	
Judg.20.10	Judg.20.10	same	
Judg.20.11	Judg.20.11	same	
Judg.20.12	Judg.20.12	same	
Judg.20.13	Judg.20.13	same	
Judg.20.14	Judg.20.14	same	
Judg.20.15	Judg.20.15	same	
Judg.20.16	Judg.20.16	same	
Judg.20.17	Judg.20.17	same	
Judg.20.18	Judg.20.18	same	
Judg.20.19	Judg.20.19	same	
Judg.20.20	Judg.20.20	same	
Judg.20.21	Judg.20.21	same	
Judg.20.22	Judg.20.22	same	
Judg.20.23	Judg.20.23	same	
Judg.20.24	Judg.20.24	same	
Judg.20.25	Judg.20.25	same	
Judg.20.26	Judg.20.26	same	
Judg.20.27	Judg.20.27	same	
Judg.20.28	Judg.20.28	same	
Judg.20.29	Judg.20.29	same	
Judg.20.30	Judg.20.30	same	
Judg.20.31	Judg.20.31	same	
Judg.20.32	Judg.20.32	same	
Judg.20.33	Judg.20.33	same	
Judg.20.34	Judg.20.34	same	
Judg.20.35	Judg.20.35	same	
Judg.20.36	Judg.20.36	same	
Judg.20.37	Judg.20.37	same	
Judg.20.38	Judg.20.38	same	
Judg.20.39	Judg.20.39	same	
Judg.20.40	Judg.20.40	same	
Judg.20.41	Judg.20.41	same	
Judg.20.42	Judg.20.42	same	
Judg.20.43	Judg.20.43	same	
Judg.20.44	Judg.20.44	same	
Judg.20.45	Judg.20.45	same	
Judg.20.46	Judg.20.46	same	
Judg.20.47	Judg.20.47	same	
Judg.20.48	Judg.20.48	same	
Judg.21.1	Judg.21.1	same	
Judg.21.2	Judg.21.2	same	
Judg.21.3	Judg.21.3	same	
Judg.21.4	Judg.21.4	same	
Judg.21.5	Judg.21.5	same	
Judg.21.6	Judg.21.6	same	
Judg.21.7	Judg.21.7	same	
Judg.21.8	Judg.21.8	same	
Judg.21.9	Judg.21.9	same	
Judg.21.10	Judg.21.10	same	
Judg.21.11	Judg.21.11	same	
Judg.21.12	Judg.21.12	same	
Judg.21.13	Judg.21.13	same	
Judg.21.14	Judg.21.14	same	
Judg.21.15	Judg.21.15	same	
Judg.21.16	Judg.21.16	same	
Judg.21.17	Judg.21.17	same	
Judg.21.18	Judg.21.18	same	
Judg.21.19	Judg.21.19	same	
Judg.21.20	Judg.21.20	same	
Judg.21.21	Judg.21.21	same	
Judg.21.22	Judg.21.22	same	
Judg.21.23	Judg.21.23	same	
Judg.21.24	Judg.21.24	same	Keep verse
Judg.21.25	Judg.21.25	same	Keep verse
Ruth.1.1	Ruth.1.1	same	
Ruth.1.2	Ruth.1.2	same	
Ruth.1.3	Ruth.1.3	same	
Ruth.1.4	Ruth.1.4	same	
Ruth.1.5	Ruth.1.5	same	
Ruth.1.6	Ruth.1.6	same	
Ruth.1.7	Ruth.1.7	same	
Ruth.1.8	Ruth.1.8	same	
Ruth.1.9	Ruth.1.9	same	
Ruth.1.10	Ruth.1.10	same	
Ruth.1.11	Ruth.1.11	same	
Ruth.1.12	Ruth.1.12	same	
Ruth.1.13	Ruth.1.13	same	
Ruth.1.14	Ruth.1.14	same	
Ruth.1.15	Ruth.1.15	same	
Ruth.1.16	Ruth.1.16	same	
Ruth.1.17	Ruth.1.17	same	
Ruth.1.18	Ruth.1.18	same	
Ruth.1.19	Ruth.1.19	same	
Ruth.1.20	Ruth.1.20	same	
Ruth.1.21	Ruth.1.21	same	
Ruth.1.22	Ruth.1.22	same	
Ruth.2.1	Ruth.2.1	same	
Ruth.2.2	Ruth.2.2	same	
Ruth.2.3	Ruth.2.3	same	
Ruth.2.4	Ruth.2.4	same	
Ruth.2.5	Ruth.2.5	same	
Ruth.2.6	Ruth.2.6	same	
Ruth.2.7	Ruth.2.7	same	
Ruth.2.8	Ruth.2.8	same	
Ruth.2.9	Ruth.2.9	same	
Ruth.2.10	Ruth.2.10	same	
Ruth.2.11	Ruth.2.11	same	
Ruth.2.12	Ruth.2.12	same	
Ruth.2.13	Ruth.2.13	same	
Ruth.2.14	Ruth.2.14	same	
Ruth.2.15	Ruth.2.15	same	
Ruth.2.16	Ruth.2.16	same	
Ruth.2.17	Ruth.2.17	same	
Ruth.2.18	Ruth.2.18	same	
Ruth.2.19	Ruth.2.19	same	
Ruth.2.20	Ruth.2.20	same	
Ruth.2.21	Ruth.2.21	same	
Ruth.2.22	Ruth.2.22	same	
Ruth.2.23	Ruth.2.23	same	
Ruth.3.1	Ruth.3.1	same	
Ruth.3.2	Ruth.3.2	same	
Ruth.3.3	Ruth.3.3	same	
Ruth.3.4	Ruth.3.4	same	
Ruth.3.5	Ruth.3.5	same	
Ruth.3.6	Ruth.3.6	same	
Ruth.3.7	Ruth.3.7	same	
Ruth.3.8	Ruth.3.8	same	
Ruth.3.9	Ruth.3.9	same	
Ruth.3.10	Ruth.3.10	same	
Ruth.3.11	Ruth.3.11	same	
Ruth.3.12	Ruth.3.12	same	
Ruth.3.13	Ruth.3.13	same	
Ruth.3.14	Ruth.3.14	same	
Ruth.3.15	Ruth.3.15	same	
Ruth.3.16	Ruth.3.16	same	
Ruth.3.17	Ruth.3.17	same	
Ruth.3.18	Ruth.3.18	same	
Ruth.4.1	Ruth.4.1	same	
Ruth.4.2	Ruth.4.2	same	
Ruth.4.3	Ruth.4.3	same	
Ruth.4.4	Ruth.4.4	same	
Ruth.4.5	Ruth.4.5	same	
Ruth.4.6	Ruth.4.6	same	
Ruth.4.7	Ruth.4.7	same	
Ruth.4.8	Ruth.4.8	same	
Ruth.4.9	Ruth.4.9	same	
Ruth.4.10	Ruth.4.10	same	
Ruth.4.11	Ruth.4.11	same	
Ruth.4.12	Ruth.4.12	same	
Ruth.4.13	Ruth.4.13	same	
Ruth.4.14	Ruth.4.14	same	
Ruth.4.15	Ruth.4.15	same	
Ruth.4.16	Ruth.4.16	same	
Ruth.4.17	Ruth.4.17	same	
Ruth.4.18	Ruth.4.18	same	
Ruth.4.19	Ruth.4.19	same	
Ruth.4.20	Ruth.4.20	same	
Ruth.4.21	Ruth.4.21	same	
Ruth.4.22	Ruth.4.22	same	
1Sam.1.1	1Sam.1.1	same	
1Sam.1.2	1Sam.1.2	same	
1Sam.1.3	1Sam.1.3	same	
1Sam.1.4	1Sam.1.4	same	
1Sam.1.5	1Sam.1.5	same	
1Sam.1.6	1Sam.1.6	same	
1Sam.1.7	1Sam.1.7	same	
1Sam.1.8	1Sam.1.8	same	
1Sam.1.9	1Sam.1.9	same	
1Sam.1.10	1Sam.1.10	same	
1Sam.1.11	1Sam.1.11	same	
1Sam.1.12	1Sam.1.12	same	
1Sam.1.13	1Sam.1.13	same	
1Sam.1.14	1Sam.1.14	same	
1Sam.1.15	1Sam.1.15	same	
1Sam.1.16	1Sam.1.16	same	
1Sam.1.17	1Sam.1.17	same	
1Sam.1.18	1Sam.1.18	same	
1Sam.1.19	1Sam.1.19	same	
1Sam.1.20	1Sam.1.20	same	
1Sam.1.21	1Sam.1.21	same	
1Sam.1.22	1Sam.1.22	same	
1Sam.1.23	1Sam.1.23	same	
1Sam.1.24	1Sam.1.24	same	
1Sam.1.25	1Sam.1.25	same	
1Sam.1.26	1Sam.1.26	same	
1Sam.1.27	1Sam.1.27	same	
1Sam.1.28	1Sam.1.28	same	
1Sam.2.1	1Sam.2.1	same	
1Sam.2.2	1Sam.2.2	same	
1Sam.2.3	1Sam.2.3	same	
1Sam.2.4	1Sam.2.4	same	
1Sam.2.5	1Sam.2.5	same	
1Sam.2.6	1Sam.2.6	same	
1Sam.2.7	1Sam.2.7	same	
1Sam.2.8	1Sam.2.8	same	
1Sam.2.9	1Sam.2.9	same	
1Sam.2.10	1Sam.2.10	same	
1Sam.2.11	1Sam.2.11	same	
1Sam.2.12	1Sam.2.12	same	
1Sam.2.13	1Sam.2.13	same	
1Sam.2.14	1Sam.2.14	same	
1Sam.2.15	1Sam.2.15	same	
1Sam.2.16	1Sam.2.16	same	
1Sam.2.17	1Sam.2.17	same	
1Sam.2.18	1Sam.2.18	same	
1Sam.2.19	1Sam.2.19	same	
1Sam.2.20	1Sam.2.20	same	
1Sam.2.21	1Sam.2.21	same	
1Sam.2.22	1Sam.2.22	same	
1Sam.2.23	1Sam.2.23	same	
1Sam.2.24	1Sam.2.24	same	
1Sam.2.25	1Sam.2.25	same	
1Sam.2.26	1Sam.2.26	same	
1Sam.2.27	1Sam.2.27	same	
1Sam.2.28	1Sam.2.28	same	
1Sam.2.29	1Sam.2.29	same	
1Sam.2.30	1Sam.2.30	same	
1Sam.2.31	1Sam.2.31	same	
1Sam.2.32	1Sam.2.32	same	
1Sam.2.33	1Sam.2.33	same	
1Sam.2.34	1Sam.2.34	same	
1Sam.2.35	1Sam.2.35	same	
1Sam.2.36	1Sam.2.36	same	
1Sam.3.1	1Sam.3.1	same	
1Sam.3.2	1Sam.3.2	same	
1Sam.3.3	1Sam.3.3	same	
1Sam.3.4	1Sam.3.4	same	
1Sam.3.5	1Sam.3.5	same	
1Sam.3.6	1Sam.3.6	same	
1Sam.3.7	1Sam.3.7	same	
1Sam.3.8	1Sam.3.8	same	
1Sam.3.9	1Sam.3.9	same	
1Sam.3.10	1Sam.3.10	same	
1Sam.3.11	1Sam.3.11	same	
1Sam.3.12	1Sam.3.12	same	
1Sam.3.13	1Sam.3.13	same	
1Sam.3.14	1Sam.3.14	same	
1Sam.3.15	1Sam.3.15	same	
1Sam.3.16	1Sam.3.16	same	
1Sam.3.17	1Sam.3.17	same	
1Sam.3.18	1Sam.3.18	same	
1Sam.3.19	1Sam.3.19	same	
1Sam.3.20	1Sam.3.20	same	
1Sam.3.21	1Sam.3.21	same	
1Sam.4.1	1Sam.4.1	same	
1Sam.4.2	1Sam.4.2	same	
1Sam.4.3	1Sam.4.3	same	
1Sam.4.4	1Sam.4.4	same	
1Sam.4.5	1Sam.4.5	same	
1Sam.4.6	1Sam.4.6	same	
1Sam.4.7	1Sam.4.7	same	
1Sam.4.8	1Sam.4.8	same	
1Sam.4.9	1Sam.4.9	same	
1Sam.4.10	1Sam.4.10	same	
1Sam.4.11	1Sam.4.11	same	
1Sam.4.12	1Sam.4.12	same	
1Sam.4.13	1Sam.4.13	same	
1Sam.4.14	1Sam.4.14	same	
1Sam.4.15	1Sam.4.15	same	
1Sam.4.16	1Sam.4.16	same	
1Sam.4.17	1Sam.4.17	same	
1Sam.4.18	1Sam.4.18	same	
1Sam.4.19	1Sam.4.19	same	
1Sam.4.20	1Sam.4.20	same	
1Sam.4.21	1Sam.4.21	same	
1Sam.5.1	1Sam.5.1	same	
1Sam.5.2	1Sam.5.2	same	
1Sam.5.3	1Sam.5.3	same	
1Sam.5.4	1Sam.5.4	same	
1Sam.5.5	1Sam.5.5	same	
1Sam.5.6	1Sam.5.6	same	
1Sam.5.7	1Sam.5.7	same	
1Sam.5.8	1Sam.5.8	same	
1Sam.5.9	1Sam.5.9	same	
1Sam.5.10	1Sam.5.10	same	
1Sam.5.11	1Sam.5.11	same	
1Sam.5.12	1Sam.5.12	same	
1Sam.6.1	1Sam.6.1	same	
1Sam.6.2	1Sam.6.2	same	
1Sam.6.3	1Sam.6.3	same	
1Sam.6.4	1Sam.6.4	same	
1Sam.6.5	1Sam.6.5	same	
1Sam.6.6	1Sam.6.6	same	
1Sam.6.7	1Sam.6.7	same	
1Sam.6.8	1Sam.6.8	same	
1Sam.6.9	1Sam.6.9	same	
1Sam.6.10	1Sam.6.10	same	
1Sam.6.11	1Sam.6.11	same	
1Sam.6.12	1Sam.6.12	same	
1Sam.6.13	1Sam.6.13	same	
1Sam.6.14	1Sam.6.14	same	
1Sam.6.15	1Sam.6.15	same	
1Sam.6.16	1Sam.6.16	same	
1Sam.6.17	1Sam.6.17	same	
1Sam.6.18	1Sam.6.18	same	
1Sam.6.19	1Sam.6.19	same	
1Sam.6.20	1Sam.6.20	same	
1Sam.6.21	1Sam.6.21	same	
1Sam.7.1	1Sam.7.1	same	
1Sam.7.2	1Sam.7.2	same	
1Sam.7.3	1Sam.7.3	same	
1Sam.7.4	1Sam.7.4	same	
1Sam.7.5	1Sam.7.5	same	
1Sam.7.6	1Sam.7.6	same	
1Sam.7.7	1Sam.7.7	same	
1Sam.7.8	1Sam.7.8	same	
1Sam.7.9	1Sam.7.9	same	
1Sam.7.10	1Sam.7.10	same	
1Sam.7.11	1Sam.7.11	same	
1Sam.7.12	1Sam.7.12	same	
1Sam.7.13	1Sam.7.13	same	
1Sam.7.14	1Sam.7.14	same	
1Sam.7.15	1Sam.7.15	same	
1Sam.7.16	1Sam.7.16	same	
1Sam.7.17	1Sam.7.17	same	
1Sam.8.1	1Sam.8.1	same	
1Sam.8.2	1Sam.8.2	same	
1Sam.8.3	1Sam.8.3	same	
1Sam.8.4	1Sam.8.4	same	
1Sam.8.5	1Sam.8.5	same	
1Sam.8.6	1Sam.8.6	same	
1Sam.8.7	1Sam.8.7	same	
1Sam.8.8	1Sam.8.8	same	
1Sam.8.9	1Sam.8.9	same	
1Sam.8.10	1Sam.8.10	same	
1Sam.8.11	1Sam.8.11	same	
1Sam.8.12	1Sam.8.12	same	
1Sam.8.13	1Sam.8.13	same	
1Sam.8.14	1Sam.8.14	same	
1Sam.8.15	1Sam.8.15	same	
1Sam.8.16	1Sam.8.16	same	
1Sam.8.17	1Sam.8.17	same	
1Sam.8.18	1Sam.8.18	same	
1Sam.8.19	1Sam.8.19	same	
1Sam.8.20	1Sam.8.20	same	
1Sam.8.21	1Sam.8.21	same	
1Sam.9.1	1Sam.9.1	same	
1Sam.9.2	1Sam.9.2	same	
1Sam.9.3	1Sam.9.3	same	
1Sam.9.4	1Sam.9.4	same	
1Sam.9.5	1Sam.9.5	same	
1Sam.9.6	1Sam.9.6	same	
1Sam.9.7	1Sam.9.7	same	
1Sam.9.8	1Sam.9.8	same	
1Sam.9.9	1Sam.9.9	same	
1Sam.9.10	1Sam.9.10	same	
1Sam.9.11	1Sam.9.11	same	
1Sam.9.12	1Sam.9.12	same	
1Sam.9.13	1Sam.9.13	same	
1Sam.9.14	1Sam.9.14	same	
1Sam.9.15	1Sam.9.15	same	
1Sam.9.16	1Sam.9.16	same	
1Sam.9.17	1Sam.9.17	same	
1Sam.9.18	1Sam.9.18	same	
1Sam.9.19	1Sam.9.19	same	
1Sam.9.20	1Sam.9.20	same	
1Sam.9.21	1Sam.9.21	same	
1Sam.9.22	1Sam.9.22	same	
1Sam.9.23	1Sam.9.23	same	
1Sam.9.24	1Sam.9.24	same	
1Sam.9.25	1Sam.9.25	same	
1Sam.9.26	1Sam.9.26	same	
1Sam.9.27	1Sam.9.27	same	
1Sam.10.1	1Sam.10.1	same	
1Sam.10.2	1Sam.10.2	same	
1Sam.10.3	1Sam.10.3	same	
1Sam.10.4	1Sam.10.4	same	
1Sam.10.5	1Sam.10.5	same	
1Sam.10.6	1Sam.10.6	same	
1Sam.10.7	1Sam.10.7	same	
1Sam.10.8	1Sam.10.8	same	
1Sam.10.9	1Sam.10.9	same	
1Sam.10.10	1Sam.10.10	same	
1Sam.10.11	1Sam.10.11	same	
1Sam.10.12	1Sam.10.12	same	
1Sam.10.13	1Sam.10.13	same	
1Sam.10.14	1Sam.10.14	same	
1Sam.10.15	1Sam.10.15	same	
1Sam.10.16	1Sam.10.16	same	
1Sam.10.17	1Sam.10.17	same	
1Sam.10.18	1Sam.10.18	same	
1Sam.10.19	1Sam.10.19	same	
1Sam.10.20	1Sam.10.20	same	
1Sam.10.21	1Sam.10.21	same	
1Sam.10.22	1Sam.10.22	same	
1Sam.10.23	1Sam.10.23	same	
1Sam.10.24	1Sam.10.24	same	
1Sam.10.25	1Sam.10.25	same	
1Sam.10.26	1Sam.10.26	same	
1Sam.10.27	1Sam.10.27	same	
1Sam.11.1	1Sam.11.1	same	
1Sam.11.2	1Sam.11.2	same	
1Sam.11.3	1Sam.11.3	same	
1Sam.11.4	1Sam.11.4	same	
1Sam.11.5	1Sam.11.5	same	
1Sam.11.6	1Sam.11.6	same	
1Sam.11.7	1Sam.11.7	same	
1Sam.11.8	1Sam.11.8	same	
1Sam.11.9	1Sam.11.9	same	
1Sam.11.10	1Sam.11.10	same	
1Sam.11.11	1Sam.11.11	same	
1Sam.11.12	1Sam.11.12	same	
1Sam.11.13	1Sam.11.13	same	
1Sam.11.14	1Sam.11.14	same	
1Sam.11.15	1Sam.11.15	same	
1Sam.12.1	1Sam.12.1	same	
1Sam.12.2	1Sam.12.2	same	
1Sam.12.3	1Sam.12.3	same	
1Sam.12.4	1Sam.12.4	same	
1Sam.12.5	1Sam.12.5	same	
1Sam.12.6	1Sam.12.6	same	
1Sam.12.7	1Sam.12.7	same	
1Sam.12.8	1Sam.12.8	same	
1Sam.12.9	1Sam.12.9	same	
1Sam.12.10	1Sam.12.10	same	
1Sam.12.11	1Sam.12.11	same	
1Sam.12.12	1Sam.12.12	same	
1Sam.12.13	1Sam.12.13	same	
1Sam.12.14	1Sam.12.14	same	
1Sam.12.15	1Sam.12.15	same	
1Sam.12.16	1Sam.12.16	same	
1Sam.12.17	1Sam.12.17	same	
1Sam.12.18	1Sam.12.18	same	
1Sam.12.19	1Sam.12.19	same	
1Sam.12.20	1Sam.12.20	same	
1Sam.12.21	1Sam.12.21	same	
1Sam.12.22	1Sam.12.22	same	
1Sam.12.23	1Sam.12.23	same	
1Sam.12.24	1Sam.12.24	same	
1Sam.12.25	1Sam.12.25	same	
1Sam.13.2	1Sam.13.2	same	
1Sam.13.3	1Sam.13.3	same	
1Sam.13.4	1Sam.13.4	same	
1Sam.13.5	1Sam.13.5	same	
1Sam.13.6	1Sam.13.6	same	
1Sam.13.7	1Sam.13.7	same	
1Sam.13.8	1Sam.13.8	same	
1Sam.13.9	1Sam.13.9	same	
1Sam.13.10	1Sam.13.10	same	
1Sam.13.11	1Sam.13.11	same	
1Sam.13.12	1Sam.13.12	same	
1Sam.13.13	1Sam.13.13	same	
1Sam.13.14	1Sam.13.14	same	
1Sam.13.15	1Sam.13.15	same	
1Sam.13.16	1Sam.13.16	same	
1Sam.13.17	1Sam.13.17	same	
1Sam.13.18	1Sam.13.18	same	
1Sam.13.19	1Sam.13.19	same	
1Sam.13.20	1Sam.13.20	same	
1Sam.13.21	1Sam.13.21	same	
1Sam.14.1	1Sam.14.1	same	
1Sam.14.2	1Sam.14.2	same	
1Sam.14.3	1Sam.14.3	same	
1Sam.14.4	1Sam.14.4	same	
1Sam.14.5	1Sam.14.5	same	
1Sam.14.6	1Sam.14.6	same	
1Sam.14.7	1Sam.14.7	same	
1Sam.14.8	1Sam.14.8	same	
1Sam.14.9	1Sam.14.9	same	
1Sam.14.10	1Sam.14.10	same	
1Sam.14.11	1Sam.14.11	same	
1Sam.14.12	1Sam.14.12	same	
1Sam.14.13	1Sam.14.13	same	
1Sam.14.14	1Sam.14.14	same	
1Sam.14.15	1Sam.14.15	same	
1Sam.14.16	1Sam.14.16	same	
1Sam.14.17	1Sam.14.17	same	
1Sam.14.18	1Sam.14.18	same	
1Sam.14.19	1Sam.14.19	same	
1Sam.14.20	1Sam.14.20	same	
1Sam.14.21	1Sam.14.21	same	
1Sam.14.22	1Sam.14.22	same	
1Sam.14.23	1Sam.14.23	same	
1Sam.14.24	1Sam.14.24	same	
1Sam.14.25	1Sam.14.25	same	
1Sam.14.26	1Sam.14.26	same	
1Sam.14.27	1Sam.14.27	same	
1Sam.14.28	1Sam.14.28	same	
1Sam.14.29	1Sam.14.29	same	
1Sam.14.30	1Sam.14.30	same	
1Sam.14.31	1Sam.14.31	same	
1Sam.14.32	1Sam.14.32	same	
1Sam.14.33	1Sam.14.33	same	
1Sam.14.34	1Sam.14.34	same	
1Sam.14.35	1Sam.14.35	same	
1Sam.14.36	1Sam.14.36	same	
1Sam.14.37	1Sam.14.37	same	
1Sam.14.38	1Sam.14.38	same	
1Sam.14.39	1Sam.14.39	same	
1Sam.14.40	1Sam.14.40	same	
1Sam.14.41	1Sam.14.41	same	
1Sam.14.42	1Sam.14.42	same	
1Sam.14.43	1Sam.14.43	same	
1Sam.14.44	1Sam.14.44	same	
1Sam.14.45	1Sam.14.45	same	
1Sam.14.46	1Sam.14.46	same	
1Sam.14.47	1Sam.14.47	same	
1Sam.14.48	1Sam.14.48	same	
1Sam.14.49	1Sam.14.49	same	
1Sam.14.50	1Sam.14.50	same	
1Sam.14.51	1Sam.14.51	same	
1Sam.15.1	1Sam.15.1	same	
1Sam.15.2	1Sam.15.2	same	
1Sam.15.3	1Sam.15.3	same	
1Sam.15.4	1Sam.15.4	same	
1Sam.15.5	1Sam.15.5	same	
1Sam.15.6	1Sam.15.6	same	
1Sam.15.7	1Sam.15.7	same	
1Sam.15.8	1Sam.15.8	same	
1Sam.15.9	1Sam.15.9	same	
1Sam.15.10	1Sam.15.10	same	
1Sam.15.11	1Sam.15.11	same	
1Sam.15.12	1Sam.15.12	same	
1Sam.15.13	1Sam.15.13	same	
1Sam.15.14	1Sam.15.14	same	
1Sam.15.15	1Sam.15.15	same	
1Sam.15.16	1Sam.15.16	same	
1Sam.15.17	1Sam.15.17	same	
1Sam.15.18	1Sam.15.18	same	
1Sam.15.19	1Sam.15.19	same	
1Sam.15.20	1Sam.15.20	same	
1Sam.15.21	1Sam.15.21	same	
1Sam.15.22	1Sam.15.22	same	
1Sam.15.23	1Sam.15.23	same	
1Sam.15.24	1Sam.15.24	same	
1Sam.15.25	1Sam.15.25	same	
1Sam.15.26	1Sam.15.26	same	
1Sam.15.27	1Sam.15.27	same	
1Sam.15.28	1Sam.15.28	same	
1Sam.15.29	1Sam.15.29	same	
1Sam.15.30	1Sam.15.30	same	
1Sam.15.31	1Sam.15.31	same	
1Sam.15.32	1Sam.15.32	same	
1Sam.15.33	1Sam.15.33	same	
1Sam.15.34	1Sam.15.34	same	
1Sam.15.35	1Sam.15.35	same	
1Sam.16.1	1Sam.16.1	same	
1Sam.16.2	1Sam.16.2	same	
1Sam.16.3	1Sam.16.3	same	
1Sam.16.4	1Sam.16.4	same	
1Sam.16.5	1Sam.16.5	same	
1Sam.16.6	1Sam.16.6	same	
1Sam.16.7	1Sam.16.7	same	
1Sam.16.8	1Sam.16.8	same	
1Sam.16.9	1Sam.16.9	same	
1Sam.16.10	1Sam.16.10	same	
1Sam.16.11	1Sam.16.11	same	
1Sam.16.12	1Sam.16.12	same	
1Sam.16.13	1Sam.16.13	same	
1Sam.16.14	1Sam.16.14	same	
1Sam.16.15	1Sam.16.15	same	
1Sam.16.16	1Sam.16.16	same	
1Sam.16.17	1Sam.16.17	same	
1Sam.16.18	1Sam.16.18	same	
1Sam.16.19	1Sam.16.19	same	
1Sam.16.20	1Sam.16.20	same	
1Sam.16.21	1Sam.16.21	same	
1Sam.16.22	1Sam.16.22	same	
1Sam.16.23	1Sam.16.23	same	
1Sam.17.1	1Sam.17.1	same	
1Sam.17.2	1Sam.17.2	same	
1Sam.17.3	1Sam.17.3	same	
1Sam.17.4	1Sam.17.4	same	
1Sam.17.5	1Sam.17.5	same	
1Sam.17.6	1Sam.17.6	same	
1Sam.17.7	1Sam.17.7	same	
1Sam.17.8	1Sam.17.8	same	
1Sam.17.9	1Sam.17.9	same	
1Sam.17.10	1Sam.17.10	same	
1Sam.17.11	1Sam.17.11	same	
1Sam.17.32	1Sam.17.32	same	
1Sam.17.33	1Sam.17.33	same	
1Sam.17.34	1Sam.17.34	same	
1Sam.17.35	1Sam.17.35	same	
1Sam.17.36	1Sam.17.36	same	
1Sam.17.37	1Sam.17.37	same	
1Sam.17.38	1Sam.17.38	same	
1Sam.17.39	1Sam.17.39	same	
1Sam.17.40	1Sam.17.40	same	
1Sam.17.41	1Sam.17.41	same	
1Sam.17.42	1Sam.17.42	same	
1Sam.17.43	1Sam.17.43	same	
1Sam.17.44	1Sam.17.44	same	
1Sam.17.45	1Sam.17.45	same	
1Sam.17.46	1Sam.17.46	same	
1Sam.17.47	1Sam.17.47	same	
1Sam.17.48	1Sam.17.48	same	
1Sam.17.49	1Sam.17.49	same	
1Sam.17.51	1Sam.17.51	same	
1Sam.17.52	1Sam.17.52	same	
1Sam.17.53	1Sam.17.53	same	
1Sam.17.54	1Sam.17.54	same	
1Sam.18.6	1Sam.18.6	same	
1Sam.18.7	1Sam.18.7	same	
1Sam.18.8	1Sam.18.8	same	
1Sam.18.9	1Sam.18.9	same	
1Sam.18.12	1Sam.18.12	same	
1Sam.18.13	1Sam.18.13	same	
1Sam.18.14	1Sam.18.14	same	
1Sam.18.15	1Sam.18.15	same	
1Sam.18.16	1Sam.18.16	same	
1Sam.18.20	1Sam.18.20	same	
1Sam.18.21	1Sam.18.21	same	
1Sam.18.22	1Sam.18.22	same	
1Sam.18.23	1Sam.18.23	same	
1Sam.18.24	1Sam.18.24	same	
1Sam.18.25	1Sam.18.25	same	
1Sam.18.26	1Sam.18.26	same	
1Sam.18.27	1Sam.18.27	same	
1Sam.18.28	1Sam.18.28	same	
1Sam.19.1	1Sam.19.1	same	
1Sam.19.2	1Sam.19.2	same	
1Sam.19.3	1Sam.19.3	same	
1Sam.19.4	1Sam.19.4	same	
1Sam.19.5	1Sam.19.5	same	
1Sam.19.6	1Sam.19.6	same	
1Sam.19.7	1Sam.19.7	same	
1Sam.19.8	1Sam.19.8	same	
1Sam.19.9	1Sam.19.9	same	
1Sam.19.10	1Sam.19.10	same	
1Sam.19.11	1Sam.19.11	same	
1Sam.19.12	1Sam.19.12	same	
1Sam.19.13	1Sam.19.13	same	
1Sam.19.14	1Sam.19.14	same	
1Sam.19.15	1Sam.19.15	same	
1Sam.19.16	1Sam.19.16	same	
1Sam.19.17	1Sam.19.17	same	
1Sam.19.18	1Sam.19.18	same	
1Sam.19.19	1Sam.19.19	same	
1Sam.19.20	1Sam.19.20	same	
1Sam.19.21	1Sam.19.21	same	
1Sam.19.22	1Sam.19.22	same	
1Sam.19.23	1Sam.19.23	same	
1Sam.19.24	1Sam.19.24	same	
1Sam.20.1	1Sam.20.1	same	
1Sam.20.2	1Sam.20.2	same	
1Sam.20.3	1Sam.20.3	same	
1Sam.20.4	1Sam.20.4	same	
1Sam.20.5	1Sam.20.5	same	
1Sam.20.6	1Sam.20.6	same	
1Sam.20.7	1Sam.20.7	same	
1Sam.20.8	1Sam.20.8	same	
1Sam.20.9	1Sam.20.9	same	
1Sam.20.10	1Sam.20.10	same	
1Sam.20.11	1Sam.20.11	same	
1Sam.20.12	1Sam.20.12	same	
1Sam.20.13	1Sam.20.13	same	
1Sam.20.14	1Sam.20.14	same	
1Sam.20.15	1Sam.20.15	same	
1Sam.20.16	1Sam.20.16	same	
1Sam.20.17	1Sam.20.17	same	
1Sam.20.18	1Sam.20.18	same	
1Sam.20.19	1Sam.20.19	same	
1Sam.20.20	1Sam.20.20	same	
1Sam.20.21	1Sam.20.21	same	
1Sam.20.22	1Sam.20.22	same	
1Sam.20.23	1Sam.20.23	same	
1Sam.20.24	1Sam.20.24	same	
1Sam.20.25	1Sam.20.25	same	
1Sam.20.26	1Sam.20.26	same	
1Sam.20.27	1Sam.20.27	same	
1Sam.20.28	1Sam.20.28	same	
1Sam.20.29	1Sam.20.29	same	
1Sam.20.30	1Sam.20.30	same	
1Sam.20.31	1Sam.20.31	same	
1Sam.20.32	1Sam.20.32	same	
1Sam.20.33	1Sam.20.33	same	
1Sam.20.34	1Sam.20.34	same	
1Sam.20.35	1Sam.20.35	same	
1Sam.20.36	1Sam.20.36	same	
1Sam.20.37	1Sam.20.37	same	
1Sam.20.38	1Sam.20.38	same	
1Sam.20.39	1Sam.20.39	same	
1Sam.20.40	1Sam.20.40	same	
1Sam.20.41	1Sam.20.41	same	
1Sam.20.42	1Sam.20.42	part	Renumber verse (another tradition's pattern)
1Sam.20.43	1Sam.20.42	part	DividedPrev verse (another tradition's pattern)
1Sam.21.1	1Sam.21.1	same	Keep verse
1Sam.21.2	1Sam.21.2	same	Keep verse (another tradition's pattern)
1Sam.21.3	1Sam.21.3	same	Keep verse (another tradition's pattern)
1Sam.21.4	1Sam.21.4	same	Keep verse (another tradition's pattern)
1Sam.21.5	1Sam.21.5	same	Keep verse (another tradition's pattern)
1Sam.21.6	1Sam.21.6	same	Keep verse (another tradition's pattern)
1Sam.21.7	1Sam.21.7	same	Keep verse (another tradition's pattern)
1Sam.21.8	1Sam.21.8	same	Keep verse (another tradition's pattern)
1Sam.21.9	1Sam.21.9	same	Keep verse (another tradition's pattern)
1Sam.21.10	1Sam.21.10	same	Keep verse (another tradition's pattern)
1Sam.21.11	1Sam.21.11	same	Keep verse (another tradition's pattern)
1Sam.21.12	1Sam.21.12	same	Keep verse (another tradition's pattern)
1Sam.21.13	1Sam.21.13	same	Keep verse (another tradition's pattern)
1Sam.21.14	1Sam.21.14	same	Keep verse (another tradition's pattern)
1Sam.21.15	1Sam.21.15	same	Keep verse (another tradition's pattern)
1Sam.22.1	1Sam.22.1	same	
1Sam.22.2	1Sam.22.2	same	
1Sam.22.3	1Sam.22.3	same	
1Sam.22.4	1Sam.22.4	same	
1Sam.22.5	1Sam.22.5	same	
1Sam.22.6	1Sam.22.6	same	
1Sam.22.7	1Sam.22.7	same	
1Sam.22.8	1Sam.22.8	same	
1Sam.22.9	1Sam.22.9	same	
1Sam.22.10	1Sam.22.10	same	
1Sam.22.11	1Sam.22.11	same	
1Sam.22.12	1Sam.22.12	same	
1Sam.22.13	1Sam.22.13	same	
1Sam.22.14	1Sam.22.14	same	
1Sam.22.15	1Sam.22.15	same	
1Sam.22.16	1Sam.22.16	same	
1Sam.22.17	1Sam.22.17	same	
1Sam.22.18	1Sam.22.18	same	
1Sam.22.19	1Sam.22.19	same	
1Sam.22.20	1Sam.22.20	same	
1Sam.22.21	1Sam.22.21	same	
1Sam.22.22	1Sam.22.22	same	
1Sam.22.23	1Sam.22.23	same	
1Sam.23.1	1Sam.23.1	same	
1Sam.23.2	1Sam.23.2	same	
1Sam.23.3	1Sam.23.3	same	
1Sam.23.4	1Sam.23.4	same	
1Sam.23.5	1Sam.23.5	same	
1Sam.23.6	1Sam.23.6	same	
1Sam.23.7	1Sam.23.7	same	
1Sam.23.8	1Sam.23.8	same	
1Sam.23.9	1Sam.23.9	same	
1Sam.23.10	1Sam.23.10	same	
1Sam.23.11	1Sam.23.11	same	
1Sam.23.12	1Sam.23.12	same	
1Sam.23.13	1Sam.23.13	same	
1Sam.23.14	1Sam.23.14	same	
1Sam.23.15	1Sam.23.15	same	
1Sam.23.16	1Sam.23.16	same	
1Sam.23.17	1Sam.23.17	same	
1Sam.23.18	1Sam.23.18	same	
1Sam.23.19	1Sam.23.19	same	
1Sam.23.20	1Sam.23.20	same	
1Sam.23.21	1Sam.23.21	same	
1Sam.23.22	1Sam.23.22	same	
1Sam.23.23	1Sam.23.23	same	
1Sam.23.24	1Sam.23.24	same	
1Sam.23.25	1Sam.23.25	same	
1Sam.23.26	1Sam.23.26	same	
1Sam.23.27	1Sam.23.27	same	
1Sam.23.28	1Sam.23.28	same	
1Sam.24.1	1Sam.23.29	renumbered	Renumber verse
1Sam.24.2	1Sam.24.1	renumbered	Renumber verse
1Sam.24.3	1Sam.24.2	renumbered	Renumber verse
1Sam.24.4	1Sam.24.3	renumbered	Renumber verse
1Sam.24.5	1Sam.24.4	renumbered	Renumber verse
1Sam.24.6	1Sam.24.5	renumbered	Renumber verse
1Sam.24.7	1Sam.24.6	renumbered	Renumber verse
1Sam.24.8	1Sam.24.7	renumbered	Renumber verse
1Sam.24.9	1Sam.24.8	renumbered	Renumber verse
1Sam.24.10	1Sam.24.9	renumbered	Renumber verse
1Sam.24.11	1Sam.24.10	renumbered	Renumber verse
1Sam.24.12	1Sam.24.11	renumbered	Renumber verse
1Sam.24.13	1Sam.24.12	renumbered	Renumber verse
1Sam.24.14	1Sam.24.13	renumbered	Renumber verse
1Sam.24.15	1Sam.24.14	renumbered	Renumber verse
1Sam.24.16	1Sam.24.15	renumbered	Renumber verse
1Sam.24.17	1Sam.24.16	renumbered	Renumber verse
1Sam.24.18	1Sam.24.17	renumbered	Renumber verse
1Sam.24.19	1Sam.24.18	renumbered	Renumber verse
1Sam.24.20	1Sam.24.19	renumbered	Renumber verse
1Sam.24.21	1Sam.24.20	renumbered	Renumber verse
1Sam.24.22	1Sam.24.21	renumbered	Renumber verse
1Sam.24.23	1Sam.24.22	renumbered	Renumber verse
1Sam.25.1	1Sam.25.1	same	
1Sam.25.2	1Sam.25.2	same	
1Sam.25.3	1Sam.25.3	same	
1Sam.25.4	1Sam.25.4	same	
1Sam.25.5	1Sam.25.5	same	
1Sam.25.6	1Sam.25.6	same	
1Sam.25.7	1Sam.25.7	same	
1Sam.25.8	1Sam.25.8	same	
1Sam.25.9	1Sam.25.9	same	
1Sam.25.10	1Sam.25.10	same	
1Sam.25.11	1Sam.25.11	same	
1Sam.25.12	1Sam.25.12	same	
1Sam.25.13	1Sam.25.13	same	
1Sam.25.14	1Sam.25.14	same	
1Sam.25.15	1Sam.25.15	same	
1Sam.25.16	1Sam.25.16	same	
1Sam.25.17	1Sam.25.17	same	
1Sam.25.18	1Sam.25.18	same	
1Sam.25.19	1Sam.25.19	same	
1Sam.25.20	1Sam.25.20	same	
1Sam.25.21	1Sam.25.21	same	
1Sam.25.22	1Sam.25.22	same	
1Sam.25.23	1Sam.25.23	same	
1Sam.25.24	1Sam.25.24	same	
1Sam.25.25	1Sam.25.25	same	
1Sam.25.26	1Sam.25.26	same	
1Sam.25.27	1Sam.25.27	same	
1Sam.25.28	1Sam.25.28	same	
1Sam.25.29	1Sam.25.29	same	
1Sam.25.30	1Sam.25.30	same	
1Sam.25.31	1Sam.25.31	same	
1Sam.25.32	1Sam.25.32	same	
1Sam.25.33	1Sam.25.33	same	
1Sam.25.34	1Sam.25.34	same	
1Sam.25.35	1Sam.25.35	same	
1Sam.25.36	1Sam.25.36	same	
1Sam.25.37	1Sam.25.37	same	
1Sam.25.38	1Sam.25.38	same	
1Sam.25.39	1Sam.25.39	same	
1Sam.25.40	1Sam.25.40	same	
1Sam.25.41	1Sam.25.41	same	
1Sam.25.42	1Sam.25.42	same	
1Sam.25.43	1Sam.25.43	same	
1Sam.26.1	1Sam.26.1	same	
1Sam.26.2	1Sam.26.2	same	
1Sam.26.3	1Sam.26.3	same	
1Sam.26.4	1Sam.26.4	same	
1Sam.26.5	1Sam.26.5	same	
1Sam.26.6	1Sam.26.6	same	
1Sam.26.7	1Sam.26.7	same	
1Sam.26.8	1Sam.26.8	same	
1Sam.26.9	1Sam.26.9	same	
1Sam.26.10	1Sam.26.10	same	
1Sam.26.11	1Sam.26.11	same	
1Sam.26.12	1Sam.26.12	same	
1Sam.26.13	1Sam.26.13	same	
1Sam.26.14	1Sam.26.14	same	
1Sam.26.15	1Sam.26.15	same	
1Sam.26.16	1Sam.26.16	same	
1Sam.26.17	1Sam.26.17	same	
1Sam.26.18	1Sam.26.18	same	
1Sam.26.19	1Sam.26.19	same	
1Sam.26.20	1Sam.26.20	same	
1Sam.26.21	1Sam.26.21	same	
1Sam.26.22	1Sam.26.22	same	
1Sam.26.23	1Sam.26.23	same	
1Sam.26.24	1Sam.26.24	same	
1Sam.26.25	1Sam.26.25	same	
1Sam.27.1	1Sam.27.1	same	
1Sam.27.2	1Sam.27.2	same	
1Sam.27.3	1Sam.27.3	same	
1Sam.27.4	1Sam.27.4	same	
1Sam.27.5	1Sam.27.5	same	
1Sam.27.6	1Sam.27.6	same	
1Sam.27.7	1Sam.27.7	same	
1Sam.27.8	1Sam.27.8	same	
1Sam.27.9	1Sam.27.9	same	
1Sam.27.10	1Sam.27.10	same	
1Sam.27.11	1Sam.27.11	same	
1Sam.27.12	1Sam.27.12	same	
1Sam.28.1	1Sam.28.1	same	
1Sam.28.2	1Sam.28.2	same	
1Sam.28.3	1Sam.28.3	same	
1Sam.28.4	1Sam.28.4	same	
1Sam.28.5	1Sam.28.5	same	
1Sam.28.6	1Sam.28.6	same	
1Sam.28.7	1Sam.28.7	same	
1Sam.28.8	1Sam.28.8	same	
1Sam.28.9	1Sam.28.9	same	
1Sam.28.10	1Sam.28.10	same	
1Sam.28.11	1Sam.28.11	same	
1Sam.28.12	1Sam.28.12	same	
1Sam.28.13	1Sam.28.13	same	
1Sam.28.14	1Sam.28.14	same	
1Sam.28.15	1Sam.28.15	same	
1Sam.28.16	1Sam.28.16	same	
1Sam.28.17	1Sam.28.17	same	
1Sam.28.18	1Sam.28.18	same	
1Sam.28.19	1Sam.28.19	same	
1Sam.28.20	1Sam.28.20	same	
1Sam.28.21	1Sam.28.21	same	
1Sam.28.22	1Sam.28.22	same	
1Sam.28.23	1Sam.28.23	same	
1Sam.28.24	1Sam.28.24	same	
1Sam.28.25	1Sam.28.25	same	
1Sam.29.1	1Sam.29.1	same	
1Sam.29.2	1Sam.29.2	same	
1Sam.29.3	1Sam.29.3	same	
1Sam.29.4	1Sam.29.4	same	
1Sam.29.5	1Sam.29.5	same	
1Sam.29.6	1Sam.29.6	same	
1Sam.29.7	1Sam.29.7	same	
1Sam.29.8	1Sam.29.8	same	
1Sam.29.9	1Sam.29.9	same	
1Sam.29.10	1Sam.29.10	same	
1Sam.29.11	1Sam.29.11	same	
1Sam.30.1	1Sam.30.1	same	
1Sam.30.2	1Sam.30.2	same	
1Sam.30.3	1Sam.30.3	same	
1Sam.30.4	1Sam.30.4	same	
1Sam.30.5	1Sam.30.5	same	
1Sam.30.6	1Sam.30.6	same	
1Sam.30.7	1Sam.30.7	same	
1Sam.30.8	1Sam.30.8	same	
1Sam.30.9	1Sam.30.9	same	
1Sam.30.10	1Sam.30.10	same	
1Sam.30.11	1Sam.30.11	same	
1Sam.30.12	1Sam.30.12	same	
1Sam.30.13	1Sam.30.13	same	
1Sam.30.14	1Sam.30.14	same	
1Sam.30.15	1Sam.30.15	same	
1Sam.30.16	1Sam.30.16	same	
1Sam.30.17	1Sam.30.17	same	
1Sam.30.18	1Sam.30.18	same	
1Sam.30.19	1Sam.30.19	same	
1Sam.30.20	1Sam.30.20	same	
1Sam.30.21	1Sam.30.21	same	
1Sam.30.22	1Sam.30.22	same	
1Sam.30.23	1Sam.30.23	same	
1Sam.30.24	1Sam.30.24	same	
1Sam.30.25	1Sam.30.25	same	
1Sam.30.26	1Sam.30.26	same	
1Sam.30.27	1Sam.30.27	same	
1Sam.30.28	1Sam.30.28	same	
1Sam.30.29	1Sam.30.29	same	
1Sam.30.30	1Sam.30.30	same	
1Sam.30.31	1Sam.30.31	same	
1Sam.31.1	1Sam.31.1	same	
1Sam.31.2	1Sam.31.2	same	
1Sam.31.3	1Sam.31.3	same	
1Sam.31.4	1Sam.31.4	same	
1Sam.31.5	1Sam.31.5	same	
1Sam.31.6	1Sam.31.6	same	
1Sam.31.7	1Sam.31.7	same	
1Sam.31.8	1Sam.31.8	same	
1Sam.31.9	1Sam.31.9	same	
1Sam.31.10	1Sam.31.10	same	
1Sam.31.11	1Sam.31.11	same	
1Sam.31.12	1Sam.31.12	same	
1Sam.31.13	1Sam.31.13	same	
2Sam.1.1	2Sam.1.1	same	
2Sam.1.2	2Sam.1.2	same	
2Sam.1.3	2Sam.1.3	same	
2Sam.1.4	2Sam.1.4	same	
2Sam.1.5	2Sam.1.5	same	
2Sam.1.6	2Sam.1.6	same	
2Sam.1.7	2Sam.1.7	same	
2Sam.1.8	2Sam.1.8	same	
2Sam.1.9	2Sam.1.9	same	
2Sam.1.10	2Sam.1.10	same	
2Sam.1.11	2Sam.1.11	same	
2Sam.1.12	2Sam.1.12	same	
2Sam.1.13	2Sam.1.13	same	
2Sam.1.14	2Sam.1.14	same	
2Sam.1.15	2Sam.1.15	same	
2Sam.1.16	2Sam.1.16	same	
2Sam.1.17	2Sam.1.17	same	
2Sam.1.18	2Sam.1.18	same	
2Sam.1.19	2Sam.1.19	same	
2Sam.1.20	2Sam.1.20	same	
2Sam.1.21	2Sam.1.21	same	
2Sam.1.22	2Sam.1.22	same	
2Sam.1.23	2Sam.1.23	same	
2Sam.1.24	2Sam.1.24	same	
2Sam.1.25	2Sam.1.25	same	
2Sam.1.26	2Sam.1.26	same	
2Sam.1.27	2Sam.1.27	same	
2Sam.2.1	2Sam.2.1	same	
2Sam.2.2	2Sam.2.2	same	
2Sam.2.3	2Sam.2.3	same	
2Sam.2.4	2Sam.2.4	same	
2Sam.2.5	2Sam.2.5	same	
2Sam.2.6	2Sam.2.6	same	
2Sam.2.7	2Sam.2.7	same	
2Sam.2.8	2Sam.2.8	same	
2Sam.2.9	2Sam.2.9	same	
2Sam.2.10	2Sam.2.10	same	
2Sam.2.11	2Sam.2.11	same	
2Sam.2.12	2Sam.2.12	same	
2Sam.2.13	2Sam.2.13	same	
2Sam.2.14	2Sam.2.14	same	
2Sam.2.15	2Sam.2.15	same	
2Sam.2.16	2Sam.2.16	same	
2Sam.2.17	2Sam.2.17	same	
2Sam.2.18	2Sam.2.18	same	
2Sam.2.19	2Sam.2.19	same	
2Sam.2.20	2Sam.2.20	same	
2Sam.2.21	2Sam.2.21	same	
2Sam.2.22	2Sam.2.22	same	
2Sam.2.23	2Sam.2.23	same	
2Sam.2.24	2Sam.2.24	same	
2Sam.2.25	2Sam.2.25	same	
2Sam.2.26	2Sam.2.26	same	
2Sam.2.27	2Sam.2.27	same	
2Sam.2.28	2Sam.2.28	same	
2Sam.2.29	2Sam.2.29	same	
2Sam.2.30	2Sam.2.30	same	
2Sam.2.31	2Sam.2.31	same	
2Sam.2.32	2Sam.2.32	same	
2Sam.3.1	2Sam.3.1	same	
2Sam.3.2	2Sam.3.2	same	
2Sam.3.3	2Sam.3.3	same	
2Sam.3.4	2Sam.3.4	same	
2Sam.3.5	2Sam.3.5	same	
2Sam.3.6	2Sam.3.6	same	
2Sam.3.7	2Sam.3.7	same	
2Sam.3.8	2Sam.3.8	same	
2Sam.3.9	2Sam.3.9	same	
2Sam.3.10	2Sam.3.10	same	
2Sam.3.11	2Sam.3.11	same	
2Sam.3.12	2Sam.3.12	same	
2Sam.3.13	2Sam.3.13	same	
2Sam.3.14	2Sam.3.14	same	
2Sam.3.15	2Sam.3.15	same	
2Sam.3.16	2Sam.3.16	same	
2Sam.3.17	2Sam.3.17	same	
2Sam.3.18	2Sam.3.18	same	
2Sam.3.19	2Sam.3.19	same	
2Sam.3.20	2Sam.3.20	same	
2Sam.3.21	2Sam.3.21	same	
2Sam.3.22	2Sam.3.22	same	
2Sam.3.23	2Sam.3.23	same	
2Sam.3.24	2Sam.3.24	same	
2Sam.3.25	2Sam.3.25	same	
2Sam.3.26	2Sam.3.26	same	
2Sam.3.27	2Sam.3.27	same	
2Sam.3.28	2Sam.3.28	same	
2Sam.3.29	2Sam.3.29	same	
2Sam.3.30	2Sam.3.30	same	
2Sam.3.31	2Sam.3.31	same	
2Sam.3.32	2Sam.3.32	same	
2Sam.3.33	2Sam.3.33	same	
2Sam.3.34	2Sam.3.34	same	
2Sam.3.35	2Sam.3.35	same	
2Sam.3.36	2Sam.3.36	same	
2Sam.3.37	2Sam.3.37	same	
2Sam.3.38	2Sam.3.38	same	
2Sam.3.39	2Sam.3.39	same	
2Sam.4.1	2Sam.4.1	same	
2Sam.4.2	2Sam.4.2	same	
2Sam.4.3	2Sam.4.3	same	
2Sam.4.4	2Sam.4.4	same	
2Sam.4.5	2Sam.4.5	same	
2Sam.4.6	2Sam.4.6	same	
2Sam.4.7	2Sam.4.7	same	
2Sam.4.8	2Sam.4.8	same	
2Sam.4.9	2Sam.4.9	same	
2Sam.4.10	2Sam.4.10	same	
2Sam.4.11	2Sam.4.11	same	
2Sam.4.12	2Sam.4.12	same	
2Sam.5.1	2Sam.5.1	same	
2Sam.5.2	2Sam.5.2	same	
2Sam.5.3	2Sam.5.3	same	
2Sam.5.4	2Sam.5.4	same	
2Sam.5.5	2Sam.5.5	same	
2Sam.5.6	2Sam.5.6	same	
2Sam.5.7	2Sam.5.7	same	
2Sam.5.8	2Sam.5.8	same	
2Sam.5.9	2Sam.5.9	same	
2Sam.5.10	2Sam.5.10	same	
2Sam.5.11	2Sam.5.11	same	
2Sam.5.12	2Sam.5.12	same	
2Sam.5.13	2Sam.5.13	same	
2Sam.5.14	2Sam.5.14	same	
2Sam.5.15	2Sam.5.15	same	
2Sam.5.16	2Sam.5.16	same	
2Sam.5.17	2Sam.5.17	same	
2Sam.5.18	2Sam.5.18	same	
2Sam.5.19	2Sam.5.19	same	
2Sam.5.20	2Sam.5.20	same	
2Sam.5.21	2Sam.5.21	same	
2Sam.5.22	2Sam.5.22	same	
2Sam.5.23	2Sam.5.23	same	
2Sam.5.24	2Sam.5.24	same	
2Sam.5.25	2Sam.5.25	same	
2Sam.6.1	2Sam.6.1	same	
2Sam.6.2	2Sam.6.2	same	
2Sam.6.3	2Sam.6.3	same	
2Sam.6.4	2Sam.6.4	same	
2Sam.6.5	2Sam.6.5	same	
2Sam.6.6	2Sam.6.6	same	
2Sam.6.7	2Sam.6.7	same	
2Sam.6.8	2Sam.6.8	same	
2Sam.6.9	2Sam.6.9	same	
2Sam.6.10	2Sam.6.10	same	
2Sam.6.11	2Sam.6.11	same	
2Sam.6.12	2Sam.6.12	same	
2Sam.6.13	2Sam.6.13	same	
2Sam.6.14	2Sam.6.14	same	
2Sam.6.15	2Sam.6.15	same	
2Sam.6.16	2Sam.6.16	same	
2Sam.6.17	2Sam.6.17	same	
2Sam.6.18	2Sam.6.18	same	
2Sam.6.19	2Sam.6.19	same	
2Sam.6.20	2Sam.6.20	same	
2Sam.6.21	2Sam.6.21	same	
2Sam.6.22	2Sam.6.22	same	
2Sam.6.23	2Sam.6.23	same	
2Sam.7.1	2Sam.7.1	same	
2Sam.7.2	2Sam.7.2	same	
2Sam.7.3	2Sam.7.3	same	
2Sam.7.4	2Sam.7.4	same	
2Sam.7.5	2Sam.7.5	same	
2Sam.7.6	2Sam.7.6	same	
2Sam.7.7	2Sam.7.7	same	
2Sam.7.8	2Sam.7.8	same	
2Sam.7.9	2Sam.7.9	same	
2Sam.7.10	2Sam.7.10	same	
2Sam.7.11	2Sam.7.11	same	
2Sam.7.12	2Sam.7.12	same	
2Sam.7.13	2Sam.7.13	same	
2Sam.7.14	2Sam.7.14	same	
2Sam.7.15	2Sam.7.15	same	
2Sam.7.16	2Sam.7.16	same	
2Sam.7.17	2Sam.7.17	same	
2Sam.7.18	2Sam.7.18	same	
2Sam.7.19	2Sam.7.19	same	
2Sam.7.20	2Sam.7.20	same	
2Sam.7.21	2Sam.7.21	same	
2Sam.7.22	2Sam.7.22	same	
2Sam.7.23	2Sam.7.23	same	
2Sam.7.24	2Sam.7.24	same	
2Sam.7.25	2Sam.7.25	same	
2Sam.7.26	2Sam.7.26	same	
2Sam.7.27	2Sam.7.27	same	
2Sam.7.28	2Sam.7.28	same	
2Sam.7.29	2Sam.7.29	same	
2Sam.8.1	2Sam.8.1	same	
2Sam.8.2	2Sam.8.2	same	
2Sam.8.3	2Sam.8.3	same	
2Sam.8.4	2Sam.8.4	same	
2Sam.8.5	2Sam.8.5	same	
2Sam.8.6	2Sam.8.6	same	
2Sam.8.7	2Sam.8.7	same	
2Sam.8.8	2Sam.8.8	same	
2Sam.8.9	2Sam.8.9	same	
2Sam.8.10	2Sam.8.10	same	
2Sam.8.11	2Sam.8.11	same	
2Sam.8.12	2Sam.8.12	same	
2Sam.8.13	2Sam.8.13	same	
2Sam.8.14	2Sam.8.14	same	
2Sam.8.15	2Sam.8.15	same	
2Sam.8.16	2Sam.8.16	same	
2Sam.8.17	2Sam.8.17	same	
2Sam.8.18	2Sam.8.18	same	
2Sam.9.1	2Sam.9.1	same	
2Sam.9.2	2Sam.9.2	same	
2Sam.9.3	2Sam.9.3	same	
2Sam.9.4	2Sam.9.4	same	
2Sam.9.5	2Sam.9.5	same	
2Sam.9.6	2Sam.9.6	same	
2Sam.9.7	2Sam.9.7	same	
2Sam.9.8	2Sam.9.8	same	
2Sam.9.9	2Sam.9.9	same	
2Sam.9.10	2Sam.9.10	same	
2Sam.9.11	2Sam.9.11	same	
2Sam.9.12	2Sam.9.12	same	
2Sam.9.13	2Sam.9.13	same	
2Sam.10.1	2Sam.10.1	same	
2Sam.10.2	2Sam.10.2	same	
2Sam.10.3	2Sam.10.3	same	
2Sam.10.4	2Sam.10.4	same	
2Sam.10.5	2Sam.10.5	same	
2Sam.10.6	2Sam.10.6	same	
2Sam.10.7	2Sam.10.7	same	
2Sam.10.8	2Sam.10.8	same	
2Sam.10.9	2Sam.10.9	same	
2Sam.10.10	2Sam.10.10	same	
2Sam.10.11	2Sam.10.11	same	
2Sam.10.12	2Sam.10.12	same	
2Sam.10.13	2Sam.10.13	same	
2Sam.10.14	2Sam.10.14	same	
2Sam.10.15	2Sam.10.15	same	
2Sam.10.16	2Sam.10.16	same	
2Sam.10.17	2Sam.10.17	same	
2Sam.10.18	2Sam.10.18	same	
2Sam.10.19	2Sam.10.19	same	
2Sam.11.1	2Sam.11.1	same	
2Sam.11.2	2Sam.11.2	same	
2Sam.11.3	2Sam.11.3	same	
2Sam.11.4	2Sam.11.4	same	
2Sam.11.5	2Sam.11.5	same	
2Sam.11.6	2Sam.11.6	same	
2Sam.11.7	2Sam.11.7	same	
2Sam.11.8	2Sam.11.8	same	
2Sam.11.9	2Sam.11.9	same	
2Sam.11.10	2Sam.11.10	same	
2Sam.11.11	2Sam.11.11	same	
2Sam.11.12	2Sam.11.12	same	
2Sam.11.13	2Sam.11.13	same	
2Sam.11.14	2Sam.11.14	same	
2Sam.11.15	2Sam.11.15	same	
2Sam.11.16	2Sam.11.16	same	
2Sam.11.17	2Sam.11.17	same	
2Sam.11.18	2Sam.11.18	same	
2Sam.11.19	2Sam.11.19	same	
2Sam.11.20	2Sam.11.20	same	
2Sam.11.21	2Sam.11.21	same	
2Sam.11.22	2Sam.11.22	same	
2Sam.11.23	2Sam.11.23	same	
2Sam.11.24	2Sam.11.24	same	
2Sam.11.25	2Sam.11.25	same	
2Sam.11.26	2Sam.11.26	same	
2Sam.11.27	2Sam.11.27	same	
2Sam.12.1	2Sam.12.1	same	
2Sam.12.2	2Sam.12.2	same	
2Sam.12.3	2Sam.12.3	same	
2Sam.12.4	2Sam.12.4	same	
2Sam.12.5	2Sam.12.5	same	
2Sam.12.6	2Sam.12.6	same	
2Sam.12.7	2Sam.12.7	same	
2Sam.12.8	2Sam.12.8	same	
2Sam.12.9	2Sam.12.9	same	
2Sam.12.10	2Sam.12.10	same	
2Sam.12.11	2Sam.12.11	same	
2Sam.12.12	2Sam.12.12	same	
2Sam.12.13	2Sam.12.13	same	
2Sam.12.14	2Sam.12.14	same	
2Sam.12.15	2Sam.12.15	same	
2Sam.12.16	2Sam.12.16	same	
2Sam.12.17	2Sam.12.17	same	
2Sam.12.18	2Sam.12.18	same	
2Sam.12.19	2Sam.12.19	same	
2Sam.12.20	2Sam.12.20	same	
2Sam.12.21	2Sam.12.21	same	
2Sam.12.22	2Sam.12.22	same	
2Sam.12.23	2Sam.12.23	same	
2Sam.12.24	2Sam.12.24	same	
2Sam.12.25	2Sam.12.25	same	
2Sam.12.26	2Sam.12.26	same	
2Sam.12.27	2Sam.12.27	same	
2Sam.12.28	2Sam.12.28	same	
2Sam.12.29	2Sam.12.29	same	
2Sam.12.30	2Sam.12.30	same	
2Sam.12.31	2Sam.12.31	same	
2Sam.13.1	2Sam.13.1	same	
2Sam.13.2	2Sam.13.2	same	
2Sam.13.3	2Sam.13.3	same	
2Sam.13.4	2Sam.13.4	same	
2Sam.13.5	2Sam.13.5	same	
2Sam.13.6	2Sam.13.6	same	
2Sam.13.7	2Sam.13.7	same	
2Sam.13.8	2Sam.13.8	same	
2Sam.13.9	2Sam.13.9	same	
2Sam.13.10	2Sam.13.10	same	
2Sam.13.11	2Sam.13.11	same	
2Sam.13.12	2Sam.13.12	same	
2Sam.13.13	2Sam.13.13	same	
2Sam.13.14	2Sam.13.14	same	
2Sam.13.15	2Sam.13.15	same	
2Sam.13.16	2Sam.13.16	same	
2Sam.13.17	2Sam.13.17	same	
2Sam.13.18	2Sam.13.18	same	
2Sam.13.19	2Sam.13.19	same	
2Sam.13.20	2Sam.13.20	same	
2Sam.13.21	2Sam.13.21	same	
2Sam.13.22	2Sam.13.22	same	
2Sam.13.23	2Sam.13.23	same	
2Sam.13.24	2Sam.13.24	same	
2Sam.13.25	2Sam.13.25	same	
2Sam.13.26	2Sam.13.26	same	
2Sam.13.27	2Sam.13.27	same	
2Sam.13.28	2Sam.13.28	same	
2Sam.13.29	2Sam.13.29	same	
2Sam.13.30	2Sam.13.30	same	
2Sam.13.31	2Sam.13.31	same	
2Sam.13.32	2Sam.13.32	same	
2Sam.13.33	2Sam.13.33	same	
2Sam.13.34	2Sam.13.34	same	
2Sam.13.35	2Sam.13.35	same	
2Sam.13.36	2Sam.13.36	same	
2Sam.13.37	2Sam.13.37	same	
2Sam.13.38	2Sam.13.38	same	
2Sam.13.39	2Sam.13.39	same	
2Sam.14.1	2Sam.14.1	same	
2Sam.14.2	2Sam.14.2	same	
2Sam.14.3	2Sam.14.3	same	
2Sam.14.4	2Sam.14.4	same	
2Sam.14.5	2Sam.14.5	same	
2Sam.14.6	2Sam.14.6	same	
2Sam.14.7	2Sam.14.7	same	
2Sam.14.8	2Sam.14.8	same	
2Sam.14.9	2Sam.14.9	same	
2Sam.14.10	2Sam.14.10	same	
2Sam.14.11	2Sam.14.11	same	
2Sam.14.12	2Sam.14.12	same	
2Sam.14.13	2Sam.14.13	same	
2Sam.14.14	2Sam.14.14	same	
2Sam.14.15	2Sam.14.15	same	
2Sam.14.16	2Sam.14.16	same	
2Sam.14.17	2Sam.14.17	same	
2Sam.14.18	2Sam.14.18	same	
2Sam.14.19	2Sam.14.19	same	
2Sam.14.20	2Sam.14.20	same	
2Sam.14.21	2Sam.14.21	same	
2Sam.14.22	2Sam.14.22	same	
2Sam.14.23	2Sam.14.23	same	
2Sam.14.24	2Sam.14.24	same	
2Sam.14.25	2Sam.14.25	same	
2Sam.14.26	2Sam.14.26	same	
2Sam.14.27	2Sam.14.27	same	
2Sam.14.28	2Sam.14.28	same	
2Sam.14.29	2Sam.14.29	same	
2Sam.14.30	2Sam.14.30	same	
2Sam.14.31	2Sam.14.31	same	
2Sam.14.32	2Sam.14.32	same	
2Sam.14.33	2Sam.14.33	same	
2Sam.15.1	2Sam.15.1	same	
2Sam.15.2	2Sam.15.2	same	
2Sam.15.3	2Sam.15.3	same	
2Sam.15.4	2Sam.15.4	same	
2Sam.15.5	2Sam.15.5	same	
2Sam.15.6	2Sam.15.6	same	
2Sam.15.7	2Sam.15.7	same	
2Sam.15.8	2Sam.15.8	same	
2Sam.15.9	2Sam.15.9	same	
2Sam.15.10	2Sam.15.10	same	
2Sam.15.11	2Sam.15.11	same	
2Sam.15.12	2Sam.15.12	same	
2Sam.15.13	2Sam.15.13	same	
2Sam.15.14	2Sam.15.14	same	
2Sam.15.15	2Sam.15.15	same	
2Sam.15.16	2Sam.15.16	same	
2Sam.15.17	2Sam.15.17	same	
2Sam.15.18	2Sam.15.18	same	
2Sam.15.19	2Sam.15.19	same	
2Sam.15.20	2Sam.15.20	same	
2Sam.15.21	2Sam.15.21	same	
2Sam.15.22	2Sam.15.22	same	
2Sam.15.23	2Sam.15.23	same	
2Sam.15.24	2Sam.15.24	same	
2Sam.15.25	2Sam.15.25	same	
2Sam.15.26	2Sam.15.26	same	
2Sam.15.27	2Sam.15.27	same	
2Sam.15.28	2Sam.15.28	same	
2Sam.15.29	2Sam.15.29	same	
2Sam.15.30	2Sam.15.30	same	
2Sam.15.31	2Sam.15.31	same	
2Sam.15.32	2Sam.15.32	same	
2Sam.15.33	2Sam.15.33	same	
2Sam.15.34	2Sam.15.34	same	
2Sam.15.35	2Sam.15.35	same	
2Sam.15.36	2Sam.15.36	same	
2Sam.15.37	2Sam.15.37	same	
2Sam.16.1	2Sam.16.1	same	
2Sam.16.2	2Sam.16.2	same	
2Sam.16.3	2Sam.16.3	same	
2Sam.16.4	2Sam.16.4	same	
2Sam.16.5	2Sam.16.5	same	
2Sam.16.6	2Sam.16.6	same	
2Sam.16.7	2Sam.16.7	same	
2Sam.16.8	2Sam.16.8	same	
2Sam.16.9	2Sam.16.9	same	
2Sam.16.10	2Sam.16.10	same	
2Sam.16.11	2Sam.16.11	same	
2Sam.16.12	2Sam.16.12	same	
2Sam.16.13	2Sam.16.13	same	
2Sam.16.14	2Sam.16.14	same	
2Sam.16.15	2Sam.16.15	same	
2Sam.16.16	2Sam.16.16	same	
2Sam.16.17	2Sam.16.17	same	
2Sam.16.18	2Sam.16.18	same	
2Sam.16.19	2Sam.16.19	same	
2Sam.16.20	2Sam.16.20	same	
2Sam.16.21	2Sam.16.21	same	
2Sam.16.22	2Sam.16.22	same	
2Sam.16.23	2Sam.16.23	same	
2Sam.17.1	2Sam.17.1	same	
2Sam.17.2	2Sam.17.2	same	
2Sam.17.3	2Sam.17.3	same	
2Sam.17.4	2Sam.17.4	same	
2Sam.17.5	2Sam.17.5	same	
2Sam.17.6	2Sam.17.6	same	
2Sam.17.7	2Sam.17.7	same	
2Sam.17.8	2Sam.17.8	same	
2Sam.17.9	2Sam.17.9	same	
2Sam.17.10	2Sam.17.10	same	
2Sam.17.11	2Sam.17.11	same	
2Sam.17.12	2Sam.17.12	same	
2Sam.17.13	2Sam.17.13	same	
2Sam.17.14	2Sam.17.14	same	
2Sam.17.15	2Sam.17.15	same	
2Sam.17.16	2Sam.17.16	same	
2Sam.17.17	2Sam.17.17	same	
2Sam.17.18	2Sam.17.18	same	
2Sam.17.19	2Sam.17.19	same	
2Sam.17.20	2Sam.17.20	same	
2Sam.17.21	2Sam.17.21	same	
2Sam.17.22	2Sam.17.22	same	
2Sam.17.23	2Sam.17.23	same	
2Sam.17.24	2Sam.17.24	same	
2Sam.17.25	2Sam.17.25	same	
2Sam.17.26	2Sam.17.26	same	
2Sam.17.27	2Sam.17.27	same	
2Sam.17.28	2Sam.17.28	same	
2Sam.17.29	2Sam.17.29	same	
2Sam.18.1	2Sam.18.1	same	
2Sam.18.2	2Sam.18.2	same	
2Sam.18.3	2Sam.18.3	same	
2Sam.18.4	2Sam.18.4	same	
2Sam.18.5	2Sam.18.5	same	
2Sam.18.6	2Sam.18.6	same	
2Sam.18.7	2Sam.18.7	same	
2Sam.18.8	2Sam.18.8	same	
2Sam.18.9	2Sam.18.9	same	
2Sam.18.10	2Sam.18.10	same	
2Sam.18.11	2Sam.18.11	same	
2Sam.18.12	2Sam.18.12	same	
2Sam.18.13	2Sam.18.13	same	
2Sam.18.14	2Sam.18.14	same	
2Sam.18.15	2Sam.18.15	same	
2Sam.18.16	2Sam.18.16	same	
2Sam.18.17	2Sam.18.17	same	
2Sam.18.18	2Sam.18.18	same	
2Sam.18.19	2Sam.18.19	same	
2Sam.18.20	2Sam.18.20	same	
2Sam.18.21	2Sam.18.21	same	
2Sam.18.22	2Sam.18.22	same	
2Sam.18.23	2Sam.18.23	same	
2Sam.18.24	2Sam.18.24	same	
2Sam.18.25	2Sam.18.25	same	
2Sam.18.26	2Sam.18.26	same	
2Sam.18.27	2Sam.18.27	same	
2Sam.18.28	2Sam.18.28	same	
2Sam.18.29	2Sam.18.29	same	
2Sam.18.30	2Sam.18.30	same	
2Sam.18.31	2Sam.18.31	same	
2Sam.18.32	2Sam.18.32	same	
2Sam.18.33	2Sam.18.33	unmatched	
2Sam.19.1	2Sam.19.1	unmatched	
2Sam.19.2	2Sam.19.2	unmatched	
2Sam.19.3	2Sam.19.3	unmatched	
2Sam.19.4	2Sam.19.4	unmatched	
2Sam.19.5	2Sam.19.5	unmatched	
2Sam.19.6	2Sam.19.6	unmatched	
2Sam.19.7	2Sam.19.7	unmatched	
2Sam.19.8	2Sam.19.8	unmatched	
2Sam.19.9	2Sam.19.9	unmatched	
2Sam.19.10	2Sam.19.10	unmatched	
2Sam.19.11	2Sam.19.11	unmatched	
2Sam.19.12	2Sam.19.12	unmatched	
2Sam.19.13	2Sam.19.13	unmatched	
2Sam.19.14	2Sam.19.14	unmatched	
2Sam.19.15	2Sam.19.15	unmatched	
2Sam.19.16	2Sam.19.16	unmatched	
2Sam.19.17	2Sam.19.17	unmatched	
2Sam.19.18	2Sam.19.18	unmatched	
2Sam.19.19	2Sam.19.19	unmatched	
2Sam.19.20	2Sam.19.20	unmatched	
2Sam.19.21	2Sam.19.21	unmatched	
2Sam.19.22	2Sam.19.22	unmatched	
2Sam.19.23	2Sam.19.23	unmatched	
2Sam.19.24	2Sam.19.24	unmatched	
2Sam.19.25	2Sam.19.25	unmatched	
2Sam.19.26	2Sam.19.26	unmatched	
2Sam.19.27	2Sam.19.27	unmatched	
2Sam.19.28	2Sam.19.28	unmatched	
2Sam.19.29	2Sam.19.29	unmatched	
2Sam.19.30	2Sam.19.30	unmatched	
2Sam.19.31	2Sam.19.31	unmatched	
2Sam.19.32	2Sam.19.32	unmatched	
2Sam.19.33	2Sam.19.33	unmatched	
2Sam.19.34	2Sam.19.34	unmatched	
2Sam.19.35	2Sam.19.35	unmatched	
2Sam.19.36	2Sam.19.36	unmatched	
2Sam.19.37	2Sam.19.37	unmatched	
2Sam.19.38	2Sam.19.38	unmatched	
2Sam.19.39	2Sam.19.39	unmatched	
2Sam.19.40	2Sam.19.40	unmatched	
2Sam.19.41	2Sam.19.41	unmatched	
2Sam.19.42	2Sam.19.42	unmatched	
2Sam.20.1	2Sam.20.1	same	
2Sam.20.2	2Sam.20.2	same	
2Sam.20.3	2Sam.20.3	same	
2Sam.20.4	2Sam.20.4	same	
2Sam.20.5	2Sam.20.5	same	
2Sam.20.6	2Sam.20.6	same	
2Sam.20.7	2Sam.20.7	same	
2Sam.20.8	2Sam.20.8	same	
2Sam.20.9	2Sam.20.9	same	
2Sam.20.10	2Sam.20.10	same	
2Sam.20.11	2Sam.20.11	same	
2Sam.20.12	2Sam.20.12	same	
2Sam.20.13	2Sam.20.13	same	
2Sam.20.14	2Sam.20.14	same	
2Sam.20.15	2Sam.20.15	same	
2Sam.20.16	2Sam.20.16	same	
2Sam.20.17	2Sam.20.17	same	
2Sam.20.18	2Sam.20.18	same	
2Sam.20.19	2Sam.20.19	same	
2Sam.20.20	2Sam.20.20	same	
2Sam.20.21	2Sam.20.21	same	
2Sam.20.22	2Sam.20.22	same	
2Sam.20.23	2Sam.20.23	same	
2Sam.20.24	2Sam.20.24	same	
2Sam.20.25	2Sam.20.25	same	
2Sam.20.26	2Sam.20.26	same	
2Sam.21.1	2Sam.21.1	same	
2Sam.21.2	2Sam.21.2	same	
2Sam.21.3	2Sam.21.3	same	
2Sam.21.4	2Sam.21.4	same	
2Sam.21.5	2Sam.21.5	same	
2Sam.21.6	2Sam.21.6	same	
2Sam.21.7	2Sam.21.7	same	
2Sam.21.8	2Sam.21.8	same	
2Sam.21.9	2Sam.21.9	same	
2Sam.21.10	2Sam.21.10	same	
2Sam.21.11	2Sam.21.11	same	
2Sam.21.12	2Sam.21.12	same	
2Sam.21.13	2Sam.21.13	same	
2Sam.21.14	2Sam.21.14	same	
2Sam.21.15	2Sam.21.15	same	
2Sam.21.16	2Sam.21.16	same	
2Sam.21.17	2Sam.21.17	same	
2Sam.21.18	2Sam.21.18	same	
2Sam.21.19	2Sam.21.19	same	
2Sam.21.20	2Sam.21.20	same	
2Sam.21.21	2Sam.21.21	same	
2Sam.21.22	2Sam.21.22	same	
2Sam.22.1	2Sam.22.1	same	
2Sam.22.2	2Sam.22.2	same	
2Sam.22.3	2Sam.22.3	same	
2Sam.22.4	2Sam.22.4	same	
2Sam.22.5	2Sam.22.5	same	
2Sam.22.6	2Sam.22.6	same	
2Sam.22.7	2Sam.22.7	same	
2Sam.22.8	2Sam.22.8	same	
2Sam.22.9	2Sam.22.9	same	
2Sam.22.10	2Sam.22.10	same	
2Sam.22.11	2Sam.22.11	same	
2Sam.22.12	2Sam.22.12	same	
2Sam.22.13	2Sam.22.13	same	
2Sam.22.14	2Sam.22.14	same	
2Sam.22.15	2Sam.22.15	same	
2Sam.22.16	2Sam.22.16	same	
2Sam.22.17	2Sam.22.17	same	
2Sam.22.18	2Sam.22.18	same	
2Sam.22.19	2Sam.22.19	same	
2Sam.22.20	2Sam.22.20	same	
2Sam.22.21	2Sam.22.21	same	
2Sam.22.22	2Sam.22.22	same	
2Sam.22.23	2Sam.22.23	same	
2Sam.22.24	2Sam.22.24	same	
2Sam.22.25	2Sam.22.25	same	
2Sam.22.26	2Sam.22.26	same	
2Sam.22.27	2Sam.22.27	same	
2Sam.22.28	2Sam.22.28	same	
2Sam.22.29	2Sam.22.29	same	
2Sam.22.30	2Sam.22.30	same	
2Sam.22.31	2Sam.22.31	same	
2Sam.22.32	2Sam.22.32	same	
2Sam.22.33	2Sam.22.33	same	
2Sam.22.34	2Sam.22.34	same	
2Sam.22.35	2Sam.22.35	same	
2Sam.22.36	2Sam.22.36	same	
2Sam.22.37	2Sam.22.37	same	
2Sam.22.38	2Sam.22.38	same	
2Sam.22.39	2Sam.22.39	same	
2Sam.22.40	2Sam.22.40	same	
2Sam.22.41	2Sam.22.41	same	
2Sam.22.42	2Sam.22.42	same	
2Sam.22.43	2Sam.22.43	same	
2Sam.22.44	2Sam.22.44	same	
2Sam.22.45	2Sam.22.45	same	
2Sam.22.46	2Sam.22.46	same	
2Sam.22.47	2Sam.22.47	same	
2Sam.22.48	2Sam.22.48	same	
2Sam.22.49	2Sam.22.49	same	
2Sam.22.50	2Sam.22.50	same	
2Sam.22.51	2Sam.22.51	same	
2Sam.23.1	2Sam.23.1	same	
2Sam.23.2	2Sam.23.2	same	
2Sam.23.3	2Sam.23.3	same	
2Sam.23.4	2Sam.23.4	same	
2Sam.23.5	2Sam.23.5	same	
2Sam.23.6	2Sam.23.6	same	
2Sam.23.7	2Sam.23.7	same	
2Sam.23.8	2Sam.23.8	same	
2Sam.23.9	2Sam.23.9	same	
2Sam.23.10	2Sam.23.10	same	
2Sam.23.11	2Sam.23.11	same	
2Sam.23.12	2Sam.23.12	same	
2Sam.23.13	2Sam.23.13	same	
2Sam.23.14	2Sam.23.14	same	
2Sam.23.15	2Sam.23.15	same	
2Sam.23.16	2Sam.23.16	same	
2Sam.23.17	2Sam.23.17	same	
2Sam.23.18	2Sam.23.18	same	
2Sam.23.19	2Sam.23.19	same	
2Sam.23.20	2Sam.23.20	same	
2Sam.23.21	2Sam.23.21	same	
2Sam.23.22	2Sam.23.22	same	
2Sam.23.23	2Sam.23.23	same	
2Sam.23.24	2Sam.23.24	same	
2Sam.23.25	2Sam.23.25	same	
2Sam.23.26	2Sam.23.26	same	
2Sam.23.27	2Sam.23.27	same	
2Sam.23.28	2Sam.23.28	same	
2Sam.23.29	2Sam.23.29	same	
2Sam.23.31	2Sam.23.31	same	
2Sam.23.32	2Sam.23.32	same	
2Sam.23.33	2Sam.23.33	same	
2Sam.23.34	2Sam.23.34	same	
2Sam.23.35	2Sam.23.35	same	
2Sam.23.36	2Sam.23.36	same	
2Sam.23.37	2Sam.23.37	same	
2Sam.23.38	2Sam.23.38	same	
2Sam.23.39	2Sam.23.39	same	
2Sam.23.30a		not-in-kjv	
2Sam.23.31a		not-in-kjv	
2Sam.24.1	2Sam.24.1	same	
2Sam.24.2	2Sam.24.2	same	
2Sam.24.3	2Sam.24.3	same	
2Sam.24.4	2Sam.24.4	same	
2Sam.24.5	2Sam.24.5	same	
2Sam.24.6	2Sam.24.6	same	
2Sam.24.7	2Sam.24.7	same	
2Sam.24.8	2Sam.24.8	same	
2Sam.24.9	2Sam.24.9	same	
2Sam.24.10	2Sam.24.10	same	
2Sam.24.11	2Sam.24.11	same	
2Sam.24.12	2Sam.24.12	same	
2Sam.24.13	2Sam.24.13	same	
2Sam.24.14	2Sam.24.14	same	
2Sam.24.15	2Sam.24.15	same	
2Sam.24.16	2Sam.24.16	same	
2Sam.24.17	2Sam.24.17	same	
2Sam.24.18	2Sam.24.18	same	
2Sam.24.19	2Sam.24.19	same	
2Sam.24.20	2Sam.24.20	same	
2Sam.24.21	2Sam.24.21	same	
2Sam.24.22	2Sam.24.22	same	
2Sam.24.23	2Sam.24.23	same	
2Sam.24.24	2Sam.24.24	same	
2Sam.24.25	2Sam.24.25	same	
1Kgs.1.1	1Kgs.1.1	same	
1Kgs.1.2	1Kgs.1.2	same	
1Kgs.1.3	1Kgs.1.3	same	
1Kgs.1.4	1Kgs.1.4	same	
1Kgs.1.5	1Kgs.1.5	same	
1Kgs.1.6	1Kgs.1.6	same	
1Kgs.1.7	1Kgs.1.7	same	
1Kgs.1.8	1Kgs.1.8	same	
1Kgs.1.9	1Kgs.1.9	same	
1Kgs.1.10	1Kgs.1.10	same	
1Kgs.1.11	1Kgs.1.11	same	
1Kgs.1.12	1Kgs.1.12	same	
1Kgs.1.13	1Kgs.1.13	same	
1Kgs.1.14	1Kgs.1.14	same	
1Kgs.1.15	1Kgs.1.15	same	
1Kgs.1.16	1Kgs.1.16	same	
1Kgs.1.17	1Kgs.1.17	same	
1Kgs.1.18	1Kgs.1.18	same	
1Kgs.1.19	1Kgs.1.19	same	
1Kgs.1.20	1Kgs.1.20	same	
1Kgs.1.21	1Kgs.1.21	same	
1Kgs.1.22	1Kgs.1.22	same	
1Kgs.1.23	1Kgs.1.23	same	
1Kgs.1.24	1Kgs.1.24	same	
1Kgs.1.25	1Kgs.1.25	same	
1Kgs.1.26	1Kgs.1.26	same	
1Kgs.1.27	1Kgs.1.27	same	
1Kgs.1.28	1Kgs.1.28	same	
1Kgs.1.29	1Kgs.1.29	same	
1Kgs.1.30	1Kgs.1.30	same	
1Kgs.1.31	1Kgs.1.31	same	
1Kgs.1.32	1Kgs.1.32	same	
1Kgs.1.33	1Kgs.1.33	same	
1Kgs.1.34	1Kgs.1.34	same	
1Kgs.1.35	1Kgs.1.35	same	
1Kgs.1.36	1Kgs.1.36	same	
1Kgs.1.37	1Kgs.1.37	same	
1Kgs.1.38	1Kgs.1.38	same	
1Kgs.1.39	1Kgs.1.39	same	
1Kgs.1.40	1Kgs.1.40	same	
1Kgs.1.41	1Kgs.1.41	same	
1Kgs.1.42	1Kgs.1.42	same	
1Kgs.1.43	1Kgs.1.43	same	
1Kgs.1.44	1Kgs.1.44	same	
1Kgs.1.45	1Kgs.1.45	same	
1Kgs.1.46	1Kgs.1.46	same	
1Kgs.1.47	1Kgs.1.47	same	
1Kgs.1.48	1Kgs.1.48	same	
1Kgs.1.49	1Kgs.1.49	same	
1Kgs.1.50	1Kgs.1.50	same	
1Kgs.1.51	1Kgs.1.51	same	
1Kgs.1.52	1Kgs.1.52	same	
1Kgs.1.53	1Kgs.1.53	same	
1Kgs.2.1	1Kgs.2.1	same	
1Kgs.2.2	1Kgs.2.2	same	
1Kgs.2.3	1Kgs.2.3	same	
1Kgs.2.4	1Kgs.2.4	same	
1Kgs.2.5	1Kgs.2.5	same	
1Kgs.2.6	1Kgs.2.6	same	
1Kgs.2.7	1Kgs.2.7	same	
1Kgs.2.8	1Kgs.2.8	unmatched	
1Kgs.2.9	1Kgs.2.9	unmatched	
1Kgs.2.10	1Kgs.2.10	same	
1Kgs.2.11	1Kgs.2.11	same	
1Kgs.2.12	1Kgs.2.12	same	
1Kgs.2.13	1Kgs.2.13	same	
1Kgs.2.14	1Kgs.2.14	same	
1Kgs.2.15	1Kgs.2.15	same	
1Kgs.2.16	1Kgs.2.16	same	
1Kgs.2.17	1Kgs.2.17	same	
1Kgs.2.18	1Kgs.2.18	same	
1Kgs.2.19	1Kgs.2.19	same	
1Kgs.2.20	1Kgs.2.20	same	
1Kgs.2.21	1Kgs.2.21	same	
1Kgs.2.22	1Kgs.2.22	same	
1Kgs.2.23	1Kgs.2.23	same	
1Kgs.2.24	1Kgs.2.24	same	
1Kgs.2.25	1Kgs.2.25	same	
1Kgs.2.26	1Kgs.2.26	same	
1Kgs.2.27	1Kgs.2.27	same	
1Kgs.2.28	1Kgs.2.28	same	
1Kgs.2.29	1Kgs.2.29	same	
1Kgs.2.30	1Kgs.2.30	same	
1Kgs.2.31	1Kgs.2.31	same	
1Kgs.2.32	1Kgs.2.32	same	
1Kgs.2.33	1Kgs.2.33	same	
1Kgs.2.34	1Kgs.2.34	same	
1Kgs.2.35	1Kgs.2.35	unmatched	
1Kgs.2.35a		not-in-kjv	
1Kgs.2.35b		not-in-kjv	
1Kgs.2.35c		not-in-kjv	
1Kgs.2.35d		not-in-kjv	
1Kgs.2.35e		not-in-kjv	
1Kgs.2.35f		not-in-kjv	
1Kgs.2.35g		not-in-kjv	
1Kgs.2.35h		not-in-kjv	
1Kgs.2.35I		not-in-kjv	
1Kgs.2.35k		not-in-kjv	
1Kgs.2.35i		not-in-kjv	
1Kgs.2.35m		not-in-kjv	
1Kgs.2.35n		not-in-kjv	
1Kgs.2.35o		not-in-kjv	
1Kgs.2.36	1Kgs.2.36	same	
1Kgs.2.37	1Kgs.2.37	same	
1Kgs.2.38	1Kgs.2.38	same	
1Kgs.2.39	1Kgs.2.39	same	
1Kgs.2.40	1Kgs.2.40	same	
1Kgs.2.41	1Kgs.2.41	same	
1Kgs.2.42	1Kgs.2.42	same	
1Kgs.2.43	1Kgs.2.43	same	
1Kgs.2.44	1Kgs.2.44	same	
1Kgs.2.45	1Kgs.2.45	same	
1Kgs.2.46	1Kgs.2.46	unmatched	
1Kgs.2.46a		not-in-kjv	
1Kgs.2.46b		not-in-kjv	
1Kgs.2.46c		not-in-kjv	
1Kgs.2.46d		not-in-kjv	
1Kgs.2.46e		not-in-kjv	
1Kgs.2.46f		not-in-kjv	
1Kgs.2.46g		not-in-kjv	
1Kgs.2.46n		not-in-kjv	
1Kgs.2.46i		not-in-kjv	
1Kgs.2.46j		not-in-kjv	
1Kgs.2.46l		not-in-kjv	
1Kgs.3.2	1Kgs.3.2	same	
1Kgs.3.3	1Kgs.3.3	same	
1Kgs.3.4	1Kgs.3.4	same	
1Kgs.3.5	1Kgs.3.5	same	
1Kgs.3.6	1Kgs.3.6	same	
1Kgs.3.7	1Kgs.3.7	same	
1Kgs.3.8	1Kgs.3.8	same	
1Kgs.3.9	1Kgs.3.9	same	
1Kgs.3.10	1Kgs.3.10	same	
1Kgs.3.11	1Kgs.3.11	same	
1Kgs.3.12	1Kgs.3.12	same	
1Kgs.3.13	1Kgs.3.13	same	
1Kgs.3.14	1Kgs.3.14	same	
1Kgs.3.15	1Kgs.3.15	same	
1Kgs.3.16	1Kgs.3.16	same	
1Kgs.3.17	1Kgs.3.17	same	
1Kgs.3.18	1Kgs.3.18	same	
1Kgs.3.19	1Kgs.3.19	same	
1Kgs.3.20	1Kgs.3.20	same	
1Kgs.3.21	1Kgs.3.21	same	
1Kgs.3.22	1Kgs.3.22	same	
1Kgs.3.23	1Kgs.3.23	same	
1Kgs.3.24	1Kgs.3.24	same	
1Kgs.3.25	1Kgs.3.25	same	
1Kgs.3.26	1Kgs.3.26	same	
1Kgs.3.27	1Kgs.3.27	same	
1Kgs.3.28	1Kgs.3.28	same	
1Kgs.4.1	1Kgs.4.1	same	
1Kgs.4.2	1Kgs.4.2	same	
1Kgs.4.3	1Kgs.4.3	same	
1Kgs.4.4	1Kgs.4.4	same	
1Kgs.4.5	1Kgs.4.5	same	
1Kgs.4.6	1Kgs.4.6	same	
1Kgs.4.7	1Kgs.4.7	same	
1Kgs.4.8	1Kgs.4.8	same	
1Kgs.4.9	1Kgs.4.9	same	
1Kgs.4.10	1Kgs.4.10	same	
1Kgs.4.11	1Kgs.4.11	same	
1Kgs.4.12	1Kgs.4.12	same	
1Kgs.4.13	1Kgs.4.13	same	
1Kgs.4.14	1Kgs.4.14	same	
1Kgs.4.15	1Kgs.4.15	same	
1Kgs.4.16	1Kgs.4.16	same	
1Kgs.4.17	1Kgs.4.17	unmatched	
1Kgs.4.18	1Kgs.4.18	unmatched	
1Kgs.4.19	1Kgs.4.19	unmatched	
1Kgs.4.20	1Kgs.4.20	unmatched	
1Kgs.4.21	1Kgs.4.21	unmatched	
1Kgs.4.22	1Kgs.4.22	unmatched	
1Kgs.4.23	1Kgs.4.23	unmatched	
1Kgs.4.24	1Kgs.4.24	unmatched	
1Kgs.4.25	1Kgs.4.25	unmatched	
1Kgs.4.26	1Kgs.4.26	unmatched	
1Kgs.4.27	1Kgs.4.27	unmatched	
1Kgs.4.28	1Kgs.4.28	unmatched	
1Kgs.4.29	1Kgs.4.29	unmatched	
1Kgs.4.30	1Kgs.4.30	unmatched	
1Kgs.4.31	1Kgs.4.31	unmatched	
1Kgs.4.32	1Kgs.4.32	unmatched	
1Kgs.4.33	1Kgs.4.33	unmatched	
1Kgs.5.1	1Kgs.5.1	unmatched	
1Kgs.5.2	1Kgs.5.2	unmatched	
1Kgs.5.3	1Kgs.5.3	unmatched	
1Kgs.5.4	1Kgs.5.4	unmatched	
1Kgs.5.5	1Kgs.5.5	unmatched	
1Kgs.5.6	1Kgs.5.6	unmatched	
1Kgs.5.7	1Kgs.5.7	unmatched	
1Kgs.5.8	1Kgs.5.8	unmatched	
1Kgs.5.9	1Kgs.5.9	unmatched	
1Kgs.5.10	1Kgs.5.10	unmatched	
1Kgs.5.11	1Kgs.5.11	unmatched	
1Kgs.5.12	1Kgs.5.12	unmatched	
1Kgs.5.13	1Kgs.5.13	unmatched	
1Kgs.5.14	1Kgs.5.14	unmatched	
1Kgs.5.15	1Kgs.5.15	unmatched	
1Kgs.5.16	1Kgs.5.16	unmatched	
1Kgs.5.17	1Kgs.5.17	unmatched	
1Kgs.6.1	1Kgs.6.1	unmatched	
1Kgs.6.2	1Kgs.6.2	same	
1Kgs.6.3	1Kgs.6.3	same	
1Kgs.6.4	1Kgs.6.4	same	
1Kgs.6.5	1Kgs.6.5	same	
1Kgs.6.6	1Kgs.6.6	same	
1Kgs.6.7	1Kgs.6.7	same	
1Kgs.6.8	1Kgs.6.8	same	
1Kgs.6.9	1Kgs.6.9	same	
1Kgs.6.10	1Kgs.6.10	same	
1Kgs.6.11	1Kgs.6.11	same	
1Kgs.6.12	1Kgs.6.12	same	
1Kgs.6.13	1Kgs.6.13	same	
1Kgs.6.14	1Kgs.6.14	same	
1Kgs.6.15	1Kgs.6.15	same	
1Kgs.6.16	1Kgs.6.16	same	
1Kgs.6.17	1Kgs.6.17	same	
1Kgs.6.18	1Kgs.6.18	same	
1Kgs.6.19	1Kgs.6.19	same	
1Kgs.6.20	1Kgs.6.20	same	
1Kgs.6.21	1Kgs.6.21	same	
1Kgs.6.22	1Kgs.6.22	same	
1Kgs.6.23	1Kgs.6.23	same	
1Kgs.6.24	1Kgs.6.24	same	
1Kgs.6.25	1Kgs.6.25	same	
1Kgs.6.26	1Kgs.6.26	same	
1Kgs.6.27	1Kgs.6.27	same	
1Kgs.6.28	1Kgs.6.28	same	
1Kgs.6.29	1Kgs.6.29	same	
1Kgs.6.30	1Kgs.6.30	same	
1Kgs.6.31	1Kgs.6.31	same	
1Kgs.6.32	1Kgs.6.32	same	
1Kgs.6.33	1Kgs.6.33	same	
1Kgs.6.34	1Kgs.6.34	same	
1Kgs.7.1	1Kgs.7.13	renumbered	Renumber verse*
1Kgs.7.2	1Kgs.7.14	renumbered	Renumber verse*
1Kgs.7.3	1Kgs.7.15	renumbered	Renumber verse*
1Kgs.7.4	1Kgs.7.16	renumbered	Renumber verse*
1Kgs.7.5	1Kgs.7.17	renumbered	Renumber verse*
1Kgs.7.6	1Kgs.7.18	renumbered	Renumber verse*
1Kgs.7.7	1Kgs.7.21	renumbered	Renumber verse*
1Kgs.7.8	1Kgs.7.19	renumbered	Renumber verse*
1Kgs.7.9	1Kgs.7.20	renumbered	Renumber verse*
1Kgs.7.10	1Kgs.7.23	renumbered	Renumber verse*
1Kgs.7.11	1Kgs.7.24	renumbered	Renumber verse*
1Kgs.7.12	1Kgs.7.26	renumbered	Renumber verse*
1Kgs.7.13	1Kgs.7.25	renumbered	Renumber verse*
1Kgs.7.14	1Kgs.7.27	renumbered	Renumber verse*
1Kgs.7.15	1Kgs.7.28	renumbered	Renumber verse*
1Kgs.7.16	1Kgs.7.29	renumbered	Renumber verse*
1Kgs.7.17	1Kgs.7.30	renumbered	Renumber verse*
1Kgs.7.18	1Kgs.7.32	renumbered	Renumber verse*
1Kgs.7.19	1Kgs.7.33	renumbered	Renumber verse*
1Kgs.7.20	1Kgs.7.34	renumbered	Renumber verse*
1Kgs.7.21	1Kgs.7.35	renumbered	Renumber verse*
1Kgs.7.22	1Kgs.7.36 1Kgs.7.22	several	Renumber verse*; IfEmpty verse
1Kgs.7.23	1Kgs.7.37	renumbered	Renumber verse*
1Kgs.7.24	1Kgs.7.38	renumbered	Renumber verse*
1Kgs.7.25	1Kgs.7.39	renumbered	Renumber verse*
1Kgs.7.26	1Kgs.7.40	renumbered	Renumber verse*
1Kgs.7.27	1Kgs.7.41	renumbered	Renumber verse*
1Kgs.7.28	1Kgs.7.42	renumbered	Renumber verse*
1Kgs.7.29	1Kgs.7.43	renumbered	Renumber verse*
1Kgs.7.30	1Kgs.7.44	renumbered	Renumber verse*
1Kgs.7.31	1Kgs.7.45 1Kgs.7.31	several	Renumber verse*; IfEmpty verse
1Kgs.7.32	1Kgs.7.47	renumbered	Renumber verse*
1Kgs.7.33	1Kgs.7.46	renumbered	Renumber verse*
1Kgs.7.34	1Kgs.7.48	renumbered	Renumber verse*
1Kgs.7.35	1Kgs.7.49	renumbered	Renumber verse*
1Kgs.7.36	1Kgs.7.50	renumbered	Renumber verse*
1Kgs.7.37	1Kgs.7.51	renumbered	Renumber verse*
1Kgs.7.38	1Kgs.7.1	part	Renumber verse*
1Kgs.7.39	1Kgs.7.2	renumbered	Renumber verse*
1Kgs.7.40	1Kgs.7.3	renumbered	Renumber verse*
1Kgs.7.41	1Kgs.7.4	renumbered	Renumber verse*
1Kgs.7.42	1Kgs.7.5	renumbered	Renumber verse*
1Kgs.7.43	1Kgs.7.6	renumbered	Renumber verse*
1Kgs.7.44	1Kgs.7.7	renumbered	Renumber verse*
1Kgs.7.45	1Kgs.7.8	renumbered	Renumber verse*
1Kgs.7.46	1Kgs.7.9	renumbered	Renumber verse*
1Kgs.7.47	1Kgs.7.10	renumbered	Renumber verse*
1Kgs.7.48	1Kgs.7.11	renumbered	Renumber verse*
1Kgs.7.49	1Kgs.7.12	renumbered	Renumber verse*
1Kgs.7.50	1Kgs.7.1	part	Renumber verse*
1Kgs.8.1	1Kgs.8.1	same	
1Kgs.8.2	1Kgs.8.2	same	
1Kgs.8.3	1Kgs.8.3	same	
1Kgs.8.4	1Kgs.8.4	same	
1Kgs.8.5	1Kgs.8.5	same	
1Kgs.8.6	1Kgs.8.6	same	
1Kgs.8.7	1Kgs.8.7	same	
1Kgs.8.8	1Kgs.8.8	same	
1Kgs.8.9	1Kgs.8.9	same	
1Kgs.8.10	1Kgs.8.10	same	
1Kgs.8.11	1Kgs.8.11	same	
1Kgs.8.14	1Kgs.8.14	same	
1Kgs.8.15	1Kgs.8.15	same	
1Kgs.8.16	1Kgs.8.16	same	
1Kgs.8.17	1Kgs.8.17	same	
1Kgs.8.18	1Kgs.8.18	same	
1Kgs.8.19	1Kgs.8.19	same	
1Kgs.8.20	1Kgs.8.20	same	
1Kgs.8.21	1Kgs.8.21	same	
1Kgs.8.22	1Kgs.8.22	same	
1Kgs.8.23	1Kgs.8.23	same	
1Kgs.8.24	1Kgs.8.24	same	
1Kgs.8.25	1Kgs.8.25	same	
1Kgs.8.26	1Kgs.8.26	same	
1Kgs.8.27	1Kgs.8.27	same	
1Kgs.8.28	1Kgs.8.28	same	
1Kgs.8.29	1Kgs.8.29	same	
1Kgs.8.30	1Kgs.8.30	same	
1Kgs.8.31	1Kgs.8.31	same	
1Kgs.8.32	1Kgs.8.32	same	
1Kgs.8.33	1Kgs.8.33	same	
1Kgs.8.34	1Kgs.8.34	same	
1Kgs.8.35	1Kgs.8.35	same	
1Kgs.8.36	1Kgs.8.36	same	
1Kgs.8.37	1Kgs.8.37	same	
1Kgs.8.38	1Kgs.8.38	same	
1Kgs.8.39	1Kgs.8.39	same	
1Kgs.8.40	1Kgs.8.40	same	
1Kgs.8.41	1Kgs.8.41	same	
1Kgs.8.42	1Kgs.8.42	same	
1Kgs.8.43	1Kgs.8.43	same	
1Kgs.8.44	1Kgs.8.44	same	
1Kgs.8.45	1Kgs.8.45	same	
1Kgs.8.46	1Kgs.8.46	same	
1Kgs.8.47	1Kgs.8.47	same	
1Kgs.8.48	1Kgs.8.48	same	
1Kgs.8.49	1Kgs.8.49	same	
1Kgs.8.50	1Kgs.8.50	same	
1Kgs.8.51	1Kgs.8.51	same	
1Kgs.8.52	1Kgs.8.52	same	
1Kgs.8.53	1Kgs.8.53 1Kgs.8.12 1Kgs.8.13	several	Concatenation (soft)
1Kgs.8.53a		not-in-kjv	
1Kgs.8.54	1Kgs.8.54	same	
1Kgs.8.55	1Kgs.8.55	same	
1Kgs.8.56	1Kgs.8.56	same	
1Kgs.8.57	1Kgs.8.57	same	
1Kgs.8.58	1Kgs.8.58	same	
1Kgs.8.59	1Kgs.8.59	same	
1Kgs.8.60	1Kgs.8.60	same	
1Kgs.8.61	1Kgs.8.61	same	
1Kgs.8.62	1Kgs.8.62	same	
1Kgs.8.63	1Kgs.8.63	same	
1Kgs.8.64	1Kgs.8.64	same	
1Kgs.8.65	1Kgs.8.65	same	
1Kgs.8.66	1Kgs.8.66	same	
1Kgs.9.1	1Kgs.9.1	same	
1Kgs.9.2	1Kgs.9.2	same	
1Kgs.9.3	1Kgs.9.3	same	
1Kgs.9.4	1Kgs.9.4	same	
1Kgs.9.5	1Kgs.9.5	same	
1Kgs.9.6	1Kgs.9.6	same	
1Kgs.9.7	1Kgs.9.7	same	
1Kgs.9.8	1Kgs.9.8	same	
1Kgs.9.9	1Kgs.9.9	same	Keep verse (soft)
1Kgs.9.10	1Kgs.9.10	same	
1Kgs.9.11	1Kgs.9.11	same	
1Kgs.9.12	1Kgs.9.12	same	
1Kgs.9.13	1Kgs.9.13	same	
1Kgs.9.14	1Kgs.9.14	same	
1Kgs.9.26	1Kgs.9.26	same	
1Kgs.9.27	1Kgs.9.27	same	
1Kgs.9.28	1Kgs.9.28	same	
1Kgs.10.1	1Kgs.10.1	same	
1Kgs.10.2	1Kgs.10.2	same	
1Kgs.10.3	1Kgs.10.3	same	
1Kgs.10.4	1Kgs.10.4	same	
1Kgs.10.5	1Kgs.10.5	same	
1Kgs.10.6	1Kgs.10.6	same	
1Kgs.10.7	1Kgs.10.7	same	
1Kgs.10.8	1Kgs.10.8	same	
1Kgs.10.9	1Kgs.10.9	same	
1Kgs.10.10	1Kgs.10.10	same	
1Kgs.10.11	1Kgs.10.11	same	
1Kgs.10.12	1Kgs.10.12	same	
1Kgs.10.13	1Kgs.10.13	same	
1Kgs.10.14	1Kgs.10.14	same	
1Kgs.10.15	1Kgs.10.15	same	
1Kgs.10.16	1Kgs.10.16	same	
1Kgs.10.17	1Kgs.10.17	same	
1Kgs.10.18	1Kgs.10.18	same	
1Kgs.10.19	1Kgs.10.19	same	
1Kgs.10.20	1Kgs.10.20	same	
1Kgs.10.21	1Kgs.10.21	same	
1Kgs.10.22	1Kgs.10.22	same	Concatenation (soft)
1Kgs.10.23	1Kgs.10.23	same	
1Kgs.10.24	1Kgs.10.24	same	
1Kgs.10.25	1Kgs.10.25	same	
1Kgs.10.26	1Kgs.10.26 1Kgs.4.21	several	Concatenation (soft)
1Kgs.10.27	1Kgs.10.27	same	
1Kgs.10.28	1Kgs.10.28	same	
1Kgs.10.29	1Kgs.10.29	same	
1Kgs.10.30		not-in-kjv	
1Kgs.10.31		not-in-kjv	
1Kgs.10.32		not-in-kjv	
1Kgs.10.33		not-in-kjv	
1Kgs.11.1	1Kgs.11.1	same	
1Kgs.11.2	1Kgs.11.2	same	
1Kgs.11.3	1Kgs.11.3	same	
1Kgs.11.4	1Kgs.11.4	same	
1Kgs.11.5	1Kgs.11.7	renumbered	Renumber verse*
1Kgs.11.6	1Kgs.11.5	renumbered	Renumber verse*
1Kgs.11.7	1Kgs.11.8	renumbered	Renumber verse*
1Kgs.11.8	1Kgs.11.6	renumbered	Renumber verse*
1Kgs.11.9	1Kgs.11.9	same	
1Kgs.11.10	1Kgs.11.10	same	
1Kgs.11.11	1Kgs.11.11	same	
1Kgs.11.12	1Kgs.11.12	same	
1Kgs.11.13	1Kgs.11.13	same	
1Kgs.11.14	1Kgs.11.14	same	Concatenation (soft)
1Kgs.11.15	1Kgs.11.15	same	
1Kgs.11.16	1Kgs.11.16	same	
1Kgs.11.17	1Kgs.11.17	same	
1Kgs.11.18	1Kgs.11.18	same	
1Kgs.11.19	1Kgs.11.19	same	Keep verse (another tradition's pattern)
1Kgs.11.20	1Kgs.11.20	same	
1Kgs.11.21	1Kgs.11.21	same	Keep verse (another tradition's pattern)
1Kgs.11.22	1Kgs.11.22	same	Keep verse (another tradition's pattern)
1Kgs.11.23	1Kgs.11.14	renumbered	
1Kgs.11.24	1Kgs.11.14	renumbered	
1Kgs.11.25	1Kgs.11.14	renumbered	
1Kgs.11.26	1Kgs.11.26	same	Keep verse (another tradition's pattern)
1Kgs.11.27	1Kgs.11.27	same	Keep verse (another tradition's pattern)
1Kgs.11.28	1Kgs.11.28	same	Keep verse (another tradition's pattern)
1Kgs.11.29	1Kgs.11.29	same	
1Kgs.11.30	1Kgs.11.30	same	
1Kgs.11.31	1Kgs.11.31	same	Keep verse (another tradition's pattern)
1Kgs.11.32	1Kgs.11.32	same	
1Kgs.11.33	1Kgs.11.33	same	
1Kgs.11.34	1Kgs.11.34	same	
1Kgs.11.35	1Kgs.11.35	same	
1Kgs.11.36	1Kgs.11.36	same	
1Kgs.11.37	1Kgs.11.37	same	
1Kgs.11.38	1Kgs.11.38	same	
1Kgs.11.39	1Kgs.11.39	same	
1Kgs.11.40	1Kgs.11.40	same	Keep verse (another tradition's pattern)
1Kgs.11.41	1Kgs.11.41	same	
1Kgs.11.42	1Kgs.11.42	same	
1Kgs.11.43	1Kgs.11.43 1Kgs.12.2	several	Concatenation (soft)
1Kgs.12.1	1Kgs.12.1	same	
1Kgs.12.3	1Kgs.12.3	same	Keep verse (another tradition's pattern)
1Kgs.12.4	1Kgs.12.4	same	Keep verse (another tradition's pattern)
1Kgs.12.5	1Kgs.12.5	same	Keep verse (another tradition's pattern)
1Kgs.12.6	1Kgs.12.6	same	Keep verse (another tradition's pattern)
1Kgs.12.7	1Kgs.12.7	same	Keep verse (another tradition's pattern)
1Kgs.12.8	1Kgs.12.8	same	Keep verse (another tradition's pattern)
1Kgs.12.9	1Kgs.12.9	same	Keep verse (another tradition's pattern)
1Kgs.12.10	1Kgs.12.10	same	Keep verse (another tradition's pattern)
1Kgs.12.11	1Kgs.12.11	same	Keep verse (another tradition's pattern)
1Kgs.12.12	1Kgs.12.12	same	
1Kgs.12.13	1Kgs.12.13	same	
1Kgs.12.14	1Kgs.12.14	same	Keep verse (another tradition's pattern)
1Kgs.12.15	1Kgs.12.15	same	
1Kgs.12.16	1Kgs.12.16	same	Keep verse (another tradition's pattern)
1Kgs.12.17	1Kgs.12.17	same	Keep verse (another tradition's pattern)
1Kgs.12.18	1Kgs.12.18	same	
1Kgs.12.19	1Kgs.12.19	same	
1Kgs.12.20	1Kgs.12.20	same	
1Kgs.12.21	1Kgs.12.21	same	Keep verse (another tradition's pattern)
1Kgs.12.22	1Kgs.12.22	same	Keep verse (another tradition's pattern)
1Kgs.12.23	1Kgs.12.23	same	Keep verse (another tradition's pattern)
1Kgs.12.24	1Kgs.12.24	same	Keep verse (another tradition's pattern)
1Kgs.12.24a		not-in-kjv	
1Kgs.12.24b		not-in-kjv	
1Kgs.12.24c		not-in-kjv	
1Kgs.12.24d		not-in-kjv	
1Kgs.12.24e		not-in-kjv	
1Kgs.12.24f		not-in-kjv	
1Kgs.12.24g		not-in-kjv	
1Kgs.12.24h		not-in-kjv	
1Kgs.12.24i		not-in-kjv	
1Kgs.12.24j		not-in-kjv	
1Kgs.12.24k		not-in-kjv	
1Kgs.12.24l		not-in-kjv	
1Kgs.12.24m		not-in-kjv	
1Kgs.12.24n		not-in-kjv	
1Kgs.12.24o		not-in-kjv	
1Kgs.12.24p		not-in-kjv	
1Kgs.12.24q		not-in-kjv	
1Kgs.12.24r		not-in-kjv	
1Kgs.12.24s		not-in-kjv	
1Kgs.12.24t		not-in-kjv	
1Kgs.12.24u		not-in-kjv	
1Kgs.12.24x		not-in-kjv	
1Kgs.12.24y		not-in-kjv	
1Kgs.12.24z		not-in-kjv	
1Kgs.12.25	1Kgs.12.25	same	
1Kgs.12.26	1Kgs.12.26	same	
1Kgs.12.27	1Kgs.12.27	same	
1Kgs.12.28	1Kgs.12.28	same	
1Kgs.12.29	1Kgs.12.29	same	
1Kgs.12.30	1Kgs.12.30	same	
1Kgs.12.31	1Kgs.12.31	same	
1Kgs.12.32	1Kgs.12.32	same	
1Kgs.12.33	1Kgs.12.33	same	
1Kgs.13.1	1Kgs.13.1	same	
1Kgs.13.2	1Kgs.13.2	same	
1Kgs.13.3	1Kgs.13.3	same	
1Kgs.13.4	1Kgs.13.4	same	
1Kgs.13.5	1Kgs.13.5	same	
1Kgs.13.6	1Kgs.13.6	same	
1Kgs.13.7	1Kgs.13.7	same	
1Kgs.13.8	1Kgs.13.8	same	
1Kgs.13.9	1Kgs.13.9	same	
1Kgs.13.10	1Kgs.13.10	same	
1Kgs.13.11	1Kgs.13.11	same	
1Kgs.13.12	1Kgs.13.12	same	
1Kgs.13.13	1Kgs.13.13	same	
1Kgs.13.14	1Kgs.13.14	same	
1Kgs.13.15	1Kgs.13.15	same	
1Kgs.13.16	1Kgs.13.16	same	
1Kgs.13.17	1Kgs.13.17	same	
1Kgs.13.18	1Kgs.13.18	same	
1Kgs.13.19	1Kgs.13.19	same	
1Kgs.13.20	1Kgs.13.20	same	
1Kgs.13.21	1Kgs.13.21	same	
1Kgs.13.22	1Kgs.13.22	same	
1Kgs.13.23	1Kgs.13.23	same	
1Kgs.13.24	1Kgs.13.24	same	
1Kgs.13.25	1Kgs.13.25	same	
1Kgs.13.26	1Kgs.13.26	same	
1Kgs.13.28	1Kgs.13.28	same	
1Kgs.13.29	1Kgs.13.29	same	
1Kgs.13.30	1Kgs.13.30	same	
1Kgs.13.31	1Kgs.13.31	same	
1Kgs.13.32	1Kgs.13.32	same	
1Kgs.13.33	1Kgs.13.33	same	
1Kgs.13.34	1Kgs.13.34	same	
1Kgs.14.1	1Kgs.14.1	same	Keep verse (another tradition's pattern)
1Kgs.14.21	1Kgs.14.21	same	
1Kgs.14.22	1Kgs.14.22	same	
1Kgs.14.23	1Kgs.14.23	same	
1Kgs.14.24	1Kgs.14.24	same	
1Kgs.14.25	1Kgs.14.25	same	
1Kgs.14.26	1Kgs.14.26	same	
1Kgs.14.27	1Kgs.14.27	same	
1Kgs.14.28	1Kgs.14.28	same	
1Kgs.14.29	1Kgs.14.29	same	
1Kgs.14.30	1Kgs.14.30	same	
1Kgs.14.31	1Kgs.14.31	same	
1Kgs.15.1	1Kgs.15.1	same	
1Kgs.15.2	1Kgs.15.2	same	
1Kgs.15.3	1Kgs.15.3	same	
1Kgs.15.4	1Kgs.15.4	same	
1Kgs.15.5	1Kgs.15.5	same	
1Kgs.15.7	1Kgs.15.7	same	
1Kgs.15.8	1Kgs.15.8	same	
1Kgs.15.9	1Kgs.15.9	same	
1Kgs.15.10	1Kgs.15.10	same	
1Kgs.15.11	1Kgs.15.11	same	
1Kgs.15.12	1Kgs.15.12	same	
1Kgs.15.13	1Kgs.15.13	same	
1Kgs.15.14	1Kgs.15.14	same	
1Kgs.15.15	1Kgs.15.15	same	
1Kgs.15.16	1Kgs.15.16	same	
1Kgs.15.17	1Kgs.15.17	same	
1Kgs.15.18	1Kgs.15.18	same	
1Kgs.15.19	1Kgs.15.19	same	
1Kgs.15.20	1Kgs.15.20	same	
1Kgs.15.21	1Kgs.15.21	same	
1Kgs.15.22	1Kgs.15.22	same	
1Kgs.15.23	1Kgs.15.23	same	
1Kgs.15.24	1Kgs.15.24	same	
1Kgs.15.25	1Kgs.15.25	same	
1Kgs.15.26	1Kgs.15.26	same	
1Kgs.15.27	1Kgs.15.27	same	
1Kgs.15.28	1Kgs.15.28	same	
1Kgs.15.29	1Kgs.15.29	same	
1Kgs.15.30	1Kgs.15.30	same	
1Kgs.15.31	1Kgs.15.31	same	
1Kgs.15.33	1Kgs.15.33	same	
1Kgs.15.34	1Kgs.15.34	same	
1Kgs.16.1	1Kgs.16.1	same	
1Kgs.16.2	1Kgs.16.2	same	
1Kgs.16.3	1Kgs.16.3	same	
1Kgs.16.4	1Kgs.16.4	same	
1Kgs.16.5	1Kgs.16.5	same	
1Kgs.16.6	1Kgs.16.6	same	
1Kgs.16.7	1Kgs.16.7	same	
1Kgs.16.8	1Kgs.16.8	same	
1Kgs.16.9	1Kgs.16.9	same	
1Kgs.16.10	1Kgs.16.10	same	
1Kgs.16.11	1Kgs.16.11	same	
1Kgs.16.12	1Kgs.16.12	same	
1Kgs.16.13	1Kgs.16.13	same	
1Kgs.16.14	1Kgs.16.14	same	
1Kgs.16.15	1Kgs.16.15	same	
1Kgs.16.16	1Kgs.16.16	same	
1Kgs.16.17	1Kgs.16.17	same	
1Kgs.16.18	1Kgs.16.18	same	
1Kgs.16.19	1Kgs.16.19	same	
1Kgs.16.20	1Kgs.16.20	same	
1Kgs.16.21	1Kgs.16.21	same	
1Kgs.16.22	1Kgs.16.22	same	
1Kgs.16.23	1Kgs.16.23	same	
1Kgs.16.24	1Kgs.16.24	same	
1Kgs.16.25	1Kgs.16.25	same	
1Kgs.16.26	1Kgs.16.26	same	
1Kgs.16.27	1Kgs.16.27	same	
1Kgs.16.28	1Kgs.16.28	same	Keep verse (another tradition's pattern)
1Kgs.16.28a		not-in-kjv	
1Kgs.16.28b		not-in-kjv	
1Kgs.16.28c		not-in-kjv	
1Kgs.16.28d		not-in-kjv	
1Kgs.16.28e		not-in-kjv	
1Kgs.16.28f		not-in-kjv	
1Kgs.16.28g		not-in-kjv	
1Kgs.16.28h		not-in-kjv	
1Kgs.16.29	1Kgs.16.29	same	
1Kgs.16.30	1Kgs.16.30	same	
1Kgs.16.31	1Kgs.16.31	same	
1Kgs.16.32	1Kgs.16.32	same	
1Kgs.16.33	1Kgs.16.33	same	
1Kgs.16.34	1Kgs.16.34	same	
1Kgs.17.1	1Kgs.17.1	same	
1Kgs.17.2	1Kgs.17.2	same	
1Kgs.17.3	1Kgs.17.3	same	
1Kgs.17.4	1Kgs.17.4	same	
1Kgs.17.5	1Kgs.17.5	same	
1Kgs.17.6	1Kgs.17.6	same	
1Kgs.17.7	1Kgs.17.7	same	
1Kgs.17.8	1Kgs.17.8	same	
1Kgs.17.9	1Kgs.17.9	same	
1Kgs.17.10	1Kgs.17.10	same	
1Kgs.17.11	1Kgs.17.11	same	
1Kgs.17.12	1Kgs.17.12	same	
1Kgs.17.13	1Kgs.17.13	same	
1Kgs.17.14	1Kgs.17.14	same	
1Kgs.17.15	1Kgs.17.15	same	
1Kgs.17.16	1Kgs.17.16	same	
1Kgs.17.17	1Kgs.17.17	same	
1Kgs.17.18	1Kgs.17.18	same	
1Kgs.17.19	1Kgs.17.19	same	
1Kgs.17.20	1Kgs.17.20	same	
1Kgs.17.21	1Kgs.17.21	same	
1Kgs.17.22	1Kgs.17.22	same	
1Kgs.17.23	1Kgs.17.23	same	
1Kgs.17.24	1Kgs.17.24	same	
1Kgs.18.1	1Kgs.18.1	same	
1Kgs.18.2	1Kgs.18.2	same	
1Kgs.18.3	1Kgs.18.3	same	
1Kgs.18.4	1Kgs.18.4	same	
1Kgs.18.5	1Kgs.18.5	same	
1Kgs.18.6	1Kgs.18.6	same	
1Kgs.18.7	1Kgs.18.7	same	
1Kgs.18.8	1Kgs.18.8	same	
1Kgs.18.9	1Kgs.18.9	same	
1Kgs.18.10	1Kgs.18.10	same	
1Kgs.18.11	1Kgs.18.11	same	
1Kgs.18.12	1Kgs.18.12	same	
1Kgs.18.13	1Kgs.18.13	same	
1Kgs.18.14	1Kgs.18.14	same	
1Kgs.18.15	1Kgs.18.15	same	
1Kgs.18.16	1Kgs.18.16	same	
1Kgs.18.17	1Kgs.18.17	same	
1Kgs.18.18	1Kgs.18.18	same	
1Kgs.18.19	1Kgs.18.19	same	
1Kgs.18.20	1Kgs.18.20	same	
1Kgs.18.21	1Kgs.18.21	same	
1Kgs.18.22	1Kgs.18.22	same	
1Kgs.18.23	1Kgs.18.23	same	
1Kgs.18.24	1Kgs.18.24	same	
1Kgs.18.25	1Kgs.18.25	same	
1Kgs.18.26	1Kgs.18.26	same	
1Kgs.18.27	1Kgs.18.27	same	
1Kgs.18.28	1Kgs.18.28	same	
1Kgs.18.29	1Kgs.18.29	same	
1Kgs.18.30	1Kgs.18.30	same	
1Kgs.18.31	1Kgs.18.31	same	
1Kgs.18.32	1Kgs.18.32	same	
1Kgs.18.33	1Kgs.18.33	same	
1Kgs.18.34	1Kgs.18.34	same	Keep verse
1Kgs.18.35	1Kgs.18.35	same	
1Kgs.18.36	1Kgs.18.36	same	
1Kgs.18.37	1Kgs.18.37	same	
1Kgs.18.38	1Kgs.18.38	same	
1Kgs.18.39	1Kgs.18.39	same	
1Kgs.18.40	1Kgs.18.40	same	
1Kgs.18.41	1Kgs.18.41	same	
1Kgs.18.42	1Kgs.18.42	same	
1Kgs.18.43	1Kgs.18.43	same	
1Kgs.18.44	1Kgs.18.44	same	
1Kgs.18.45	1Kgs.18.45	same	
1Kgs.18.46	1Kgs.18.46	same	
1Kgs.19.1	1Kgs.19.1	same	
1Kgs.19.2	1Kgs.19.2	same	
1Kgs.19.3	1Kgs.19.3	same	
1Kgs.19.4	1Kgs.19.4	same	
1Kgs.19.5	1Kgs.19.5	same	
1Kgs.19.6	1Kgs.19.6	same	
1Kgs.19.7	1Kgs.19.7	same	
1Kgs.19.8	1Kgs.19.8	same	
1Kgs.19.9	1Kgs.19.9	same	
1Kgs.19.10	1Kgs.19.10	same	
1Kgs.19.11	1Kgs.19.11	same	
1Kgs.19.12	1Kgs.19.12	same	
1Kgs.19.13	1Kgs.19.13	same	
1Kgs.19.14	1Kgs.19.14	same	
1Kgs.19.15	1Kgs.19.15	same	
1Kgs.19.16	1Kgs.19.16	same	
1Kgs.19.17	1Kgs.19.17	same	
1Kgs.19.18	1Kgs.19.18	same	
1Kgs.19.19	1Kgs.19.19	same	
1Kgs.19.20	1Kgs.19.20	same	
1Kgs.19.21	1Kgs.19.21	same	
1Kgs.20.1	1Kgs.21.1	renumbered	Renumber verse*
1Kgs.20.2	1Kgs.21.2	renumbered	Renumber verse*
1Kgs.20.3	1Kgs.21.3 1Kgs.20.3	several	Renumber verse*; Keep verse
1Kgs.20.4	1Kgs.21.4	renumbered	Renumber verse*
1Kgs.20.5	1Kgs.21.5	renumbered	Renumber verse*
1Kgs.20.6	1Kgs.21.6	renumbered	Renumber verse*
1Kgs.20.7	1Kgs.21.7	renumbered	Renumber verse*
1Kgs.20.8	1Kgs.21.8	renumbered	Renumber verse*
1Kgs.20.9	1Kgs.21.9	renumbered	Renumber verse*
1Kgs.20.10	1Kgs.21.10	renumbered	Renumber verse*
1Kgs.20.13	1Kgs.21.13	renumbered	Renumber verse*
1Kgs.20.14	1Kgs.21.14	renumbered	Renumber verse*
1Kgs.20.15	1Kgs.21.15	renumbered	Renumber verse*
1Kgs.20.16	1Kgs.21.16	renumbered	Renumber verse*
1Kgs.20.17	1Kgs.21.17	renumbered	Renumber verse*
1Kgs.20.18	1Kgs.21.18	renumbered	Renumber verse*
1Kgs.20.19	1Kgs.21.19	renumbered	Renumber verse*
1Kgs.20.20	1Kgs.21.20	renumbered	Renumber verse*
1Kgs.20.21	1Kgs.21.21	renumbered	Renumber verse*
1Kgs.20.22	1Kgs.21.22	renumbered	Renumber verse*
1Kgs.20.23	1Kgs.21.23	renumbered	Renumber verse*
1Kgs.20.24	1Kgs.21.24	renumbered	Renumber verse*
1Kgs.20.25	1Kgs.21.25	renumbered	Renumber verse*
1Kgs.20.26	1Kgs.21.26	renumbered	Renumber verse*
1Kgs.20.27	1Kgs.21.27	renumbered	Renumber verse*
1Kgs.20.28	1Kgs.21.28	renumbered	Renumber verse*
1Kgs.20.29	1Kgs.21.29	renumbered	Renumber verse*
1Kgs.21.1	1Kgs.20.1	renumbered	Renumber verse*
1Kgs.21.2	1Kgs.20.2	renumbered	Renumber verse*
1Kgs.21.3	1Kgs.20.3	renumbered	Renumber verse*
1Kgs.21.4	1Kgs.20.4	renumbered	Renumber verse*
1Kgs.21.5	1Kgs.20.5	renumbered	Renumber verse*
1Kgs.21.6	1Kgs.20.6	renumbered	Renumber verse*
1Kgs.21.7	1Kgs.20.7	renumbered	Renumber verse*
1Kgs.21.8	1Kgs.20.8	renumbered	Renumber verse*
1Kgs.21.9	1Kgs.20.9	renumbered	Renumber verse*
1Kgs.21.10	1Kgs.20.10	renumbered	Renumber verse*
1Kgs.21.11	1Kgs.20.11	renumbered	Renumber verse*
1Kgs.21.12	1Kgs.20.12	renumbered	Renumber verse*
1Kgs.21.13	1Kgs.20.13	renumbered	Renumber verse*
1Kgs.21.14	1Kgs.20.14	renumbered	Renumber verse*
1Kgs.21.15	1Kgs.20.15	renumbered	Renumber verse*
1Kgs.21.16	1Kgs.20.16	renumbered	Renumber verse*
1Kgs.21.17	1Kgs.20.17	renumbered	Renumber verse*
1Kgs.21.18	1Kgs.20.18	renumbered	Renumber verse*
1Kgs.21.19	1Kgs.20.19	renumbered	Renumber verse*
1Kgs.21.20	1Kgs.20.20	renumbered	Renumber verse*
1Kgs.21.21	1Kgs.20.21	renumbered	Renumber verse*
1Kgs.21.22	1Kgs.20.22	renumbered	Renumber verse*
1Kgs.21.23	1Kgs.20.23	renumbered	Renumber verse*
1Kgs.21.24	1Kgs.20.24	renumbered	Renumber verse*
1Kgs.21.25	1Kgs.20.25	renumbered	Renumber verse*
1Kgs.21.26	1Kgs.20.26	renumbered	Renumber verse*
1Kgs.21.27	1Kgs.20.27	renumbered	Renumber verse*
1Kgs.21.28	1Kgs.20.28	renumbered	Renumber verse*
1Kgs.21.29	1Kgs.20.29	renumbered	Renumber verse*
1Kgs.21.30	1Kgs.20.30	renumbered	Renumber verse*
1Kgs.21.31	1Kgs.20.31	renumbered	Renumber verse*
1Kgs.21.32	1Kgs.20.32	renumbered	Renumber verse*
1Kgs.21.33	1Kgs.20.33	renumbered	Renumber verse*
1Kgs.21.34	1Kgs.20.34	renumbered	Renumber verse*
1Kgs.21.35	1Kgs.20.35	renumbered	Renumber verse*
1Kgs.21.36	1Kgs.20.36	renumbered	Renumber verse*
1Kgs.21.37	1Kgs.20.37	renumbered	Renumber verse*
1Kgs.21.38	1Kgs.20.38	renumbered	Renumber verse*
1Kgs.21.39	1Kgs.20.39	renumbered	Renumber verse*
1Kgs.21.40	1Kgs.20.40	renumbered	Renumber verse*
1Kgs.21.41	1Kgs.20.41	renumbered	Renumber verse*
1Kgs.21.42	1Kgs.20.42	renumbered	Renumber verse*
1Kgs.21.43	1Kgs.20.43	renumbered	Renumber verse*
1Kgs.22.1	1Kgs.22.1	same	
1Kgs.22.2	1Kgs.22.2	same	
1Kgs.22.3	1Kgs.22.3	same	
1Kgs.22.4	1Kgs.22.4	same	
1Kgs.22.5	1Kgs.22.5	same	
1Kgs.22.6	1Kgs.22.6	same	
1Kgs.22.7	1Kgs.22.7	same	
1Kgs.22.8	1Kgs.22.8	same	
1Kgs.22.9	1Kgs.22.9	same	
1Kgs.22.10	1Kgs.22.10	same	
1Kgs.22.11	1Kgs.22.11	same	
1Kgs.22.12	1Kgs.22.12	same	
1Kgs.22.13	1Kgs.22.13	same	
1Kgs.22.14	1Kgs.22.14	same	
1Kgs.22.15	1Kgs.22.15	same	
1Kgs.22.16	1Kgs.22.16	same	
1Kgs.22.17	1Kgs.22.17	same	
1Kgs.22.18	1Kgs.22.18	same	
1Kgs.22.19	1Kgs.22.19	same	
1Kgs.22.20	1Kgs.22.20	same	
1Kgs.22.21	1Kgs.22.21	same	
1Kgs.22.22	1Kgs.22.22	same	Keep verse
1Kgs.22.23	1Kgs.22.23	same	
1Kgs.22.24	1Kgs.22.24	same	
1Kgs.22.25	1Kgs.22.25	same	
1Kgs.22.26	1Kgs.22.26	same	
1Kgs.22.27	1Kgs.22.27	same	
1Kgs.22.28	1Kgs.22.28	same	
1Kgs.22.29	1Kgs.22.29	same	
1Kgs.22.30	1Kgs.22.30	same	
1Kgs.22.31	1Kgs.22.31	same	
1Kgs.22.32	1Kgs.22.32	same	
1Kgs.22.33	1Kgs.22.33	same	
1Kgs.22.34	1Kgs.22.34	same	
1Kgs.22.35	1Kgs.22.35	same	
1Kgs.22.36	1Kgs.22.36	same	
1Kgs.22.37	1Kgs.22.37	same	
1Kgs.22.38	1Kgs.22.38	same	
1Kgs.22.39	1Kgs.22.39	same	
1Kgs.22.40	1Kgs.22.40	same	
1Kgs.22.41	1Kgs.22.41	same	Keep verse (another tradition's pattern)
1Kgs.22.42	1Kgs.22.42	same	Keep verse (another tradition's pattern)
1Kgs.22.43	1Kgs.22.43	part	Renumber verse (another tradition's pattern)
1Kgs.22.44	1Kgs.22.44	same	Keep verse
1Kgs.22.45	1Kgs.22.44	renumbered	Renumber verse (another tradition's pattern)
1Kgs.22.46	1Kgs.22.45	renumbered	Renumber verse (another tradition's pattern)
1Kgs.22.51	1Kgs.22.50	renumbered	Renumber verse (another tradition's pattern)
1Kgs.22.52	1Kgs.22.51	renumbered	Renumber verse (another tradition's pattern)
1Kgs.22.53	1Kgs.22.52	renumbered	Renumber verse (another tradition's pattern)
1Kgs.22.54	1Kgs.22.53	renumbered	Renumber verse (another tradition's pattern)
2Kgs.1.1	2Kgs.1.1	same	
2Kgs.1.2	2Kgs.1.2	same	
2Kgs.1.3	2Kgs.1.3	same	
2Kgs.1.4	2Kgs.1.4	same	
2Kgs.1.5	2Kgs.1.5	same	
2Kgs.1.6	2Kgs.1.6	same	
2Kgs.1.7	2Kgs.1.7	same	
2Kgs.1.8	2Kgs.1.8	same	
2Kgs.1.9	2Kgs.1.9	same	
2Kgs.1.10	2Kgs.1.10	same	
2Kgs.1.11	2Kgs.1.11	same	
2Kgs.1.12	2Kgs.1.12	same	
2Kgs.1.13	2Kgs.1.13	same	
2Kgs.1.14	2Kgs.1.14	same	
2Kgs.1.15	2Kgs.1.15	same	
2Kgs.1.16	2Kgs.1.16	same	
2Kgs.1.17	2Kgs.1.17	same	
2Kgs.1.18	2Kgs.1.18	same	
2Kgs.1.18a		not-in-kjv	
2Kgs.1.18b		not-in-kjv	
2Kgs.1.18c		not-in-kjv	
2Kgs.1.18d		not-in-kjv	
2Kgs.2.1	2Kgs.2.1	same	
2Kgs.2.2	2Kgs.2.2	same	
2Kgs.2.3	2Kgs.2.3	same	
2Kgs.2.4	2Kgs.2.4	same	
2Kgs.2.5	2Kgs.2.5	same	
2Kgs.2.6	2Kgs.2.6	same	
2Kgs.2.7	2Kgs.2.7	same	
2Kgs.2.8	2Kgs.2.8	same	
2Kgs.2.9	2Kgs.2.9	same	
2Kgs.2.10	2Kgs.2.10	same	
2Kgs.2.11	2Kgs.2.11	same	
2Kgs.2.12	2Kgs.2.12	same	
2Kgs.2.13	2Kgs.2.13	same	
2Kgs.2.14	2Kgs.2.14	same	
2Kgs.2.15	2Kgs.2.15	same	
2Kgs.2.16	2Kgs.2.16	same	
2Kgs.2.17	2Kgs.2.17	same	
2Kgs.2.18	2Kgs.2.18	same	
2Kgs.2.19	2Kgs.2.19	same	
2Kgs.2.20	2Kgs.2.20	same	
2Kgs.2.21	2Kgs.2.21	same	
2Kgs.2.22	2Kgs.2.22	same	
2Kgs.2.23	2Kgs.2.23	same	
2Kgs.2.24	2Kgs.2.24	same	
2Kgs.2.25	2Kgs.2.25	same	
2Kgs.3.1	2Kgs.3.1	same	
2Kgs.3.2	2Kgs.3.2	same	
2Kgs.3.3	2Kgs.3.3	same	
2Kgs.3.4	2Kgs.3.4	same	
2Kgs.3.5	2Kgs.3.5	same	
2Kgs.3.6	2Kgs.3.6	same	
2Kgs.3.7	2Kgs.3.7	same	
2Kgs.3.8	2Kgs.3.8	same	
2Kgs.3.9	2Kgs.3.9	same	
2Kgs.3.10	2Kgs.3.10	same	
2Kgs.3.11	2Kgs.3.11	same	
2Kgs.3.12	2Kgs.3.12	same	
2Kgs.3.13	2Kgs.3.13	same	
2Kgs.3.14	2Kgs.3.14	same	
2Kgs.3.15	2Kgs.3.15	same	
2Kgs.3.16	2Kgs.3.16	same	
2Kgs.3.17	2Kgs.3.17	same	
2Kgs.3.18	2Kgs.3.18	same	
2Kgs.3.19	2Kgs.3.19	same	
2Kgs.3.20	2Kgs.3.20	same	
2Kgs.3.21	2Kgs.3.21	same	
2Kgs.3.22	2Kgs.3.22	same	
2Kgs.3.23	2Kgs.3.23	same	
2Kgs.3.24	2Kgs.3.24	same	
2Kgs.3.25	2Kgs.3.25	same	
2Kgs.3.26	2Kgs.3.26	same	
2Kgs.3.27	2Kgs.3.27	same	
2Kgs.4.1	2Kgs.4.1	same	
2Kgs.4.2	2Kgs.4.2	same	
2Kgs.4.3	2Kgs.4.3	same	
2Kgs.4.4	2Kgs.4.4	same	
2Kgs.4.5	2Kgs.4.5	same	
2Kgs.4.6	2Kgs.4.6	same	
2Kgs.4.7	2Kgs.4.7	same	
2Kgs.4.8	2Kgs.4.8	same	
2Kgs.4.9	2Kgs.4.9	same	
2Kgs.4.10	2Kgs.4.10	same	
2Kgs.4.11	2Kgs.4.11	same	
2Kgs.4.12	2Kgs.4.12	same	
2Kgs.4.13	2Kgs.4.13	same	
2Kgs.4.14	2Kgs.4.14	same	
2Kgs.4.15	2Kgs.4.15	same	
2Kgs.4.16	2Kgs.4.16	same	
2Kgs.4.17	2Kgs.4.17	same	
2Kgs.4.18	2Kgs.4.18	same	
2Kgs.4.19	2Kgs.4.19	same	
2Kgs.4.20	2Kgs.4.20	same	
2Kgs.4.21	2Kgs.4.21	same	
2Kgs.4.22	2Kgs.4.22	same	
2Kgs.4.23	2Kgs.4.23	same	
2Kgs.4.24	2Kgs.4.24	same	
2Kgs.4.25	2Kgs.4.25	same	
2Kgs.4.26	2Kgs.4.26	same	
2Kgs.4.27	2Kgs.4.27	same	
2Kgs.4.28	2Kgs.4.28	same	
2Kgs.4.29	2Kgs.4.29	same	
2Kgs.4.30	2Kgs.4.30	same	
2Kgs.4.31	2Kgs.4.31	same	
2Kgs.4.32	2Kgs.4.32	same	
2Kgs.4.33	2Kgs.4.33	same	
2Kgs.4.34	2Kgs.4.34	same	
2Kgs.4.35	2Kgs.4.35	same	
2Kgs.4.36	2Kgs.4.36	same	
2Kgs.4.37	2Kgs.4.37	same	
2Kgs.4.38	2Kgs.4.38	same	
2Kgs.4.39	2Kgs.4.39	same	
2Kgs.4.40	2Kgs.4.40	same	
2Kgs.4.41	2Kgs.4.41	same	
2Kgs.4.42	2Kgs.4.42	same	
2Kgs.4.43	2Kgs.4.43	same	
2Kgs.4.44	2Kgs.4.44	same	
2Kgs.5.1	2Kgs.5.1	same	
2Kgs.5.2	2Kgs.5.2	same	
2Kgs.5.3	2Kgs.5.3	same	
2Kgs.5.4	2Kgs.5.4	same	
2Kgs.5.5	2Kgs.5.5	same	
2Kgs.5.6	2Kgs.5.6	same	
2Kgs.5.7	2Kgs.5.7	same	
2Kgs.5.8	2Kgs.5.8	same	
2Kgs.5.9	2Kgs.5.9	same	
2Kgs.5.10	2Kgs.5.10	same	
2Kgs.5.11	2Kgs.5.11	same	
2Kgs.5.12	2Kgs.5.12	same	
2Kgs.5.13	2Kgs.5.13	same	
2Kgs.5.14	2Kgs.5.14	same	
2Kgs.5.15	2Kgs.5.15	same	
2Kgs.5.16	2Kgs.5.16	same	
2Kgs.5.17	2Kgs.5.17	same	
2Kgs.5.18	2Kgs.5.18	same	
2Kgs.5.19	2Kgs.5.19	same	
2Kgs.5.20	2Kgs.5.20	same	
2Kgs.5.21	2Kgs.5.21	same	
2Kgs.5.22	2Kgs.5.22	same	
2Kgs.5.23	2Kgs.5.23	same	
2Kgs.5.24	2Kgs.5.24	same	
2Kgs.5.25	2Kgs.5.25	same	
2Kgs.5.26	2Kgs.5.26	same	
2Kgs.5.27	2Kgs.5.27	same	
2Kgs.6.1	2Kgs.6.1	same	
2Kgs.6.2	2Kgs.6.2	same	
2Kgs.6.3	2Kgs.6.3	same	
2Kgs.6.4	2Kgs.6.4	same	
2Kgs.6.5	2Kgs.6.5	same	
2Kgs.6.6	2Kgs.6.6	same	
2Kgs.6.7	2Kgs.6.7	same	
2Kgs.6.8	2Kgs.6.8	same	
2Kgs.6.9	2Kgs.6.9	same	
2Kgs.6.10	2Kgs.6.10	same	
2Kgs.6.11	2Kgs.6.11	same	
2Kgs.6.12	2Kgs.6.12	same	
2Kgs.6.13	2Kgs.6.13	same	
2Kgs.6.14	2Kgs.6.14	same	
2Kgs.6.15	2Kgs.6.15	same	
2Kgs.6.16	2Kgs.6.16	same	
2Kgs.6.17	2Kgs.6.17	same	
2Kgs.6.18	2Kgs.6.18	same	
2Kgs.6.19	2Kgs.6.19	same	
2Kgs.6.20	2Kgs.6.20	same	
2Kgs.6.21	2Kgs.6.21	same	
2Kgs.6.22	2Kgs.6.22	same	
2Kgs.6.23	2Kgs.6.23	same	
2Kgs.6.24	2Kgs.6.24	same	
2Kgs.6.25	2Kgs.6.25	same	
2Kgs.6.26	2Kgs.6.26	same	
2Kgs.6.27	2Kgs.6.27	same	
2Kgs.6.28	2Kgs.6.28	same	
2Kgs.6.29	2Kgs.6.29	same	
2Kgs.6.30	2Kgs.6.30	same	
2Kgs.6.31	2Kgs.6.31	same	
2Kgs.6.32	2Kgs.6.32	same	
2Kgs.6.33	2Kgs.6.33	same	
2Kgs.7.1	2Kgs.7.1	same	
2Kgs.7.2	2Kgs.7.2	same	
2Kgs.7.3	2Kgs.7.3	same	
2Kgs.7.4	2Kgs.7.4	same	
2Kgs.7.5	2Kgs.7.5	same	
2Kgs.7.6	2Kgs.7.6	same	
2Kgs.7.7	2Kgs.7.7	same	
2Kgs.7.8	2Kgs.7.8	same	
2Kgs.7.9	2Kgs.7.9	same	
2Kgs.7.10	2Kgs.7.10	same	
2Kgs.7.11	2Kgs.7.11	same	
2Kgs.7.12	2Kgs.7.12	same	
2Kgs.7.13	2Kgs.7.13	same	
2Kgs.7.14	2Kgs.7.14	same	
2Kgs.7.15	2Kgs.7.15	same	
2Kgs.7.16	2Kgs.7.16	same	
2Kgs.7.17	2Kgs.7.17	same	
2Kgs.7.18	2Kgs.7.18	same	
2Kgs.7.19	2Kgs.7.19	same	
2Kgs.7.20	2Kgs.7.20	same	
2Kgs.8.1	2Kgs.8.1	same	
2Kgs.8.2	2Kgs.8.2	same	
2Kgs.8.3	2Kgs.8.3	same	
2Kgs.8.4	2Kgs.8.4	same	
2Kgs.8.5	2Kgs.8.5	same	
2Kgs.8.6	2Kgs.8.6	same	
2Kgs.8.7	2Kgs.8.7	same	
2Kgs.8.8	2Kgs.8.8	same	
2Kgs.8.9	2Kgs.8.9	same	
2Kgs.8.10	2Kgs.8.10	same	
2Kgs.8.11	2Kgs.8.11	same	
2Kgs.8.12	2Kgs.8.12	same	
2Kgs.8.13	2Kgs.8.13	same	
2Kgs.8.14	2Kgs.8.14	same	
2Kgs.8.15	2Kgs.8.15	same	
2Kgs.8.16	2Kgs.8.16	same	
2Kgs.8.17	2Kgs.8.17	same	
2Kgs.8.18	2Kgs.8.18	same	
2Kgs.8.19	2Kgs.8.19	same	
2Kgs.8.20	2Kgs.8.20	same	
2Kgs.8.21	2Kgs.8.21	same	
2Kgs.8.22	2Kgs.8.22	same	
2Kgs.8.23	2Kgs.8.23	same	
2Kgs.8.24	2Kgs.8.24	same	
2Kgs.8.25	2Kgs.8.25	same	
2Kgs.8.26	2Kgs.8.26	same	
2Kgs.8.27	2Kgs.8.27	same	
2Kgs.8.28	2Kgs.8.28	same	
2Kgs.8.29	2Kgs.8.29	same	
2Kgs.9.1	2Kgs.9.1	same	
2Kgs.9.2	2Kgs.9.2	same	
2Kgs.9.3	2Kgs.9.3	same	
2Kgs.9.4	2Kgs.9.4	same	
2Kgs.9.5	2Kgs.9.5	same	
2Kgs.9.6	2Kgs.9.6	same	
2Kgs.9.7	2Kgs.9.7	same	
2Kgs.9.8	2Kgs.9.8	same	
2Kgs.9.9	2Kgs.9.9	same	
2Kgs.9.10	2Kgs.9.10	same	
2Kgs.9.11	2Kgs.9.11	same	
2Kgs.9.12	2Kgs.9.12	same	
2Kgs.9.13	2Kgs.9.13	same	
2Kgs.9.14	2Kgs.9.14	same	
2Kgs.9.15	2Kgs.9.15	same	
2Kgs.9.16	2Kgs.9.16	same	
2Kgs.9.17	2Kgs.9.17	same	
2Kgs.9.18	2Kgs.9.18	same	
2Kgs.9.19	2Kgs.9.19	same	
2Kgs.9.20	2Kgs.9.20	same	
2Kgs.9.21	2Kgs.9.21	same	
2Kgs.9.22	2Kgs.9.22	same	
2Kgs.9.23	2Kgs.9.23	same	
2Kgs.9.24	2Kgs.9.24	same	
2Kgs.9.25	2Kgs.9.25	same	
2Kgs.9.26	2Kgs.9.26	same	
2Kgs.9.27	2Kgs.9.27	same	
2Kgs.9.28	2Kgs.9.28	same	
2Kgs.9.29	2Kgs.9.29	same	
2Kgs.9.30	2Kgs.9.30	same	
2Kgs.9.31	2Kgs.9.31	same	
2Kgs.9.32	2Kgs.9.32	same	
2Kgs.9.33	2Kgs.9.33	same	
2Kgs.9.34	2Kgs.9.34	same	
2Kgs.9.35	2Kgs.9.35	same	
2Kgs.9.36	2Kgs.9.36	same	
2Kgs.9.37	2Kgs.9.37	same	
2Kgs.10.1	2Kgs.10.1	same	
2Kgs.10.2	2Kgs.10.2	same	
2Kgs.10.3	2Kgs.10.3	same	
2Kgs.10.4	2Kgs.10.4	same	
2Kgs.10.5	2Kgs.10.5	same	
2Kgs.10.6	2Kgs.10.6	same	
2Kgs.10.7	2Kgs.10.7	same	
2Kgs.10.8	2Kgs.10.8	same	
2Kgs.10.9	2Kgs.10.9	same	
2Kgs.10.10	2Kgs.10.10	same	
2Kgs.10.11	2Kgs.10.11	same	
2Kgs.10.12	2Kgs.10.12	same	
2Kgs.10.13	2Kgs.10.13	same	
2Kgs.10.14	2Kgs.10.14	same	
2Kgs.10.15	2Kgs.10.15	same	
2Kgs.10.16	2Kgs.10.16	same	
2Kgs.10.17	2Kgs.10.17	same	
2Kgs.10.18	2Kgs.10.18	same	
2Kgs.10.19	2Kgs.10.19	same	
2Kgs.10.20	2Kgs.10.20	same	
2Kgs.10.21	2Kgs.10.21	same	
2Kgs.10.22	2Kgs.10.22	same	
2Kgs.10.23	2Kgs.10.23	same	
2Kgs.10.24	2Kgs.10.24	same	
2Kgs.10.25	2Kgs.10.25	same	
2Kgs.10.26	2Kgs.10.26	same	
2Kgs.10.27	2Kgs.10.27	same	
2Kgs.10.28	2Kgs.10.28	same	
2Kgs.10.29	2Kgs.10.29	same	
2Kgs.10.30	2Kgs.10.30	same	
2Kgs.10.31	2Kgs.10.31	same	
2Kgs.10.32	2Kgs.10.32	same	
2Kgs.10.33	2Kgs.10.33	same	
2Kgs.10.34	2Kgs.10.34	same	
2Kgs.10.35	2Kgs.10.35	same	
2Kgs.10.36	2Kgs.10.36	same	
2Kgs.11.1	2Kgs.11.1	same	
2Kgs.11.2	2Kgs.11.2	same	
2Kgs.11.3	2Kgs.11.3	same	
2Kgs.11.4	2Kgs.11.4	same	
2Kgs.11.5	2Kgs.11.5	same	
2Kgs.11.6	2Kgs.11.6	same	
2Kgs.11.7	2Kgs.11.7	same	
2Kgs.11.8	2Kgs.11.8	same	
2Kgs.11.9	2Kgs.11.9	same	
2Kgs.11.10	2Kgs.11.10	same	
2Kgs.11.11	2Kgs.11.11	same	
2Kgs.11.12	2Kgs.11.12	same	
2Kgs.11.13	2Kgs.11.13	same	
2Kgs.11.14	2Kgs.11.14	same	
2Kgs.11.15	2Kgs.11.15	same	
2Kgs.11.16	2Kgs.11.16	same	
2Kgs.11.17	2Kgs.11.17	same	
2Kgs.11.18	2Kgs.11.18	same	
2Kgs.11.19	2Kgs.11.19	same	
2Kgs.11.20	2Kgs.11.20	same	
2Kgs.11.21	2Kgs.11.21	same	Keep verse (another tradition's pattern)
2Kgs.12.1	2Kgs.12.1	same	Keep verse (another tradition's pattern)
2Kgs.12.2	2Kgs.12.2	same	Keep verse (another tradition's pattern)
2Kgs.12.3	2Kgs.12.3	same	Keep verse (another tradition's pattern)
2Kgs.12.4	2Kgs.12.4	same	Keep verse (another tradition's pattern)
2Kgs.12.5	2Kgs.12.5	same	Keep verse (another tradition's pattern)
2Kgs.12.6	2Kgs.12.6	same	Keep verse (another tradition's pattern)
2Kgs.12.7	2Kgs.12.7	same	Keep verse (another tradition's pattern)
2Kgs.12.8	2Kgs.12.8	same	Keep verse (another tradition's pattern)
2Kgs.12.9	2Kgs.12.9	same	Keep verse (another tradition's pattern)
2Kgs.12.10	2Kgs.12.10	same	Keep verse (another tradition's pattern)
2Kgs.12.11	2Kgs.12.11	same	Keep verse (another tradition's pattern)
2Kgs.12.12	2Kgs.12.12	same	Keep verse (another tradition's pattern)
2Kgs.12.13	2Kgs.12.13	same	Keep verse (another tradition's pattern)
2Kgs.12.14	2Kgs.12.14	same	Keep verse (another tradition's pattern)
2Kgs.12.15	2Kgs.12.15	same	Keep verse (another tradition's pattern)
2Kgs.12.16	2Kgs.12.16	same	Keep verse (another tradition's pattern)
2Kgs.12.17	2Kgs.12.17	same	Keep verse (another tradition's pattern)
2Kgs.12.18	2Kgs.12.18	same	Keep verse (another tradition's pattern)
2Kgs.12.19	2Kgs.12.19	same	Keep verse (another tradition's pattern)
2Kgs.12.20	2Kgs.12.20	same	Keep verse (another tradition's pattern)
2Kgs.12.21	2Kgs.12.21	same	Keep verse (another tradition's pattern)
2Kgs.13.1	2Kgs.13.1	same	
2Kgs.13.2	2Kgs.13.2	same	
2Kgs.13.3	2Kgs.13.3	same	
2Kgs.13.4	2Kgs.13.4	same	
2Kgs.13.5	2Kgs.13.5	same	
2Kgs.13.6	2Kgs.13.6	same	
2Kgs.13.7	2Kgs.13.7	same	
2Kgs.13.8	2Kgs.13.8	same	
2Kgs.13.9	2Kgs.13.9	same	
2Kgs.13.10	2Kgs.13.10	same	
2Kgs.13.11	2Kgs.13.11	same	
2Kgs.13.12	2Kgs.13.12	same	
2Kgs.13.13	2Kgs.13.13	same	
2Kgs.13.14	2Kgs.13.14	same	
2Kgs.13.15	2Kgs.13.15	same	
2Kgs.13.16	2Kgs.13.16	same	
2Kgs.13.17	2Kgs.13.17	same	
2Kgs.13.18	2Kgs.13.18	same	
2Kgs.13.19	2Kgs.13.19	same	
2Kgs.13.20	2Kgs.13.20	same	
2Kgs.13.21	2Kgs.13.21	same	
2Kgs.13.22	2Kgs.13.22	same	
2Kgs.13.23	2Kgs.13.23	same	
2Kgs.13.24	2Kgs.13.24	same	
2Kgs.13.25	2Kgs.13.25	same	
2Kgs.14.1	2Kgs.14.1	same	
2Kgs.14.2	2Kgs.14.2	same	
2Kgs.14.3	2Kgs.14.3	same	
2Kgs.14.4	2Kgs.14.4	same	
2Kgs.14.5	2Kgs.14.5	same	
2Kgs.14.6	2Kgs.14.6	same	
2Kgs.14.7	2Kgs.14.7	same	
2Kgs.14.8	2Kgs.14.8	same	
2Kgs.14.9	2Kgs.14.9	same	
2Kgs.14.10	2Kgs.14.10	same	
2Kgs.14.11	2Kgs.14.11	same	
2Kgs.14.12	2Kgs.14.12	same	
2Kgs.14.13	2Kgs.14.13	same	
2Kgs.14.14	2Kgs.14.14	same	
2Kgs.14.15	2Kgs.14.15	same	
2Kgs.14.16	2Kgs.14.16	same	
2Kgs.14.17	2Kgs.14.17	same	
2Kgs.14.18	2Kgs.14.18	same	
2Kgs.14.19	2Kgs.14.19	same	
2Kgs.14.20	2Kgs.14.20	same	
2Kgs.14.21	2Kgs.14.21	same	
2Kgs.14.22	2Kgs.14.22	same	
2Kgs.14.23	2Kgs.14.23	same	
2Kgs.14.24	2Kgs.14.24	same	
2Kgs.14.25	2Kgs.14.25	same	
2Kgs.14.26	2Kgs.14.26	same	
2Kgs.14.27	2Kgs.14.27	same	
2Kgs.14.28	2Kgs.14.28	same	
2Kgs.15.1	2Kgs.15.1	same	
2Kgs.15.2	2Kgs.15.2	same	
2Kgs.15.3	2Kgs.15.3	same	
2Kgs.15.4	2Kgs.15.4	same	
2Kgs.15.5	2Kgs.15.5	same	
2Kgs.15.6	2Kgs.15.6	same	
2Kgs.15.7	2Kgs.15.7	same	
2Kgs.15.8	2Kgs.15.8	same	
2Kgs.15.9	2Kgs.15.9	same	
2Kgs.15.10	2Kgs.15.10	same	
2Kgs.15.11	2Kgs.15.11	same	
2Kgs.15.12	2Kgs.15.12	same	
2Kgs.15.13	2Kgs.15.13	same	
2Kgs.15.14	2Kgs.15.14	same	
2Kgs.15.15	2Kgs.15.15	same	
2Kgs.15.16	2Kgs.15.16	same	
2Kgs.15.17	2Kgs.15.17	same	
2Kgs.15.18	2Kgs.15.18	same	
2Kgs.15.19	2Kgs.15.19	same	
2Kgs.15.20	2Kgs.15.20	same	
2Kgs.15.21	2Kgs.15.21	same	
2Kgs.15.22	2Kgs.15.22	same	
2Kgs.15.23	2Kgs.15.23	same	
2Kgs.15.24	2Kgs.15.24	same	
2Kgs.15.25	2Kgs.15.25	same	
2Kgs.15.26	2Kgs.15.26	same	
2Kgs.15.27	2Kgs.15.27	same	
2Kgs.15.28	2Kgs.15.28	same	
2Kgs.15.29	2Kgs.15.29	same	
2Kgs.15.30	2Kgs.15.30	same	
2Kgs.15.31	2Kgs.15.31	same	
2Kgs.15.32	2Kgs.15.32	same	
2Kgs.15.33	2Kgs.15.33	same	
2Kgs.15.34	2Kgs.15.34	same	
2Kgs.15.35	2Kgs.15.35	same	
2Kgs.15.36	2Kgs.15.36	same	
2Kgs.15.37	2Kgs.15.37	same	
2Kgs.15.38	2Kgs.15.38	same	
2Kgs.16.1	2Kgs.16.1	same	
2Kgs.16.2	2Kgs.16.2	same	
2Kgs.16.3	2Kgs.16.3	same	
2Kgs.16.4	2Kgs.16.4	same	
2Kgs.16.5	2Kgs.16.5	same	
2Kgs.16.6	2Kgs.16.6	same	
2Kgs.16.7	2Kgs.16.7	same	
2Kgs.16.8	2Kgs.16.8	same	
2Kgs.16.9	2Kgs.16.9	same	
2Kgs.16.10	2Kgs.16.10	same	
2Kgs.16.11	2Kgs.16.11	same	
2Kgs.16.12	2Kgs.16.12	same	
2Kgs.16.13	2Kgs.16.13	same	
2Kgs.16.14	2Kgs.16.14	same	
2Kgs.16.15	2Kgs.16.15	same	
2Kgs.16.16	2Kgs.16.16	same	
2Kgs.16.17	2Kgs.16.17	same	
2Kgs.16.18	2Kgs.16.18	same	
2Kgs.16.19	2Kgs.16.19	same	
2Kgs.16.20	2Kgs.16.20	same	
2Kgs.17.1	2Kgs.17.1	same	
2Kgs.17.2	2Kgs.17.2	same	
2Kgs.17.3	2Kgs.17.3	same	
2Kgs.17.4	2Kgs.17.4	same	
2Kgs.17.5	2Kgs.17.5	same	
2Kgs.17.6	2Kgs.17.6	same	
2Kgs.17.7	2Kgs.17.7	same	
2Kgs.17.8	2Kgs.17.8	same	
2Kgs.17.9	2Kgs.17.9	same	
2Kgs.17.10	2Kgs.17.10	same	
2Kgs.17.11	2Kgs.17.11	same	
2Kgs.17.12	2Kgs.17.12	same	
2Kgs.17.13	2Kgs.17.13	same	
2Kgs.17.14	2Kgs.17.14	same	
2Kgs.17.15	2Kgs.17.15	same	
2Kgs.17.16	2Kgs.17.16	same	
2Kgs.17.17	2Kgs.17.17	same	
2Kgs.17.18	2Kgs.17.18	same	
2Kgs.17.19	2Kgs.17.19	same	
2Kgs.17.20	2Kgs.17.20	same	
2Kgs.17.21	2Kgs.17.21	same	
2Kgs.17.22	2Kgs.17.22	same	
2Kgs.17.23	2Kgs.17.23	same	
2Kgs.17.24	2Kgs.17.24	same	
2Kgs.17.25	2Kgs.17.25	same	
2Kgs.17.26	2Kgs.17.26	same	
2Kgs.17.27	2Kgs.17.27	same	
2Kgs.17.28	2Kgs.17.28	same	
2Kgs.17.29	2Kgs.17.29	same	
2Kgs.17.30	2Kgs.17.30	same	
2Kgs.17.31	2Kgs.17.31	same	
2Kgs.17.32	2Kgs.17.32	same	
2Kgs.17.33	2Kgs.17.33	same	
2Kgs.17.34	2Kgs.17.34	same	
2Kgs.17.35	2Kgs.17.35	same	
2Kgs.17.36	2Kgs.17.36	same	
2Kgs.17.37	2Kgs.17.37	same	
2Kgs.17.38	2Kgs.17.38	same	
2Kgs.17.39	2Kgs.17.39	same	
2Kgs.17.40	2Kgs.17.40	same	
2Kgs.17.41	2Kgs.17.41	same	
2Kgs.18.1	2Kgs.18.1	same	
2Kgs.18.2	2Kgs.18.2	same	
2Kgs.18.3	2Kgs.18.3	same	
2Kgs.18.4	2Kgs.18.4	same	
2Kgs.18.5	2Kgs.18.5	same	
2Kgs.18.6	2Kgs.18.6	same	
2Kgs.18.7	2Kgs.18.7	same	
2Kgs.18.8	2Kgs.18.8	same	
2Kgs.18.9	2Kgs.18.9	same	
2Kgs.18.10	2Kgs.18.10	same	
2Kgs.18.11	2Kgs.18.11	same	
2Kgs.18.12	2Kgs.18.12	same	
2Kgs.18.13	2Kgs.18.13	same	
2Kgs.18.14	2Kgs.18.14	same	
2Kgs.18.15	2Kgs.18.15	same	
2Kgs.18.16	2Kgs.18.16	same	
2Kgs.18.17	2Kgs.18.17	same	
2Kgs.18.18	2Kgs.18.18	same	
2Kgs.18.19	2Kgs.18.19	same	
2Kgs.18.20	2Kgs.18.20	same	
2Kgs.18.21	2Kgs.18.21	same	
2Kgs.18.22	2Kgs.18.22	same	
2Kgs.18.23	2Kgs.18.23	same	
2Kgs.18.24	2Kgs.18.24	same	
2Kgs.18.25	2Kgs.18.25	same	
2Kgs.18.26	2Kgs.18.26	same	
2Kgs.18.27	2Kgs.18.27	same	
2Kgs.18.28	2Kgs.18.28	same	
2Kgs.18.29	2Kgs.18.29	same	
2Kgs.18.30	2Kgs.18.30	same	
2Kgs.18.31	2Kgs.18.31	same	
2Kgs.18.32	2Kgs.18.32	same	
2Kgs.18.33	2Kgs.18.33	same	
2Kgs.18.34	2Kgs.18.34	same	
2Kgs.18.35	2Kgs.18.35	same	
2Kgs.18.36	2Kgs.18.36	same	
2Kgs.18.37	2Kgs.18.37	same	
2Kgs.19.1	2Kgs.19.1	same	
2Kgs.19.2	2Kgs.19.2	same	
2Kgs.19.3	2Kgs.19.3	same	
2Kgs.19.4	2Kgs.19.4	same	
2Kgs.19.5	2Kgs.19.5	same	
2Kgs.19.6	2Kgs.19.6	same	
2Kgs.19.7	2Kgs.19.7	same	
2Kgs.19.8	2Kgs.19.8	same	
2Kgs.19.9	2Kgs.19.9	same	
2Kgs.19.10	2Kgs.19.10	same	
2Kgs.19.11	2Kgs.19.11	same	
2Kgs.19.12	2Kgs.19.12	same	
2Kgs.19.13	2Kgs.19.13	same	
2Kgs.19.14	2Kgs.19.14	same	
2Kgs.19.15	2Kgs.19.15	same	
2Kgs.19.16	2Kgs.19.16	same	
2Kgs.19.17	2Kgs.19.17	same	
2Kgs.19.18	2Kgs.19.18	same	
2Kgs.19.19	2Kgs.19.19	same	
2Kgs.19.20	2Kgs.19.20	same	
2Kgs.19.21	2Kgs.19.21	same	
2Kgs.19.22	2Kgs.19.22	same	
2Kgs.19.23	2Kgs.19.23	same	
2Kgs.19.24	2Kgs.19.24	same	
2Kgs.19.25	2Kgs.19.25	same	
2Kgs.19.26	2Kgs.19.26	same	
2Kgs.19.27	2Kgs.19.27	same	
2Kgs.19.28	2Kgs.19.28	same	
2Kgs.19.29	2Kgs.19.29	same	
2Kgs.19.30	2Kgs.19.30	same	
2Kgs.19.31	2Kgs.19.31	same	
2Kgs.19.32	2Kgs.19.32	same	
2Kgs.19.33	2Kgs.19.33	same	
2Kgs.19.34	2Kgs.19.34	same	
2Kgs.19.35	2Kgs.19.35	same	
2Kgs.19.36	2Kgs.19.36	same	
2Kgs.19.37	2Kgs.19.37	same	
2Kgs.20.1	2Kgs.20.1	same	
2Kgs.20.2	2Kgs.20.2	same	
2Kgs.20.3	2Kgs.20.3	same	
2Kgs.20.4	2Kgs.20.4	same	
2Kgs.20.5	2Kgs.20.5	same	
2Kgs.20.6	2Kgs.20.6	same	
2Kgs.20.7	2Kgs.20.7	same	
2Kgs.20.8	2Kgs.20.8	same	
2Kgs.20.9	2Kgs.20.9	same	
2Kgs.20.10	2Kgs.20.10	same	
2Kgs.20.11	2Kgs.20.11	same	
2Kgs.20.12	2Kgs.20.12	same	
2Kgs.20.13	2Kgs.20.13	same	
2Kgs.20.14	2Kgs.20.14	same	
2Kgs.20.15	2Kgs.20.15	same	
2Kgs.20.16	2Kgs.20.16	same	
2Kgs.20.17	2Kgs.20.17	same	
2Kgs.20.18	2Kgs.20.18	same	
2Kgs.20.19	2Kgs.20.19	same	
2Kgs.20.20	2Kgs.20.20	same	
2Kgs.20.21	2Kgs.20.21	same	
2Kgs.21.1	2Kgs.21.1	same	
2Kgs.21.2	2Kgs.21.2	same	
2Kgs.21.3	2Kgs.21.3	same	
2Kgs.21.4	2Kgs.21.4	same	
2Kgs.21.5	2Kgs.21.5	same	
2Kgs.21.6	2Kgs.21.6	same	
2Kgs.21.7	2Kgs.21.7	same	
2Kgs.21.8	2Kgs.21.8	same	
2Kgs.21.9	2Kgs.21.9	same	
2Kgs.21.10	2Kgs.21.10	same	
2Kgs.21.11	2Kgs.21.11	same	
2Kgs.21.12	2Kgs.21.12	same	
2Kgs.21.13	2Kgs.21.13	same	
2Kgs.21.14	2Kgs.21.14	same	
2Kgs.21.15	2Kgs.21.15	same	
2Kgs.21.16	2Kgs.21.16	same	
2Kgs.21.17	2Kgs.21.17	same	
2Kgs.21.18	2Kgs.21.18	same	
2Kgs.21.19	2Kgs.21.19	same	
2Kgs.21.20	2Kgs.21.20	same	
2Kgs.21.21	2Kgs.21.21	same	
2Kgs.21.22	2Kgs.21.22	same	
2Kgs.21.23	2Kgs.21.23	same	
2Kgs.21.24	2Kgs.21.24	same	
2Kgs.21.25	2Kgs.21.25	same	
2Kgs.21.26	2Kgs.21.26	same	
2Kgs.22.1	2Kgs.22.1	same	
2Kgs.22.2	2Kgs.22.2	same	
2Kgs.22.3	2Kgs.22.3	same	
2Kgs.22.4	2Kgs.22.4	same	
2Kgs.22.5	2Kgs.22.5	same	
2Kgs.22.6	2Kgs.22.6	same	
2Kgs.22.7	2Kgs.22.7	same	
2Kgs.22.8	2Kgs.22.8	same	
2Kgs.22.9	2Kgs.22.9	same	
2Kgs.22.10	2Kgs.22.10	same	
2Kgs.22.11	2Kgs.22.11	same	
2Kgs.22.12	2Kgs.22.12	same	
2Kgs.22.13	2Kgs.22.13	same	
2Kgs.22.14	2Kgs.22.14	same	
2Kgs.22.15	2Kgs.22.15	same	
2Kgs.22.16	2Kgs.22.16	same	
2Kgs.22.17	2Kgs.22.17	same	
2Kgs.22.18	2Kgs.22.18	same	
2Kgs.22.19	2Kgs.22.19	same	
2Kgs.22.20	2Kgs.22.20	same	
2Kgs.23.1	2Kgs.23.1	same	
2Kgs.23.2	2Kgs.23.2	same	
2Kgs.23.3	2Kgs.23.3	same	
2Kgs.23.4	2Kgs.23.4	same	
2Kgs.23.5	2Kgs.23.5	same	
2Kgs.23.6	2Kgs.23.6	same	
2Kgs.23.7	2Kgs.23.7	same	
2Kgs.23.8	2Kgs.23.8	same	
2Kgs.23.9	2Kgs.23.9	same	
2Kgs.23.10	2Kgs.23.10	same	
2Kgs.23.11	2Kgs.23.11	same	
2Kgs.23.12	2Kgs.23.12	same	
2Kgs.23.13	2Kgs.23.13	same	
2Kgs.23.14	2Kgs.23.14	same	
2Kgs.23.15	2Kgs.23.15	same	
2Kgs.23.16	2Kgs.23.16	same	
2Kgs.23.17	2Kgs.23.17	same	
2Kgs.23.18	2Kgs.23.18	same	
2Kgs.23.19	2Kgs.23.19	same	
2Kgs.23.20	2Kgs.23.20	same	
2Kgs.23.21	2Kgs.23.21	same	
2Kgs.23.22	2Kgs.23.22	same	
2Kgs.23.23	2Kgs.23.23	same	
2Kgs.23.24	2Kgs.23.24	same	
2Kgs.23.25	2Kgs.23.25	same	
2Kgs.23.26	2Kgs.23.26	same	
2Kgs.23.27	2Kgs.23.27	same	
2Kgs.23.28	2Kgs.23.28	same	
2Kgs.23.29	2Kgs.23.29	same	
2Kgs.23.30	2Kgs.23.30	same	
2Kgs.23.31	2Kgs.23.31	same	
2Kgs.23.32	2Kgs.23.32	same	
2Kgs.23.33	2Kgs.23.33	same	
2Kgs.23.34	2Kgs.23.34	same	
2Kgs.23.35	2Kgs.23.35	same	
2Kgs.23.36	2Kgs.23.36	same	
2Kgs.23.37	2Kgs.23.37	same	
2Kgs.24.1	2Kgs.24.1	same	
2Kgs.24.2	2Kgs.24.2	same	
2Kgs.24.3	2Kgs.24.3	same	
2Kgs.24.4	2Kgs.24.4	same	
2Kgs.24.5	2Kgs.24.5	same	
2Kgs.24.6	2Kgs.24.6	same	
2Kgs.24.7	2Kgs.24.7	same	
2Kgs.24.8	2Kgs.24.8	same	
2Kgs.24.9	2Kgs.24.9	same	
2Kgs.24.10	2Kgs.24.10	same	
2Kgs.24.11	2Kgs.24.11	same	
2Kgs.24.12	2Kgs.24.12	same	
2Kgs.24.13	2Kgs.24.13	same	
2Kgs.24.14	2Kgs.24.14	same	
2Kgs.24.15	2Kgs.24.15	same	
2Kgs.24.16	2Kgs.24.16	same	
2Kgs.24.17	2Kgs.24.17	same	
2Kgs.24.18	2Kgs.24.18	same	
2Kgs.24.19	2Kgs.24.19	same	
2Kgs.24.20	2Kgs.24.20	same	
2Kgs.25.1	2Kgs.25.1	same	
2Kgs.25.2	2Kgs.25.2	same	
2Kgs.25.3	2Kgs.25.3	same	
2Kgs.25.4	2Kgs.25.4	same	
2Kgs.25.5	2Kgs.25.5	same	
2Kgs.25.6	2Kgs.25.6	same	
2Kgs.25.7	2Kgs.25.7	same	
2Kgs.25.8	2Kgs.25.8	same	
2Kgs.25.9	2Kgs.25.9	same	
2Kgs.25.11	2Kgs.25.11	same	
2Kgs.25.12	2Kgs.25.12	same	
2Kgs.25.13	2Kgs.25.13	same	
2Kgs.25.14	2Kgs.25.14	same	
2Kgs.25.15	2Kgs.25.15	same	
2Kgs.25.16	2Kgs.25.16	same	
2Kgs.25.17	2Kgs.25.17	same	
2Kgs.25.18	2Kgs.25.18	same	
2Kgs.25.19	2Kgs.25.19	same	
2Kgs.25.20	2Kgs.25.20	same	
2Kgs.25.21	2Kgs.25.21	same	
2Kgs.25.22	2Kgs.25.22	same	
2Kgs.25.23	2Kgs.25.23	same	
2Kgs.25.24	2Kgs.25.24	same	
2Kgs.25.25	2Kgs.25.25	same	
2Kgs.25.26	2Kgs.25.26	same	
2Kgs.25.27	2Kgs.25.27	same	
2Kgs.25.28	2Kgs.25.28	same	
2Kgs.25.29	2Kgs.25.29	same	
2Kgs.25.30	2Kgs.25.30	same	
1Chr.1.1	1Chr.1.1	same	
1Chr.1.2	1Chr.1.2	same	
1Chr.1.3	1Chr.1.3	same	
1Chr.1.4	1Chr.1.4	same	
1Chr.1.5	1Chr.1.5	same	
1Chr.1.6	1Chr.1.6	same	
1Chr.1.7	1Chr.1.7	same	
1Chr.1.8	1Chr.1.8	same	
1Chr.1.9	1Chr.1.9	same	
1Chr.1.10	1Chr.1.10	same	
1Chr.1.17	1Chr.1.17	same	
1Chr.1.24	1Chr.1.24	same	
1Chr.1.25	1Chr.1.25	same	
1Chr.1.26	1Chr.1.26	same	
1Chr.1.27	1Chr.1.27	same	
1Chr.1.28	1Chr.1.28	same	
1Chr.1.29	1Chr.1.29	same	
1Chr.1.30	1Chr.1.30	same	
1Chr.1.31	1Chr.1.31	same	
1Chr.1.32	1Chr.1.32	same	
1Chr.1.33	1Chr.1.33	same	
1Chr.1.34	1Chr.1.34	same	
1Chr.1.35	1Chr.1.35	same	
1Chr.1.36	1Chr.1.36	same	
1Chr.1.37	1Chr.1.37	same	
1Chr.1.38	1Chr.1.38	same	
1Chr.1.39	1Chr.1.39	same	
1Chr.1.40	1Chr.1.40	same	
1Chr.1.41	1Chr.1.41	same	
1Chr.1.42	1Chr.1.42	same	
1Chr.1.43	1Chr.1.43	same	
1Chr.1.44	1Chr.1.44	same	
1Chr.1.45	1Chr.1.45	same	
1Chr.1.46	1Chr.1.46	same	
1Chr.1.47	1Chr.1.47	same	
1Chr.1.49	1Chr.1.49	same	
1Chr.1.50	1Chr.1.50	same	
1Chr.1.51	1Chr.1.51	same	
1Chr.1.52	1Chr.1.52	same	
1Chr.1.53	1Chr.1.53	same	
1Chr.1.54	1Chr.1.54	same	
1Chr.2.1	1Chr.2.1	same	
1Chr.2.2	1Chr.2.2	same	
1Chr.2.3	1Chr.2.3	same	
1Chr.2.4	1Chr.2.4	same	
1Chr.2.5	1Chr.2.5	same	
1Chr.2.6	1Chr.2.6	same	
1Chr.2.7	1Chr.2.7	same	
1Chr.2.8	1Chr.2.8	same	
1Chr.2.9	1Chr.2.9	same	
1Chr.2.10	1Chr.2.10	same	
1Chr.2.11	1Chr.2.11	same	
1Chr.2.12	1Chr.2.12	same	
1Chr.2.13	1Chr.2.13	same	
1Chr.2.14	1Chr.2.14	same	
1Chr.2.15	1Chr.2.15	same	
1Chr.2.16	1Chr.2.16	same	
1Chr.2.17	1Chr.2.17	same	
1Chr.2.18	1Chr.2.18	same	
1Chr.2.19	1Chr.2.19	same	
1Chr.2.20	1Chr.2.20	same	
1Chr.2.21	1Chr.2.21	same	
1Chr.2.22	1Chr.2.22	same	
1Chr.2.23	1Chr.2.23	same	
1Chr.2.24	1Chr.2.24	same	
1Chr.2.25	1Chr.2.25	same	
1Chr.2.26	1Chr.2.26	same	
1Chr.2.27	1Chr.2.27	same	
1Chr.2.28	1Chr.2.28	same	
1Chr.2.29	1Chr.2.29	same	
1Chr.2.30	1Chr.2.30	same	
1Chr.2.31	1Chr.2.31	same	
1Chr.2.32	1Chr.2.32	same	
1Chr.2.33	1Chr.2.33	same	
1Chr.2.34	1Chr.2.34	same	
1Chr.2.35	1Chr.2.35	same	
1Chr.2.36	1Chr.2.36	same	
1Chr.2.37	1Chr.2.37	same	
1Chr.2.38	1Chr.2.38	same	
1Chr.2.39	1Chr.2.39	same	
1Chr.2.40	1Chr.2.40	same	
1Chr.2.41	1Chr.2.41	same	
1Chr.2.42	1Chr.2.42	same	
1Chr.2.43	1Chr.2.43	same	
1Chr.2.44	1Chr.2.44	same	
1Chr.2.45	1Chr.2.45	same	
1Chr.2.46	1Chr.2.46	same	
1Chr.2.47	1Chr.2.47	same	
1Chr.2.48	1Chr.2.48	same	
1Chr.2.49	1Chr.2.49	same	
1Chr.2.50	1Chr.2.50	same	
1Chr.2.51	1Chr.2.51	same	
1Chr.2.52	1Chr.2.52	same	
1Chr.2.53	1Chr.2.53	same	
1Chr.2.54	1Chr.2.54	same	
1Chr.2.55	1Chr.2.55	same	
1Chr.3.1	1Chr.3.1	same	
1Chr.3.2	1Chr.3.2	same	
1Chr.3.3	1Chr.3.3	same	
1Chr.3.4	1Chr.3.4	same	
1Chr.3.5	1Chr.3.5	same	
1Chr.3.6	1Chr.3.6	same	
1Chr.3.7	1Chr.3.7	same	
1Chr.3.8	1Chr.3.8	same	
1Chr.3.9	1Chr.3.9	same	
1Chr.3.10	1Chr.3.10	same	
1Chr.3.11	1Chr.3.11	same	
1Chr.3.12	1Chr.3.12	same	
1Chr.3.13	1Chr.3.13	same	
1Chr.3.14	1Chr.3.14	same	
1Chr.3.15	1Chr.3.15	same	
1Chr.3.16	1Chr.3.16	same	
1Chr.3.17	1Chr.3.17	same	
1Chr.3.18	1Chr.3.18	same	
1Chr.3.19	1Chr.3.19	same	
1Chr.3.20	1Chr.3.20	same	
1Chr.3.21	1Chr.3.21	same	
1Chr.3.22	1Chr.3.22	same	
1Chr.3.23	1Chr.3.23	same	
1Chr.3.24	1Chr.3.24	same	
1Chr.4.1	1Chr.4.1	same	
1Chr.4.2	1Chr.4.2	same	
1Chr.4.3	1Chr.4.3	same	
1Chr.4.4	1Chr.4.4	same	
1Chr.4.5	1Chr.4.5	same	
1Chr.4.6	1Chr.4.6	same	
1Chr.4.7	1Chr.4.7	same	
1Chr.4.8	1Chr.4.8	same	
1Chr.4.9	1Chr.4.9	same	
1Chr.4.10	1Chr.4.10	same	
1Chr.4.11	1Chr.4.11	same	
1Chr.4.12	1Chr.4.12	same	
1Chr.4.13	1Chr.4.13	same	
1Chr.4.14	1Chr.4.14	same	
1Chr.4.15	1Chr.4.15	same	
1Chr.4.16	1Chr.4.16	same	
1Chr.4.17	1Chr.4.17	same	
1Chr.4.18	1Chr.4.18	same	
1Chr.4.19	1Chr.4.19	same	
1Chr.4.20	1Chr.4.20	same	
1Chr.4.21	1Chr.4.21	same	
1Chr.4.22	1Chr.4.22	same	
1Chr.4.23	1Chr.4.23	same	
1Chr.4.24	1Chr.4.24	same	
1Chr.4.25	1Chr.4.25	same	
1Chr.4.26	1Chr.4.26	same	
1Chr.4.27	1Chr.4.27	same	
1Chr.4.28	1Chr.4.28	same	
1Chr.4.29	1Chr.4.29	same	
1Chr.4.30	1Chr.4.30	same	
1Chr.4.31	1Chr.4.31	same	
1Chr.4.32	1Chr.4.32	same	
1Chr.4.33	1Chr.4.33	same	
1Chr.4.34	1Chr.4.34	same	
1Chr.4.35	1Chr.4.35	same	
1Chr.4.36	1Chr.4.36	same	
1Chr.4.37	1Chr.4.37	same	
1Chr.4.38	1Chr.4.38	same	
1Chr.4.39	1Chr.4.39	same	
1Chr.4.40	1Chr.4.40	same	
1Chr.4.41	1Chr.4.41	same	
1Chr.4.42	1Chr.4.42	same	
1Chr.4.43	1Chr.4.43	same	
1Chr.5.1	1Chr.5.1	same	
1Chr.5.2	1Chr.5.2	same	
1Chr.5.3	1Chr.5.3	same	
1Chr.5.4	1Chr.5.4	same	
1Chr.5.5	1Chr.5.5	same	
1Chr.5.6	1Chr.5.6	same	
1Chr.5.7	1Chr.5.7	same	
1Chr.5.8	1Chr.5.8	same	
1Chr.5.9	1Chr.5.9	same	
1Chr.5.10	1Chr.5.10	same	
1Chr.5.11	1Chr.5.11	same	
1Chr.5.12	1Chr.5.12	same	
1Chr.5.13	1Chr.5.13	same	
1Chr.5.14	1Chr.5.14	same	
1Chr.5.15	1Chr.5.15	same	
1Chr.5.16	1Chr.5.16	same	
1Chr.5.17	1Chr.5.17	same	
1Chr.5.18	1Chr.5.18	same	
1Chr.5.19	1Chr.5.19	same	
1Chr.5.20	1Chr.5.20	same	
1Chr.5.21	1Chr.5.21	same	
1Chr.5.22	1Chr.5.22	same	
1Chr.5.23	1Chr.5.23	same	
1Chr.5.24	1Chr.5.24	same	
1Chr.5.25	1Chr.5.25	same	
1Chr.5.26	1Chr.5.26	same	
1Chr.6.1	1Chr.6.1	same	Keep verse (another tradition's pattern)
1Chr.6.2	1Chr.6.2	same	Keep verse (another tradition's pattern)
1Chr.6.3	1Chr.6.3	same	Keep verse (another tradition's pattern)
1Chr.6.4	1Chr.6.4	same	Keep verse (another tradition's pattern)
1Chr.6.5	1Chr.6.5	same	Keep verse (another tradition's pattern)
1Chr.6.6	1Chr.6.6	same	Keep verse (another tradition's pattern)
1Chr.6.7	1Chr.6.7	same	Keep verse (another tradition's pattern)
1Chr.6.8	1Chr.6.8	same	Keep verse (another tradition's pattern)
1Chr.6.9	1Chr.6.9	same	Keep verse (another tradition's pattern)
1Chr.6.10	1Chr.6.10	same	Keep verse (another tradition's pattern)
1Chr.6.11	1Chr.6.11	same	Keep verse (another tradition's pattern)
1Chr.6.12	1Chr.6.12	same	Keep verse (another tradition's pattern)
1Chr.6.13	1Chr.6.13	same	Keep verse (another tradition's pattern)
1Chr.6.14	1Chr.6.14	same	Keep verse (another tradition's pattern)
1Chr.6.15	1Chr.6.15	same	Keep verse (another tradition's pattern)
1Chr.6.16	1Chr.6.16	same	Keep verse (another tradition's pattern)
1Chr.6.17	1Chr.6.17	same	Keep verse (another tradition's pattern)
1Chr.6.18	1Chr.6.18	same	Keep verse (another tradition's pattern)
1Chr.6.19	1Chr.6.19	same	Keep verse (another tradition's pattern)
1Chr.6.20	1Chr.6.20	same	Keep verse (another tradition's pattern)
1Chr.6.21	1Chr.6.21	same	Keep verse (another tradition's pattern)
1Chr.6.22	1Chr.6.22	same	Keep verse (another tradition's pattern)
1Chr.6.23	1Chr.6.23	same	Keep verse (another tradition's pattern)
1Chr.6.24	1Chr.6.24	same	Keep verse (another tradition's pattern)
1Chr.6.25	1Chr.6.25	same	Keep verse (another tradition's pattern)
1Chr.6.26	1Chr.6.26	same	Keep verse (another tradition's pattern)
1Chr.6.27	1Chr.6.27	same	Keep verse (another tradition's pattern)
1Chr.6.28	1Chr.6.28	same	Keep verse (another tradition's pattern)
1Chr.6.29	1Chr.6.29	same	Keep verse (another tradition's pattern)
1Chr.6.30	1Chr.6.30	same	Keep verse (another tradition's pattern)
1Chr.6.31	1Chr.6.31	same	Keep verse (another tradition's pattern)
1Chr.6.32	1Chr.6.32	same	Keep verse (another tradition's pattern)
1Chr.6.33	1Chr.6.33	same	Keep verse (another tradition's pattern)
1Chr.6.34	1Chr.6.34	same	Keep verse (another tradition's pattern)
1Chr.6.35	1Chr.6.35	same	Keep verse (another tradition's pattern)
1Chr.6.36	1Chr.6.36	same	Keep verse (another tradition's pattern)
1Chr.6.37	1Chr.6.37	same	Keep verse (another tradition's pattern)
1Chr.6.38	1Chr.6.38	same	Keep verse (another tradition's pattern)
1Chr.6.39	1Chr.6.39	same	Keep verse (another tradition's pattern)
1Chr.6.40	1Chr.6.40	same	Keep verse (another tradition's pattern)
1Chr.6.41	1Chr.6.41	same	Keep verse (another tradition's pattern)
1Chr.6.42	1Chr.6.42	same	Keep verse (another tradition's pattern)
1Chr.6.43	1Chr.6.43	same	Keep verse (another tradition's pattern)
1Chr.6.44	1Chr.6.44	same	Keep verse (another tradition's pattern)
1Chr.6.45	1Chr.6.45	same	Keep verse (another tradition's pattern)
1Chr.6.46	1Chr.6.46	same	Keep verse (another tradition's pattern)
1Chr.6.47	1Chr.6.47	same	Keep verse (another tradition's pattern)
1Chr.6.48	1Chr.6.48	same	Keep verse (another tradition's pattern)
1Chr.6.49	1Chr.6.49	same	Keep verse (another tradition's pattern)
1Chr.6.50	1Chr.6.50	same	Keep verse (another tradition's pattern)
1Chr.6.51	1Chr.6.51	same	Keep verse (another tradition's pattern)
1Chr.6.52	1Chr.6.52	same	Keep verse (another tradition's pattern)
1Chr.6.53	1Chr.6.53	same	Keep verse (another tradition's pattern)
1Chr.6.54	1Chr.6.54	same	Keep verse (another tradition's pattern)
1Chr.6.55	1Chr.6.55	same	Keep verse (another tradition's pattern)
1Chr.6.56	1Chr.6.56	same	Keep verse (another tradition's pattern)
1Chr.6.57	1Chr.6.57	same	Keep verse (another tradition's pattern)
1Chr.6.58	1Chr.6.58	same	Keep verse (another tradition's pattern)
1Chr.6.59	1Chr.6.59	same	Keep verse (another tradition's pattern)
1Chr.6.60	1Chr.6.60	same	Keep verse (another tradition's pattern)
1Chr.6.61	1Chr.6.61	same	Keep verse (another tradition's pattern)
1Chr.6.62	1Chr.6.62	same	Keep verse (another tradition's pattern)
1Chr.6.63	1Chr.6.63	same	Keep verse (another tradition's pattern)
1Chr.6.64	1Chr.6.64	same	Keep verse (another tradition's pattern)
1Chr.6.65	1Chr.6.65	same	Keep verse (another tradition's pattern)
1Chr.6.66	1Chr.6.66	same	Keep verse (another tradition's pattern)
1Chr.6.67	1Chr.6.67	same	Keep verse (another tradition's pattern)
1Chr.6.68	1Chr.6.68	same	Keep verse (another tradition's pattern)
1Chr.6.69	1Chr.6.69	same	Keep verse (another tradition's pattern)
1Chr.6.70	1Chr.6.70	same	Keep verse (another tradition's pattern)
1Chr.6.71	1Chr.6.71	same	Keep verse (another tradition's pattern)
1Chr.6.72	1Chr.6.72	same	Keep verse (another tradition's pattern)
1Chr.6.74	1Chr.6.74	same	Keep verse (another tradition's pattern)
1Chr.6.75	1Chr.6.75	same	Keep verse (another tradition's pattern)
1Chr.6.76	1Chr.6.76	same	Keep verse (another tradition's pattern)
1Chr.6.77	1Chr.6.77	same	Keep verse (another tradition's pattern)
1Chr.6.78	1Chr.6.78	same	Keep verse (another tradition's pattern)
1Chr.6.79	1Chr.6.79	same	Keep verse (another tradition's pattern)
1Chr.6.80	1Chr.6.80	same	Keep verse (another tradition's pattern)
1Chr.6.81	1Chr.6.81	same	Keep verse (another tradition's pattern)
1Chr.7.1	1Chr.7.1	same	
1Chr.7.2	1Chr.7.2	same	
1Chr.7.3	1Chr.7.3	same	
1Chr.7.4	1Chr.7.4	same	
1Chr.7.5	1Chr.7.5	same	
1Chr.7.6	1Chr.7.6	same	
1Chr.7.7	1Chr.7.7	same	
1Chr.7.8	1Chr.7.8	same	
1Chr.7.9	1Chr.7.9	same	
1Chr.7.10	1Chr.7.10	same	
1Chr.7.11	1Chr.7.11	same	
1Chr.7.12	1Chr.7.12	same	
1Chr.7.13	1Chr.7.13	same	
1Chr.7.14	1Chr.7.14	same	
1Chr.7.15	1Chr.7.15	same	
1Chr.7.16	1Chr.7.16	same	
1Chr.7.17	1Chr.7.17	same	
1Chr.7.18	1Chr.7.18	same	
1Chr.7.19	1Chr.7.19	same	
1Chr.7.20	1Chr.7.20	same	
1Chr.7.21	1Chr.7.21	same	
1Chr.7.22	1Chr.7.22	same	
1Chr.7.23	1Chr.7.23	same	
1Chr.7.24	1Chr.7.24	same	
1Chr.7.25	1Chr.7.25	same	
1Chr.7.26	1Chr.7.26	same	
1Chr.7.27	1Chr.7.27	same	
1Chr.7.28	1Chr.7.28	same	
1Chr.7.29	1Chr.7.29	same	
1Chr.7.30	1Chr.7.30	same	
1Chr.7.31	1Chr.7.31	same	
1Chr.7.32	1Chr.7.32	same	
1Chr.7.33	1Chr.7.33	same	
1Chr.7.34	1Chr.7.34	same	
1Chr.7.35	1Chr.7.35	same	
1Chr.7.36	1Chr.7.36	same	
1Chr.7.37	1Chr.7.37	same	
1Chr.7.38	1Chr.7.38	same	
1Chr.7.39	1Chr.7.39	same	
1Chr.7.40	1Chr.7.40	same	
1Chr.8.1	1Chr.8.1	same	
1Chr.8.2	1Chr.8.2	same	
1Chr.8.3	1Chr.8.3	same	
1Chr.8.4	1Chr.8.4	same	
1Chr.8.5	1Chr.8.5	same	
1Chr.8.6	1Chr.8.6	same	
1Chr.8.7	1Chr.8.7	same	
1Chr.8.8	1Chr.8.8	same	
1Chr.8.9	1Chr.8.9	same	
1Chr.8.10	1Chr.8.10	same	
1Chr.8.11	1Chr.8.11	same	
1Chr.8.12	1Chr.8.12	same	
1Chr.8.13	1Chr.8.13	same	
1Chr.8.14	1Chr.8.14	same	
1Chr.8.15	1Chr.8.15	same	
1Chr.8.16	1Chr.8.16	same	
1Chr.8.17	1Chr.8.17	same	
1Chr.8.18	1Chr.8.18	same	
1Chr.8.19	1Chr.8.19	same	
1Chr.8.20	1Chr.8.20	same	
1Chr.8.21	1Chr.8.21	same	
1Chr.8.22	1Chr.8.22	same	
1Chr.8.23	1Chr.8.23	same	
1Chr.8.24	1Chr.8.24	same	
1Chr.8.25	1Chr.8.25	same	
1Chr.8.26	1Chr.8.26	same	
1Chr.8.27	1Chr.8.27	same	
1Chr.8.28	1Chr.8.28	same	
1Chr.8.29	1Chr.8.29	same	
1Chr.8.30	1Chr.8.30	same	
1Chr.8.31	1Chr.8.31	same	
1Chr.8.32	1Chr.8.32	same	
1Chr.8.33	1Chr.8.33	same	
1Chr.8.34	1Chr.8.34	same	
1Chr.8.35	1Chr.8.35	same	
1Chr.8.36	1Chr.8.36	same	
1Chr.8.37	1Chr.8.37	same	
1Chr.8.38	1Chr.8.38	same	
1Chr.8.39	1Chr.8.39	same	
1Chr.8.40	1Chr.8.40	same	
1Chr.9.1	1Chr.9.1	same	
1Chr.9.2	1Chr.9.2	same	
1Chr.9.3	1Chr.9.3	same	
1Chr.9.4	1Chr.9.4	same	
1Chr.9.5	1Chr.9.5	same	
1Chr.9.6	1Chr.9.6	same	
1Chr.9.7	1Chr.9.7	same	
1Chr.9.8	1Chr.9.8	same	
1Chr.9.9	1Chr.9.9	same	
1Chr.9.10	1Chr.9.10	same	
1Chr.9.11	1Chr.9.11	same	
1Chr.9.12	1Chr.9.12	same	
1Chr.9.13	1Chr.9.13	same	
1Chr.9.14	1Chr.9.14	same	
1Chr.9.15	1Chr.9.15	same	
1Chr.9.16	1Chr.9.16	same	
1Chr.9.17	1Chr.9.17	same	
1Chr.9.18	1Chr.9.18	same	
1Chr.9.19	1Chr.9.19	same	
1Chr.9.20	1Chr.9.20	same	
1Chr.9.21	1Chr.9.21	same	
1Chr.9.22	1Chr.9.22	same	
1Chr.9.23	1Chr.9.23	same	
1Chr.9.24	1Chr.9.24	same	
1Chr.9.25	1Chr.9.25	same	
1Chr.9.26	1Chr.9.26	same	
1Chr.9.27	1Chr.9.27	same	
1Chr.9.28	1Chr.9.28	same	
1Chr.9.29	1Chr.9.29	same	
1Chr.9.30	1Chr.9.30	same	
1Chr.9.31	1Chr.9.31	same	
1Chr.9.32	1Chr.9.32	same	
1Chr.9.33	1Chr.9.33	same	
1Chr.9.34	1Chr.9.34	same	
1Chr.9.35	1Chr.9.35	same	
1Chr.9.36	1Chr.9.36	same	
1Chr.9.37	1Chr.9.37	same	
1Chr.9.38	1Chr.9.38	same	
1Chr.9.39	1Chr.9.39	same	
1Chr.9.40	1Chr.9.40	same	
1Chr.9.41	1Chr.9.41	same	
1Chr.9.42	1Chr.9.42	same	
1Chr.9.43	1Chr.9.43	same	
1Chr.9.44	1Chr.9.44	same	
1Chr.10.1	1Chr.10.1	same	
1Chr.10.2	1Chr.10.2	same	
1Chr.10.3	1Chr.10.3	same	
1Chr.10.4	1Chr.10.4	same	
1Chr.10.5	1Chr.10.5	same	
1Chr.10.6	1Chr.10.6	same	
1Chr.10.7	1Chr.10.7	same	
1Chr.10.8	1Chr.10.8	same	
1Chr.10.9	1Chr.10.9	same	
1Chr.10.10	1Chr.10.10	same	
1Chr.10.11	1Chr.10.11	same	
1Chr.10.12	1Chr.10.12	same	
1Chr.10.13	1Chr.10.13	same	
1Chr.10.14	1Chr.10.14	same	
1Chr.11.1	1Chr.11.1	same	
1Chr.11.2	1Chr.11.2	same	
1Chr.11.3	1Chr.11.3	same	
1Chr.11.4	1Chr.11.4	same	
1Chr.11.5	1Chr.11.5	same	
1Chr.11.6	1Chr.11.6	same	
1Chr.11.7	1Chr.11.7	same	
1Chr.11.8	1Chr.11.8	same	
1Chr.11.9	1Chr.11.9	same	
1Chr.11.10	1Chr.11.10	same	
1Chr.11.11	1Chr.11.11	same	
1Chr.11.12	1Chr.11.12	same	
1Chr.11.13	1Chr.11.13	same	
1Chr.11.14	1Chr.11.14	same	
1Chr.11.15	1Chr.11.15	same	
1Chr.11.16	1Chr.11.16	same	
1Chr.11.17	1Chr.11.17	same	
1Chr.11.18	1Chr.11.18	same	
1Chr.11.19	1Chr.11.19	same	
1Chr.11.20	1Chr.11.20	same	
1Chr.11.21	1Chr.11.21	same	
1Chr.11.22	1Chr.11.22	same	
1Chr.11.23	1Chr.11.23	same	
1Chr.11.24	1Chr.11.24	same	
1Chr.11.25	1Chr.11.25	same	
1Chr.11.26	1Chr.11.26	same	
1Chr.11.27	1Chr.11.27	same	
1Chr.11.28	1Chr.11.28	same	
1Chr.11.29	1Chr.11.29	same	
1Chr.11.30	1Chr.11.30	same	
1Chr.11.31	1Chr.11.31	same	
1Chr.11.32	1Chr.11.32	same	
1Chr.11.33	1Chr.11.33	same	
1Chr.11.34	1Chr.11.34	same	
1Chr.11.35	1Chr.11.35	same	
1Chr.11.36	1Chr.11.36	same	
1Chr.11.37	1Chr.11.37	same	
1Chr.11.38	1Chr.11.38	same	
1Chr.11.39	1Chr.11.39	same	
1Chr.11.40	1Chr.11.40	same	
1Chr.11.41	1Chr.11.41	same	
1Chr.11.42	1Chr.11.42	same	
1Chr.11.43	1Chr.11.43	same	
1Chr.11.44	1Chr.11.44	same	
1Chr.11.45	1Chr.11.45	same	
1Chr.11.46	1Chr.11.46	same	Keep verse
1Chr.11.47	1Chr.11.47	same	Keep verse
1Chr.12.1	1Chr.12.1	same	
1Chr.12.2	1Chr.12.2	same	
1Chr.12.3	1Chr.12.3	same	
1Chr.12.4	1Chr.12.4	same	Keep verse (another tradition's pattern)
1Chr.12.5	1Chr.12.5	same	Keep verse
1Chr.12.6	1Chr.12.6	same	Keep verse (another tradition's pattern)
1Chr.12.7	1Chr.12.7	same	Keep verse (another tradition's pattern)
1Chr.12.9	1Chr.12.9	same	Keep verse (another tradition's pattern)
1Chr.12.10	1Chr.12.10	same	Keep verse (another tradition's pattern)
1Chr.12.11	1Chr.12.11	same	Keep verse (another tradition's pattern)
1Chr.12.12	1Chr.12.12	same	Keep verse (another tradition's pattern)
1Chr.12.13	1Chr.12.13	same	Keep verse (another tradition's pattern)
1Chr.12.14	1Chr.12.14	same	Keep verse (another tradition's pattern)
1Chr.12.15	1Chr.12.15	same	Keep verse (another tradition's pattern)
1Chr.12.16	1Chr.12.16	same	Keep verse (another tradition's pattern)
1Chr.12.17	1Chr.12.17	same	Keep verse (another tradition's pattern)
1Chr.12.18	1Chr.12.18	same	Keep verse (another tradition's pattern)
1Chr.12.19	1Chr.12.19	same	Keep verse (another tradition's pattern)
1Chr.12.20	1Chr.12.20	same	Keep verse (another tradition's pattern)
1Chr.12.21	1Chr.12.21	same	Keep verse (another tradition's pattern)
1Chr.12.22	1Chr.12.22	same	Keep verse (another tradition's pattern)
1Chr.12.23	1Chr.12.23	same	Keep verse (another tradition's pattern)
1Chr.12.24	1Chr.12.24	same	Keep verse (another tradition's pattern)
1Chr.12.25	1Chr.12.25	same	Keep verse (another tradition's pattern)
1Chr.12.26	1Chr.12.26	same	Keep verse (another tradition's pattern)
1Chr.12.27	1Chr.12.27	same	Keep verse (another tradition's pattern)
1Chr.12.28	1Chr.12.28	same	Keep verse (another tradition's pattern)
1Chr.12.29	1Chr.12.29	same	Keep verse (another tradition's pattern)
1Chr.12.30	1Chr.12.30	same	Keep verse (another tradition's pattern)
1Chr.12.31	1Chr.12.31	same	Keep verse (another tradition's pattern)
1Chr.12.32	1Chr.12.32	same	Keep verse (another tradition's pattern)
1Chr.12.33	1Chr.12.33	same	Keep verse (another tradition's pattern)
1Chr.12.34	1Chr.12.34	same	Keep verse (another tradition's pattern)
1Chr.12.35	1Chr.12.35	same	Keep verse (another tradition's pattern)
1Chr.12.36	1Chr.12.36	same	Keep verse (another tradition's pattern)
1Chr.12.37	1Chr.12.37	same	Keep verse (another tradition's pattern)
1Chr.12.38	1Chr.12.38	same	Keep verse (another tradition's pattern)
1Chr.12.39	1Chr.12.39	same	Keep verse (another tradition's pattern)
1Chr.12.40	1Chr.12.40	same	Keep verse (another tradition's pattern)
1Chr.13.1	1Chr.13.1	same	
1Chr.13.2	1Chr.13.2	same	
1Chr.13.3	1Chr.13.3	same	
1Chr.13.4	1Chr.13.4	same	
1Chr.13.5	1Chr.13.5	same	
1Chr.13.6	1Chr.13.6	same	
1Chr.13.7	1Chr.13.7	same	
1Chr.13.8	1Chr.13.8	same	
1Chr.13.9	1Chr.13.9	same	
1Chr.13.10	1Chr.13.10	same	
1Chr.13.11	1Chr.13.11	same	
1Chr.13.12	1Chr.13.12	same	
1Chr.13.13	1Chr.13.13	same	
1Chr.13.14	1Chr.13.14	same	
1Chr.14.1	1Chr.14.1	same	
1Chr.14.2	1Chr.14.2	same	
1Chr.14.3	1Chr.14.3	same	
1Chr.14.4	1Chr.14.4	same	
1Chr.14.5	1Chr.14.5	same	
1Chr.14.6	1Chr.14.6	same	
1Chr.14.7	1Chr.14.7	same	
1Chr.14.8	1Chr.14.8	same	
1Chr.14.9	1Chr.14.9	same	
1Chr.14.10	1Chr.14.10	same	
1Chr.14.11	1Chr.14.11	same	
1Chr.14.12	1Chr.14.12	same	
1Chr.14.13	1Chr.14.13	same	
1Chr.14.14	1Chr.14.14	same	
1Chr.14.15	1Chr.14.15	same	
1Chr.14.16	1Chr.14.16	same	
1Chr.14.17	1Chr.14.17	same	
1Chr.15.1	1Chr.15.1	same	
1Chr.15.2	1Chr.15.2	same	
1Chr.15.3	1Chr.15.3	same	
1Chr.15.4	1Chr.15.4	same	
1Chr.15.5	1Chr.15.5	same	
1Chr.15.6	1Chr.15.6	same	
1Chr.15.7	1Chr.15.7	same	
1Chr.15.8	1Chr.15.8	same	
1Chr.15.9	1Chr.15.9	same	
1Chr.15.10	1Chr.15.10	same	
1Chr.15.11	1Chr.15.11	same	
1Chr.15.12	1Chr.15.12	same	
1Chr.15.13	1Chr.15.13	same	
1Chr.15.14	1Chr.15.14	same	
1Chr.15.15	1Chr.15.15	same	
1Chr.15.16	1Chr.15.16	same	
1Chr.15.17	1Chr.15.17	same	
1Chr.15.18	1Chr.15.18	same	
1Chr.15.19	1Chr.15.19	same	
1Chr.15.20	1Chr.15.20	same	
1Chr.15.21	1Chr.15.21	same	
1Chr.15.22	1Chr.15.22	same	
1Chr.15.23	1Chr.15.23	same	
1Chr.15.24	1Chr.15.24	same	
1Chr.15.25	1Chr.15.25	same	
1Chr.15.26	1Chr.15.26	same	
1Chr.15.27	1Chr.15.27	same	
1Chr.15.28	1Chr.15.28	same	
1Chr.15.29	1Chr.15.29	same	
1Chr.16.1	1Chr.16.1	same	
1Chr.16.2	1Chr.16.2	same	
1Chr.16.3	1Chr.16.3	same	
1Chr.16.4	1Chr.16.4	same	
1Chr.16.5	1Chr.16.5	same	
1Chr.16.6	1Chr.16.6	same	
1Chr.16.7	1Chr.16.7	same	
1Chr.16.8	1Chr.16.8	same	
1Chr.16.9	1Chr.16.9	same	
1Chr.16.10	1Chr.16.10	same	
1Chr.16.11	1Chr.16.11	same	
1Chr.16.12	1Chr.16.12	same	
1Chr.16.13	1Chr.16.13	same	
1Chr.16.14	1Chr.16.14	same	
1Chr.16.15	1Chr.16.15	same	
1Chr.16.16	1Chr.16.16	same	
1Chr.16.17	1Chr.16.17	same	
1Chr.16.18	1Chr.16.18	same	
1Chr.16.19	1Chr.16.19	same	
1Chr.16.20	1Chr.16.20	same	
1Chr.16.21	1Chr.16.21	same	
1Chr.16.22	1Chr.16.22	same	
1Chr.16.23	1Chr.16.23	same	
1Chr.16.25	1Chr.16.25	same	
1Chr.16.26	1Chr.16.26	same	
1Chr.16.27	1Chr.16.27	same	
1Chr.16.28	1Chr.16.28	same	
1Chr.16.29	1Chr.16.29	same	
1Chr.16.30	1Chr.16.30	same	
1Chr.16.31	1Chr.16.31	same	
1Chr.16.32	1Chr.16.32	same	
1Chr.16.33	1Chr.16.33	same	
1Chr.16.34	1Chr.16.34	same	
1Chr.16.35	1Chr.16.35	same	
1Chr.16.36	1Chr.16.36	same	
1Chr.16.37	1Chr.16.37	same	
1Chr.16.38	1Chr.16.38	same	
1Chr.16.93		not-in-kjv	
1Chr.16.40	1Chr.16.40	same	
1Chr.16.41	1Chr.16.41	same	
1Chr.16.42	1Chr.16.42	same	
1Chr.16.43	1Chr.16.43	same	
1Chr.17.1	1Chr.17.1	same	
1Chr.17.2	1Chr.17.2	same	
1Chr.17.3	1Chr.17.3	same	
1Chr.17.4	1Chr.17.4	same	
1Chr.17.5	1Chr.17.5	same	
1Chr.17.6	1Chr.17.6	same	
1Chr.17.7	1Chr.17.7	same	
1Chr.17.8	1Chr.17.8	same	
1Chr.17.9	1Chr.17.9	same	
1Chr.17.10	1Chr.17.10	same	
1Chr.17.11	1Chr.17.11	same	
1Chr.17.12	1Chr.17.12	same	
1Chr.17.13	1Chr.17.13	same	
1Chr.17.14	1Chr.17.14	same	
1Chr.17.15	1Chr.17.15	same	
1Chr.17.16	1Chr.17.16	same	
1Chr.17.17	1Chr.17.17	same	
1Chr.17.18	1Chr.17.18	same	
1Chr.17.19	1Chr.17.19	same	
1Chr.17.20	1Chr.17.20	same	
1Chr.17.21	1Chr.17.21	same	
1Chr.17.22	1Chr.17.22	same	
1Chr.17.23	1Chr.17.23	same	
1Chr.17.24	1Chr.17.24	same	
1Chr.17.25	1Chr.17.25	same	
1Chr.17.26	1Chr.17.26	same	
1Chr.17.27	1Chr.17.27	same	
1Chr.18.1	1Chr.18.1	same	
1Chr.18.2	1Chr.18.2	same	
1Chr.18.3	1Chr.18.3	same	
1Chr.18.4	1Chr.18.4	same	
1Chr.18.5	1Chr.18.5	same	
1Chr.18.6	1Chr.18.6	same	
1Chr.18.7	1Chr.18.7	same	
1Chr.18.8	1Chr.18.8	same	
1Chr.18.9	1Chr.18.9	same	
1Chr.18.10	1Chr.18.10	same	
1Chr.18.11	1Chr.18.11	same	
1Chr.18.12	1Chr.18.12	same	
1Chr.18.13	1Chr.18.13	same	
1Chr.18.14	1Chr.18.14	same	
1Chr.18.15	1Chr.18.15	same	
1Chr.18.16	1Chr.18.16	same	
1Chr.18.17	1Chr.18.17	same	
1Chr.19.1	1Chr.19.1	same	
1Chr.19.2	1Chr.19.2	same	
1Chr.19.3	1Chr.19.3	same	
1Chr.19.4	1Chr.19.4	same	
1Chr.19.5	1Chr.19.5	same	
1Chr.19.6	1Chr.19.6	same	
1Chr.19.7	1Chr.19.7	same	
1Chr.19.8	1Chr.19.8	same	
1Chr.19.9	1Chr.19.9	same	
1Chr.19.10	1Chr.19.10	same	
1Chr.19.11	1Chr.19.11	same	
1Chr.19.12	1Chr.19.12	same	
1Chr.19.13	1Chr.19.13	same	
1Chr.19.14	1Chr.19.14	same	
1Chr.19.15	1Chr.19.15	same	
1Chr.19.16	1Chr.19.16	same	
1Chr.19.17	1Chr.19.17	same	
1Chr.19.18	1Chr.19.18	same	
1Chr.19.19	1Chr.19.19	same	
1Chr.20.1	1Chr.20.1	same	
1Chr.20.2	1Chr.20.2	same	
1Chr.20.4	1Chr.20.4	same	
1Chr.20.5	1Chr.20.5	same	
1Chr.20.6	1Chr.20.6	same	
1Chr.20.7	1Chr.20.7	same	Keep verse
1Chr.20.8	1Chr.20.8	same	Keep verse
1Chr.21.1	1Chr.21.1	same	
1Chr.21.2	1Chr.21.2	same	
1Chr.21.3	1Chr.21.3	same	
1Chr.21.4	1Chr.21.4	same	
1Chr.21.5	1Chr.21.5	same	
1Chr.21.6	1Chr.21.6	same	
1Chr.21.7	1Chr.21.7	same	
1Chr.21.8	1Chr.21.8	same	
1Chr.21.9	1Chr.21.9	same	
1Chr.21.10	1Chr.21.10	same	
1Chr.21.11	1Chr.21.11	same	
1Chr.21.12	1Chr.21.12	same	
1Chr.21.13	1Chr.21.13	same	
1Chr.21.14	1Chr.21.14	same	
1Chr.21.15	1Chr.21.15	same	
1Chr.21.16	1Chr.21.16	same	
1Chr.21.17	1Chr.21.17	same	
1Chr.21.18	1Chr.21.18	same	
1Chr.21.19	1Chr.21.19	same	
1Chr.21.20	1Chr.21.20	same	
1Chr.21.21	1Chr.21.21	same	
1Chr.21.22	1Chr.21.22	same	
1Chr.21.23	1Chr.21.23	same	
1Chr.21.24	1Chr.21.24	same	
1Chr.21.25	1Chr.21.25	same	
1Chr.21.26	1Chr.21.26	same	
1Chr.21.27	1Chr.21.27	same	
1Chr.21.28	1Chr.21.28	same	
1Chr.21.29	1Chr.21.29	same	
1Chr.21.30	1Chr.21.30	same	
1Chr.22.1	1Chr.22.1	same	
1Chr.22.2	1Chr.22.2	same	
1Chr.22.3	1Chr.22.3	same	
1Chr.22.4	1Chr.22.4	same	
1Chr.22.5	1Chr.22.5	same	
1Chr.22.6	1Chr.22.6	same	
1Chr.22.7	1Chr.22.7	same	
1Chr.22.8	1Chr.22.8	same	
1Chr.22.9	1Chr.22.9	same	
1Chr.22.10	1Chr.22.10	same	
1Chr.22.11	1Chr.22.11	same	
1Chr.22.12	1Chr.22.12	same	
1Chr.22.13	1Chr.22.13	same	
1Chr.22.14	1Chr.22.14	same	
1Chr.22.15	1Chr.22.15	same	
1Chr.22.16	1Chr.22.16	same	
1Chr.22.17	1Chr.22.17	same	
1Chr.22.18	1Chr.22.18	same	
1Chr.22.19	1Chr.22.19	same	
1Chr.23.1	1Chr.23.1	same	
1Chr.23.2	1Chr.23.2	same	
1Chr.23.3	1Chr.23.3	same	
1Chr.23.4	1Chr.23.4	same	
1Chr.23.5	1Chr.23.5	same	
1Chr.23.6	1Chr.23.6	same	
1Chr.23.7	1Chr.23.7	same	
1Chr.23.8	1Chr.23.8	same	
1Chr.23.9	1Chr.23.9	same	
1Chr.23.10	1Chr.23.10	same	
1Chr.23.11	1Chr.23.11	same	
1Chr.23.12	1Chr.23.12	same	
1Chr.23.13	1Chr.23.13	same	
1Chr.23.14	1Chr.23.14	same	
1Chr.23.15	1Chr.23.15	same	
1Chr.23.16	1Chr.23.16	same	
1Chr.23.17	1Chr.23.17	same	
1Chr.23.18	1Chr.23.18	same	
1Chr.23.19	1Chr.23.19	same	
1Chr.23.20	1Chr.23.20	same	
1Chr.23.21	1Chr.23.21	same	
1Chr.23.22	1Chr.23.22	same	
1Chr.23.23	1Chr.23.23	same	
1Chr.23.24	1Chr.23.24	same	
1Chr.23.25	1Chr.23.25	same	
1Chr.23.26	1Chr.23.26	same	
1Chr.23.27	1Chr.23.27	same	
1Chr.23.28	1Chr.23.28	same	
1Chr.23.29	1Chr.23.29	same	
1Chr.23.30	1Chr.23.30	same	
1Chr.23.31	1Chr.23.31	same	
1Chr.23.32	1Chr.23.32	same	
1Chr.24.1	1Chr.24.1	same	
1Chr.24.2	1Chr.24.2	same	
1Chr.24.3	1Chr.24.3	same	
1Chr.24.4	1Chr.24.4	same	
1Chr.24.5	1Chr.24.5	same	
1Chr.24.6	1Chr.24.6	same	
1Chr.24.7	1Chr.24.7	same	
1Chr.24.8	1Chr.24.8	same	
1Chr.24.9	1Chr.24.9	same	
1Chr.24.10	1Chr.24.10	same	
1Chr.24.11	1Chr.24.11	same	
1Chr.24.12	1Chr.24.12	same	
1Chr.24.13	1Chr.24.13	same	
1Chr.24.14	1Chr.24.14	same	
1Chr.24.15	1Chr.24.15	same	
1Chr.24.16	1Chr.24.16	same	
1Chr.24.17	1Chr.24.17	same	
1Chr.24.18	1Chr.24.18	same	
1Chr.24.19	1Chr.24.19	same	
1Chr.24.20	1Chr.24.20	same	
1Chr.24.21	1Chr.24.21	same	
1Chr.24.22	1Chr.24.22	same	
1Chr.24.23	1Chr.24.23	same	
1Chr.24.25	1Chr.24.25	same	
1Chr.24.26	1Chr.24.26	same	
1Chr.24.27	1Chr.24.27	same	
1Chr.24.28	1Chr.24.28	same	
1Chr.24.29	1Chr.24.29	same	
1Chr.24.30	1Chr.24.30	same	
1Chr.24.31	1Chr.24.31	same	
1Chr.25.1	1Chr.25.1	same	
1Chr.25.2	1Chr.25.2	same	
1Chr.25.3	1Chr.25.3	same	
1Chr.25.4	1Chr.25.4	same	
1Chr.25.5	1Chr.25.5	same	
1Chr.25.6	1Chr.25.6	same	
1Chr.25.7	1Chr.25.7	same	
1Chr.25.8	1Chr.25.8	same	
1Chr.25.9	1Chr.25.9	same	
1Chr.25.10	1Chr.25.10	same	
1Chr.25.11	1Chr.25.11	same	
1Chr.25.12	1Chr.25.12	same	
1Chr.25.13	1Chr.25.13	same	
1Chr.25.14	1Chr.25.14	same	
1Chr.25.15	1Chr.25.15	same	
1Chr.25.16	1Chr.25.16	same	
1Chr.25.17	1Chr.25.17	same	
1Chr.25.18	1Chr.25.18	same	
1Chr.25.19	1Chr.25.19	same	
1Chr.25.20	1Chr.25.20	same	
1Chr.25.21	1Chr.25.21	same	
1Chr.25.22	1Chr.25.22	same	
1Chr.25.23	1Chr.25.23	same	
1Chr.25.24	1Chr.25.24	same	
1Chr.25.25	1Chr.25.25	same	
1Chr.25.26	1Chr.25.26	same	
1Chr.25.27	1Chr.25.27	same	
1Chr.25.28	1Chr.25.28	same	
1Chr.25.29	1Chr.25.29	same	
1Chr.25.30	1Chr.25.30	same	
1Chr.25.31	1Chr.25.31	same	
1Chr.26.1	1Chr.26.1	same	
1Chr.26.2	1Chr.26.2	same	
1Chr.26.3	1Chr.26.3	same	
1Chr.26.4	1Chr.26.4	same	
1Chr.26.5	1Chr.26.5	same	
1Chr.26.6	1Chr.26.6	same	
1Chr.26.7	1Chr.26.7	same	
1Chr.26.8	1Chr.26.8	same	
1Chr.26.9	1Chr.26.9	same	
1Chr.26.10	1Chr.26.10	same	
1Chr.26.11	1Chr.26.11	same	
1Chr.26.12	1Chr.26.12	same	
1Chr.26.13	1Chr.26.13	same	
1Chr.26.14	1Chr.26.14	same	
1Chr.26.15	1Chr.26.15	same	
1Chr.26.16	1Chr.26.16	same	
1Chr.26.17	1Chr.26.17	same	
1Chr.26.18	1Chr.26.18	same	
1Chr.26.19	1Chr.26.19	same	
1Chr.26.20	1Chr.26.20	same	
1Chr.26.21	1Chr.26.21	same	
1Chr.26.22	1Chr.26.22	same	
1Chr.26.23	1Chr.26.23	same	
1Chr.26.24	1Chr.26.24	same	
1Chr.26.25	1Chr.26.25	same	
1Chr.26.26	1Chr.26.26	same	
1Chr.26.27	1Chr.26.27	same	
1Chr.26.28	1Chr.26.28	same	
1Chr.26.29	1Chr.26.29	same	
1Chr.26.30	1Chr.26.30	same	
1Chr.26.31	1Chr.26.31	same	
1Chr.26.32	1Chr.26.32	same	
1Chr.27.1	1Chr.27.1	same	
1Chr.27.2	1Chr.27.2	same	
1Chr.27.3	1Chr.27.3	same	
1Chr.27.4	1Chr.27.4	same	
1Chr.27.5	1Chr.27.5	same	
1Chr.27.6	1Chr.27.6	same	
1Chr.27.8	1Chr.27.8	same	
1Chr.27.9	1Chr.27.9	same	
1Chr.27.10	1Chr.27.10	same	
1Chr.27.11	1Chr.27.11	same	
1Chr.27.12	1Chr.27.12	same	
1Chr.27.13	1Chr.27.13	same	
1Chr.27.14	1Chr.27.14	same	
1Chr.27.15	1Chr.27.15	same	
1Chr.27.16	1Chr.27.16	same	
1Chr.27.17	1Chr.27.17	same	
1Chr.27.18	1Chr.27.18	same	
1Chr.27.19	1Chr.27.19	same	
1Chr.27.20	1Chr.27.20	same	
1Chr.27.21	1Chr.27.21	same	
1Chr.27.22	1Chr.27.22	same	
1Chr.27.23	1Chr.27.23	same	
1Chr.27.24	1Chr.27.24	same	
1Chr.27.25	1Chr.27.25	same	
1Chr.27.26	1Chr.27.26	same	
1Chr.27.27	1Chr.27.27	same	
1Chr.27.28	1Chr.27.28	same	
1Chr.27.29	1Chr.27.29	same	
1Chr.27.30	1Chr.27.30	same	
1Chr.27.31	1Chr.27.31	same	
1Chr.27.32	1Chr.27.32	same	
1Chr.27.33	1Chr.27.33	same	
1Chr.27.34	1Chr.27.34	same	
1Chr.28.1	1Chr.28.1	same	
1Chr.28.2	1Chr.28.2	same	
1Chr.28.4	1Chr.28.4	same	
1Chr.28.5	1Chr.28.5	same	
1Chr.28.6	1Chr.28.6	same	
1Chr.28.7	1Chr.28.7	same	
1Chr.28.8	1Chr.28.8	same	
1Chr.28.9	1Chr.28.9	same	
1Chr.28.10	1Chr.28.10	same	
1Chr.28.11	1Chr.28.11	same	
1Chr.28.12	1Chr.28.12	same	
1Chr.28.13	1Chr.28.13	same	
1Chr.28.14	1Chr.28.14	same	
1Chr.28.15	1Chr.28.15	same	
1Chr.28.16	1Chr.28.16	same	
1Chr.28.17	1Chr.28.17	same	
1Chr.28.18	1Chr.28.18	same	
1Chr.28.19	1Chr.28.19	same	
1Chr.28.20	1Chr.28.20	same	
1Chr.28.21	1Chr.28.21	same	
1Chr.29.1	1Chr.29.1	same	
1Chr.29.2	1Chr.29.2	same	
1Chr.29.3	1Chr.29.3	same	
1Chr.29.4	1Chr.29.4	same	
1Chr.29.5	1Chr.29.5	same	
1Chr.29.6	1Chr.29.6	same	
1Chr.29.7	1Chr.29.7	same	
1Chr.29.8	1Chr.29.8	same	
1Chr.29.9	1Chr.29.9	same	
1Chr.29.10	1Chr.29.10	same	
1Chr.29.11	1Chr.29.11	same	
1Chr.29.12	1Chr.29.12	same	
1Chr.29.13	1Chr.29.13	same	
1Chr.29.14	1Chr.29.14	same	
1Chr.29.15	1Chr.29.15	same	
1Chr.29.16	1Chr.29.16	same	
1Chr.29.17	1Chr.29.17	same	
1Chr.29.18	1Chr.29.18	same	
1Chr.29.19	1Chr.29.19	same	
1Chr.29.20	1Chr.29.20	same	
1Chr.29.21	1Chr.29.21	same	
1Chr.29.22	1Chr.29.22	same	
1Chr.29.23	1Chr.29.23	same	
1Chr.29.24	1Chr.29.24	same	
1Chr.29.25	1Chr.29.25	same	
1Chr.29.26	1Chr.29.26	same	
1Chr.29.27	1Chr.29.27	same	
1Chr.29.28	1Chr.29.28	same	
1Chr.29.29	1Chr.29.29	same	
1Chr.29.30	1Chr.29.30	same	
2Chr.1.1	2Chr.1.1	same	
2Chr.1.2	2Chr.1.2	same	
2Chr.1.3	2Chr.1.3	same	
2Chr.1.4	2Chr.1.4	same	
2Chr.1.5	2Chr.1.5	same	
2Chr.1.6	2Chr.1.6	same	
2Chr.1.7	2Chr.1.7	same	
2Chr.1.8	2Chr.1.8	same	
2Chr.1.9	2Chr.1.9	same	
2Chr.1.10	2Chr.1.10	same	
2Chr.1.11	2Chr.1.11	same	
2Chr.1.12	2Chr.1.12	same	
2Chr.1.13	2Chr.1.13	same	
2Chr.1.14	2Chr.1.14	same	
2Chr.1.15	2Chr.1.15	same	
2Chr.1.16	2Chr.1.16	same	
2Chr.1.17	2Chr.1.17	same	
2Chr.2.1	2Chr.2.1	same	Keep verse (another tradition's pattern)
2Chr.2.2	2Chr.2.2	same	Keep verse (another tradition's pattern)
2Chr.2.3	2Chr.2.3	same	Keep verse (another tradition's pattern)
2Chr.2.4	2Chr.2.4	same	Keep verse (another tradition's pattern)
2Chr.2.5	2Chr.2.5	same	Keep verse (another tradition's pattern)
2Chr.2.6	2Chr.2.6	same	Keep verse (another tradition's pattern)
2Chr.2.7	2Chr.2.7	same	Keep verse (another tradition's pattern)
2Chr.2.8	2Chr.2.8	same	Keep verse (another tradition's pattern)
2Chr.2.9	2Chr.2.9	same	Keep verse (another tradition's pattern)
2Chr.2.10	2Chr.2.10	same	Keep verse (another tradition's pattern)
2Chr.2.11	2Chr.2.11	same	Keep verse (another tradition's pattern)
2Chr.2.12	2Chr.2.12	same	Keep verse (another tradition's pattern)
2Chr.2.13	2Chr.2.13	same	Keep verse (another tradition's pattern)
2Chr.2.14	2Chr.2.14	same	Keep verse (another tradition's pattern)
2Chr.2.15	2Chr.2.15	same	Keep verse (another tradition's pattern)
2Chr.2.16	2Chr.2.16	same	Keep verse (another tradition's pattern)
2Chr.2.17	2Chr.2.17	same	Keep verse (another tradition's pattern)
2Chr.2.18	2Chr.2.18	same	Keep verse (another tradition's pattern)
2Chr.3.1	2Chr.3.1	same	
2Chr.3.2	2Chr.3.2	same	
2Chr.3.3	2Chr.3.3	same	
2Chr.3.4	2Chr.3.4	same	
2Chr.3.5	2Chr.3.5	same	
2Chr.3.6	2Chr.3.6	same	
2Chr.3.7	2Chr.3.7	same	
2Chr.3.8	2Chr.3.8	same	
2Chr.3.9	2Chr.3.9	same	
2Chr.3.10	2Chr.3.10	same	
2Chr.3.11	2Chr.3.11	same	
2Chr.3.13	2Chr.3.13	same	
2Chr.3.14	2Chr.3.14	same	
2Chr.3.15	2Chr.3.15	same	
2Chr.3.16	2Chr.3.16	same	
2Chr.3.17	2Chr.3.17	same	
2Chr.4.1	2Chr.4.1	same	
2Chr.4.2	2Chr.4.2	same	
2Chr.4.3	2Chr.4.3	same	
2Chr.4.4	2Chr.4.4	same	
2Chr.4.5	2Chr.4.5	same	
2Chr.4.6	2Chr.4.6	same	
2Chr.4.7	2Chr.4.7	same	
2Chr.4.8	2Chr.4.8	same	
2Chr.4.9	2Chr.4.9	same	
2Chr.4.10	2Chr.4.10	same	
2Chr.4.11	2Chr.4.11	same	
2Chr.4.12	2Chr.4.12	same	
2Chr.4.13	2Chr.4.13	same	
2Chr.4.14	2Chr.4.14	same	
2Chr.4.15	2Chr.4.15	same	
2Chr.4.16	2Chr.4.16	same	
2Chr.4.17	2Chr.4.17	same	
2Chr.4.18	2Chr.4.18	same	
2Chr.4.19	2Chr.4.19	same	
2Chr.4.220		not-in-kjv	
2Chr.4.21	2Chr.4.21	same	
2Chr.4.22	2Chr.4.22	same	
2Chr.5.1	2Chr.5.1	same	
2Chr.5.2	2Chr.5.2	same	
2Chr.5.3	2Chr.5.3	same	
2Chr.5.4	2Chr.5.4	same	
2Chr.5.5	2Chr.5.5	same	
2Chr.5.6	2Chr.5.6	same	
2Chr.5.7	2Chr.5.7	same	
2Chr.5.8	2Chr.5.8	same	
2Chr.5.9	2Chr.5.9	same	
2Chr.5.10	2Chr.5.10	same	
2Chr.5.11	2Chr.5.11	same	
2Chr.5.12	2Chr.5.12	same	
2Chr.5.13	2Chr.5.13	same	
2Chr.5.14	2Chr.5.14	same	
2Chr.6.1	2Chr.6.1	same	
2Chr.6.2	2Chr.6.2	same	
2Chr.6.3	2Chr.6.3	same	
2Chr.6.4	2Chr.6.4	same	
2Chr.6.5	2Chr.6.5	same	
2Chr.6.6	2Chr.6.6	same	
2Chr.6.7	2Chr.6.7	same	
2Chr.6.8	2Chr.6.8	same	
2Chr.6.9	2Chr.6.9	same	
2Chr.6.10	2Chr.6.10	same	
2Chr.6.11	2Chr.6.11	same	
2Chr.6.12	2Chr.6.12	same	
2Chr.6.13	2Chr.6.13	same	
2Chr.6.14	2Chr.6.14	same	
2Chr.6.15	2Chr.6.15	same	
2Chr.6.16	2Chr.6.16	same	
2Chr.6.17	2Chr.6.17	same	
2Chr.6.18	2Chr.6.18	same	
2Chr.6.19	2Chr.6.19	same	
2Chr.6.20	2Chr.6.20	same	
2Chr.6.21	2Chr.6.21	same	
2Chr.6.22	2Chr.6.22	same	
2Chr.6.23	2Chr.6.23	same	
2Chr.6.24	2Chr.6.24	same	
2Chr.6.25	2Chr.6.25	same	
2Chr.6.26	2Chr.6.26	same	
2Chr.6.27	2Chr.6.27	same	
2Chr.6.28	2Chr.6.28	same	
2Chr.6.29	2Chr.6.29	same	
2Chr.6.30	2Chr.6.30	same	
2Chr.6.31	2Chr.6.31	same	
2Chr.6.32	2Chr.6.32	same	
2Chr.6.33	2Chr.6.33	same	
2Chr.6.34	2Chr.6.34	same	
2Chr.6.35	2Chr.6.35	same	
2Chr.6.36	2Chr.6.36	same	
2Chr.6.37	2Chr.6.37	same	
2Chr.6.38	2Chr.6.38	same	
2Chr.6.39	2Chr.6.39	same	
2Chr.6.40	2Chr.6.40	same	
2Chr.6.41	2Chr.6.41	same	
2Chr.6.42	2Chr.6.42	same	
2Chr.7.1	2Chr.7.1	same	
2Chr.7.2	2Chr.7.2	same	
2Chr.7.3	2Chr.7.3	same	
2Chr.7.4	2Chr.7.4	same	
2Chr.7.5	2Chr.7.5	same	
2Chr.7.6	2Chr.7.6	same	
2Chr.7.7	2Chr.7.7	same	
2Chr.7.8	2Chr.7.8	same	
2Chr.7.9	2Chr.7.9	same	
2Chr.7.10	2Chr.7.10	same	
2Chr.7.11	2Chr.7.11	same	
2Chr.7.12	2Chr.7.12	same	
2Chr.7.13	2Chr.7.13	same	
2Chr.7.14	2Chr.7.14	same	
2Chr.7.15	2Chr.7.15	same	
2Chr.7.16	2Chr.7.16	same	
2Chr.7.17	2Chr.7.17	same	
2Chr.7.18	2Chr.7.18	same	
2Chr.7.19	2Chr.7.19	same	
2Chr.7.20	2Chr.7.20	same	
2Chr.7.21	2Chr.7.21	same	
2Chr.7.22	2Chr.7.22	same	
2Chr.8.1	2Chr.8.1	same	
2Chr.8.2	2Chr.8.2	same	
2Chr.8.3	2Chr.8.3	same	
2Chr.8.4	2Chr.8.4	same	
2Chr.8.5	2Chr.8.5	same	
2Chr.8.6	2Chr.8.6	same	
2Chr.8.7	2Chr.8.7	same	
2Chr.8.8	2Chr.8.8	same	
2Chr.8.9	2Chr.8.9	same	
2Chr.8.10	2Chr.8.10	same	
2Chr.8.11	2Chr.8.11	same	
2Chr.8.12	2Chr.8.12	same	
2Chr.8.13	2Chr.8.13	same	
2Chr.8.14	2Chr.8.14	same	
2Chr.8.15	2Chr.8.15	same	
2Chr.8.16	2Chr.8.16	same	
2Chr.8.17	2Chr.8.17	same	
2Chr.8.18	2Chr.8.18	same	
2Chr.9.1	2Chr.9.1	same	
2Chr.9.2	2Chr.9.2	same	
2Chr.9.3	2Chr.9.3	same	
2Chr.9.4	2Chr.9.4	same	
2Chr.9.5	2Chr.9.5	same	
2Chr.9.6	2Chr.9.6	same	
2Chr.9.7	2Chr.9.7	same	
2Chr.9.8	2Chr.9.8	same	
2Chr.9.9	2Chr.9.9	same	
2Chr.9.10	2Chr.9.10	same	
2Chr.9.11	2Chr.9.11	same	
2Chr.9.12	2Chr.9.12	same	
2Chr.9.13	2Chr.9.13	same	
2Chr.9.14	2Chr.9.14	same	
2Chr.9.15	2Chr.9.15	same	
2Chr.9.16	2Chr.9.16	same	
2Chr.9.17	2Chr.9.17	same	
2Chr.9.18	2Chr.9.18	same	
2Chr.9.19	2Chr.9.19	same	
2Chr.9.20	2Chr.9.20	same	
2Chr.9.21	2Chr.9.21	same	
2Chr.9.22	2Chr.9.22	same	
2Chr.9.23	2Chr.9.23	same	
2Chr.9.24	2Chr.9.24	same	
2Chr.9.25	2Chr.9.25	same	
2Chr.9.26	2Chr.9.26	same	
2Chr.9.27	2Chr.9.27	same	
2Chr.9.28	2Chr.9.28	same	
2Chr.9.29	2Chr.9.29	same	
2Chr.9.30	2Chr.9.30	same	
2Chr.9.31	2Chr.9.31	same	
2Chr.10.1	2Chr.10.1	same	
2Chr.10.2	2Chr.10.2	same	
2Chr.10.3	2Chr.10.3	same	
2Chr.10.4	2Chr.10.4	same	
2Chr.10.5	2Chr.10.5	same	
2Chr.10.6	2Chr.10.6	same	
2Chr.10.7	2Chr.10.7	same	
2Chr.10.8	2Chr.10.8	same	
2Chr.10.9	2Chr.10.9	same	
2Chr.10.10	2Chr.10.10	same	
2Chr.10.11	2Chr.10.11	same	
2Chr.10.12	2Chr.10.12	same	
2Chr.10.13	2Chr.10.13	same	
2Chr.10.14	2Chr.10.14	same	
2Chr.10.15	2Chr.10.15	same	
2Chr.10.16	2Chr.10.16	same	
2Chr.10.17	2Chr.10.17	same	
2Chr.10.18	2Chr.10.18	same	
2Chr.10.19	2Chr.10.19	same	
2Chr.11.1	2Chr.11.1	same	
2Chr.11.2	2Chr.11.2	same	
2Chr.11.4	2Chr.11.4	same	
2Chr.11.5	2Chr.11.5	same	
2Chr.11.6	2Chr.11.6	same	
2Chr.11.7	2Chr.11.7	same	
2Chr.11.8	2Chr.11.8	same	
2Chr.11.9	2Chr.11.9	same	
2Chr.11.10	2Chr.11.10	same	
2Chr.11.11	2Chr.11.11	same	
2Chr.11.12	2Chr.11.12	same	
2Chr.11.13	2Chr.11.13	same	
2Chr.11.14	2Chr.11.14	same	
2Chr.11.15	2Chr.11.15	same	
2Chr.11.17	2Chr.11.17	same	
2Chr.11.18	2Chr.11.18	same	
2Chr.11.19	2Chr.11.19	same	
2Chr.11.20	2Chr.11.20	same	
2Chr.11.21	2Chr.11.21	same	
2Chr.11.22	2Chr.11.22	same	
2Chr.11.23	2Chr.11.23	same	
2Chr.12.1	2Chr.12.1	same	
2Chr.12.2	2Chr.12.2	same	
2Chr.12.3	2Chr.12.3	same	
2Chr.12.4	2Chr.12.4	same	
2Chr.12.5	2Chr.12.5	same	
2Chr.12.6	2Chr.12.6	same	
2Chr.12.7	2Chr.12.7	same	
2Chr.12.8	2Chr.12.8	same	
2Chr.12.9	2Chr.12.9	same	
2Chr.12.10	2Chr.12.10	same	
2Chr.12.11	2Chr.12.11	same	
2Chr.12.12	2Chr.12.12	same	
2Chr.12.13	2Chr.12.13	same	
2Chr.12.14	2Chr.12.14	same	
2Chr.12.15	2Chr.12.15	same	
2Chr.12.16	2Chr.12.16	same	
2Chr.13.1	2Chr.13.1	same	
2Chr.13.2	2Chr.13.2	same	
2Chr.13.3	2Chr.13.3	same	
2Chr.13.4	2Chr.13.4	same	
2Chr.13.5	2Chr.13.5	same	
2Chr.13.6	2Chr.13.6	same	
2Chr.13.7	2Chr.13.7	same	
2Chr.13.8	2Chr.13.8	same	
2Chr.13.9	2Chr.13.9	same	
2Chr.13.10	2Chr.13.10	same	
2Chr.13.11	2Chr.13.11	same	
2Chr.13.12	2Chr.13.12	same	
2Chr.13.13	2Chr.13.13	same	
2Chr.13.14	2Chr.13.14	same	
2Chr.13.15	2Chr.13.15	same	
2Chr.13.16	2Chr.13.16	same	
2Chr.13.17	2Chr.13.17	same	
2Chr.13.18	2Chr.13.18	same	
2Chr.13.19	2Chr.13.19	same	
2Chr.13.20	2Chr.13.20	same	
2Chr.13.21	2Chr.13.21	same	
2Chr.13.22	2Chr.13.22	same	
2Chr.14.1	2Chr.14.1	same	Keep verse (another tradition's pattern)
2Chr.14.2	2Chr.14.2	same	Keep verse (another tradition's pattern)
2Chr.14.3	2Chr.14.3	same	Keep verse (another tradition's pattern)
2Chr.14.4	2Chr.14.4	same	Keep verse (another tradition's pattern)
2Chr.14.5	2Chr.14.5	same	Keep verse (another tradition's pattern)
2Chr.14.6	2Chr.14.6	same	Keep verse (another tradition's pattern)
2Chr.14.7	2Chr.14.7	same	Keep verse (another tradition's pattern)
2Chr.14.8	2Chr.14.8	same	Keep verse (another tradition's pattern)
2Chr.14.9	2Chr.14.9	same	Keep verse (another tradition's pattern)
2Chr.14.10	2Chr.14.10	same	Keep verse (another tradition's pattern)
2Chr.14.11	2Chr.14.11	same	Keep verse (another tradition's pattern)
2Chr.14.12	2Chr.14.12	same	Keep verse (another tradition's pattern)
2Chr.14.13	2Chr.14.13	same	Keep verse (another tradition's pattern)
2Chr.14.14	2Chr.14.14	same	Keep verse (another tradition's pattern)
2Chr.14.15	2Chr.14.15	same	Keep verse (another tradition's pattern)
2Chr.15.1	2Chr.15.1	same	
2Chr.15.2	2Chr.15.2	same	
2Chr.15.3	2Chr.15.3	same	
2Chr.15.4	2Chr.15.4	same	
2Chr.15.5	2Chr.15.5	same	
2Chr.15.6	2Chr.15.6	same	
2Chr.15.7	2Chr.15.7	same	
2Chr.15.8	2Chr.15.8	same	
2Chr.15.9	2Chr.15.9	same	
2Chr.15.10	2Chr.15.10	same	
2Chr.15.11	2Chr.15.11	same	
2Chr.15.12	2Chr.15.12	same	
2Chr.15.13	2Chr.15.13	same	
2Chr.15.14	2Chr.15.14	same	
2Chr.15.15	2Chr.15.15	same	
2Chr.15.16	2Chr.15.16	same	
2Chr.15.17	2Chr.15.17	same	
2Chr.15.18	2Chr.15.18	same	
2Chr.15.19	2Chr.15.19	same	
2Chr.16.1	2Chr.16.1	same	
2Chr.16.2	2Chr.16.2	same	
2Chr.16.3	2Chr.16.3	same	
2Chr.16.4	2Chr.16.4	same	
2Chr.16.5	2Chr.16.5	same	
2Chr.16.6	2Chr.16.6	same	
2Chr.16.7	2Chr.16.7	same	
2Chr.16.8	2Chr.16.8	same	
2Chr.16.9	2Chr.16.9	same	
2Chr.16.10	2Chr.16.10	same	
2Chr.16.11	2Chr.16.11	same	
2Chr.16.12	2Chr.16.12	same	
2Chr.16.13	2Chr.16.13	same	
2Chr.16.14	2Chr.16.14	same	
2Chr.17.1	2Chr.17.1	same	
2Chr.17.2	2Chr.17.2	same	
2Chr.17.3	2Chr.17.3	same	
2Chr.17.4	2Chr.17.4	same	
2Chr.17.5	2Chr.17.5	same	
2Chr.17.6	2Chr.17.6	same	
2Chr.17.7	2Chr.17.7	same	
2Chr.17.8	2Chr.17.8	same	
2Chr.17.9	2Chr.17.9	same	
2Chr.17.10	2Chr.17.10	same	
2Chr.17.111		not-in-kjv	
2Chr.17.12	2Chr.17.12	same	
2Chr.17.13	2Chr.17.13	same	
2Chr.17.14	2Chr.17.14	same	
2Chr.17.15	2Chr.17.15	same	
2Chr.17.16	2Chr.17.16	same	
2Chr.17.17	2Chr.17.17	same	
2Chr.17.18	2Chr.17.18	same	
2Chr.17.19	2Chr.17.19	same	
2Chr.18.1	2Chr.18.1	same	
2Chr.18.2	2Chr.18.2	same	
2Chr.18.3	2Chr.18.3	same	
2Chr.18.4	2Chr.18.4	same	
2Chr.18.5	2Chr.18.5	same	
2Chr.18.6	2Chr.18.6	same	
2Chr.18.7	2Chr.18.7	same	
2Chr.18.8	2Chr.18.8	same	
2Chr.18.9	2Chr.18.9	same	
2Chr.18.10	2Chr.18.10	same	
2Chr.18.11	2Chr.18.11	same	
2Chr.18.12	2Chr.18.12	same	
2Chr.18.13	2Chr.18.13	same	
2Chr.18.14	2Chr.18.14	same	
2Chr.18.15	2Chr.18.15	same	
2Chr.18.16	2Chr.18.16	same	
2Chr.18.17	2Chr.18.17	same	
2Chr.18.18	2Chr.18.18	same	
2Chr.18.19	2Chr.18.19	same	
2Chr.18.20	2Chr.18.20	same	
2Chr.18.21	2Chr.18.21	same	
2Chr.18.22	2Chr.18.22	same	
2Chr.18.23	2Chr.18.23	same	
2Chr.18.24	2Chr.18.24	same	
2Chr.18.25	2Chr.18.25	same	
2Chr.18.26	2Chr.18.26	same	
2Chr.18.27	2Chr.18.27	same	
2Chr.18.28	2Chr.18.28	same	
2Chr.18.29	2Chr.18.29	same	
2Chr.18.30	2Chr.18.30	same	
2Chr.18.31	2Chr.18.31	same	
2Chr.18.32	2Chr.18.32	same	
2Chr.18.33	2Chr.18.33	same	
2Chr.18.34	2Chr.18.34	same	
2Chr.19.1	2Chr.19.1	same	
2Chr.19.2	2Chr.19.2	same	
2Chr.19.3	2Chr.19.3	same	
2Chr.19.4	2Chr.19.4	same	
2Chr.19.5	2Chr.19.5	same	
2Chr.19.6	2Chr.19.6	same	
2Chr.19.7	2Chr.19.7	same	
2Chr.19.8	2Chr.19.8	same	
2Chr.19.9	2Chr.19.9	same	
2Chr.19.10	2Chr.19.10	same	
2Chr.19.11	2Chr.19.11	same	
2Chr.20.1	2Chr.20.1	same	
2Chr.20.2	2Chr.20.2	same	
2Chr.20.3	2Chr.20.3	same	
2Chr.20.4	2Chr.20.4	same	
2Chr.20.5	2Chr.20.5	same	
2Chr.20.6	2Chr.20.6	same	
2Chr.20.7	2Chr.20.7	same	
2Chr.20.8	2Chr.20.8	same	
2Chr.20.9	2Chr.20.9	same	
2Chr.20.10	2Chr.20.10	same	
2Chr.20.11	2Chr.20.11	same	
2Chr.20.12	2Chr.20.12	same	
2Chr.20.13	2Chr.20.13	same	
2Chr.20.14	2Chr.20.14	same	
2Chr.20.15	2Chr.20.15	same	
2Chr.20.16	2Chr.20.16	same	
2Chr.20.17	2Chr.20.17	same	
2Chr.20.18	2Chr.20.18	same	
2Chr.20.19	2Chr.20.19	same	
2Chr.20.20	2Chr.20.20	same	
2Chr.20.21	2Chr.20.21	same	
2Chr.20.22	2Chr.20.22	same	
2Chr.20.23	2Chr.20.23	same	
2Chr.20.24	2Chr.20.24	same	
2Chr.20.25	2Chr.20.25	same	
2Chr.20.26	2Chr.20.26	same	
2Chr.20.27	2Chr.20.27	same	
2Chr.20.28	2Chr.20.28	same	
2Chr.20.29	2Chr.20.29	same	
2Chr.20.30	2Chr.20.30	same	
2Chr.20.31	2Chr.20.31	same	
2Chr.20.32	2Chr.20.32	same	
2Chr.20.33	2Chr.20.33	same	
2Chr.20.34	2Chr.20.34	same	
2Chr.20.35	2Chr.20.35	same	
2Chr.20.36	2Chr.20.36	same	
2Chr.20.37	2Chr.20.37	same	
2Chr.21.1	2Chr.21.1	same	
2Chr.21.2	2Chr.21.2	same	
2Chr.21.3	2Chr.21.3	same	
2Chr.21.4	2Chr.21.4	same	
2Chr.21.5	2Chr.21.5	same	
2Chr.21.6	2Chr.21.6	same	
2Chr.21.7	2Chr.21.7	same	
2Chr.21.8	2Chr.21.8	same	
2Chr.21.9	2Chr.21.9	same	
2Chr.21.10	2Chr.21.10	same	
2Chr.21.11	2Chr.21.11	same	
2Chr.21.12	2Chr.21.12	same	
2Chr.21.13	2Chr.21.13	same	
2Chr.21.14	2Chr.21.14	same	
2Chr.21.15	2Chr.21.15	same	
2Chr.21.16	2Chr.21.16	same	
2Chr.21.17	2Chr.21.17	same	
2Chr.21.18	2Chr.21.18	same	
2Chr.21.19	2Chr.21.19	same	
2Chr.21.20	2Chr.21.20	same	
2Chr.22.1	2Chr.22.1	same	
2Chr.22.2	2Chr.22.2	same	
2Chr.22.3	2Chr.22.3	same	
2Chr.22.4	2Chr.22.4	same	
2Chr.22.5	2Chr.22.5	same	
2Chr.22.6	2Chr.22.6	same	
2Chr.22.7	2Chr.22.7	same	
2Chr.22.8	2Chr.22.8	same	
2Chr.22.9	2Chr.22.9	same	
2Chr.22.10	2Chr.22.10	same	
2Chr.22.11	2Chr.22.11	same	
2Chr.22.12	2Chr.22.12	same	
2Chr.23.1	2Chr.23.1	same	
2Chr.23.2	2Chr.23.2	same	
2Chr.23.3	2Chr.23.3	same	
2Chr.23.4	2Chr.23.4	same	
2Chr.23.5	2Chr.23.5	same	
2Chr.23.6	2Chr.23.6	same	
2Chr.23.7	2Chr.23.7	same	
2Chr.23.8	2Chr.23.8	same	
2Chr.23.9	2Chr.23.9	same	
2Chr.23.10	2Chr.23.10	same	
2Chr.23.11	2Chr.23.11	same	
2Chr.23.12	2Chr.23.12	same	
2Chr.23.13	2Chr.23.13	same	
2Chr.23.14	2Chr.23.14	same	
2Chr.23.15	2Chr.23.15	same	
2Chr.23.16	2Chr.23.16	same	
2Chr.23.17	2Chr.23.17	same	
2Chr.23.18	2Chr.23.18	same	
2Chr.23.19	2Chr.23.19	same	
2Chr.23.20	2Chr.23.20	same	
2Chr.23.21	2Chr.23.21	same	
2Chr.24.1	2Chr.24.1	same	
2Chr.24.2	2Chr.24.2	same	
2Chr.24.3	2Chr.24.3	same	
2Chr.24.4	2Chr.24.4	same	
2Chr.24.5	2Chr.24.5	same	
2Chr.24.6	2Chr.24.6	same	
2Chr.24.7	2Chr.24.7	same	
2Chr.24.8	2Chr.24.8	same	
2Chr.24.9	2Chr.24.9	same	
2Chr.24.10	2Chr.24.10	same	
2Chr.24.11	2Chr.24.11	same	
2Chr.24.12	2Chr.24.12	same	
2Chr.24.13	2Chr.24.13	same	
2Chr.24.14	2Chr.24.14	same	
2Chr.24.15	2Chr.24.15	same	
2Chr.24.16	2Chr.24.16	same	
2Chr.24.17	2Chr.24.17	same	
2Chr.24.18	2Chr.24.18	same	
2Chr.24.19	2Chr.24.19	same	
2Chr.24.20	2Chr.24.20	same	
2Chr.24.21	2Chr.24.21	same	
2Chr.24.22	2Chr.24.22	same	
2Chr.24.23	2Chr.24.23	same	
2Chr.24.24	2Chr.24.24	same	
2Chr.24.25	2Chr.24.25	same	
2Chr.24.26	2Chr.24.26	same	
2Chr.25.1	2Chr.25.1	same	
2Chr.25.2	2Chr.25.2	same	
2Chr.25.3	2Chr.25.3	same	
2Chr.25.4	2Chr.25.4	same	
2Chr.25.5	2Chr.25.5	same	
2Chr.25.6	2Chr.25.6	same	
2Chr.25.7	2Chr.25.7	same	
2Chr.25.8	2Chr.25.8	same	
2Chr.25.9	2Chr.25.9	same	
2Chr.25.10	2Chr.25.10	same	
2Chr.25.11	2Chr.25.11	same	
2Chr.25.12	2Chr.25.12	same	
2Chr.25.13	2Chr.25.13	same	
2Chr.25.14	2Chr.25.14	same	
2Chr.25.15	2Chr.25.15	same	
2Chr.25.16	2Chr.25.16	same	
2Chr.25.17	2Chr.25.17	same	
2Chr.25.18	2Chr.25.18	same	
2Chr.25.19	2Chr.25.19	same	
2Chr.25.20	2Chr.25.20	same	
2Chr.25.21	2Chr.25.21	same	
2Chr.25.22	2Chr.25.22	same	
2Chr.25.23	2Chr.25.23	same	
2Chr.25.24	2Chr.25.24	same	
2Chr.25.25	2Chr.25.25	same	
2Chr.25.26	2Chr.25.26	same	
2Chr.25.27	2Chr.25.27	same	
2Chr.25.28	2Chr.25.28	same	
2Chr.26.1	2Chr.26.1	same	
2Chr.26.2	2Chr.26.2	same	
2Chr.26.3	2Chr.26.3	same	
2Chr.26.4	2Chr.26.4	same	
2Chr.26.5	2Chr.26.5	same	
2Chr.26.6	2Chr.26.6	same	
2Chr.26.7	2Chr.26.7	same	
2Chr.26.8	2Chr.26.8	same	
2Chr.26.9	2Chr.26.9	same	
2Chr.26.10	2Chr.26.10	same	
2Chr.26.11	2Chr.26.11	same	
2Chr.26.12	2Chr.26.12	same	
2Chr.26.13	2Chr.26.13	same	
2Chr.26.14	2Chr.26.14	same	
2Chr.26.15	2Chr.26.15	same	
2Chr.26.16	2Chr.26.16	same	
2Chr.26.17	2Chr.26.17	same	
2Chr.26.18	2Chr.26.18	same	
2Chr.26.19	2Chr.26.19	same	
2Chr.26.20	2Chr.26.20	same	
2Chr.26.21	2Chr.26.21	same	
2Chr.26.22	2Chr.26.22	same	
2Chr.26.23	2Chr.26.23	same	
2Chr.27.1	2Chr.27.1	same	
2Chr.27.2	2Chr.27.2	same	
2Chr.27.3	2Chr.27.3	same	
2Chr.27.4	2Chr.27.4	same	
2Chr.27.6	2Chr.27.6	same	
2Chr.27.7	2Chr.27.7	same	
2Chr.27.8	2Chr.27.8	same	
2Chr.27.9	2Chr.27.9	same	
2Chr.28.1	2Chr.28.1	same	
2Chr.28.2	2Chr.28.2	same	
2Chr.28.3	2Chr.28.3	same	
2Chr.28.4	2Chr.28.4	same	
2Chr.28.5	2Chr.28.5	same	
2Chr.28.6	2Chr.28.6	same	
2Chr.28.7	2Chr.28.7	same	
2Chr.28.8	2Chr.28.8	same	
2Chr.28.9	2Chr.28.9	same	
2Chr.28.10	2Chr.28.10	same	
2Chr.28.11	2Chr.28.11	same	
2Chr.28.12	2Chr.28.12	same	
2Chr.28.13	2Chr.28.13	same	
2Chr.28.14	2Chr.28.14	same	
2Chr.28.15	2Chr.28.15	same	
2Chr.28.16	2Chr.28.16	same	
2Chr.28.17	2Chr.28.17	same	
2Chr.28.18	2Chr.28.18	same	
2Chr.28.19	2Chr.28.19	same	
2Chr.28.20	2Chr.28.20	same	
2Chr.28.21	2Chr.28.21	same	
2Chr.28.22	2Chr.28.22	same	
2Chr.28.23	2Chr.28.23	same	
2Chr.28.24	2Chr.28.24	same	
2Chr.28.25	2Chr.28.25	same	
2Chr.28.26	2Chr.28.26	same	
2Chr.28.27	2Chr.28.27	same	
2Chr.29.1	2Chr.29.1	same	
2Chr.29.2	2Chr.29.2	same	
2Chr.29.3	2Chr.29.3	same	
2Chr.29.4	2Chr.29.4	same	
2Chr.29.5	2Chr.29.5	same	
2Chr.29.6	2Chr.29.6	same	
2Chr.29.7	2Chr.29.7	same	
2Chr.29.8	2Chr.29.8	same	
2Chr.29.9	2Chr.29.9	same	
2Chr.29.10	2Chr.29.10	same	
2Chr.29.11	2Chr.29.11	same	
2Chr.29.12	2Chr.29.12	same	
2Chr.29.13	2Chr.29.13	same	
2Chr.29.14	2Chr.29.14	same	
2Chr.29.15	2Chr.29.15	same	
2Chr.29.16	2Chr.29.16	same	
2Chr.29.17	2Chr.29.17	same	
2Chr.29.18	2Chr.29.18	same	
2Chr.29.19	2Chr.29.19	same	
2Chr.29.20	2Chr.29.20	same	
2Chr.29.21	2Chr.29.21	same	
2Chr.29.22	2Chr.29.22	same	
2Chr.29.23	2Chr.29.23	same	
2Chr.29.24	2Chr.29.24	same	
2Chr.29.25	2Chr.29.25	same	
2Chr.29.26	2Chr.29.26	same	
2Chr.29.27	2Chr.29.27	same	
2Chr.29.28	2Chr.29.28	same	
2Chr.29.29	2Chr.29.29	same	
2Chr.29.30	2Chr.29.30	same	
2Chr.29.31	2Chr.29.31	same	
2Chr.29.32	2Chr.29.32	same	
2Chr.29.33	2Chr.29.33	same	
2Chr.29.34	2Chr.29.34	same	
2Chr.29.35	2Chr.29.35	same	
2Chr.29.36	2Chr.29.36	same	
2Chr.30.1	2Chr.30.1	same	
2Chr.30.2	2Chr.30.2	same	
2Chr.30.3	2Chr.30.3	same	
2Chr.30.4	2Chr.30.4	same	
2Chr.30.5	2Chr.30.5	same	
2Chr.30.6	2Chr.30.6	same	
2Chr.30.7	2Chr.30.7	same	
2Chr.30.8	2Chr.30.8	same	
2Chr.30.9	2Chr.30.9	same	
2Chr.30.10	2Chr.30.10	same	
2Chr.30.11	2Chr.30.11	same	
2Chr.30.12	2Chr.30.12	same	
2Chr.30.13	2Chr.30.13	same	
2Chr.30.14	2Chr.30.14	same	
2Chr.30.15	2Chr.30.15	same	
2Chr.30.16	2Chr.30.16	same	
2Chr.30.17	2Chr.30.17	same	
2Chr.30.18	2Chr.30.18	same	
2Chr.30.19	2Chr.30.19	same	
2Chr.30.20	2Chr.30.20	same	
2Chr.30.21	2Chr.30.21	same	
2Chr.30.22	2Chr.30.22	same	
2Chr.30.23	2Chr.30.23	same	
2Chr.30.24	2Chr.30.24	same	
2Chr.30.25	2Chr.30.25	same	
2Chr.30.26	2Chr.30.26	same	
2Chr.30.27	2Chr.30.27	same	
2Chr.31.1	2Chr.31.1	same	
2Chr.31.2	2Chr.31.2	same	
2Chr.31.4	2Chr.31.4	same	
2Chr.31.5	2Chr.31.5	same	
2Chr.31.6	2Chr.31.6	same	
2Chr.31.7	2Chr.31.7	same	
2Chr.31.8	2Chr.31.8	same	
2Chr.31.9	2Chr.31.9	same	
2Chr.31.10	2Chr.31.10	same	
2Chr.31.11	2Chr.31.11	same	
2Chr.31.12	2Chr.31.12	same	
2Chr.31.13	2Chr.31.13	same	
2Chr.31.14	2Chr.31.14	same	
2Chr.31.15	2Chr.31.15	same	
2Chr.31.16	2Chr.31.16	same	
2Chr.31.17	2Chr.31.17	same	
2Chr.31.18	2Chr.31.18	same	
2Chr.31.19	2Chr.31.19	same	
2Chr.31.20	2Chr.31.20	same	
2Chr.31.21	2Chr.31.21	same	
2Chr.32.1	2Chr.32.1	same	
2Chr.32.2	2Chr.32.2	same	
2Chr.32.3	2Chr.32.3	same	
2Chr.32.4	2Chr.32.4	same	
2Chr.32.5	2Chr.32.5	same	
2Chr.32.6	2Chr.32.6	same	
2Chr.32.7	2Chr.32.7	same	
2Chr.32.8	2Chr.32.8	same	
2Chr.32.9	2Chr.32.9	same	
2Chr.32.10	2Chr.32.10	same	
2Chr.32.11	2Chr.32.11	same	
2Chr.32.12	2Chr.32.12	same	
2Chr.32.13	2Chr.32.13	same	
2Chr.32.14	2Chr.32.14	same	
2Chr.32.15	2Chr.32.15	same	
2Chr.32.16	2Chr.32.16	same	
2Chr.32.17	2Chr.32.17	same	
2Chr.32.18	2Chr.32.18	same	
2Chr.32.19	2Chr.32.19	same	
2Chr.32.20	2Chr.32.20	same	
2Chr.32.21	2Chr.32.21	same	
2Chr.32.22	2Chr.32.22	same	
2Chr.32.23	2Chr.32.23	same	
2Chr.32.24	2Chr.32.24	same	
2Chr.32.25	2Chr.32.25	same	
2Chr.32.26	2Chr.32.26	same	
2Chr.32.27	2Chr.32.27	same	
2Chr.32.28	2Chr.32.28	same	
2Chr.32.29	2Chr.32.29	same	
2Chr.32.30	2Chr.32.30	same	
2Chr.32.31	2Chr.32.31	same	
2Chr.32.32	2Chr.32.32	same	
2Chr.32.33	2Chr.32.33	same	
2Chr.33.1	2Chr.33.1	same	
2Chr.33.2	2Chr.33.2	same	
2Chr.33.3	2Chr.33.3	same	
2Chr.33.4	2Chr.33.4	same	
2Chr.33.5	2Chr.33.5	same	
2Chr.33.6	2Chr.33.6	same	
2Chr.33.8	2Chr.33.8	same	
2Chr.33.9	2Chr.33.9	same	
2Chr.33.10	2Chr.33.10	same	
2Chr.33.11	2Chr.33.11	same	
2Chr.33.12	2Chr.33.12	same	
2Chr.33.13	2Chr.33.13	same	
2Chr.33.14	2Chr.33.14	same	
2Chr.33.15	2Chr.33.15	same	
2Chr.33.16	2Chr.33.16	same	
2Chr.33.17	2Chr.33.17	same	
2Chr.33.18	2Chr.33.18	same	
2Chr.33.19	2Chr.33.19	same	
2Chr.33.20	2Chr.33.20	same	
2Chr.33.21	2Chr.33.21	same	
2Chr.33.22	2Chr.33.22	same	
2Chr.33.23	2Chr.33.23	same	
2Chr.33.24	2Chr.33.24	same	
2Chr.33.25	2Chr.33.25	same	
2Chr.34.1	2Chr.34.1	same	
2Chr.34.2	2Chr.34.2	same	
2Chr.34.3	2Chr.34.3	same	
2Chr.34.4	2Chr.34.4	same	
2Chr.34.5	2Chr.34.5	same	
2Chr.34.6	2Chr.34.6	same	
2Chr.34.7	2Chr.34.7	same	
2Chr.34.8	2Chr.34.8	same	
2Chr.34.9	2Chr.34.9	same	
2Chr.34.10	2Chr.34.10	same	
2Chr.34.11	2Chr.34.11	same	
2Chr.34.12	2Chr.34.12	same	
2Chr.34.13	2Chr.34.13	same	
2Chr.34.14	2Chr.34.14	same	
2Chr.34.15	2Chr.34.15	same	
2Chr.34.16	2Chr.34.16	same	
2Chr.34.17	2Chr.34.17	same	
2Chr.34.18	2Chr.34.18	same	
2Chr.34.19	2Chr.34.19	same	
2Chr.34.20	2Chr.34.20	same	
2Chr.34.21	2Chr.34.21	same	
2Chr.34.22	2Chr.34.22	same	
2Chr.34.23	2Chr.34.23	same	
2Chr.34.24	2Chr.34.24	same	
2Chr.34.25	2Chr.34.25	same	
2Chr.34.26	2Chr.34.26	same	
2Chr.34.27	2Chr.34.27	same	
2Chr.34.28	2Chr.34.28	same	
2Chr.34.29	2Chr.34.29	same	
2Chr.34.30	2Chr.34.30	same	
2Chr.34.31	2Chr.34.31	same	
2Chr.34.32	2Chr.34.32	same	
2Chr.34.33	2Chr.34.33	same	
2Chr.35.1	2Chr.35.1	same	
2Chr.35.2	2Chr.35.2	same	
2Chr.35.3	2Chr.35.3	same	
2Chr.35.4	2Chr.35.4	same	
2Chr.35.5	2Chr.35.5	same	
2Chr.35.6	2Chr.35.6	same	
2Chr.35.7	2Chr.35.7	same	
2Chr.35.8	2Chr.35.8	same	
2Chr.35.9	2Chr.35.9	same	
2Chr.35.10	2Chr.35.10	same	
2Chr.35.11	2Chr.35.11	same	
2Chr.35.12	2Chr.35.12	same	
2Chr.35.13	2Chr.35.13	same	
2Chr.35.14	2Chr.35.14	same	
2Chr.35.15	2Chr.35.15	same	
2Chr.35.16	2Chr.35.16	same	
2Chr.35.17	2Chr.35.17	same	
2Chr.35.18	2Chr.35.18	same	
2Chr.35.19	2Chr.35.19	same	
2Chr.35.19a		not-in-kjv	
2Chr.35.19b		not-in-kjv	
2Chr.35.19c		not-in-kjv	
2Chr.35.19d		not-in-kjv	
2Chr.35.20	2Chr.35.20	same	
2Chr.35.21	2Chr.35.21	same	
2Chr.35.22	2Chr.35.22	same	
2Chr.35.23	2Chr.35.23	same	
2Chr.35.24	2Chr.35.24	same	
2Chr.35.25	2Chr.35.25	same	
2Chr.35.26	2Chr.35.26	same	
2Chr.35.27	2Chr.35.27	same	
2Chr.36.1	2Chr.36.1	same	
2Chr.36.2	2Chr.36.2	same	
2Chr.36.2a		not-in-kjv	
2Chr.36.2b		not-in-kjv	
2Chr.36.2c		not-in-kjv	
2Chr.36.3	2Chr.36.3	same	
2Chr.36.4	2Chr.36.4	same	
2Chr.36.4a		not-in-kjv	
2Chr.36.5	2Chr.36.5	same	
2Chr.36.5a		not-in-kjv	
2Chr.36.5b		not-in-kjv	
2Chr.36.5c		not-in-kjv	
2Chr.36.5d		not-in-kjv	
2Chr.36.6	2Chr.36.6	same	
2Chr.36.7	2Chr.36.7	same	
2Chr.36.8	2Chr.36.8	same	
2Chr.36.9	2Chr.36.9	same	
2Chr.36.10	2Chr.36.10	same	
2Chr.36.11	2Chr.36.11	same	
2Chr.36.12	2Chr.36.12	same	
2Chr.36.13	2Chr.36.13	same	
2Chr.36.14	2Chr.36.14	same	
2Chr.36.15	2Chr.36.15	same	
2Chr.36.16	2Chr.36.16	same	
2Chr.36.17	2Chr.36.17	same	
2Chr.36.18	2Chr.36.18	same	
2Chr.36.19	2Chr.36.19	same	
2Chr.36.20	2Chr.36.20	same	
2Chr.36.21	2Chr.36.21	same	
2Chr.36.22	2Chr.36.22	same	
2Chr.36.23	2Chr.36.23	same	Keep verse
1Esd.1.1	1Esd.1.1	same	
1Esd.1.2	1Esd.1.2	same	
1Esd.1.3	1Esd.1.3	same	
1Esd.1.4	1Esd.1.4	same	
1Esd.1.5	1Esd.1.5	same	
1Esd.1.6	1Esd.1.6	same	
1Esd.1.7	1Esd.1.7	same	
1Esd.1.8	1Esd.1.8	same	
1Esd.1.9	1Esd.1.9	same	
1Esd.1.10	1Esd.1.10	same	
1Esd.1.11	1Esd.1.11	same	
1Esd.1.12	1Esd.1.12	same	
1Esd.1.13	1Esd.1.13	same	
1Esd.1.14	1Esd.1.14	same	
1Esd.1.15	1Esd.1.15 1Esd.1.16	several	Concatenation
1Esd.1.16	1Esd.1.17 1Esd.1.18	several	Concatenation
1Esd.1.17	1Esd.1.19	renumbered	Renumber verse
1Esd.1.18	1Esd.1.20	renumbered	Renumber verse
1Esd.1.19	1Esd.1.21	renumbered	Renumber verse
1Esd.1.20	1Esd.1.22	renumbered	Renumber verse
1Esd.1.21	1Esd.1.23	renumbered	Renumber verse
1Esd.1.22	1Esd.1.24	renumbered	Renumber verse
1Esd.1.23	1Esd.1.25	renumbered	Renumber verse
1Esd.1.24	1Esd.1.26	renumbered	Renumber verse
1Esd.1.25	1Esd.1.27	renumbered	Renumber verse
1Esd.1.26	1Esd.1.28	renumbered	Renumber verse
1Esd.1.27	1Esd.1.29	renumbered	Renumber verse
1Esd.1.28	1Esd.1.30	renumbered	Renumber verse
1Esd.1.29	1Esd.1.31	renumbered	Renumber verse
1Esd.1.30	1Esd.1.32	renumbered	Renumber verse
1Esd.1.31	1Esd.1.33	renumbered	Renumber verse
1Esd.1.32	1Esd.1.34	renumbered	Renumber verse
1Esd.1.33	1Esd.1.35	renumbered	Renumber verse
1Esd.1.34	1Esd.1.36	renumbered	Renumber verse
1Esd.1.35	1Esd.1.37	renumbered	Renumber verse
1Esd.1.36	1Esd.1.38	renumbered	Renumber verse
1Esd.1.37	1Esd.1.39	renumbered	Renumber verse
1Esd.1.38	1Esd.1.40	renumbered	Renumber verse
1Esd.1.39	1Esd.1.41	renumbered	Renumber verse
1Esd.1.40	1Esd.1.42	renumbered	Renumber verse
1Esd.1.41	1Esd.1.43	renumbered	Renumber verse
1Esd.1.42	1Esd.1.44	renumbered	Renumber verse
1Esd.1.43	1Esd.1.45	renumbered	Renumber verse
1Esd.1.44	1Esd.1.46	renumbered	Renumber verse
1Esd.1.45	1Esd.1.47	renumbered	Renumber verse
1Esd.1.46	1Esd.1.48	renumbered	Renumber verse
1Esd.1.47	1Esd.1.49	renumbered	Renumber verse
1Esd.1.48	1Esd.1.50	renumbered	Renumber verse
1Esd.1.49	1Esd.1.51 1Esd.1.52	several	Concatenation
1Esd.1.50	1Esd.1.53	renumbered	Renumber verse
1Esd.1.51	1Esd.1.54	renumbered	Renumber verse
1Esd.1.52	1Esd.1.55	renumbered	Renumber verse
1Esd.1.53	1Esd.1.56	renumbered	Renumber verse
1Esd.1.54	1Esd.1.57	renumbered	Renumber verse
1Esd.1.55	1Esd.1.58	renumbered	Renumber verse
1Esd.2.1	1Esd.2.1	unmatched	Concatenation; OVERRULED: the chapter's proper names favour the same number more than TVTMS's
1Esd.2.2	1Esd.2.2	unmatched	Concatenation; OVERRULED: the chapter's proper names favour the same number more than TVTMS's
1Esd.2.3	1Esd.2.3	unmatched	Renumber verse; OVERRULED: the chapter's proper names favour the same number more than TVTMS's
1Esd.2.4	1Esd.2.4	unmatched	Concatenation; OVERRULED: the chapter's proper names favour the same number more than TVTMS's
1Esd.2.5	1Esd.2.5	unmatched	Renumber verse; OVERRULED: the chapter's proper names favour the same number more than TVTMS's
1Esd.2.6	1Esd.2.6	unmatched	Renumber verse; OVERRULED: the chapter's proper names favour the same number more than TVTMS's
1Esd.2.7	1Esd.2.7	unmatched	Renumber verse; OVERRULED: the chapter's proper names favour the same number more than TVTMS's
1Esd.2.8	1Esd.2.8	unmatched	Concatenation; OVERRULED: the chapter's proper names favour the same number more than TVTMS's
1Esd.2.9	1Esd.2.9	unmatched	Renumber verse; OVERRULED: the chapter's proper names favour the same number more than TVTMS's
1Esd.2.10	1Esd.2.10	unmatched	Renumber verse; OVERRULED: the chapter's proper names favour the same number more than TVTMS's
1Esd.2.11	1Esd.2.11	unmatched	Renumber verse; OVERRULED: the chapter's proper names favour the same number more than TVTMS's
1Esd.2.12	1Esd.2.12	unmatched	Renumber verse; OVERRULED: the chapter's proper names favour the same number more than TVTMS's
1Esd.2.13	1Esd.2.13	unmatched	Renumber verse; OVERRULED: the chapter's proper names favour the same number more than TVTMS's
1Esd.2.14	1Esd.2.14	unmatched	Renumber verse; OVERRULED: the chapter's proper names favour the same number more than TVTMS's
1Esd.2.15	1Esd.2.15	unmatched	Renumber verse; OVERRULED: the chapter's proper names favour the same number more than TVTMS's
1Esd.2.16	1Esd.2.16	unmatched	Concatenation; OVERRULED: the chapter's proper names favour the same number more than TVTMS's
1Esd.2.17	1Esd.2.17	unmatched	Renumber verse; OVERRULED: the chapter's proper names favour the same number more than TVTMS's
1Esd.2.18	1Esd.2.18	unmatched	Renumber verse; OVERRULED: the chapter's proper names favour the same number more than TVTMS's
1Esd.2.19	1Esd.2.19	unmatched	Renumber verse; OVERRULED: the chapter's proper names favour the same number more than TVTMS's
1Esd.2.20	1Esd.2.20	unmatched	Renumber verse; OVERRULED: the chapter's proper names favour the same number more than TVTMS's
1Esd.2.21	1Esd.2.21	unmatched	Renumber verse; OVERRULED: the chapter's proper names favour the same number more than TVTMS's
1Esd.2.22	1Esd.2.22	unmatched	Renumber verse; OVERRULED: the chapter's proper names favour the same number more than TVTMS's
1Esd.2.23	1Esd.2.23	unmatched	Renumber verse; OVERRULED: the chapter's proper names favour the same number more than TVTMS's
1Esd.2.24	1Esd.2.24	unmatched	Renumber verse; OVERRULED: the chapter's proper names favour the same number more than TVTMS's
1Esd.2.25	1Esd.2.25	unmatched	Renumber verse; OVERRULED: the chapter's proper names favour the same number more than TVTMS's
1Esd.3.1	1Esd.3.1	same	
1Esd.3.2	1Esd.3.2	same	
1Esd.3.3	1Esd.3.3	same	
1Esd.3.4	1Esd.3.4	same	
1Esd.3.5	1Esd.3.5	same	
1Esd.3.6	1Esd.3.6	same	
1Esd.3.7	1Esd.3.7	same	
1Esd.3.8	1Esd.3.8	same	
1Esd.3.9	1Esd.3.9	same	
1Esd.3.10	1Esd.3.10	same	
1Esd.3.11	1Esd.3.11	same	
1Esd.3.12	1Esd.3.12	same	
1Esd.3.13	1Esd.3.13	same	
1Esd.3.14	1Esd.3.14 1Esd.3.15	several	Concatenation
1Esd.3.15	1Esd.3.16	renumbered	Renumber verse
1Esd.3.16	1Esd.3.17	renumbered	Renumber verse
1Esd.3.17	1Esd.3.18	renumbered	Renumber verse
1Esd.3.18	1Esd.3.19	renumbered	Renumber verse
1Esd.3.19	1Esd.3.20	renumbered	Renumber verse
1Esd.3.20	1Esd.3.21	renumbered	Renumber verse
1Esd.3.21	1Esd.3.22	renumbered	Renumber verse
1Esd.3.22	1Esd.3.23	renumbered	Renumber verse
1Esd.3.23	1Esd.3.24	renumbered	Renumber verse
1Esd.4.1	1Esd.4.1	same	
1Esd.4.2	1Esd.4.2	same	
1Esd.4.3	1Esd.4.3	same	
1Esd.4.4	1Esd.4.4	same	
1Esd.4.5	1Esd.4.5	same	
1Esd.4.6	1Esd.4.6	same	
1Esd.4.7	1Esd.4.7	same	
1Esd.4.8	1Esd.4.8	same	
1Esd.4.9	1Esd.4.9	same	
1Esd.4.10	1Esd.4.10	same	
1Esd.4.11	1Esd.4.11	same	
1Esd.4.12	1Esd.4.12	same	
1Esd.4.13	1Esd.4.13	same	
1Esd.4.14	1Esd.4.14	same	
1Esd.4.15	1Esd.4.15	same	
1Esd.4.16	1Esd.4.16	same	
1Esd.4.17	1Esd.4.17	same	
1Esd.4.18	1Esd.4.18	same	
1Esd.4.20	1Esd.4.20	same	
1Esd.4.21	1Esd.4.21	same	
1Esd.4.22	1Esd.4.22	same	
1Esd.4.23	1Esd.4.23	same	
1Esd.4.24	1Esd.4.24	same	
1Esd.4.25	1Esd.4.25	same	
1Esd.4.26	1Esd.4.26	same	
1Esd.4.27	1Esd.4.27	same	
1Esd.4.28	1Esd.4.28	same	
1Esd.4.29	1Esd.4.29	same	
1Esd.4.30	1Esd.4.30	same	
1Esd.4.31	1Esd.4.31	same	
1Esd.4.32	1Esd.4.32	same	
1Esd.4.33	1Esd.4.33	same	
1Esd.4.34	1Esd.4.34	same	
1Esd.4.35	1Esd.4.35	same	
1Esd.4.36	1Esd.4.36	same	
1Esd.4.37	1Esd.4.37	same	
1Esd.4.38	1Esd.4.38	same	
1Esd.4.39	1Esd.4.39	same	
1Esd.4.40	1Esd.4.40	same	
1Esd.4.41	1Esd.4.41	same	
1Esd.4.42	1Esd.4.42	same	
1Esd.4.43	1Esd.4.43	same	
1Esd.4.44	1Esd.4.44	same	
1Esd.4.45	1Esd.4.45	same	
1Esd.4.46	1Esd.4.46	same	
1Esd.4.47	1Esd.4.47	same	
1Esd.4.48	1Esd.4.48	same	
1Esd.4.49	1Esd.4.49	same	
1Esd.4.50	1Esd.4.50	same	
1Esd.4.51	1Esd.4.51	same	
1Esd.4.52	1Esd.4.52	same	
1Esd.4.53	1Esd.4.53	same	
1Esd.4.54	1Esd.4.54	same	
1Esd.4.55	1Esd.4.55	same	
1Esd.4.56	1Esd.4.56	same	
1Esd.4.57	1Esd.4.57	same	
1Esd.4.58	1Esd.4.58	same	
1Esd.4.59	1Esd.4.59	same	
1Esd.4.60	1Esd.4.60	same	
1Esd.4.61	1Esd.4.61	same	
1Esd.4.62	1Esd.4.62	same	
1Esd.4.63	1Esd.4.63	same	
1Esd.5.1	1Esd.5.1	same	
1Esd.5.2	1Esd.5.2	same	
1Esd.5.3	1Esd.5.3	same	
1Esd.5.4	1Esd.5.4	same	
1Esd.5.5	1Esd.5.5	same	
1Esd.5.6	1Esd.5.6	same	
1Esd.5.7	1Esd.5.7	same	
1Esd.5.8	1Esd.5.8	same	
1Esd.5.9	1Esd.5.9	same	
1Esd.5.10	1Esd.5.10	same	
1Esd.5.11	1Esd.5.11	same	
1Esd.5.12	1Esd.5.12	same	
1Esd.5.13	1Esd.5.13	same	
1Esd.5.14	1Esd.5.14	same	
1Esd.5.15	1Esd.5.15	same	
1Esd.5.16	1Esd.5.16	same	
1Esd.5.17	1Esd.5.17	same	
1Esd.5.18	1Esd.5.18	same	
1Esd.5.19	1Esd.5.19	same	
1Esd.5.20	1Esd.5.20	same	
1Esd.5.21	1Esd.5.21	same	
1Esd.5.22	1Esd.5.22	same	
1Esd.5.23	1Esd.5.23	same	
1Esd.5.24	1Esd.5.24	same	
1Esd.5.25	1Esd.5.25	same	
1Esd.5.26	1Esd.5.26	same	
1Esd.5.27	1Esd.5.27	same	
1Esd.5.28	1Esd.5.28	same	
1Esd.5.29	1Esd.5.29	same	
1Esd.5.30	1Esd.5.30	same	
1Esd.5.31	1Esd.5.31	same	
1Esd.5.32	1Esd.5.32	same	
1Esd.5.33	1Esd.5.33	same	
1Esd.5.34	1Esd.5.34	same	
1Esd.5.35	1Esd.5.35	same	
1Esd.5.36	1Esd.5.36	same	
1Esd.5.37	1Esd.5.37	same	
1Esd.5.38	1Esd.5.38	same	
1Esd.5.39	1Esd.5.39	same	
1Esd.5.40	1Esd.5.40	same	
1Esd.5.41	1Esd.5.41	unmatched	
1Esd.5.42	1Esd.5.42	unmatched	
1Esd.5.43	1Esd.5.43	unmatched	
1Esd.5.44	1Esd.5.44	unmatched	
1Esd.5.45	1Esd.5.45	unmatched	
1Esd.5.46	1Esd.5.46	unmatched	
1Esd.5.145		not-in-kjv	
1Esd.5.48	1Esd.5.48	unmatched	
1Esd.5.49	1Esd.5.49	unmatched	
1Esd.5.50	1Esd.5.50	unmatched	
1Esd.5.51	1Esd.5.51	unmatched	
1Esd.5.52	1Esd.5.52	unmatched	
1Esd.5.53	1Esd.5.53	unmatched	
1Esd.5.54	1Esd.5.54	unmatched	
1Esd.5.55	1Esd.5.55	unmatched	
1Esd.5.56	1Esd.5.56	unmatched	
1Esd.5.57	1Esd.5.57	unmatched	
1Esd.5.58	1Esd.5.58	unmatched	
1Esd.5.59	1Esd.5.59	unmatched	
1Esd.5.60	1Esd.5.60	unmatched	
1Esd.5.61	1Esd.5.61	unmatched	
1Esd.5.62	1Esd.5.62	unmatched	
1Esd.5.63	1Esd.5.63	unmatched	
1Esd.5.64	1Esd.5.64	unmatched	
1Esd.5.65	1Esd.5.65	unmatched	
1Esd.5.66	1Esd.5.66	unmatched	
1Esd.5.67	1Esd.5.67	unmatched	
1Esd.5.68	1Esd.5.68	unmatched	
1Esd.5.69	1Esd.5.69	unmatched	
1Esd.5.70	1Esd.5.70	unmatched	
1Esd.6.1	1Esd.6.1	same	
1Esd.6.2	1Esd.6.2	same	
1Esd.6.3	1Esd.6.3	same	
1Esd.6.4	1Esd.6.4	same	
1Esd.6.5	1Esd.6.5	same	
1Esd.6.6	1Esd.6.6	same	
1Esd.6.7	1Esd.6.7	same	
1Esd.6.8	1Esd.6.8 1Esd.6.9	several	Concatenation
1Esd.6.9	1Esd.6.10	renumbered	Renumber verse
1Esd.6.10	1Esd.6.11	renumbered	Renumber verse
1Esd.6.11	1Esd.6.12	renumbered	Renumber verse
1Esd.6.12	1Esd.6.13	renumbered	Renumber verse
1Esd.6.13	1Esd.6.14	renumbered	Renumber verse
1Esd.6.14	1Esd.6.15	renumbered	Renumber verse
1Esd.6.15	1Esd.6.16	renumbered	Renumber verse
1Esd.6.16	1Esd.6.17	renumbered	Renumber verse
1Esd.6.17	1Esd.6.18	renumbered	Renumber verse
1Esd.6.18	1Esd.6.19	renumbered	Renumber verse
1Esd.6.19	1Esd.6.20	renumbered	Renumber verse
1Esd.6.20	1Esd.6.21	renumbered	Renumber verse
1Esd.6.21	1Esd.6.22	renumbered	Renumber verse
1Esd.6.22	1Esd.6.23	renumbered	Renumber verse
1Esd.6.23	1Esd.6.24	renumbered	Renumber verse
1Esd.6.24	1Esd.6.25	renumbered	Renumber verse
1Esd.6.25	1Esd.6.26	renumbered	Renumber verse
1Esd.6.26	1Esd.6.27	renumbered	Renumber verse
1Esd.6.27	1Esd.6.28	renumbered	Renumber verse
1Esd.6.28	1Esd.6.29	renumbered	Renumber verse
1Esd.6.29	1Esd.6.30	renumbered	Renumber verse
1Esd.6.30	1Esd.6.31	renumbered	Renumber verse
1Esd.6.31	1Esd.6.32	renumbered	Renumber verse
1Esd.6.32	1Esd.6.33	renumbered	Renumber verse
1Esd.6.33	1Esd.6.34	renumbered	Renumber verse
1Esd.7.1	1Esd.7.1	same	
1Esd.7.2	1Esd.7.2	same	
1Esd.7.3	1Esd.7.3	same	
1Esd.7.4	1Esd.7.4	same	
1Esd.7.5	1Esd.7.5	same	
1Esd.7.6	1Esd.7.6	same	
1Esd.7.7	1Esd.7.7	same	
1Esd.7.8	1Esd.7.8	same	
1Esd.7.9	1Esd.7.9	same	
1Esd.7.10	1Esd.7.10	same	
1Esd.7.11	1Esd.7.11	same	
1Esd.7.12	1Esd.7.12	same	
1Esd.7.13	1Esd.7.13	same	
1Esd.7.14	1Esd.7.14	same	
1Esd.7.15	1Esd.7.15	same	
1Esd.8.1	1Esd.8.1	same	
1Esd.8.2	1Esd.8.2	same	
1Esd.8.3	1Esd.8.3	same	
1Esd.8.4	1Esd.8.4	same	
1Esd.8.5	1Esd.8.5	same	Keep verse
1Esd.8.6	1Esd.8.6	same	Keep verse
1Esd.8.7	1Esd.8.7	same	Keep verse
1Esd.8.8	1Esd.8.8	same	Keep verse
1Esd.8.9	1Esd.8.9	same	Keep verse
1Esd.8.10	1Esd.8.10	same	Keep verse
1Esd.8.11	1Esd.8.11	same	Keep verse
1Esd.8.12	1Esd.8.12	same	Keep verse
1Esd.8.13	1Esd.8.13	same	Keep verse
1Esd.8.14	1Esd.8.14	same	Keep verse
1Esd.8.15	1Esd.8.15	same	Keep verse
1Esd.8.16	1Esd.8.16	same	Keep verse
1Esd.8.17	1Esd.8.17	same	Keep verse
1Esd.8.18	1Esd.8.18	same	Keep verse
1Esd.8.19	1Esd.8.19	same	Keep verse
1Esd.8.20	1Esd.8.20	same	Keep verse
1Esd.8.21	1Esd.8.21	same	Keep verse
1Esd.8.22	1Esd.8.22	same	Keep verse
1Esd.8.23	1Esd.8.23	same	Keep verse
1Esd.8.24	1Esd.8.24	same	Keep verse
1Esd.8.25	1Esd.8.25	same	Keep verse
1Esd.8.26	1Esd.8.26	same	Keep verse
1Esd.8.27	1Esd.8.27	same	Keep verse
1Esd.8.28	1Esd.8.28	same	Keep verse
1Esd.8.29	1Esd.8.29	same	Keep verse
1Esd.8.30	1Esd.8.30	same	Keep verse
1Esd.8.31	1Esd.8.31	same	Keep verse
1Esd.8.32	1Esd.8.32	same	Keep verse
1Esd.8.33	1Esd.8.33	same	Keep verse
1Esd.8.34	1Esd.8.34	same	Keep verse
1Esd.8.35	1Esd.8.35	same	Keep verse
1Esd.8.36	1Esd.8.36	same	Keep verse
1Esd.8.37	1Esd.8.37	same	Keep verse
1Esd.8.38	1Esd.8.38	same	Keep verse
1Esd.8.39	1Esd.8.39	same	Keep verse
1Esd.8.40	1Esd.8.40	same	Keep verse
1Esd.8.41	1Esd.8.41	same	Keep verse
1Esd.8.42	1Esd.8.42	same	Keep verse
1Esd.8.43	1Esd.8.43 1Esd.8.44	several	Concatenation
1Esd.8.44	1Esd.8.45	renumbered	Renumber verse
1Esd.8.45	1Esd.8.46	renumbered	Renumber verse
1Esd.8.46	1Esd.8.47	renumbered	Renumber verse
1Esd.8.47	1Esd.8.48	renumbered	Renumber verse
1Esd.8.48	1Esd.8.49	renumbered	Renumber verse
1Esd.8.49	1Esd.8.50	part	Renumber verse
1Esd.8.50	1Esd.8.50	part	DividedPrev verse
1Esd.8.51	1Esd.8.51	same	Keep verse
1Esd.8.52	1Esd.8.52	same	Keep verse
1Esd.8.53	1Esd.8.53	same	Keep verse
1Esd.8.54	1Esd.8.54	same	Keep verse
1Esd.8.55	1Esd.8.55	same	Keep verse
1Esd.8.56	1Esd.8.56 1Esd.8.57	several	Concatenation
1Esd.8.57	1Esd.8.58	renumbered	Renumber verse
1Esd.8.58	1Esd.8.59	renumbered	Renumber verse
1Esd.8.59	1Esd.8.60	renumbered	Renumber verse
1Esd.8.60	1Esd.8.61	renumbered	Renumber verse
1Esd.8.61	1Esd.8.62	renumbered	Renumber verse
1Esd.8.62	1Esd.8.63 1Esd.8.64	several	Concatenation
1Esd.8.63	1Esd.8.65 1Esd.8.66	several	Concatenation
1Esd.8.64	1Esd.8.67	renumbered	Renumber verse
1Esd.8.65	1Esd.8.68	renumbered	Renumber verse
1Esd.8.66	1Esd.8.69	renumbered	Renumber verse
1Esd.8.67	1Esd.8.70	renumbered	Renumber verse
1Esd.8.68	1Esd.8.71	renumbered	Renumber verse
1Esd.8.69	1Esd.8.72	renumbered	Renumber verse
1Esd.8.70	1Esd.8.73	renumbered	Renumber verse
1Esd.8.71	1Esd.8.74	renumbered	Renumber verse
1Esd.8.72	1Esd.8.75	renumbered	Renumber verse
1Esd.8.73	1Esd.8.76	renumbered	Renumber verse
1Esd.8.74	1Esd.8.77	renumbered	Renumber verse
1Esd.8.75	1Esd.8.78	renumbered	Renumber verse
1Esd.8.76	1Esd.8.79	renumbered	Renumber verse
1Esd.8.77	1Esd.8.80	renumbered	Renumber verse
1Esd.8.78	1Esd.8.81	renumbered	Renumber verse
1Esd.8.79	1Esd.8.82	renumbered	Renumber verse
1Esd.8.80	1Esd.8.83	renumbered	Renumber verse
1Esd.8.81	1Esd.8.84	renumbered	Renumber verse
1Esd.8.82	1Esd.8.85	renumbered	Renumber verse
1Esd.8.83	1Esd.8.86	renumbered	Renumber verse
1Esd.8.84	1Esd.8.87	renumbered	Renumber verse
1Esd.8.85	1Esd.8.88	renumbered	Renumber verse
1Esd.8.86	1Esd.8.89	renumbered	Renumber verse
1Esd.8.87	1Esd.8.90	renumbered	Renumber verse
1Esd.8.88	1Esd.8.91	renumbered	Renumber verse
1Esd.8.89	1Esd.8.92 1Esd.8.93	several	Concatenation
1Esd.8.90	1Esd.8.94	renumbered	Renumber verse
1Esd.8.91	1Esd.8.95	renumbered	Renumber verse
1Esd.8.92	1Esd.8.96	renumbered	Renumber verse
1Esd.9.1	1Esd.9.1	same	
1Esd.9.2	1Esd.9.2	same	
1Esd.9.3	1Esd.9.3	same	
1Esd.9.4	1Esd.9.4	same	
1Esd.9.5	1Esd.9.5	same	
1Esd.9.6	1Esd.9.6	same	
1Esd.9.7	1Esd.9.7	same	
1Esd.9.8	1Esd.9.8	same	
1Esd.9.9	1Esd.9.9	same	
1Esd.9.10	1Esd.9.10	same	
1Esd.9.11	1Esd.9.11	same	
1Esd.9.12	1Esd.9.12	same	
1Esd.9.13	1Esd.9.13	same	
1Esd.9.14	1Esd.9.14	same	
1Esd.9.15	1Esd.9.15	same	
1Esd.9.16	1Esd.9.16	same	
1Esd.9.17	1Esd.9.17	same	
1Esd.9.18	1Esd.9.18	same	
1Esd.9.19	1Esd.9.19	same	
1Esd.9.20	1Esd.9.20	same	
1Esd.9.21	1Esd.9.21	same	
1Esd.9.22	1Esd.9.22	same	
1Esd.9.23	1Esd.9.23	same	
1Esd.9.24	1Esd.9.24	same	
1Esd.9.25	1Esd.9.25	same	
1Esd.9.26	1Esd.9.26	same	
1Esd.9.27	1Esd.9.27	same	
1Esd.9.28	1Esd.9.28	same	
1Esd.9.29	1Esd.9.29	same	
1Esd.9.30	1Esd.9.30	same	
1Esd.9.31	1Esd.9.31	same	
1Esd.9.32	1Esd.9.32	same	
1Esd.9.33	1Esd.9.33	same	
1Esd.9.34	1Esd.9.34	same	
1Esd.9.35	1Esd.9.35	same	
1Esd.9.36	1Esd.9.36	same	
1Esd.9.37	1Esd.9.37	same	
1Esd.9.38	1Esd.9.38	same	
1Esd.9.39	1Esd.9.39	same	
1Esd.9.40	1Esd.9.40	same	
1Esd.9.41	1Esd.9.41	same	
1Esd.9.42	1Esd.9.42	same	
1Esd.9.43	1Esd.9.43	same	
1Esd.9.44	1Esd.9.44	same	
1Esd.9.45	1Esd.9.45	same	
1Esd.9.46	1Esd.9.46	same	
1Esd.9.47	1Esd.9.47	same	
1Esd.9.48	1Esd.9.48	same	
1Esd.9.49	1Esd.9.49	same	
1Esd.9.50	1Esd.9.50	same	
1Esd.9.51	1Esd.9.51	same	
1Esd.9.52	1Esd.9.52	same	
1Esd.9.53	1Esd.9.53	same	
1Esd.9.54	1Esd.9.54	same	
1Esd.9.55	1Esd.9.55	same	
2Esd.1.1	Ezra.1.1	same	
2Esd.1.2	Ezra.1.2	same	
2Esd.1.3	Ezra.1.3	same	
2Esd.1.4	Ezra.1.4	same	
2Esd.1.5	Ezra.1.5	same	
2Esd.1.6	Ezra.1.6	same	
2Esd.1.7	Ezra.1.7	same	
2Esd.1.8	Ezra.1.8	same	
2Esd.1.9	Ezra.1.9	same	
2Esd.1.10	Ezra.1.10	same	
2Esd.1.11	Ezra.1.11	same	
2Esd.2.1	Ezra.2.1	same	
2Esd.2.2	Ezra.2.2	same	
2Esd.2.3	Ezra.2.3	same	
2Esd.2.4	Ezra.2.4	same	
2Esd.2.5	Ezra.2.5	same	
2Esd.2.6	Ezra.2.6	same	
2Esd.2.7	Ezra.2.7	same	
2Esd.2.8	Ezra.2.8	same	
2Esd.2.9	Ezra.2.9	same	
2Esd.2.10	Ezra.2.10	same	
2Esd.2.11	Ezra.2.11	same	
2Esd.2.12	Ezra.2.12	same	
2Esd.2.13	Ezra.2.13	same	
2Esd.2.14	Ezra.2.14	same	
2Esd.2.15	Ezra.2.15	same	
2Esd.2.17	Ezra.2.17	same	
2Esd.2.18	Ezra.2.18	same	
2Esd.2.19	Ezra.2.19	same	
2Esd.2.20	Ezra.2.20	same	
2Esd.2.21	Ezra.2.21	same	
2Esd.2.23	Ezra.2.23	same	
2Esd.2.24	Ezra.2.24	same	
2Esd.2.25	Ezra.2.25	same	
2Esd.2.26	Ezra.2.26	same	
2Esd.2.27	Ezra.2.27	same	
2Esd.2.28	Ezra.2.28	same	
2Esd.2.29	Ezra.2.29	same	
2Esd.2.30	Ezra.2.30	same	
2Esd.2.31	Ezra.2.31	same	
2Esd.2.32	Ezra.2.32	same	
2Esd.2.33	Ezra.2.33	same	
2Esd.2.34	Ezra.2.34	same	
2Esd.2.35	Ezra.2.35	same	
2Esd.2.36	Ezra.2.36	same	
2Esd.2.37	Ezra.2.37	same	
2Esd.2.38	Ezra.2.38	same	
2Esd.2.40	Ezra.2.40	same	
2Esd.2.41	Ezra.2.41	same	
2Esd.2.42	Ezra.2.42	same	
2Esd.2.43	Ezra.2.43	same	
2Esd.2.44	Ezra.2.44	same	
2Esd.2.45	Ezra.2.45	same	
2Esd.2.46	Ezra.2.46	same	
2Esd.2.47	Ezra.2.47	same	
2Esd.2.48	Ezra.2.48	same	
2Esd.2.49	Ezra.2.49	same	
2Esd.2.50	Ezra.2.50	same	
2Esd.2.51	Ezra.2.51	same	
2Esd.2.52	Ezra.2.52	same	
2Esd.2.53	Ezra.2.53	same	
2Esd.2.54	Ezra.2.54	same	
2Esd.2.55	Ezra.2.55	same	
2Esd.2.56	Ezra.2.56	same	
2Esd.2.57	Ezra.2.57	same	
2Esd.2.58	Ezra.2.58	same	
2Esd.2.59	Ezra.2.59	same	
2Esd.2.60	Ezra.2.60	same	
2Esd.2.61	Ezra.2.61	same	
2Esd.2.62	Ezra.2.62	same	
2Esd.2.63	Ezra.2.63	same	
2Esd.2.64	Ezra.2.64	same	
2Esd.2.65	Ezra.2.65	same	
2Esd.2.66	Ezra.2.66	same	
2Esd.2.67	Ezra.2.67	same	
2Esd.2.68	Ezra.2.68	same	
2Esd.2.69	Ezra.2.69	same	
2Esd.2.70	Ezra.2.70	same	
2Esd.3.1	Ezra.3.1	same	
2Esd.3.2	Ezra.3.2	same	
2Esd.3.3	Ezra.3.3	same	
2Esd.3.4	Ezra.3.4	same	
2Esd.3.5	Ezra.3.5	same	
2Esd.3.6	Ezra.3.6	same	
2Esd.3.7	Ezra.3.7	same	
2Esd.3.8	Ezra.3.8	same	
2Esd.3.9	Ezra.3.9	same	
2Esd.3.10	Ezra.3.10	same	
2Esd.3.11	Ezra.3.11	same	
2Esd.3.12	Ezra.3.12	same	
2Esd.3.13	Ezra.3.13	same	
2Esd.4.1	Ezra.4.1	same	
2Esd.4.2	Ezra.4.2	same	
2Esd.4.3	Ezra.4.3	same	
2Esd.4.4	Ezra.4.4	same	
2Esd.4.5	Ezra.4.5	same	
2Esd.4.6	Ezra.4.6	same	
2Esd.4.7	Ezra.4.7	same	
2Esd.4.8	Ezra.4.8	same	
2Esd.4.9	Ezra.4.9	same	
2Esd.4.10	Ezra.4.10	same	
2Esd.4.11	Ezra.4.11	same	
2Esd.4.12	Ezra.4.12	same	
2Esd.4.13	Ezra.4.13	same	
2Esd.4.14	Ezra.4.14	same	
2Esd.4.15	Ezra.4.15	same	
2Esd.4.16	Ezra.4.16	same	
2Esd.4.17	Ezra.4.17	same	
2Esd.4.18	Ezra.4.18	same	
2Esd.4.19	Ezra.4.19	same	
2Esd.4.20	Ezra.4.20	same	
2Esd.4.21	Ezra.4.21	same	
2Esd.4.22	Ezra.4.22	same	
2Esd.4.23	Ezra.4.23	same	
2Esd.4.24	Ezra.4.24	same	
2Esd.5.1	Ezra.5.1	same	
2Esd.5.2	Ezra.5.2	same	
2Esd.5.3	Ezra.5.3	same	
2Esd.5.4	Ezra.5.4	same	
2Esd.5.6	Ezra.5.6	same	
2Esd.5.7	Ezra.5.7	same	
2Esd.5.8	Ezra.5.8	same	
2Esd.5.9	Ezra.5.9	same	
2Esd.5.10	Ezra.5.10	same	
2Esd.5.11	Ezra.5.11	same	
2Esd.5.12	Ezra.5.12	same	
2Esd.5.13	Ezra.5.13	same	
2Esd.5.14	Ezra.5.14	same	
2Esd.5.15	Ezra.5.15	same	
2Esd.5.16	Ezra.5.16	same	
2Esd.5.17	Ezra.5.17	same	
2Esd.6.1	Ezra.6.1	same	
2Esd.6.2	Ezra.6.2	same	
2Esd.6.3	Ezra.6.3	same	
2Esd.6.4	Ezra.6.4	same	
2Esd.6.5	Ezra.6.5	same	
2Esd.6.6	Ezra.6.6	same	
2Esd.6.7	Ezra.6.7	same	
2Esd.6.8	Ezra.6.8	same	
2Esd.6.9	Ezra.6.9	same	
2Esd.6.10	Ezra.6.10	same	
2Esd.6.11	Ezra.6.11	same	
2Esd.6.12	Ezra.6.12	same	
2Esd.6.13	Ezra.6.13	same	
2Esd.6.14	Ezra.6.14	same	
2Esd.6.15	Ezra.6.15	same	
2Esd.6.16	Ezra.6.16	same	
2Esd.6.17	Ezra.6.17	same	
2Esd.6.18	Ezra.6.18	same	
2Esd.6.19	Ezra.6.19	same	
2Esd.6.21	Ezra.6.21	same	
2Esd.6.22	Ezra.6.22	same	
2Esd.7.1	Ezra.7.1	same	
2Esd.7.2	Ezra.7.2	same	
2Esd.7.3	Ezra.7.3	same	
2Esd.7.4	Ezra.7.4	same	
2Esd.7.5	Ezra.7.5	same	
2Esd.7.6	Ezra.7.6	same	
2Esd.7.7	Ezra.7.7	same	
2Esd.7.8	Ezra.7.8	same	
2Esd.7.9	Ezra.7.9	same	
2Esd.7.10	Ezra.7.10	same	
2Esd.7.11	Ezra.7.11	same	
2Esd.7.12	Ezra.7.12	same	
2Esd.7.13	Ezra.7.13	same	
2Esd.7.14	Ezra.7.14	same	
2Esd.7.15	Ezra.7.15	same	
2Esd.7.16	Ezra.7.16	same	
2Esd.7.17	Ezra.7.17	same	
2Esd.7.18	Ezra.7.18	same	
2Esd.7.19	Ezra.7.19	same	
2Esd.7.20	Ezra.7.20	same	
2Esd.7.21	Ezra.7.21	same	
2Esd.7.22	Ezra.7.22	same	
2Esd.7.23	Ezra.7.23	same	
2Esd.7.24	Ezra.7.24	same	
2Esd.7.25	Ezra.7.25	same	
2Esd.7.26	Ezra.7.26	same	
2Esd.7.27	Ezra.7.27	same	
2Esd.7.28	Ezra.7.28	same	
2Esd.8.1	Ezra.8.1	same	
2Esd.8.2	Ezra.8.2	same	
2Esd.8.3	Ezra.8.3	same	
2Esd.8.4	Ezra.8.4	same	
2Esd.8.6	Ezra.8.6	same	
2Esd.8.7	Ezra.8.7	same	
2Esd.8.8	Ezra.8.8	same	
2Esd.8.9	Ezra.8.9	same	
2Esd.8.10	Ezra.8.10	same	
2Esd.8.11	Ezra.8.11	same	
2Esd.8.12	Ezra.8.12	same	
2Esd.8.13	Ezra.8.13	same	
2Esd.8.14	Ezra.8.14	same	
2Esd.8.15	Ezra.8.15	same	
2Esd.8.16	Ezra.8.16	same	
2Esd.8.17	Ezra.8.17	same	
2Esd.8.18	Ezra.8.18	same	
2Esd.8.19	Ezra.8.19	same	
2Esd.8.20	Ezra.8.20	same	
2Esd.8.21	Ezra.8.21	same	
2Esd.8.22	Ezra.8.22	same	
2Esd.8.23	Ezra.8.23	same	
2Esd.8.24	Ezra.8.24	same	
2Esd.8.25	Ezra.8.25	same	
2Esd.8.26	Ezra.8.26	same	
2Esd.8.27	Ezra.8.27	same	
2Esd.8.28	Ezra.8.28	same	
2Esd.8.29	Ezra.8.29	same	
2Esd.8.30	Ezra.8.30	same	
2Esd.8.31	Ezra.8.31	same	
2Esd.8.32	Ezra.8.32	same	
2Esd.8.33	Ezra.8.33	same	
2Esd.8.34	Ezra.8.34	same	
2Esd.8.35	Ezra.8.35	same	
2Esd.8.36	Ezra.8.36	same	
2Esd.9.1	Ezra.9.1	same	
2Esd.9.2	Ezra.9.2	same	
2Esd.9.3	Ezra.9.3	same	
2Esd.9.4	Ezra.9.4	same	
2Esd.9.5	Ezra.9.5	same	
2Esd.9.6	Ezra.9.6	same	
2Esd.9.7	Ezra.9.7	same	
2Esd.9.8	Ezra.9.8	same	
2Esd.9.9	Ezra.9.9	same	
2Esd.9.10	Ezra.9.10	same	
2Esd.9.11	Ezra.9.11	same	
2Esd.9.12	Ezra.9.12	same	
2Esd.9.13	Ezra.9.13	same	
2Esd.9.14	Ezra.9.14	same	
2Esd.9.15	Ezra.9.15	same	
2Esd.10.1	Ezra.10.1	same	
2Esd.10.2	Ezra.10.2	same	
2Esd.10.3	Ezra.10.3	same	
2Esd.10.4	Ezra.10.4	same	
2Esd.10.5	Ezra.10.5	same	
2Esd.10.6	Ezra.10.6	same	
2Esd.10.7	Ezra.10.7	same	
2Esd.10.8	Ezra.10.8	same	
2Esd.10.9	Ezra.10.9	same	
2Esd.10.10	Ezra.10.10	same	
2Esd.10.11	Ezra.10.11	same	
2Esd.10.12	Ezra.10.12	same	
2Esd.10.13	Ezra.10.13	same	
2Esd.10.14	Ezra.10.14	same	
2Esd.10.15	Ezra.10.15	same	
2Esd.10.16	Ezra.10.16	same	
2Esd.10.17	Ezra.10.17	same	
2Esd.10.18	Ezra.10.18	same	
2Esd.10.19	Ezra.10.19	same	
2Esd.10.20	Ezra.10.20	same	
2Esd.10.21	Ezra.10.21	same	
2Esd.10.22	Ezra.10.22	same	
2Esd.10.23	Ezra.10.23	same	
2Esd.10.24	Ezra.10.24	same	
2Esd.10.25	Ezra.10.25	same	
2Esd.10.26	Ezra.10.26	same	
2Esd.10.27	Ezra.10.27	same	
2Esd.10.28	Ezra.10.28	same	
2Esd.10.29	Ezra.10.29	same	
2Esd.10.30	Ezra.10.30	same	
2Esd.10.31	Ezra.10.31	same	
2Esd.10.32	Ezra.10.32	same	
2Esd.10.33	Ezra.10.33	same	
2Esd.10.34	Ezra.10.34	same	
2Esd.10.35	Ezra.10.35	same	
2Esd.10.36	Ezra.10.36	same	
2Esd.10.37	Ezra.10.37	same	
2Esd.10.38	Ezra.10.38	same	
2Esd.10.39	Ezra.10.39	same	
2Esd.10.40	Ezra.10.40	same	
2Esd.10.41	Ezra.10.41	same	
2Esd.10.42	Ezra.10.42	same	
2Esd.10.43	Ezra.10.43	same	
2Esd.11.1	Neh.1.1	same	
2Esd.11.2	Neh.1.2	same	
2Esd.11.3	Neh.1.3	same	
2Esd.11.4	Neh.1.4	same	
2Esd.11.5	Neh.1.5	same	
2Esd.11.6	Neh.1.6	same	
2Esd.11.7	Neh.1.7	same	
2Esd.11.8	Neh.1.8	same	
2Esd.11.9	Neh.1.9	same	
2Esd.11.10	Neh.1.10	same	
2Esd.11.11	Neh.1.11	same	
2Esd.12.1	Neh.2.1	same	
2Esd.12.2	Neh.2.2	same	
2Esd.12.3	Neh.2.3	same	
2Esd.12.4	Neh.2.4	same	
2Esd.12.5	Neh.2.5	same	
2Esd.12.6	Neh.2.6	same	
2Esd.12.7	Neh.2.7	same	
2Esd.12.8	Neh.2.8	same	
2Esd.12.9	Neh.2.9	same	
2Esd.12.10	Neh.2.10	same	
2Esd.12.11	Neh.2.11	same	
2Esd.12.12	Neh.2.12	same	
2Esd.12.13	Neh.2.13	same	
2Esd.12.14	Neh.2.14	same	
2Esd.12.15	Neh.2.15	same	
2Esd.12.16	Neh.2.16	same	
2Esd.12.17	Neh.2.17	same	
2Esd.12.18	Neh.2.18	same	
2Esd.12.19	Neh.2.19	same	
2Esd.12.20	Neh.2.20	same	
2Esd.13.1	Neh.3.1	same	
2Esd.13.2	Neh.3.2	same	
2Esd.13.3	Neh.3.3	same	
2Esd.13.4	Neh.3.4	same	
2Esd.13.5	Neh.3.5	same	
2Esd.13.6	Neh.3.6	same	
2Esd.13.8	Neh.3.8	same	
2Esd.13.9	Neh.3.9	same	
2Esd.13.10	Neh.3.10	same	
2Esd.13.11	Neh.3.11	same	
2Esd.13.12	Neh.3.12	same	
2Esd.13.13	Neh.3.13	same	
2Esd.13.14	Neh.3.14	same	
2Esd.13.15	Neh.3.15	same	
2Esd.13.16	Neh.3.16	same	
2Esd.13.17	Neh.3.17	same	
2Esd.13.18	Neh.3.18	same	
2Esd.13.19	Neh.3.19	same	
2Esd.13.20	Neh.3.20	same	
2Esd.13.21	Neh.3.21	same	
2Esd.13.22	Neh.3.22	same	
2Esd.13.23	Neh.3.23	same	
2Esd.13.24	Neh.3.24	same	
2Esd.13.25	Neh.3.25	same	
2Esd.13.26	Neh.3.26	same	
2Esd.13.27	Neh.3.27	same	
2Esd.13.28	Neh.3.28	same	
2Esd.13.29	Neh.3.29	same	
2Esd.13.30	Neh.3.30	same	Keep verse
2Esd.13.31	Neh.3.31	same	Keep verse
2Esd.13.32	Neh.3.32	same	Keep verse
2Esd.14.1	Neh.4.1	same	Keep verse
2Esd.14.2	Neh.4.2	same	Keep verse
2Esd.14.3	Neh.4.3	same	Keep verse
2Esd.14.4	Neh.4.4	same	Keep verse
2Esd.14.5	Neh.4.5	same	Keep verse; IfEmpty verse
2Esd.14.6	Neh.4.6	same	IfEmpty verse
2Esd.14.7	Neh.4.7	same	Keep verse
2Esd.14.8	Neh.4.8	same	Keep verse
2Esd.14.9	Neh.4.9	same	Keep verse
2Esd.14.10	Neh.4.10	same	Keep verse
2Esd.14.12	Neh.4.12	same	Keep verse
2Esd.14.13	Neh.4.13	same	Keep verse
2Esd.14.14	Neh.4.14	same	Keep verse
2Esd.14.15	Neh.4.15	same	Keep verse
2Esd.14.16	Neh.4.16	same	Keep verse
2Esd.14.17	Neh.4.17	same	Keep verse
2Esd.14.18	Neh.4.18	same	Keep verse
2Esd.14.19	Neh.4.19	same	Keep verse
2Esd.14.20	Neh.4.20	same	Keep verse
2Esd.14.21	Neh.4.21	same	Keep verse
2Esd.14.22	Neh.4.22	same	Keep verse
2Esd.14.23	Neh.4.23	same	Keep verse
2Esd.15.1	Neh.5.1	same	
2Esd.15.2	Neh.5.2	same	
2Esd.15.3	Neh.5.3	same	
2Esd.15.4	Neh.5.4	same	
2Esd.15.5	Neh.5.5	same	
2Esd.15.6	Neh.5.6	same	
2Esd.15.7	Neh.5.7	same	
2Esd.15.8	Neh.5.8	same	
2Esd.15.9	Neh.5.9	same	
2Esd.15.10	Neh.5.10	same	
2Esd.15.11	Neh.5.11	same	
2Esd.15.12	Neh.5.12	same	
2Esd.15.13	Neh.5.13	same	
2Esd.15.14	Neh.5.14	same	
2Esd.15.15	Neh.5.15	same	
2Esd.15.16	Neh.5.16	same	
2Esd.15.17	Neh.5.17	same	
2Esd.15.18	Neh.5.18	same	
2Esd.15.19	Neh.5.19	same	
2Esd.16.1	Neh.6.1	same	
2Esd.16.2	Neh.6.2	same	
2Esd.16.3	Neh.6.3	same	
2Esd.16.4	Neh.6.4	same	
2Esd.16.5	Neh.6.5	same	
2Esd.16.6	Neh.6.6	same	
2Esd.16.7	Neh.6.7	same	
2Esd.16.8	Neh.6.8	same	
2Esd.16.9	Neh.6.9	same	
2Esd.16.10	Neh.6.10	same	
2Esd.16.11	Neh.6.11	same	
2Esd.16.12	Neh.6.12	same	
2Esd.16.13	Neh.6.13	same	
2Esd.16.14	Neh.6.14	same	
2Esd.16.15	Neh.6.15	same	
2Esd.16.16	Neh.6.16	same	
2Esd.16.17	Neh.6.17	same	
2Esd.16.18	Neh.6.18	same	
2Esd.16.19	Neh.6.19	same	
2Esd.17.1	Neh.7.1	same	
2Esd.17.2	Neh.7.2	same	
2Esd.17.3	Neh.7.3	same	
2Esd.17.4	Neh.7.4	same	
2Esd.17.5	Neh.7.5	same	
2Esd.17.6	Neh.7.6	same	
2Esd.17.7	Neh.7.7	same	
2Esd.17.8	Neh.7.8	same	
2Esd.17.9	Neh.7.9	same	
2Esd.17.10	Neh.7.10	same	
2Esd.17.11	Neh.7.11	same	
2Esd.17.12	Neh.7.12	same	
2Esd.17.13	Neh.7.13	same	
2Esd.17.14	Neh.7.14	same	
2Esd.17.15	Neh.7.15	same	
2Esd.17.16	Neh.7.16	same	
2Esd.17.17	Neh.7.17	same	
2Esd.17.18	Neh.7.18	same	
2Esd.17.19	Neh.7.19	same	
2Esd.17.20	Neh.7.20	same	
2Esd.17.21	Neh.7.21	same	
2Esd.17.22	Neh.7.22	same	
2Esd.17.23	Neh.7.23	same	
2Esd.17.24	Neh.7.24	same	
2Esd.17.25	Neh.7.25	same	
2Esd.17.28	Neh.7.28	same	
2Esd.17.29	Neh.7.29	same	
2Esd.17.30	Neh.7.30	same	
2Esd.17.31	Neh.7.31	same	
2Esd.17.32	Neh.7.32	same	
2Esd.17.33	Neh.7.33	same	
2Esd.17.34	Neh.7.34	same	
2Esd.17.35	Neh.7.35	same	
2Esd.17.36	Neh.7.36	same	
2Esd.17.37	Neh.7.37	same	
2Esd.17.38	Neh.7.38	same	
2Esd.17.39	Neh.7.39	same	
2Esd.17.40	Neh.7.40	same	
2Esd.17.41	Neh.7.41	same	
2Esd.17.42	Neh.7.42	same	
2Esd.17.43	Neh.7.43	same	
2Esd.17.44	Neh.7.44	same	
2Esd.17.45	Neh.7.45	same	
2Esd.17.46	Neh.7.46	same	
2Esd.17.47	Neh.7.47	same	
2Esd.17.48	Neh.7.48	same	
2Esd.17.49	Neh.7.49	same	
2Esd.17.50	Neh.7.50	same	
2Esd.17.51	Neh.7.51	same	
2Esd.17.52	Neh.7.52	same	
2Esd.17.53	Neh.7.53	same	
2Esd.17.54	Neh.7.54	same	
2Esd.17.55	Neh.7.55	same	
2Esd.17.56	Neh.7.56	same	
2Esd.17.57	Neh.7.57	same	
2Esd.17.58	Neh.7.58	same	
2Esd.17.59	Neh.7.59	same	
2Esd.17.60	Neh.7.60	same	
2Esd.17.61	Neh.7.61	same	
2Esd.17.62	Neh.7.62	same	
2Esd.17.63	Neh.7.63	same	
2Esd.17.64	Neh.7.64	same	
2Esd.17.65	Neh.7.65	same	
2Esd.17.66	Neh.7.66	same	
2Esd.17.67	Neh.7.67	same	
2Esd.17.79		not-in-kjv	
2Esd.17.70	Neh.7.70	unmatched	
2Esd.17.71	Neh.7.71	unmatched	
2Esd.17.72	Neh.7.72	unmatched	
2Esd.17.73	Neh.7.73	unmatched	
2Esd.18.1	Neh.8.1	same	
2Esd.18.2	Neh.8.2	same	
2Esd.18.4	Neh.8.4	same	
2Esd.18.5	Neh.8.5	same	
2Esd.18.6	Neh.8.6	same	
2Esd.18.7	Neh.8.7	same	
2Esd.18.8	Neh.8.8	same	
2Esd.18.9	Neh.8.9	same	
2Esd.18.10	Neh.8.10	same	
2Esd.18.11	Neh.8.11	same	
2Esd.18.12	Neh.8.12	same	
2Esd.18.13	Neh.8.13	same	
2Esd.18.14	Neh.8.14	same	
2Esd.18.15	Neh.8.15	same	
2Esd.18.16	Neh.8.16	same	
2Esd.18.17	Neh.8.17	same	
2Esd.18.18	Neh.8.18	same	
2Esd.19.1	Neh.9.1	same	
2Esd.19.2	Neh.9.2	same	
2Esd.19.3	Neh.9.3	same	
2Esd.19.4	Neh.9.4	same	
2Esd.19.5	Neh.9.5	same	
2Esd.19.6	Neh.9.6	same	
2Esd.19.7	Neh.9.7	same	
2Esd.19.8	Neh.9.8	same	
2Esd.19.9	Neh.9.9	same	
2Esd.19.10	Neh.9.10	same	
2Esd.19.11	Neh.9.11	same	
2Esd.19.12	Neh.9.12	same	
2Esd.19.13	Neh.9.13	same	
2Esd.19.14	Neh.9.14	same	
2Esd.19.15	Neh.9.15	same	
2Esd.19.16	Neh.9.16	same	
2Esd.19.17	Neh.9.17	same	
2Esd.19.18	Neh.9.18	same	
2Esd.19.19	Neh.9.19	same	
2Esd.19.20	Neh.9.20	same	
2Esd.19.21	Neh.9.21	same	
2Esd.19.22	Neh.9.22	same	
2Esd.19.23	Neh.9.23	same	
2Esd.19.24	Neh.9.24	same	
2Esd.19.25	Neh.9.25	same	
2Esd.19.26	Neh.9.26	same	
2Esd.19.27	Neh.9.27	same	
2Esd.19.28	Neh.9.28	same	
2Esd.19.29	Neh.9.29	same	
2Esd.19.30	Neh.9.30	same	
2Esd.19.31	Neh.9.31	same	
2Esd.19.32	Neh.9.32	same	
2Esd.19.33	Neh.9.33	same	
2Esd.19.34	Neh.9.34	same	
2Esd.19.35	Neh.9.35	same	
2Esd.19.36	Neh.9.36	same	
2Esd.19.37	Neh.9.37	same	
2Esd.19.38	Neh.9.38	same	Keep verse
2Esd.20.1	Neh.10.1	same	Keep verse
2Esd.20.2	Neh.10.2	same	Keep verse
2Esd.20.3	Neh.10.3	same	Keep verse
2Esd.20.4	Neh.10.4	same	Keep verse
2Esd.20.5	Neh.10.5	same	Keep verse
2Esd.20.6	Neh.10.6	same	Keep verse
2Esd.20.7	Neh.10.7	same	Keep verse
2Esd.20.8	Neh.10.8	same	Keep verse
2Esd.20.9	Neh.10.9	same	Keep verse
2Esd.20.10	Neh.10.10	same	Keep verse
2Esd.20.12	Neh.10.12	same	Keep verse
2Esd.20.13	Neh.10.13	same	Keep verse
2Esd.20.14	Neh.10.14	same	Keep verse
2Esd.20.15	Neh.10.15	same	Keep verse
2Esd.20.16	Neh.10.16	same	Keep verse
2Esd.20.17	Neh.10.17	same	Keep verse
2Esd.20.18	Neh.10.18	same	Keep verse
2Esd.20.19	Neh.10.19	same	Keep verse
2Esd.20.20	Neh.10.20	same	Keep verse
2Esd.20.21	Neh.10.21	same	Keep verse
2Esd.20.22	Neh.10.22	same	Keep verse
2Esd.20.23	Neh.10.23	same	Keep verse
2Esd.20.24	Neh.10.24	same	Keep verse
2Esd.20.25	Neh.10.25	same	Keep verse
2Esd.20.26	Neh.10.26	same	Keep verse
2Esd.20.27	Neh.10.27	same	Keep verse
2Esd.20.28	Neh.10.28	same	Keep verse
2Esd.20.29	Neh.10.29	same	Keep verse
2Esd.20.30	Neh.10.30	same	Keep verse
2Esd.20.31	Neh.10.31	same	Keep verse
2Esd.20.32	Neh.10.32	same	Keep verse
2Esd.20.33	Neh.10.33	same	Keep verse
2Esd.20.34	Neh.10.34	same	Keep verse
2Esd.20.35	Neh.10.35	same	Keep verse
2Esd.20.36	Neh.10.36	same	Keep verse
2Esd.20.37	Neh.10.37	same	Keep verse
2Esd.20.38	Neh.10.38	same	Keep verse
2Esd.20.39	Neh.10.39	same	Keep verse
2Esd.21.1	Neh.11.1	same	
2Esd.21.2	Neh.11.2	same	
2Esd.21.3	Neh.11.3	same	
2Esd.21.4	Neh.11.4	same	
2Esd.21.5	Neh.11.5	same	
2Esd.21.6	Neh.11.6	same	
2Esd.21.7	Neh.11.7	same	
2Esd.21.8	Neh.11.8	same	
2Esd.21.9	Neh.11.9	same	
2Esd.21.10	Neh.11.10	same	
2Esd.21.11	Neh.11.11	same	
2Esd.21.12	Neh.11.12	same	
2Esd.21.13	Neh.11.13	same	
2Esd.21.14	Neh.11.14	same	
2Esd.21.15	Neh.11.15	same	
2Esd.21.17	Neh.11.17	same	
2Esd.21.18	Neh.11.18	same	
2Esd.21.19	Neh.11.19	same	
2Esd.21.22	Neh.11.22	same	
2Esd.21.23	Neh.11.23	same	
2Esd.21.24	Neh.11.24	same	
2Esd.21.25	Neh.11.25	same	
2Esd.21.26	Neh.11.26	same	
2Esd.21.27	Neh.11.27	same	
2Esd.21.30	Neh.11.30	same	
2Esd.21.31	Neh.11.31	same	
2Esd.21.36	Neh.11.36	same	
2Esd.22.1	Neh.12.1	same	
2Esd.22.2	Neh.12.2	same	
2Esd.22.3	Neh.12.3	same	
2Esd.22.7	Neh.12.7	same	
2Esd.22.8	Neh.12.8	same	
2Esd.22.10	Neh.12.10	same	
2Esd.22.11	Neh.12.11	same	
2Esd.22.12	Neh.12.12	same	
2Esd.22.13	Neh.12.13	same	
2Esd.22.14	Neh.12.14	same	
2Esd.22.22	Neh.12.22	same	
2Esd.22.23	Neh.12.23	same	
2Esd.22.24	Neh.12.24	same	
2Esd.22.25	Neh.12.25	same	
2Esd.22.26	Neh.12.26	same	
2Esd.22.27	Neh.12.27	same	
2Esd.22.28	Neh.12.28	same	
2Esd.22.29	Neh.12.29	same	
2Esd.22.30	Neh.12.30	same	
2Esd.22.31	Neh.12.31	same	
2Esd.22.32	Neh.12.32	same	
2Esd.22.33	Neh.12.33	same	Keep verse
2Esd.22.34	Neh.12.34	same	Keep verse
2Esd.22.35	Neh.12.35	same	Keep verse
2Esd.22.36	Neh.12.36	same	Keep verse
2Esd.22.37	Neh.12.37	same	Keep verse
2Esd.22.39	Neh.12.39	same	Keep verse
2Esd.22.42	Neh.12.42	same	Keep verse
2Esd.22.43	Neh.12.43	same	Keep verse
2Esd.22.44	Neh.12.44	same	Keep verse
2Esd.22.45	Neh.12.45	same	Keep verse
2Esd.22.46	Neh.12.46	same	Keep verse
2Esd.22.47	Neh.12.47	same	Keep verse
2Esd.23.1	Neh.13.1	same	
2Esd.23.2	Neh.13.2	same	
2Esd.23.3	Neh.13.3	same	
2Esd.23.4	Neh.13.4	same	
2Esd.23.5	Neh.13.5	same	
2Esd.23.6	Neh.13.6	same	
2Esd.23.7	Neh.13.7	same	
2Esd.23.8	Neh.13.8	same	
2Esd.23.9	Neh.13.9	same	
2Esd.23.10	Neh.13.10	same	
2Esd.23.11	Neh.13.11	same	
2Esd.23.12	Neh.13.12	same	
2Esd.23.13	Neh.13.13	same	
2Esd.23.14	Neh.13.14	same	
2Esd.23.15	Neh.13.15	same	
2Esd.23.16	Neh.13.16	same	
2Esd.23.17	Neh.13.17	same	
2Esd.23.18	Neh.13.18	same	
2Esd.23.19	Neh.13.19	same	
2Esd.23.20	Neh.13.20	same	
2Esd.23.21	Neh.13.21	same	
2Esd.23.22	Neh.13.22	same	
2Esd.23.23	Neh.13.23	same	
2Esd.23.24	Neh.13.24	same	
2Esd.23.25	Neh.13.25	same	
2Esd.23.26	Neh.13.26	same	
2Esd.23.27	Neh.13.27	same	
2Esd.23.28	Neh.13.28	same	
2Esd.23.29	Neh.13.29	same	
2Esd.23.30	Neh.13.30	same	
2Esd.23.31	Neh.13.31	same	
Esth.prologue.1		not-in-kjv	
Esth.prologue.2		not-in-kjv	
Esth.prologue.3		not-in-kjv	
Esth.prologue.4		not-in-kjv	
Esth.prologue.5		not-in-kjv	
Esth.prologue.6		not-in-kjv	
Esth.prologue.7		not-in-kjv	
Esth.prologue.8		not-in-kjv	
Esth.prologue.9		not-in-kjv	
Esth.prologue.10		not-in-kjv	
Esth.prologue.11		not-in-kjv	
Esth.prologue.12		not-in-kjv	
Esth.prologue.13		not-in-kjv	
Esth.prologue.14		not-in-kjv	
Esth.prologue.15		not-in-kjv	
Esth.prologue.16		not-in-kjv	
Esth.prologue.17		not-in-kjv	
Esth.1.1	Esth.1.1	same	Concatenation
Esth.1.2	Esth.1.2	unmatched	
Esth.1.3	Esth.1.3	unmatched	
Esth.1.4	Esth.1.4	unmatched	
Esth.1.5	Esth.1.5	unmatched	
Esth.1.6	Esth.1.6	unmatched	
Esth.1.7	Esth.1.7	unmatched	
Esth.1.8	Esth.1.8	unmatched	
Esth.1.9	Esth.1.9	unmatched	
Esth.1.10	Esth.1.10	unmatched	
Esth.1.11	Esth.1.11	unmatched	
Esth.1.12	Esth.1.12	unmatched	
Esth.1.13	Esth.1.13	unmatched	
Esth.1.14	Esth.1.14	unmatched	
Esth.1.15	Esth.1.15	unmatched	
Esth.1.16	Esth.1.16	unmatched	
Esth.1.17	Esth.1.17	unmatched	
Esth.1.18	Esth.1.18	unmatched	
Esth.1.19	Esth.1.19	unmatched	
Esth.1.20	Esth.1.20	unmatched	
Esth.1.21	Esth.1.21	unmatched	
Esth.1.22	Esth.1.22	unmatched	
Esth.2.1	Esth.2.1	same	
Esth.2.2	Esth.2.2	same	
Esth.2.3	Esth.2.3	same	
Esth.2.4	Esth.2.4	same	
Esth.2.5	Esth.2.5	same	
Esth.2.6	Esth.2.6	same	
Esth.2.7	Esth.2.7	same	
Esth.2.8	Esth.2.8	same	
Esth.2.9	Esth.2.9	same	
Esth.2.10	Esth.2.10	same	
Esth.2.11	Esth.2.11	same	
Esth.2.12	Esth.2.12	same	
Esth.2.13	Esth.2.13	same	
Esth.2.14	Esth.2.14	same	
Esth.2.15	Esth.2.15	same	
Esth.2.16	Esth.2.16	same	
Esth.2.17	Esth.2.17	same	
Esth.2.18	Esth.2.18	same	
Esth.2.19	Esth.2.19	same	
Esth.2.20	Esth.2.20	same	
Esth.2.21	Esth.2.21	same	
Esth.2.22	Esth.2.22	same	
Esth.2.23	Esth.2.23	same	
Esth.3.1	Esth.3.1	same	
Esth.3.2	Esth.3.2	same	
Esth.3.3	Esth.3.3	same	
Esth.3.4	Esth.3.4	same	
Esth.3.5	Esth.3.5	same	
Esth.3.6	Esth.3.6	same	
Esth.3.7	Esth.3.7	same	
Esth.3.8	Esth.3.8	same	
Esth.3.9	Esth.3.9	same	
Esth.3.10	Esth.3.10	same	
Esth.3.11	Esth.3.11	same	
Esth.3.12	Esth.3.12	same	
Esth.3.13	Esth.3.13	same	Concatenation
Esth.3.1a		not-in-kjv	
Esth.3.2a		not-in-kjv	
Esth.3.3a		not-in-kjv	
Esth.3.4a		not-in-kjv	
Esth.3.5a		not-in-kjv	
Esth.3.6a		not-in-kjv	
Esth.3.7a		not-in-kjv	
Esth.3.14	Esth.3.14	unmatched	
Esth.3.15	Esth.3.15	unmatched	
Esth.4.1	Esth.4.1	same	
Esth.4.2	Esth.4.2	same	
Esth.4.3	Esth.4.3	same	
Esth.4.4	Esth.4.4	same	
Esth.4.5	Esth.4.5	same	
Esth.4.7	Esth.4.7	same	
Esth.4.8	Esth.4.8	same	
Esth.4.9	Esth.4.9	same	
Esth.4.10	Esth.4.10	same	
Esth.4.11	Esth.4.11	same	
Esth.4.12	Esth.4.12	same	
Esth.4.13	Esth.4.13	same	
Esth.4.14	Esth.4.14	same	
Esth.4.15	Esth.4.15	same	
Esth.4.16	Esth.4.16	same	
Esth.4.17	Esth.4.17	same	Concatenation
Esth.4.1a		not-in-kjv	
Esth.4.2a		not-in-kjv	
Esth.4.3a		not-in-kjv	
Esth.4.4a		not-in-kjv	
Esth.4.5a		not-in-kjv	
Esth.4.6a		not-in-kjv	
Esth.4.7a		not-in-kjv	
Esth.4.8a		not-in-kjv	
Esth.4.9a		not-in-kjv	
Esth.4.10a		not-in-kjv	
Esth.4.1a1		not-in-kjv	
Esth.4.12a		not-in-kjv	
Esth.4.13a		not-in-kjv	
Esth.4.14a		not-in-kjv	
Esth.4.15a		not-in-kjv	
Esth.4.16a		not-in-kjv	
Esth.4.17a		not-in-kjv	
Esth.4.18a		not-in-kjv	
Esth.4.19a		not-in-kjv	
Esth.4.20a		not-in-kjv	
Esth.4.21a		not-in-kjv	
Esth.4.22a		not-in-kjv	
Esth.4.23a		not-in-kjv	
Esth.4.24a		not-in-kjv	
Esth.4.25a		not-in-kjv	
Esth.4.26a		not-in-kjv	
Esth.4.27a		not-in-kjv	
Esth.4.28a		not-in-kjv	
Esth.4.29a		not-in-kjv	
Esth.4.30a		not-in-kjv	
Esth.4.1b		not-in-kjv	
Esth.4.2b		not-in-kjv	
Esth.4.3b		not-in-kjv	
Esth.4.4b		not-in-kjv	
Esth.4.5b		not-in-kjv	
Esth.4.6b		not-in-kjv	
Esth.4.7b		not-in-kjv	
Esth.4.8b		not-in-kjv	
Esth.4.9b		not-in-kjv	
Esth.4.10b		not-in-kjv	
Esth.4.11b		not-in-kjv	
Esth.4.12b		not-in-kjv	
Esth.4.13b		not-in-kjv	
Esth.4.14b		not-in-kjv	
Esth.4.15b		not-in-kjv	
Esth.4.16b		not-in-kjv	
Esth.5.3	Esth.5.3	unmatched	
Esth.5.4	Esth.5.4	unmatched	
Esth.5.5	Esth.5.5	unmatched	
Esth.5.6	Esth.5.6	unmatched	
Esth.5.7	Esth.5.7	unmatched	
Esth.5.8	Esth.5.8	unmatched	
Esth.5.9	Esth.5.9	unmatched	
Esth.5.10	Esth.5.10	unmatched	
Esth.5.11	Esth.5.11	unmatched	
Esth.5.12	Esth.5.12	unmatched	
Esth.5.13	Esth.5.13	unmatched	
Esth.5.14	Esth.5.14	unmatched	
Esth.6.1	Esth.6.1	same	
Esth.6.2	Esth.6.2	same	
Esth.6.3	Esth.6.3	same	
Esth.6.4	Esth.6.4	same	
Esth.6.5	Esth.6.5	same	
Esth.6.6	Esth.6.6	same	
Esth.6.7	Esth.6.7	same	
Esth.6.8	Esth.6.8	same	
Esth.6.9	Esth.6.9	same	
Esth.6.10	Esth.6.10	same	
Esth.6.11	Esth.6.11	same	
Esth.6.12	Esth.6.12	same	
Esth.6.13	Esth.6.13	same	
Esth.7.1	Esth.7.1	same	
Esth.7.2	Esth.7.2	same	
Esth.7.3	Esth.7.3	same	
Esth.7.4	Esth.7.4	same	
Esth.7.5	Esth.7.5	same	
Esth.7.6	Esth.7.6	same	
Esth.7.7	Esth.7.7	same	
Esth.7.8	Esth.7.8	same	
Esth.7.9	Esth.7.9	same	
Esth.7.10	Esth.7.10	same	
Esth.8.1	Esth.8.1	same	
Esth.8.2	Esth.8.2	same	
Esth.8.3	Esth.8.3	same	
Esth.8.4	Esth.8.4	same	
Esth.8.5	Esth.8.5	same	
Esth.8.6	Esth.8.6	same	
Esth.8.7	Esth.8.7	same	
Esth.8.8	Esth.8.8	same	
Esth.8.9	Esth.8.9	same	
Esth.8.10	Esth.8.10	same	
Esth.8.11	Esth.8.11	same	
Esth.8.12	Esth.8.12	same	Concatenation
Esth.8.1a		not-in-kjv	
Esth.8.2a		not-in-kjv	
Esth.8.3a		not-in-kjv	
Esth.8.4a		not-in-kjv	
Esth.8.5a		not-in-kjv	
Esth.8.6a		not-in-kjv	
Esth.8.7a		not-in-kjv	
Esth.8.8a		not-in-kjv	
Esth.8.9a		not-in-kjv	
Esth.8.10a		not-in-kjv	
Esth.8.11a		not-in-kjv	
Esth.8.12a		not-in-kjv	
Esth.8.13a		not-in-kjv	
Esth.8.14a		not-in-kjv	
Esth.8.15a		not-in-kjv	
Esth.8.16a		not-in-kjv	
Esth.8.17a		not-in-kjv	
Esth.8.18a		not-in-kjv	
Esth.8.19a		not-in-kjv	
Esth.8.20a		not-in-kjv	
Esth.8.21a		not-in-kjv	
Esth.8.22a		not-in-kjv	
Esth.8.23a		not-in-kjv	
Esth.8.24a		not-in-kjv	
Esth.8.13	Esth.8.13	unmatched	
Esth.8.14	Esth.8.14	unmatched	
Esth.8.15	Esth.8.15	unmatched	
Esth.8.16	Esth.8.16	unmatched	
Esth.8.17	Esth.8.17	unmatched	
Esth.9.1	Esth.9.1	same	
Esth.9.2	Esth.9.2	same	
Esth.9.3	Esth.9.3	same	
Esth.9.4	Esth.9.4	same	
Esth.9.6	Esth.9.6	same	
Esth.9.7	Esth.9.7	same	
Esth.9.8	Esth.9.8	same	
Esth.9.9	Esth.9.9	same	
Esth.9.10	Esth.9.10	same	
Esth.9.11	Esth.9.11	same	
Esth.9.12	Esth.9.12	same	
Esth.9.13	Esth.9.13	same	
Esth.9.14	Esth.9.14	same	
Esth.9.15	Esth.9.15	same	
Esth.9.16	Esth.9.16	same	
Esth.9.17	Esth.9.17	same	
Esth.9.18	Esth.9.18	same	
Esth.9.19	Esth.9.19	same	
Esth.9.20	Esth.9.20	same	
Esth.9.21	Esth.9.21	same	
Esth.9.22	Esth.9.22	same	
Esth.9.23	Esth.9.23	same	
Esth.9.24	Esth.9.24	same	
Esth.9.25	Esth.9.25	same	
Esth.9.26	Esth.9.26	same	
Esth.9.27	Esth.9.27	same	
Esth.9.28	Esth.9.28	same	
Esth.9.29	Esth.9.29	same	
Esth.9.30	Esth.9.31 Esth.9.30	several	Renumber verse; IfEmpty verse
Esth.9.31	Esth.9.32	renumbered	Renumber verse
Esth.10.1a		not-in-kjv	
Esth.10.2a		not-in-kjv	
Esth.10.3a		not-in-kjv	
Esth.10.1	Esth.10.1	same	
Esth.10.2	Esth.10.2	same	
Esth.10.3	Esth.10.3	unmatched	
Esth.10.4	Esth.10.3	unmatched	
Esth.10.5		not-in-kjv	
Esth.10.6		not-in-kjv	
Esth.10.7		not-in-kjv	
Esth.10.8		not-in-kjv	
Esth.10.9		not-in-kjv	
Esth.10.10		not-in-kjv	
Esth.10.11		not-in-kjv	
Jdt.1.1	Jdt.1.1	same	
Jdt.1.2	Jdt.1.2	same	
Jdt.1.3	Jdt.1.3	same	
Jdt.1.4	Jdt.1.4	same	
Jdt.1.5	Jdt.1.5	same	
Jdt.1.6	Jdt.1.6	same	
Jdt.1.7	Jdt.1.7	same	
Jdt.1.8	Jdt.1.8	same	
Jdt.1.9	Jdt.1.9	same	
Jdt.1.10	Jdt.1.10	same	
Jdt.1.11	Jdt.1.11	same	
Jdt.1.12	Jdt.1.12	same	
Jdt.1.13	Jdt.1.13	same	IfEmpty verse
Jdt.1.14	Jdt.1.14	unmatched	
Jdt.1.15	Jdt.1.15	unmatched	
Jdt.1.16	Jdt.1.16	unmatched	
Jdt.2.1	Jdt.2.1	same	
Jdt.2.2	Jdt.2.2	same	
Jdt.2.3	Jdt.2.3	same	
Jdt.2.4	Jdt.2.4	same	
Jdt.2.5	Jdt.2.5	same	IfEmpty verse
Jdt.2.6	Jdt.2.6	same	Keep verse
Jdt.2.7	Jdt.2.7	same	IfEmpty verse
Jdt.2.8	Jdt.2.8	same	IfEmpty verse
Jdt.2.9	Jdt.2.9	same	IfEmpty verse
Jdt.2.10	Jdt.2.10	same	IfEmpty verse
Jdt.2.11	Jdt.2.11	same	IfEmpty verse
Jdt.2.12	Jdt.2.12	same	Keep verse
Jdt.2.13	Jdt.2.13	same	IfEmpty verse
Jdt.2.14	Jdt.2.14	same	Keep verse
Jdt.2.15	Jdt.2.15	same	IfEmpty verse
Jdt.2.16	Jdt.2.16	same	Keep verse
Jdt.2.17	Jdt.2.17	same	Keep verse
Jdt.2.18	Jdt.2.18	same	Keep verse
Jdt.2.19	Jdt.2.19	same	Keep verse
Jdt.2.20	Jdt.2.20	same	IfEmpty verse
Jdt.2.21	Jdt.2.21	same	Keep verse
Jdt.2.22	Jdt.2.22	same	IfEmpty verse
Jdt.2.23	Jdt.2.23	same	Keep verse
Jdt.2.24	Jdt.2.24	same	Keep verse
Jdt.2.25	Jdt.2.25	same	Keep verse
Jdt.2.26	Jdt.2.26	same	Keep verse
Jdt.2.27	Jdt.2.27	same	Keep verse
Jdt.2.28	Jdt.2.28	same	Keep verse
Jdt.3.1	Jdt.3.1	same	
Jdt.3.3	Jdt.3.3	same	
Jdt.3.4	Jdt.3.4	same	Keep verse
Jdt.3.5	Jdt.3.5	same	Keep verse
Jdt.3.6	Jdt.3.6	same	Keep verse
Jdt.3.7	Jdt.3.7	same	Keep verse
Jdt.3.8	Jdt.3.8	same	Keep verse
Jdt.3.9	Jdt.3.9	same	Keep verse
Jdt.3.10	Jdt.3.10	same	Keep verse
Jdt.4.1	Jdt.4.1	same	
Jdt.4.2	Jdt.4.2	same	
Jdt.4.3	Jdt.4.3	same	
Jdt.4.4	Jdt.4.4	same	
Jdt.4.5	Jdt.4.5	unmatched	
Jdt.4.6	Jdt.4.6	unmatched	
Jdt.4.7	Jdt.4.7	unmatched	
Jdt.4.8	Jdt.4.8	unmatched	
Jdt.4.9	Jdt.4.9	unmatched	
Jdt.4.10	Jdt.4.10	unmatched	
Jdt.4.11	Jdt.4.11	unmatched	
Jdt.4.12	Jdt.4.12	unmatched	
Jdt.4.13	Jdt.4.13	same	Keep verse
Jdt.4.14	Jdt.4.14	same	Keep verse
Jdt.4.15	Jdt.4.15	same	Keep verse
Jdt.5.1	Jdt.5.1	same	
Jdt.5.2	Jdt.5.2	same	
Jdt.5.3	Jdt.5.3	same	
Jdt.5.4	Jdt.5.4	same	
Jdt.5.5	Jdt.5.5	same	
Jdt.5.6	Jdt.5.6	same	
Jdt.5.7	Jdt.5.7	same	
Jdt.5.8	Jdt.5.8	same	
Jdt.5.9	Jdt.5.9	same	Keep verse
Jdt.5.10	Jdt.5.10	same	Keep verse
Jdt.5.11	Jdt.5.11	same	Keep verse
Jdt.5.12	Jdt.5.12	same	Keep verse
Jdt.5.13	Jdt.5.13	same	Keep verse
Jdt.5.14	Jdt.5.14	same	
Jdt.5.15	Jdt.5.15	same	
Jdt.5.16	Jdt.5.16	same	Keep verse
Jdt.5.17	Jdt.5.17	same	Keep verse
Jdt.5.18	Jdt.5.18	same	Keep verse
Jdt.5.19	Jdt.5.19	same	Keep verse
Jdt.5.20	Jdt.5.20	same	Keep verse
Jdt.5.21	Jdt.5.21	same	Keep verse
Jdt.5.22	Jdt.5.22	same	Keep verse
Jdt.5.23	Jdt.5.23	same	Keep verse
Jdt.5.24	Jdt.5.24	same	Keep verse
Jdt.6.1	Jdt.6.1	same	
Jdt.6.2	Jdt.6.2	same	
Jdt.6.3	Jdt.6.3	same	
Jdt.6.4	Jdt.6.4	same	
Jdt.6.5	Jdt.6.5	same	
Jdt.6.6	Jdt.6.6	same	
Jdt.6.7	Jdt.6.7	same	
Jdt.6.8	Jdt.6.8	same	
Jdt.6.9	Jdt.6.9	same	
Jdt.6.10	Jdt.6.10	same	
Jdt.6.11	Jdt.6.11	same	
Jdt.6.12	Jdt.6.12	same	
Jdt.6.13	Jdt.6.13	same	
Jdt.6.14	Jdt.6.14	same	
Jdt.6.15	Jdt.6.15	same	
Jdt.6.16	Jdt.6.16	same	
Jdt.6.17	Jdt.6.17	same	
Jdt.6.18	Jdt.6.18	same	
Jdt.6.19	Jdt.6.19	same	
Jdt.6.20	Jdt.6.20	same	
Jdt.6.21	Jdt.6.21	same	
Jdt.7.1	Jdt.7.1	same	
Jdt.7.2	Jdt.7.2	same	
Jdt.7.3	Jdt.7.3	same	
Jdt.7.4	Jdt.7.4	same	
Jdt.7.5	Jdt.7.5	same	
Jdt.7.6	Jdt.7.6	same	
Jdt.7.7	Jdt.7.7	same	
Jdt.7.8	Jdt.7.8	same	Keep verse
Jdt.7.9	Jdt.7.9	same	Keep verse
Jdt.7.10	Jdt.7.10	same	Keep verse
Jdt.7.11	Jdt.7.11	same	Keep verse
Jdt.7.12	Jdt.7.12	same	Keep verse
Jdt.7.13	Jdt.7.13	same	Keep verse
Jdt.7.14	Jdt.7.14	same	Keep verse
Jdt.7.15	Jdt.7.15	same	Keep verse
Jdt.7.16	Jdt.7.16	same	Keep verse
Jdt.7.17	Jdt.7.17	same	IfEmpty verse
Jdt.7.18	Jdt.7.18	same	IfEmpty verse
Jdt.7.19	Jdt.7.19	same	IfEmpty verse
Jdt.7.20	Jdt.7.20	same	Keep verse
Jdt.7.21	Jdt.7.21	same	Keep verse
Jdt.7.22	Jdt.7.22	same	IfEmpty verse
Jdt.7.23	Jdt.7.23	same	Keep verse
Jdt.7.24	Jdt.7.24	same	Keep verse
Jdt.7.25	Jdt.7.25	same	Keep verse
Jdt.7.26	Jdt.7.26	same	Keep verse
Jdt.7.27	Jdt.7.27	same	Keep verse
Jdt.7.28	Jdt.7.28	same	Keep verse
Jdt.7.29	Jdt.7.29	same	Keep verse
Jdt.7.30	Jdt.7.30	same	Keep verse
Jdt.7.31	Jdt.7.31	same	Keep verse
Jdt.7.32	Jdt.7.32	same	IfEmpty verse
Jdt.8.1	Jdt.8.1	same	
Jdt.8.2	Jdt.8.2	same	
Jdt.8.3	Jdt.8.3	same	
Jdt.8.4	Jdt.8.4	same	
Jdt.8.5	Jdt.8.5	same	
Jdt.8.6	Jdt.8.6	same	
Jdt.8.7	Jdt.8.7	same	
Jdt.8.8	Jdt.8.8	same	
Jdt.8.9	Jdt.8.9	same	Keep verse
Jdt.8.10	Jdt.8.10	same	Keep verse
Jdt.8.11	Jdt.8.11	same	Keep verse
Jdt.8.12	Jdt.8.12	same	Keep verse
Jdt.8.13	Jdt.8.13	same	Keep verse
Jdt.8.14	Jdt.8.14	same	Keep verse
Jdt.8.15	Jdt.8.15	same	Keep verse
Jdt.8.16	Jdt.8.16	same	Keep verse
Jdt.8.17	Jdt.8.17	same	Keep verse
Jdt.8.18	Jdt.8.18	same	
Jdt.8.19	Jdt.8.19	same	
Jdt.8.20	Jdt.8.20	same	Keep verse
Jdt.8.21	Jdt.8.21	same	Keep verse
Jdt.8.22	Jdt.8.22	same	Keep verse
Jdt.8.23	Jdt.8.23	same	Keep verse
Jdt.8.24	Jdt.8.24	same	Keep verse
Jdt.8.25	Jdt.8.25	same	Keep verse
Jdt.8.26	Jdt.8.26	same	Keep verse
Jdt.8.27	Jdt.8.27	same	Keep verse
Jdt.8.28	Jdt.8.28	same	
Jdt.8.29	Jdt.8.29	same	Keep verse
Jdt.8.30	Jdt.8.30	same	Keep verse
Jdt.8.31	Jdt.8.31	same	Keep verse
Jdt.8.32	Jdt.8.32	same	Keep verse
Jdt.8.33	Jdt.8.33	same	Keep verse
Jdt.8.34	Jdt.8.34	same	Keep verse
Jdt.8.35	Jdt.8.35	same	Keep verse
Jdt.8.36	Jdt.8.36	same	Keep verse
Jdt.9.1	Jdt.9.1	same	
Jdt.9.2	Jdt.9.2	same	
Jdt.9.3	Jdt.9.3 Jdt.9.4	several	Concatenation (another tradition's pattern)
Jdt.9.4	Jdt.9.5	renumbered	Renumber verse (another tradition's pattern)
Jdt.9.5	Jdt.9.6	renumbered	Renumber verse (another tradition's pattern)
Jdt.9.6	Jdt.9.7	part	Renumber verse (another tradition's pattern)
Jdt.9.7	Jdt.9.7	part	DividedPrev verse (another tradition's pattern)
Jdt.9.8	Jdt.9.7	part	DividedPrev verse (another tradition's pattern)
Jdt.9.9	Jdt.9.7	part	DividedPrev verse (another tradition's pattern)
Jdt.9.10	Jdt.9.7	part	DividedPrev verse (another tradition's pattern)
Jdt.9.11	Jdt.9.8	renumbered	Renumber verse (another tradition's pattern)
Jdt.9.12	Jdt.9.9	renumbered	Renumber verse (another tradition's pattern)
Jdt.9.13	Jdt.9.10	part	Renumber verse (another tradition's pattern)
Jdt.9.19	Jdt.9.14	renumbered	Renumber verse (another tradition's pattern)
Jdt.10.1	Jdt.10.1	same	
Jdt.10.2	Jdt.10.2	same	
Jdt.10.3	Jdt.10.3	same	
Jdt.10.4	Jdt.10.4	same	
Jdt.10.5	Jdt.10.5	same	
Jdt.10.6	Jdt.10.6	same	
Jdt.10.7	Jdt.10.7	same	
Jdt.10.8	Jdt.10.8	same	
Jdt.10.9	Jdt.10.9	same	
Jdt.10.10	Jdt.10.10	same	
Jdt.10.11	Jdt.10.11	same	
Jdt.10.12	Jdt.10.12	same	
Jdt.10.13	Jdt.10.13	same	
Jdt.10.14	Jdt.10.14	same	
Jdt.10.15	Jdt.10.15	same	
Jdt.10.16	Jdt.10.16	same	Keep verse
Jdt.10.17	Jdt.10.17	same	Keep verse
Jdt.10.18	Jdt.10.18	same	Keep verse
Jdt.10.19	Jdt.10.19	same	Keep verse
Jdt.10.20	Jdt.10.20	same	Keep verse
Jdt.10.21	Jdt.10.21	same	Keep verse
Jdt.10.22	Jdt.10.22	same	Keep verse
Jdt.10.23	Jdt.10.23	same	Keep verse
Jdt.11.1	Jdt.11.1	same	
Jdt.11.2	Jdt.11.2	same	
Jdt.11.3	Jdt.11.3	same	Keep verse
Jdt.11.4	Jdt.11.4	same	Keep verse
Jdt.11.5	Jdt.11.5	same	Keep verse
Jdt.11.6	Jdt.11.6	same	Keep verse
Jdt.11.7	Jdt.11.7	same	Keep verse
Jdt.11.8	Jdt.11.8	same	Keep verse
Jdt.11.9	Jdt.11.9	same	Keep verse
Jdt.11.10	Jdt.11.10	same	Keep verse
Jdt.11.11	Jdt.11.11	same	Keep verse
Jdt.11.12	Jdt.11.12	same	Keep verse
Jdt.11.13	Jdt.11.13	same	Keep verse
Jdt.11.14	Jdt.11.14	same	Keep verse
Jdt.11.15	Jdt.11.15	same	Keep verse
Jdt.11.16	Jdt.11.16	same	Keep verse
Jdt.11.17	Jdt.11.17	same	Keep verse
Jdt.11.18	Jdt.11.18	same	Keep verse
Jdt.11.19	Jdt.11.19	same	Keep verse
Jdt.11.20	Jdt.11.20	same	Keep verse
Jdt.11.21	Jdt.11.21	same	Keep verse
Jdt.11.22	Jdt.11.22	same	Keep verse
Jdt.11.23	Jdt.11.23	same	Keep verse
Jdt.12.1	Jdt.12.1	same	
Jdt.12.2	Jdt.12.2	same	
Jdt.12.3	Jdt.12.3	same	
Jdt.12.4	Jdt.12.4	same	
Jdt.12.5	Jdt.12.5	same	
Jdt.12.6	Jdt.12.6	same	
Jdt.12.7	Jdt.12.7	same	
Jdt.12.8	Jdt.12.8	same	
Jdt.12.9	Jdt.12.9	same	
Jdt.12.10	Jdt.12.10	same	
Jdt.12.11	Jdt.12.11	same	
Jdt.12.12	Jdt.12.12	same	
Jdt.12.13	Jdt.12.13	same	
Jdt.12.14	Jdt.12.14	same	
Jdt.12.15	Jdt.12.15	same	
Jdt.12.16	Jdt.12.16	same	
Jdt.12.17	Jdt.12.17	same	
Jdt.12.18	Jdt.12.18	same	
Jdt.12.19	Jdt.12.19	same	
Jdt.12.20	Jdt.12.20	same	
Jdt.13.1	Jdt.13.1	same	Keep verse
Jdt.13.2	Jdt.13.2	same	Keep verse
Jdt.13.3	Jdt.13.3	same	Keep verse
Jdt.13.4	Jdt.13.4	same	Keep verse
Jdt.13.5	Jdt.13.5	same	Keep verse
Jdt.13.6	Jdt.13.6	same	Keep verse
Jdt.13.7	Jdt.13.7	same	Keep verse
Jdt.13.8	Jdt.13.8	same	Keep verse
Jdt.13.9	Jdt.13.9	same	Keep verse
Jdt.13.10	Jdt.13.10	same	Keep verse
Jdt.13.11	Jdt.13.11	same	Keep verse
Jdt.13.12	Jdt.13.12	same	Keep verse
Jdt.13.13	Jdt.13.13	same	Keep verse
Jdt.13.14	Jdt.13.14	same	Keep verse
Jdt.13.15	Jdt.13.15	same	Keep verse
Jdt.13.16	Jdt.13.16	same	Keep verse
Jdt.13.17	Jdt.13.17	same	Keep verse
Jdt.13.18	Jdt.13.18	same	Keep verse
Jdt.13.19	Jdt.13.19	same	Keep verse
Jdt.13.20	Jdt.13.20	same	Keep verse
Jdt.14.1	Jdt.14.1	same	
Jdt.14.2	Jdt.14.2	same	
Jdt.14.3	Jdt.14.3	same	
Jdt.14.4	Jdt.14.4	same	
Jdt.14.5	Jdt.14.5	same	
Jdt.14.6	Jdt.14.6	same	Keep verse
Jdt.14.7	Jdt.14.7	unmatched	
Jdt.14.8	Jdt.14.8	unmatched	
Jdt.14.9	Jdt.14.9	unmatched	
Jdt.14.10	Jdt.14.10	same	Keep verse
Jdt.14.11	Jdt.14.11	same	Keep verse
Jdt.14.12	Jdt.14.12	same	Keep verse
Jdt.14.13	Jdt.14.13	same	Keep verse
Jdt.14.14	Jdt.14.14	same	Keep verse
Jdt.14.15	Jdt.14.15	same	Keep verse
Jdt.14.16	Jdt.14.16	same	Keep verse
Jdt.14.17	Jdt.14.17	same	Keep verse
Jdt.14.18	Jdt.14.18	same	Keep verse
Jdt.14.19	Jdt.14.19	same	Keep verse
Jdt.15.1	Jdt.15.1	same	
Jdt.15.2	Jdt.15.2	same	
Jdt.15.3	Jdt.15.3	same	Keep verse
Jdt.15.4	Jdt.15.4	same	Keep verse
Jdt.15.5	Jdt.15.5	same	Keep verse
Jdt.15.6	Jdt.15.6	same	Keep verse
Jdt.15.7	Jdt.15.7	same	Keep verse
Jdt.15.8	Jdt.15.8	same	Keep verse
Jdt.15.9	Jdt.15.9	same	Keep verse
Jdt.15.10	Jdt.15.10	same	Keep verse
Jdt.15.11	Jdt.15.11	same	Keep verse
Jdt.15.12	Jdt.15.12	same	Keep verse
Jdt.15.13	Jdt.15.13	same	Keep verse
Jdt.15.14		not-in-kjv	
Jdt.16.1	Jdt.16.2	renumbered	Renumber verse
Jdt.16.2	Jdt.16.3	renumbered	Renumber verse
Jdt.16.3	Jdt.16.4	renumbered	Renumber verse
Jdt.16.4	Jdt.16.5	renumbered	Renumber verse
Jdt.16.5	Jdt.16.6	renumbered	Renumber verse
Jdt.16.6	Jdt.16.7	renumbered	Renumber verse
Jdt.16.7	Jdt.16.8	part	Renumber verse
Jdt.16.8	Jdt.16.8	part	DividedPrev verse
Jdt.16.9	Jdt.16.9	same	Keep verse
Jdt.16.10	Jdt.16.10	same	Keep verse
Jdt.16.11	Jdt.16.11	same	Keep verse
Jdt.16.12	Jdt.16.12	same	Keep verse
Jdt.16.13	Jdt.16.13	same	Keep verse
Jdt.16.14	Jdt.16.14	same	Keep verse
Jdt.16.15	Jdt.16.15	same	Keep verse
Jdt.16.16	Jdt.16.16	same	Keep verse
Jdt.16.17	Jdt.16.17	same	Keep verse
Jdt.16.18	Jdt.16.18	same	Keep verse
Jdt.16.19	Jdt.16.19	same	Keep verse
Jdt.16.20	Jdt.16.20	same	Keep verse
Jdt.16.21	Jdt.16.21	same	Keep verse
Jdt.16.22	Jdt.16.22	same	Keep verse
Jdt.16.23	Jdt.16.23	same	Keep verse
Jdt.16.24	Jdt.16.24	same	Keep verse
Jdt.16.25	Jdt.16.25	same	Keep verse
Tob.1.1	Tob.1.1	same	
Tob.1.2	Tob.1.2	same	
Tob.1.3	Tob.1.3	same	
Tob.1.4	Tob.1.4	same	
Tob.1.5	Tob.1.5	same	
Tob.1.6	Tob.1.6	same	
Tob.1.7	Tob.1.7	same	
Tob.1.9	Tob.1.9	same	
Tob.1.10	Tob.1.10	same	Keep verse
Tob.1.11	Tob.1.11	same	Keep verse
Tob.1.12	Tob.1.12	same	Keep verse
Tob.1.13	Tob.1.13	same	Keep verse
Tob.1.14	Tob.1.14	same	Keep verse
Tob.1.15	Tob.1.15	same	Keep verse
Tob.1.16	Tob.1.16	same	Keep verse
Tob.1.17	Tob.1.17	same	Keep verse
Tob.1.18	Tob.1.18	same	Keep verse
Tob.1.19	Tob.1.19	same	Keep verse
Tob.1.20	Tob.1.20	same	Keep verse
Tob.1.21	Tob.1.21	same	Keep verse
Tob.1.22	Tob.1.22	same	Keep verse
Tob.2.1	Tob.2.1	same	
Tob.2.2	Tob.2.2	same	
Tob.2.3	Tob.2.3	same	
Tob.2.4	Tob.2.4	same	
Tob.2.5	Tob.2.5	same	
Tob.2.6	Tob.2.6	same	
Tob.2.7	Tob.2.7	same	
Tob.2.8	Tob.2.8	same	
Tob.2.9	Tob.2.9	same	Keep verse
Tob.2.10	Tob.2.10	same	Keep verse
Tob.2.11	Tob.2.11	same	Keep verse
Tob.2.12	Tob.2.12	same	Keep verse
Tob.2.13	Tob.2.13	same	Keep verse
Tob.2.14	Tob.2.14	same	Keep verse
Tob.3.1	Tob.3.1	same	
Tob.3.2	Tob.3.2	same	
Tob.3.3	Tob.3.3	same	
Tob.3.4	Tob.3.4	same	
Tob.3.5	Tob.3.5	same	
Tob.3.6	Tob.3.6	same	
Tob.3.7	Tob.3.7	same	
Tob.3.8	Tob.3.8	same	Keep verse
Tob.3.9	Tob.3.9	same	Keep verse
Tob.3.10	Tob.3.10	same	Keep verse
Tob.3.11	Tob.3.11	same	Keep verse
Tob.3.12	Tob.3.12	same	Keep verse
Tob.3.13	Tob.3.13	same	Keep verse
Tob.3.14	Tob.3.14	same	Keep verse
Tob.3.15	Tob.3.15	same	Keep verse
Tob.3.16	Tob.3.16	same	Keep verse
Tob.3.17	Tob.3.17	same	Keep verse
Tob.4.1	Tob.4.1	same	
Tob.4.2	Tob.4.2	same	
Tob.4.3	Tob.4.3	same	
Tob.4.4	Tob.4.4	same	Keep verse
Tob.4.5	Tob.4.5	same	Keep verse
Tob.4.6	Tob.4.6	same	Keep verse
Tob.4.7	Tob.4.7	same	Keep verse
Tob.4.8	Tob.4.8	same	Keep verse
Tob.4.9	Tob.4.9	same	Keep verse
Tob.4.10	Tob.4.10	same	Keep verse
Tob.4.11	Tob.4.11	same	Keep verse
Tob.4.12	Tob.4.12	same	Keep verse
Tob.4.13	Tob.4.13	same	Keep verse
Tob.4.14	Tob.4.14	same	Keep verse
Tob.4.15	Tob.4.15	same	Keep verse
Tob.4.16	Tob.4.16	same	Keep verse
Tob.4.17	Tob.4.17	same	Keep verse
Tob.4.18	Tob.4.18	same	Keep verse
Tob.4.19	Tob.4.19	same	Keep verse
Tob.4.20	Tob.4.20	same	Keep verse
Tob.4.21	Tob.4.21	same	Keep verse
Tob.5.1	Tob.5.1	same	
Tob.5.2	Tob.5.2	same	
Tob.5.3	Tob.5.3	same	
Tob.5.4	Tob.5.4	same	Keep verse (another tradition's pattern)
Tob.5.5	Tob.5.5	same	Keep verse (another tradition's pattern)
Tob.5.6	Tob.5.6	same	Keep verse (another tradition's pattern)
Tob.5.7	Tob.5.7	same	Keep verse (another tradition's pattern)
Tob.5.8	Tob.5.8	part	Renumber verse (another tradition's pattern)
Tob.5.9	Tob.5.8	part	DividedPrev verse (another tradition's pattern)
Tob.5.10	Tob.5.9	renumbered	Renumber verse (another tradition's pattern)
Tob.5.11	Tob.5.10	renumbered	Renumber verse (another tradition's pattern)
Tob.5.12	Tob.5.11	renumbered	Renumber verse (another tradition's pattern)
Tob.5.13	Tob.5.12	renumbered	Renumber verse (another tradition's pattern)
Tob.5.14	Tob.5.13	renumbered	Renumber verse (another tradition's pattern)
Tob.5.15	Tob.5.14	renumbered	Renumber verse (another tradition's pattern)
Tob.5.16	Tob.5.15	renumbered	Renumber verse (another tradition's pattern)
Tob.5.17	Tob.5.16	renumbered	Renumber verse (another tradition's pattern)
Tob.5.18	Tob.5.17	renumbered	Renumber verse (another tradition's pattern)
Tob.5.19	Tob.5.18	renumbered	Renumber verse (another tradition's pattern)
Tob.5.20	Tob.5.19	renumbered	Renumber verse (another tradition's pattern)
Tob.5.21	Tob.5.20	renumbered	Renumber verse (another tradition's pattern)
Tob.5.22	Tob.5.21	renumbered	Renumber verse (another tradition's pattern)
Tob.6.1	Tob.5.22	renumbered	Renumber verse (another tradition's pattern)
Tob.6.2	Tob.6.1	renumbered	Renumber verse (another tradition's pattern)
Tob.6.3	Tob.6.2	renumbered	Renumber verse (another tradition's pattern)
Tob.6.4	Tob.6.3	renumbered	Renumber verse (another tradition's pattern)
Tob.6.5	Tob.6.4	renumbered	Renumber verse (another tradition's pattern)
Tob.6.6	Tob.6.5	renumbered	Renumber verse (another tradition's pattern)
Tob.6.7	Tob.6.6	renumbered	Renumber verse (another tradition's pattern)
Tob.6.8	Tob.6.7	renumbered	Renumber verse (another tradition's pattern)
Tob.6.9	Tob.6.8	renumbered	Renumber verse (another tradition's pattern)
Tob.6.10	Tob.6.9	renumbered	Renumber verse (another tradition's pattern)
Tob.6.11	Tob.6.10	renumbered	Renumber verse (another tradition's pattern)
Tob.6.12	Tob.6.11	renumbered	Renumber verse (another tradition's pattern)
Tob.6.13	Tob.6.12	renumbered	Renumber verse (another tradition's pattern)
Tob.6.14	Tob.6.13	renumbered	Renumber verse (another tradition's pattern)
Tob.6.15	Tob.6.14	renumbered	Renumber verse (another tradition's pattern)
Tob.6.16	Tob.6.15	renumbered	Renumber verse (another tradition's pattern)
Tob.6.17	Tob.6.16	renumbered	Renumber verse (another tradition's pattern)
Tob.6.18	Tob.6.17	renumbered	Renumber verse (another tradition's pattern)
Tob.7.1	Tob.7.1	same	
Tob.7.2	Tob.7.2	same	
Tob.7.3	Tob.7.3	same	Keep verse
Tob.7.4	Tob.7.4	same	Keep verse
Tob.7.5	Tob.7.5	same	Keep verse
Tob.7.6	Tob.7.6	same	Keep verse
Tob.7.7	Tob.7.7	same	Keep verse
Tob.7.8	Tob.7.8	same	
Tob.7.9	Tob.7.9	same	
Tob.7.10	Tob.7.10	same	
Tob.7.11	Tob.7.11 Tob.7.12	part	Renumber verse
Tob.7.12	Tob.7.11 Tob.7.12	part	DividedPrev verse
Tob.7.13	Tob.7.13 Tob.7.14	several	Renumber verse
Tob.7.14	Tob.7.15	renumbered	Concatenation
Tob.7.15	Tob.7.16	renumbered	Keep verse
Tob.7.16	Tob.7.17 Tob.7.18	part	Renumber verse
Tob.7.17	Tob.7.17 Tob.7.18	part	DividedPrev verse
Tob.8.1	Tob.8.1	same	
Tob.8.2	Tob.8.2	same	
Tob.8.3	Tob.8.3	same	
Tob.8.4	Tob.8.4	same	Keep verse
Tob.8.5	Tob.8.5	same	Keep verse
Tob.8.6	Tob.8.6	same	Keep verse
Tob.8.7	Tob.8.7	same	Keep verse
Tob.8.8	Tob.8.8	same	Keep verse
Tob.8.9	Tob.8.9	same	Keep verse
Tob.8.10	Tob.8.10	same	Keep verse
Tob.8.11	Tob.8.11	same	Keep verse
Tob.8.12	Tob.8.12	same	Keep verse
Tob.8.13	Tob.8.13	same	Keep verse
Tob.8.14	Tob.8.14	same	Keep verse
Tob.8.15	Tob.8.15	same	Keep verse
Tob.8.16	Tob.8.16	same	Keep verse
Tob.8.17	Tob.8.17	same	Keep verse
Tob.8.18	Tob.8.18	same	Keep verse
Tob.8.19	Tob.8.19	same	Keep verse
Tob.8.20	Tob.8.20	same	Keep verse
Tob.8.21	Tob.8.21	same	Keep verse
Tob.9.1	Tob.9.1	same	
Tob.9.2	Tob.9.2	same	
Tob.9.3	Tob.9.3	same	
Tob.9.4	Tob.9.4	same	
Tob.9.5	Tob.9.5	same	Keep verse
Tob.9.6	Tob.9.6	same	Keep verse
Tob.10.1	Tob.10.1	same	
Tob.10.2	Tob.10.2	same	
Tob.10.3	Tob.10.3	same	
Tob.10.4	Tob.10.4	same	
Tob.10.5	Tob.10.5	same	
Tob.10.6	Tob.10.6	same	
Tob.10.7	Tob.10.7	unmatched	
Tob.10.8	Tob.10.8	unmatched	
Tob.10.9	Tob.10.9	unmatched	
Tob.10.10	Tob.10.10	unmatched	
Tob.10.11	Tob.10.11	unmatched	
Tob.10.12	Tob.10.12	unmatched	
Tob.11.1	Tob.11.1	same	
Tob.11.2	Tob.11.2	same	
Tob.11.3	Tob.11.3	same	
Tob.11.4	Tob.11.4	same	
Tob.11.5	Tob.11.5	same	
Tob.11.6	Tob.11.6	same	
Tob.11.7	Tob.11.7	same	
Tob.11.8	Tob.11.8	same	
Tob.11.9	Tob.11.9	same	Keep verse
Tob.11.10	Tob.11.10	same	Keep verse
Tob.11.11	Tob.11.11	same	Keep verse
Tob.11.12	Tob.11.12	same	Keep verse
Tob.11.13	Tob.11.13	same	Keep verse
Tob.11.14	Tob.11.14	same	Keep verse
Tob.11.15	Tob.11.15	same	Keep verse
Tob.11.16	Tob.11.16	same	Keep verse
Tob.11.17	Tob.11.17	same	Keep verse
Tob.11.18	Tob.11.18	same	Keep verse
Tob.11.19	Tob.11.19	same	Keep verse
Tob.12.1	Tob.12.1	same	
Tob.12.2	Tob.12.2	same	
Tob.12.3	Tob.12.3	same	
Tob.12.4	Tob.12.4	same	
Tob.12.5	Tob.12.5	same	
Tob.12.6	Tob.12.6	same	
Tob.12.7	Tob.12.7	same	
Tob.12.8	Tob.12.8	same	
Tob.12.9	Tob.12.9	same	
Tob.12.10	Tob.12.10	same	
Tob.12.11	Tob.12.11	same	
Tob.12.12	Tob.12.12	same	
Tob.12.13	Tob.12.13	same	
Tob.12.14	Tob.12.14	same	
Tob.12.15	Tob.12.15	same	
Tob.12.16	Tob.12.16	same	
Tob.12.17	Tob.12.17	same	
Tob.12.18	Tob.12.18	same	
Tob.12.19	Tob.12.19	same	
Tob.12.20	Tob.12.20	same	
Tob.12.21	Tob.12.21	same	
Tob.12.22	Tob.12.22	same	
Tob.13.1	Tob.13.1	same	
Tob.13.2	Tob.13.2	same	
Tob.13.3	Tob.13.3	same	
Tob.13.4	Tob.13.4	same	
Tob.13.5	Tob.13.5	same	
Tob.13.6	Tob.13.6	same	Keep verse (another tradition's pattern)
Tob.13.7	Tob.13.7	same	Keep verse (another tradition's pattern)
Tob.13.8	Tob.13.8	same	Keep verse (another tradition's pattern)
Tob.13.9	Tob.13.9	same	Keep verse (another tradition's pattern)
Tob.13.10	Tob.13.10	same	Keep verse (another tradition's pattern)
Tob.13.11	Tob.13.11	same	Keep verse (another tradition's pattern)
Tob.13.12	Tob.13.12	same	Keep verse (another tradition's pattern)
Tob.13.13	Tob.13.13	same	Keep verse (another tradition's pattern)
Tob.13.14	Tob.13.14	same	Keep verse (another tradition's pattern)
Tob.13.15	Tob.13.15	same	Keep verse (another tradition's pattern)
Tob.13.16	Tob.13.16	same	Keep verse (another tradition's pattern)
Tob.13.17	Tob.13.17	same	Keep verse (another tradition's pattern)
Tob.13.18	Tob.13.18	same	Keep verse (another tradition's pattern)
Tob.14.1	Tob.14.1	same	
Tob.14.2	Tob.14.2	same	Keep verse
Tob.14.3	Tob.14.3	same	Keep verse
Tob.14.4	Tob.14.4	same	Keep verse
Tob.14.5	Tob.14.5	same	Keep verse
Tob.14.6	Tob.14.6	same	Keep verse
Tob.14.7	Tob.14.7	same	Keep verse
Tob.14.8	Tob.14.8	same	Keep verse
Tob.14.9	Tob.14.9	same	Keep verse
Tob.14.10	Tob.14.10	same	Keep verse
Tob.14.11	Tob.14.11	same	Keep verse
Tob.14.12	Tob.14.12	same	Keep verse
Tob.14.13	Tob.14.13	same	Keep verse
Tob.14.14	Tob.14.14	same	Keep verse
Tob.14.15	Tob.14.15	same	Keep verse
1Macc.1.1	1Macc.1.1	same	
1Macc.1.2	1Macc.1.2	same	
1Macc.1.3	1Macc.1.3	same	
1Macc.1.4	1Macc.1.4	same	
1Macc.1.5	1Macc.1.5	same	
1Macc.1.6	1Macc.1.6	same	
1Macc.1.7	1Macc.1.7	same	
1Macc.1.8	1Macc.1.8	same	
1Macc.1.9	1Macc.1.9	same	
1Macc.1.10	1Macc.1.10	same	
1Macc.1.11	1Macc.1.11	same	
1Macc.1.12	1Macc.1.12	same	
1Macc.1.13	1Macc.1.13	same	
1Macc.1.14	1Macc.1.14	same	
1Macc.1.15	1Macc.1.15	same	
1Macc.1.16	1Macc.1.16	same	
1Macc.1.17	1Macc.1.17	same	
1Macc.1.18	1Macc.1.18	same	
1Macc.1.19	1Macc.1.19	same	
1Macc.1.20	1Macc.1.20	same	
1Macc.1.21	1Macc.1.21	same	
1Macc.1.22	1Macc.1.22	same	
1Macc.1.23	1Macc.1.23	same	
1Macc.1.24	1Macc.1.24	same	
1Macc.1.25	1Macc.1.25	same	
1Macc.1.27	1Macc.1.27	same	
1Macc.1.28	1Macc.1.28	same	
1Macc.1.29	1Macc.1.29	same	
1Macc.1.30	1Macc.1.30	same	
1Macc.1.31	1Macc.1.31	same	
1Macc.1.32	1Macc.1.32	same	
1Macc.1.33	1Macc.1.33	same	
1Macc.1.34	1Macc.1.34	same	
1Macc.1.35	1Macc.1.35	same	
1Macc.1.36	1Macc.1.36	same	
1Macc.1.37	1Macc.1.37	same	
1Macc.1.38	1Macc.1.38	same	
1Macc.1.39	1Macc.1.39	same	
1Macc.1.40	1Macc.1.40	same	
1Macc.1.41	1Macc.1.41	same	
1Macc.1.42	1Macc.1.42	same	
1Macc.1.43	1Macc.1.43	same	
1Macc.1.44	1Macc.1.44	unmatched	
1Macc.1.45	1Macc.1.45	unmatched	
1Macc.1.46	1Macc.1.46	unmatched	
1Macc.1.47	1Macc.1.47	unmatched	
1Macc.1.48	1Macc.1.48	unmatched	
1Macc.1.49	1Macc.1.49	unmatched	
1Macc.1.50	1Macc.1.50	unmatched	
1Macc.1.51	1Macc.1.51	unmatched	
1Macc.1.52	1Macc.1.52	unmatched	
1Macc.1.53	1Macc.1.53	unmatched	
1Macc.1.54	1Macc.1.54	unmatched	
1Macc.1.55	1Macc.1.55	unmatched	
1Macc.1.56	1Macc.1.56	unmatched	
1Macc.1.57	1Macc.1.57	unmatched	
1Macc.1.58	1Macc.1.58	unmatched	
1Macc.1.59	1Macc.1.59	unmatched	
1Macc.1.60	1Macc.1.60	unmatched	
1Macc.1.61	1Macc.1.61	unmatched	
1Macc.1.62	1Macc.1.62	unmatched	
1Macc.1.63	1Macc.1.63	unmatched	
1Macc.1.64	1Macc.1.64	unmatched	
1Macc.2.1	1Macc.2.1	same	
1Macc.2.2	1Macc.2.2	same	
1Macc.2.3	1Macc.2.3	same	
1Macc.2.4	1Macc.2.4	same	
1Macc.2.5	1Macc.2.5	same	
1Macc.2.6	1Macc.2.6	same	
1Macc.2.7	1Macc.2.7	same	
1Macc.2.8	1Macc.2.8	same	
1Macc.2.9	1Macc.2.9	same	
1Macc.2.10	1Macc.2.10	same	
1Macc.2.11	1Macc.2.11	same	
1Macc.2.12	1Macc.2.12	same	
1Macc.2.13	1Macc.2.13	same	
1Macc.2.14	1Macc.2.14	same	
1Macc.2.15	1Macc.2.15	same	
1Macc.2.16	1Macc.2.16	same	
1Macc.2.17	1Macc.2.17	same	
1Macc.2.18	1Macc.2.18	same	
1Macc.2.19	1Macc.2.19	same	
1Macc.2.20	1Macc.2.20	same	
1Macc.2.21	1Macc.2.21	same	
1Macc.2.22	1Macc.2.22	same	
1Macc.2.23	1Macc.2.23	same	
1Macc.2.24	1Macc.2.24	same	
1Macc.2.25	1Macc.2.25	same	
1Macc.2.26	1Macc.2.26	same	
1Macc.2.27	1Macc.2.27	same	
1Macc.2.28	1Macc.2.28	same	
1Macc.2.29	1Macc.2.29	same	
1Macc.2.30	1Macc.2.30	same	
1Macc.2.31	1Macc.2.31	same	
1Macc.2.32	1Macc.2.32	same	
1Macc.2.33	1Macc.2.33	same	
1Macc.2.34	1Macc.2.34	same	
1Macc.2.35	1Macc.2.35	same	
1Macc.2.36	1Macc.2.36	same	
1Macc.2.37	1Macc.2.37	same	
1Macc.2.38	1Macc.2.38	same	
1Macc.2.39	1Macc.2.39	same	
1Macc.2.40	1Macc.2.40	same	
1Macc.2.41	1Macc.2.41	same	
1Macc.2.42	1Macc.2.42	same	
1Macc.2.43	1Macc.2.43	same	
1Macc.2.44	1Macc.2.44	same	
1Macc.2.45	1Macc.2.45	same	
1Macc.2.46	1Macc.2.46	same	
1Macc.2.47	1Macc.2.47	same	
1Macc.2.48	1Macc.2.48	same	
1Macc.2.49	1Macc.2.49	same	
1Macc.2.50	1Macc.2.50	same	
1Macc.2.51	1Macc.2.51	same	
1Macc.2.52	1Macc.2.52	same	
1Macc.2.53	1Macc.2.53	same	
1Macc.2.54	1Macc.2.54	same	
1Macc.2.55	1Macc.2.55	same	
1Macc.2.56	1Macc.2.56	same	
1Macc.2.57	1Macc.2.57	same	
1Macc.2.58	1Macc.2.58	same	
1Macc.2.59	1Macc.2.59	same	
1Macc.2.60	1Macc.2.60	same	
1Macc.2.61	1Macc.2.61	same	
1Macc.2.62	1Macc.2.62	same	
1Macc.2.63	1Macc.2.63	same	
1Macc.2.64	1Macc.2.64	same	
1Macc.2.65	1Macc.2.65	same	
1Macc.2.66	1Macc.2.66	same	
1Macc.2.67	1Macc.2.67	same	
1Macc.2.68	1Macc.2.68	same	
1Macc.2.69	1Macc.2.69	same	
1Macc.2.70	1Macc.2.70	same	
1Macc.3.1	1Macc.3.1	same	
1Macc.3.2	1Macc.3.2	same	
1Macc.3.3	1Macc.3.3	same	
1Macc.3.4	1Macc.3.4	same	
1Macc.3.5	1Macc.3.5	same	
1Macc.3.6	1Macc.3.6	same	
1Macc.3.7	1Macc.3.7	same	
1Macc.3.8	1Macc.3.8	same	
1Macc.3.9	1Macc.3.9	same	
1Macc.3.10	1Macc.3.10	same	
1Macc.3.11	1Macc.3.11	same	
1Macc.3.12	1Macc.3.12	same	
1Macc.3.13	1Macc.3.13	same	
1Macc.3.14	1Macc.3.14	same	
1Macc.3.15	1Macc.3.15	same	
1Macc.3.16	1Macc.3.16	same	
1Macc.3.17	1Macc.3.17	same	
1Macc.3.18	1Macc.3.18	same	
1Macc.3.19	1Macc.3.19	same	
1Macc.3.20	1Macc.3.20	same	
1Macc.3.21	1Macc.3.21	same	
1Macc.3.22	1Macc.3.22	same	
1Macc.3.23	1Macc.3.23	same	
1Macc.3.24	1Macc.3.24	same	
1Macc.3.25	1Macc.3.25	same	
1Macc.3.26	1Macc.3.26	same	
1Macc.3.27	1Macc.3.27	same	
1Macc.3.28	1Macc.3.28	same	
1Macc.3.29	1Macc.3.29	same	
1Macc.3.30	1Macc.3.30	same	
1Macc.3.31	1Macc.3.31	same	
1Macc.3.32	1Macc.3.32	same	
1Macc.3.33	1Macc.3.33	same	
1Macc.3.34	1Macc.3.34	same	
1Macc.3.35	1Macc.3.35	same	
1Macc.3.36	1Macc.3.36	same	
1Macc.3.37	1Macc.3.37	same	
1Macc.3.38	1Macc.3.38	same	
1Macc.3.39	1Macc.3.39	same	
1Macc.3.40	1Macc.3.40	same	
1Macc.3.41	1Macc.3.41	same	
1Macc.3.42	1Macc.3.42	same	
1Macc.3.43	1Macc.3.43	same	
1Macc.3.44	1Macc.3.44	same	
1Macc.3.45	1Macc.3.45	same	
1Macc.3.46	1Macc.3.46	same	
1Macc.3.47	1Macc.3.47	same	
1Macc.3.48	1Macc.3.48	same	
1Macc.3.49	1Macc.3.49	same	
1Macc.3.50	1Macc.3.50	same	
1Macc.3.51	1Macc.3.51	same	
1Macc.3.52	1Macc.3.52	same	
1Macc.3.53	1Macc.3.53	same	
1Macc.3.54	1Macc.3.54	same	
1Macc.3.55	1Macc.3.55	same	
1Macc.3.56	1Macc.3.56	same	
1Macc.3.57	1Macc.3.57	same	
1Macc.3.58	1Macc.3.58	same	
1Macc.3.59	1Macc.3.59	same	
1Macc.3.60	1Macc.3.60	same	
1Macc.4.1	1Macc.4.1	same	
1Macc.4.2	1Macc.4.2	same	
1Macc.4.3	1Macc.4.3	same	
1Macc.4.4	1Macc.4.4	same	
1Macc.4.5	1Macc.4.5	same	
1Macc.4.6	1Macc.4.6	same	
1Macc.4.7	1Macc.4.7	same	
1Macc.4.9	1Macc.4.9	same	
1Macc.4.10	1Macc.4.10	same	
1Macc.4.11	1Macc.4.11	same	
1Macc.4.12	1Macc.4.12	same	
1Macc.4.13	1Macc.4.13	same	
1Macc.4.14	1Macc.4.14	same	
1Macc.4.15	1Macc.4.15	same	
1Macc.4.16	1Macc.4.16	same	
1Macc.4.17	1Macc.4.17	same	
1Macc.4.18	1Macc.4.18	same	
1Macc.4.19	1Macc.4.19	same	
1Macc.4.20	1Macc.4.20	same	
1Macc.4.21	1Macc.4.21	same	
1Macc.4.22	1Macc.4.22	same	
1Macc.4.23	1Macc.4.23	same	
1Macc.4.24	1Macc.4.24	same	
1Macc.4.25	1Macc.4.25	same	
1Macc.4.26	1Macc.4.26	same	
1Macc.4.27	1Macc.4.27	same	
1Macc.4.28	1Macc.4.28	same	
1Macc.4.29	1Macc.4.29	same	
1Macc.4.30	1Macc.4.30	same	
1Macc.4.31	1Macc.4.31	same	
1Macc.4.32	1Macc.4.32	same	
1Macc.4.33	1Macc.4.33	same	
1Macc.4.34	1Macc.4.34	same	
1Macc.4.35	1Macc.4.35	same	
1Macc.4.36	1Macc.4.36	same	
1Macc.4.37	1Macc.4.37	same	
1Macc.4.38	1Macc.4.38	same	
1Macc.4.39	1Macc.4.39	same	
1Macc.4.40	1Macc.4.40	same	
1Macc.4.41	1Macc.4.41	same	
1Macc.4.42	1Macc.4.42	same	
1Macc.4.43	1Macc.4.43	same	
1Macc.4.44	1Macc.4.44	same	
1Macc.4.45	1Macc.4.45	same	
1Macc.4.46	1Macc.4.46	same	
1Macc.4.47	1Macc.4.47	same	
1Macc.4.48	1Macc.4.48	same	
1Macc.4.49	1Macc.4.49	same	
1Macc.4.50	1Macc.4.50	same	
1Macc.4.51	1Macc.4.51	same	
1Macc.4.52	1Macc.4.52	same	
1Macc.4.53	1Macc.4.53	same	
1Macc.4.54	1Macc.4.54	same	
1Macc.4.55	1Macc.4.55	same	
1Macc.4.56	1Macc.4.56	same	
1Macc.4.57	1Macc.4.57	same	
1Macc.4.58	1Macc.4.58	same	
1Macc.4.59	1Macc.4.59	same	
1Macc.4.60	1Macc.4.60	same	
1Macc.4.61	1Macc.4.61	same	
1Macc.5.1	1Macc.5.1	same	
1Macc.5.2	1Macc.5.2	same	
1Macc.5.3	1Macc.5.3	same	
1Macc.5.4	1Macc.5.4	same	
1Macc.5.5	1Macc.5.5	same	
1Macc.5.6	1Macc.5.6	same	
1Macc.5.7	1Macc.5.7	same	
1Macc.5.8	1Macc.5.8	same	
1Macc.5.9	1Macc.5.9	same	
1Macc.5.10	1Macc.5.10	same	
1Macc.5.11	1Macc.5.11	same	
1Macc.5.12	1Macc.5.12	same	
1Macc.5.13	1Macc.5.13	same	
1Macc.5.14	1Macc.5.14	same	
1Macc.5.15	1Macc.5.15	same	
1Macc.5.16	1Macc.5.16	same	
1Macc.5.17	1Macc.5.17	same	
1Macc.5.18	1Macc.5.18	same	
1Macc.5.19	1Macc.5.19	same	
1Macc.5.20	1Macc.5.20	same	
1Macc.5.21	1Macc.5.21	same	
1Macc.5.22	1Macc.5.22	same	
1Macc.5.23	1Macc.5.23	same	
1Macc.5.24	1Macc.5.24	same	
1Macc.5.25	1Macc.5.25	same	
1Macc.5.26	1Macc.5.26	same	
1Macc.5.27	1Macc.5.27	same	
1Macc.5.28	1Macc.5.28	same	
1Macc.5.29	1Macc.5.29	same	
1Macc.5.30	1Macc.5.30	same	
1Macc.5.31	1Macc.5.31	same	
1Macc.5.32	1Macc.5.32	same	
1Macc.5.33	1Macc.5.33	same	
1Macc.5.34	1Macc.5.34	same	
1Macc.5.35	1Macc.5.35	same	
1Macc.5.36	1Macc.5.36	same	
1Macc.5.37	1Macc.5.37	same	
1Macc.5.38	1Macc.5.38	same	
1Macc.5.39	1Macc.5.39	same	
1Macc.5.40	1Macc.5.40	same	
1Macc.5.41	1Macc.5.41	same	
1Macc.5.42	1Macc.5.42	same	
1Macc.5.43	1Macc.5.43	same	
1Macc.5.44	1Macc.5.44	same	
1Macc.5.45	1Macc.5.45	same	
1Macc.5.46	1Macc.5.46	same	
1Macc.5.47	1Macc.5.47	same	
1Macc.5.48	1Macc.5.48	same	
1Macc.5.49	1Macc.5.49	same	
1Macc.5.50	1Macc.5.50	same	
1Macc.5.51	1Macc.5.51	same	
1Macc.5.52	1Macc.5.52	same	
1Macc.5.53	1Macc.5.53	same	
1Macc.5.54	1Macc.5.54	same	
1Macc.5.55	1Macc.5.55	same	
1Macc.5.56	1Macc.5.56	same	
1Macc.5.57	1Macc.5.57	same	
1Macc.5.58	1Macc.5.58	same	
1Macc.5.59	1Macc.5.59	same	
1Macc.5.60	1Macc.5.60	same	
1Macc.5.61	1Macc.5.61	same	
1Macc.5.62	1Macc.5.62	same	
1Macc.5.63	1Macc.5.63	same	
1Macc.5.64	1Macc.5.64	same	
1Macc.5.65	1Macc.5.65	same	
1Macc.5.66	1Macc.5.66	same	
1Macc.5.67	1Macc.5.67	same	
1Macc.5.68	1Macc.5.68	same	
1Macc.6.1	1Macc.6.1	same	
1Macc.6.2	1Macc.6.2	same	
1Macc.6.3	1Macc.6.3	same	
1Macc.6.4	1Macc.6.4	same	
1Macc.6.5	1Macc.6.5	same	
1Macc.6.6	1Macc.6.6	same	
1Macc.6.7	1Macc.6.7	same	
1Macc.6.8	1Macc.6.8	same	
1Macc.6.9	1Macc.6.9	same	
1Macc.6.10	1Macc.6.10	same	
1Macc.6.11	1Macc.6.11	same	
1Macc.6.12	1Macc.6.12	same	
1Macc.6.13	1Macc.6.13	same	
1Macc.6.14	1Macc.6.14	same	
1Macc.6.15	1Macc.6.15	same	
1Macc.6.16	1Macc.6.16	same	
1Macc.6.17	1Macc.6.17	same	
1Macc.6.18	1Macc.6.18	same	
1Macc.6.19	1Macc.6.19	same	
1Macc.6.20	1Macc.6.20	same	
1Macc.6.21	1Macc.6.21	same	
1Macc.6.22	1Macc.6.22	same	
1Macc.6.23	1Macc.6.23	same	
1Macc.6.24	1Macc.6.24	same	
1Macc.6.25	1Macc.6.25	same	
1Macc.6.26	1Macc.6.26	same	
1Macc.6.27	1Macc.6.27	same	
1Macc.6.28	1Macc.6.28	same	
1Macc.6.29	1Macc.6.29	same	
1Macc.6.30	1Macc.6.30	same	
1Macc.6.31	1Macc.6.31	same	
1Macc.6.32	1Macc.6.32	same	
1Macc.6.33	1Macc.6.33	same	
1Macc.6.34	1Macc.6.34	same	
1Macc.6.35	1Macc.6.35	same	
1Macc.6.36	1Macc.6.36	same	
1Macc.6.37	1Macc.6.37	same	
1Macc.6.38	1Macc.6.38	same	
1Macc.6.39	1Macc.6.39	same	
1Macc.6.40	1Macc.6.40	same	
1Macc.6.41	1Macc.6.41	same	
1Macc.6.42	1Macc.6.42	same	
1Macc.6.43	1Macc.6.43	same	
1Macc.6.44	1Macc.6.44	same	
1Macc.6.45	1Macc.6.45	same	
1Macc.6.46	1Macc.6.46	same	
1Macc.6.47	1Macc.6.47	same	
1Macc.6.48	1Macc.6.48	same	
1Macc.6.49	1Macc.6.49	same	
1Macc.6.50	1Macc.6.50	same	
1Macc.6.51	1Macc.6.51	same	
1Macc.6.52	1Macc.6.52	same	
1Macc.6.53	1Macc.6.53	same	
1Macc.6.54	1Macc.6.54	same	
1Macc.6.55	1Macc.6.55	same	
1Macc.6.56	1Macc.6.56	same	
1Macc.6.57	1Macc.6.57	same	
1Macc.6.58	1Macc.6.58	same	
1Macc.6.59	1Macc.6.59	same	
1Macc.6.60	1Macc.6.60	same	
1Macc.6.61	1Macc.6.61	same	
1Macc.6.62	1Macc.6.62	same	
1Macc.6.63	1Macc.6.63	same	
1Macc.7.1	1Macc.7.1	same	
1Macc.7.2	1Macc.7.2	same	
1Macc.7.3	1Macc.7.3	same	
1Macc.7.4	1Macc.7.4	same	
1Macc.7.5	1Macc.7.5	same	
1Macc.7.6	1Macc.7.6	same	
1Macc.7.7	1Macc.7.7	same	
1Macc.7.8	1Macc.7.8	same	
1Macc.7.9	1Macc.7.9	same	
1Macc.7.10	1Macc.7.10	same	
1Macc.7.11	1Macc.7.11	same	
1Macc.7.12	1Macc.7.12	same	
1Macc.7.13	1Macc.7.13	same	
1Macc.7.14	1Macc.7.14	same	
1Macc.7.15	1Macc.7.15	same	
1Macc.7.16	1Macc.7.16	same	
1Macc.7.17	1Macc.7.17	same	
1Macc.7.18	1Macc.7.18	same	
1Macc.7.19	1Macc.7.19	same	
1Macc.7.20	1Macc.7.20	same	
1Macc.7.21	1Macc.7.21	same	
1Macc.7.22	1Macc.7.22	same	
1Macc.7.23	1Macc.7.23	same	
1Macc.7.24	1Macc.7.24	same	
1Macc.7.25	1Macc.7.25	same	
1Macc.7.26	1Macc.7.26	same	
1Macc.7.27	1Macc.7.27	same	
1Macc.7.28	1Macc.7.28	same	
1Macc.7.29	1Macc.7.29	same	
1Macc.7.30	1Macc.7.30	same	
1Macc.7.31	1Macc.7.31	same	
1Macc.7.32	1Macc.7.32	same	
1Macc.7.33	1Macc.7.33	same	
1Macc.7.34	1Macc.7.34	same	
1Macc.7.35	1Macc.7.35	same	
1Macc.7.36	1Macc.7.36	same	
1Macc.7.37	1Macc.7.37	same	
1Macc.7.38	1Macc.7.38	same	
1Macc.7.39	1Macc.7.39	same	
1Macc.7.40	1Macc.7.40	same	
1Macc.7.41	1Macc.7.41	same	
1Macc.7.42	1Macc.7.42	same	
1Macc.7.43	1Macc.7.43	same	
1Macc.7.44	1Macc.7.44	same	
1Macc.7.45	1Macc.7.45	same	
1Macc.7.46	1Macc.7.46	same	
1Macc.7.47	1Macc.7.47	same	
1Macc.7.48	1Macc.7.48	same	
1Macc.7.49	1Macc.7.49	same	
1Macc.7.50	1Macc.7.50	same	
1Macc.8.1	1Macc.8.1	same	
1Macc.8.2	1Macc.8.2	same	
1Macc.8.3	1Macc.8.3	same	
1Macc.8.4	1Macc.8.4	same	
1Macc.8.5	1Macc.8.5	same	
1Macc.8.6	1Macc.8.6	same	
1Macc.8.7	1Macc.8.7	same	
1Macc.8.8	1Macc.8.8	same	
1Macc.8.9	1Macc.8.9	same	
1Macc.8.10	1Macc.8.10	same	
1Macc.8.11	1Macc.8.11	same	
1Macc.8.12	1Macc.8.12	same	
1Macc.8.13	1Macc.8.13	same	
1Macc.8.14	1Macc.8.14	same	
1Macc.8.15	1Macc.8.15	same	
1Macc.8.16	1Macc.8.16	same	
1Macc.8.17	1Macc.8.17	same	
1Macc.8.18	1Macc.8.18	same	
1Macc.8.19	1Macc.8.19	same	
1Macc.8.20	1Macc.8.20	same	
1Macc.8.21	1Macc.8.21	same	
1Macc.8.22	1Macc.8.22	same	
1Macc.8.23	1Macc.8.23	same	
1Macc.8.24	1Macc.8.24	same	
1Macc.8.25	1Macc.8.25	same	
1Macc.8.26	1Macc.8.26	same	
1Macc.8.27	1Macc.8.27	same	
1Macc.8.28	1Macc.8.28	same	
1Macc.8.29	1Macc.8.29	same	
1Macc.8.30	1Macc.8.30	same	
1Macc.8.31	1Macc.8.31	same	
1Macc.8.32	1Macc.8.32	same	
1Macc.9.1	1Macc.9.1	same	
1Macc.9.2	1Macc.9.2	same	
1Macc.9.3	1Macc.9.3	same	
1Macc.9.4	1Macc.9.4	same	
1Macc.9.5	1Macc.9.5	same	
1Macc.9.6	1Macc.9.6	same	
1Macc.9.7	1Macc.9.7	same	
1Macc.9.8	1Macc.9.8	same	
1Macc.9.9	1Macc.9.9	same	
1Macc.9.10	1Macc.9.10	same	
1Macc.9.11	1Macc.9.11	same	
1Macc.9.12	1Macc.9.12	same	
1Macc.9.13	1Macc.9.13	same	
1Macc.9.14	1Macc.9.14	same	
1Macc.9.15	1Macc.9.15	same	
1Macc.9.16	1Macc.9.16	same	
1Macc.9.17	1Macc.9.17	same	
1Macc.9.18	1Macc.9.18	same	
1Macc.9.19	1Macc.9.19	same	
1Macc.9.20	1Macc.9.20	same	
1Macc.9.21	1Macc.9.21	same	
1Macc.9.22	1Macc.9.22	same	
1Macc.9.23	1Macc.9.23	same	
1Macc.9.24	1Macc.9.24	same	
1Macc.9.25	1Macc.9.25	same	
1Macc.9.26	1Macc.9.26	same	
1Macc.9.28	1Macc.9.28	same	
1Macc.9.29	1Macc.9.29	same	
1Macc.9.30	1Macc.9.30	same	
1Macc.9.31	1Macc.9.31	same	
1Macc.9.32	1Macc.9.32	same	
1Macc.9.33	1Macc.9.33	same	
1Macc.9.34	1Macc.9.34	same	
1Macc.9.35	1Macc.9.35	same	
1Macc.9.36	1Macc.9.36	same	
1Macc.9.37	1Macc.9.37	same	
1Macc.9.38	1Macc.9.38	same	
1Macc.9.39	1Macc.9.39	same	
1Macc.9.40	1Macc.9.40	same	
1Macc.9.41	1Macc.9.41	same	
1Macc.9.42	1Macc.9.42	same	
1Macc.9.43	1Macc.9.43	same	
1Macc.9.44	1Macc.9.44	same	
1Macc.9.45	1Macc.9.45	same	
1Macc.9.46	1Macc.9.46	same	
1Macc.9.47	1Macc.9.47	same	
1Macc.9.48	1Macc.9.48	same	
1Macc.9.49	1Macc.9.49	same	
1Macc.9.50	1Macc.9.50	same	
1Macc.9.51	1Macc.9.51	same	
1Macc.9.52	1Macc.9.52	same	
1Macc.9.53	1Macc.9.53	same	
1Macc.9.54	1Macc.9.54	same	
1Macc.9.55	1Macc.9.55	same	
1Macc.9.56	1Macc.9.56	same	
1Macc.9.57	1Macc.9.57	same	
1Macc.9.58	1Macc.9.58	same	
1Macc.9.59	1Macc.9.59	same	
1Macc.9.60	1Macc.9.60	same	
1Macc.9.61	1Macc.9.61	same	
1Macc.9.62	1Macc.9.62	same	
1Macc.9.63	1Macc.9.63	same	
1Macc.9.64	1Macc.9.64	same	
1Macc.9.65	1Macc.9.65	same	
1Macc.9.66	1Macc.9.66	same	
1Macc.9.67	1Macc.9.67	same	
1Macc.9.68	1Macc.9.68	same	
1Macc.9.69	1Macc.9.69	same	
1Macc.9.70	1Macc.9.70	same	
1Macc.9.71	1Macc.9.71	same	
1Macc.9.72	1Macc.9.72	same	
1Macc.9.73	1Macc.9.73	same	
1Macc.10.1	1Macc.10.1	same	
1Macc.10.2	1Macc.10.2	same	
1Macc.10.3	1Macc.10.3	same	
1Macc.10.4	1Macc.10.4	same	
1Macc.10.5	1Macc.10.5	same	
1Macc.10.6	1Macc.10.6	same	
1Macc.10.7	1Macc.10.7	same	
1Macc.10.8	1Macc.10.8	same	
1Macc.10.9	1Macc.10.9	same	
1Macc.10.10	1Macc.10.10	same	
1Macc.10.11	1Macc.10.11	same	
1Macc.10.12	1Macc.10.12	same	
1Macc.10.13	1Macc.10.13	same	
1Macc.10.14	1Macc.10.14	same	
1Macc.10.15	1Macc.10.15	same	
1Macc.10.16	1Macc.10.16	same	
1Macc.10.17	1Macc.10.17	same	
1Macc.10.18	1Macc.10.18	same	
1Macc.10.19	1Macc.10.19	same	
1Macc.10.20	1Macc.10.20	same	
1Macc.10.21	1Macc.10.21	same	
1Macc.10.22	1Macc.10.22	same	
1Macc.10.23	1Macc.10.23	same	
1Macc.10.24	1Macc.10.24	same	
1Macc.10.25	1Macc.10.25	same	
1Macc.10.26	1Macc.10.26	same	
1Macc.10.27	1Macc.10.27	same	
1Macc.10.28	1Macc.10.28	same	
1Macc.10.29	1Macc.10.29	same	
1Macc.10.30	1Macc.10.30	same	
1Macc.10.31	1Macc.10.31	same	
1Macc.10.32	1Macc.10.32	same	
1Macc.10.33	1Macc.10.33	same	
1Macc.10.34	1Macc.10.34	same	
1Macc.10.35	1Macc.10.35	same	
1Macc.10.36	1Macc.10.36	same	
1Macc.10.37	1Macc.10.37	same	
1Macc.10.38	1Macc.10.38	same	
1Macc.10.39	1Macc.10.39	same	
1Macc.10.40	1Macc.10.40	same	
1Macc.10.41	1Macc.10.41	same	
1Macc.10.42	1Macc.10.42	same	
1Macc.10.43	1Macc.10.43	same	
1Macc.10.44	1Macc.10.44	same	
1Macc.10.45	1Macc.10.45	same	
1Macc.10.46	1Macc.10.46	same	
1Macc.10.47	1Macc.10.47	same	
1Macc.10.48	1Macc.10.48	same	
1Macc.10.49	1Macc.10.49	same	
1Macc.10.50	1Macc.10.50	same	
1Macc.10.51	1Macc.10.51	same	
1Macc.10.52	1Macc.10.52	same	
1Macc.10.53	1Macc.10.53	same	
1Macc.10.54	1Macc.10.54	same	
1Macc.10.55	1Macc.10.55	same	
1Macc.10.56	1Macc.10.56	same	
1Macc.10.57	1Macc.10.57	same	
1Macc.10.58	1Macc.10.58	same	
1Macc.10.59	1Macc.10.59	same	
1Macc.10.60	1Macc.10.60	same	
1Macc.10.61	1Macc.10.61	same	
1Macc.10.62	1Macc.10.62	same	
1Macc.10.63	1Macc.10.63	same	
1Macc.10.64	1Macc.10.64	same	
1Macc.10.65	1Macc.10.65	same	
1Macc.10.66	1Macc.10.66	same	
1Macc.10.67	1Macc.10.67	same	
1Macc.10.68	1Macc.10.68	same	
1Macc.10.69	1Macc.10.69	same	
1Macc.10.70	1Macc.10.70	same	
1Macc.10.71	1Macc.10.71	same	
1Macc.10.72	1Macc.10.72	same	
1Macc.10.73	1Macc.10.73	same	
1Macc.10.74	1Macc.10.74	same	
1Macc.10.75	1Macc.10.75	same	
1Macc.10.76	1Macc.10.76	same	
1Macc.10.77	1Macc.10.77	same	
1Macc.10.78	1Macc.10.78	same	
1Macc.10.79	1Macc.10.79	same	
1Macc.10.80	1Macc.10.80	same	
1Macc.10.81	1Macc.10.81	same	
1Macc.10.82	1Macc.10.82	same	
1Macc.10.83	1Macc.10.83	same	
1Macc.10.84	1Macc.10.84	same	
1Macc.10.85	1Macc.10.85	same	
1Macc.10.86	1Macc.10.86	same	
1Macc.10.87	1Macc.10.87	same	
1Macc.10.88	1Macc.10.88	same	
1Macc.10.89	1Macc.10.89	same	
1Macc.11.1	1Macc.11.1	same	
1Macc.11.2	1Macc.11.2	same	
1Macc.11.3	1Macc.11.3	same	
1Macc.11.4	1Macc.11.4	same	
1Macc.11.5	1Macc.11.5	same	
1Macc.11.6	1Macc.11.6	same	
1Macc.11.7	1Macc.11.7	same	
1Macc.11.8	1Macc.11.8	same	
1Macc.11.9	1Macc.11.9	same	
1Macc.11.10	1Macc.11.10	same	
1Macc.11.11	1Macc.11.11	same	
1Macc.11.12	1Macc.11.12	same	
1Macc.11.13	1Macc.11.13	same	
1Macc.11.14	1Macc.11.14	same	
1Macc.11.15	1Macc.11.15	same	
1Macc.11.16	1Macc.11.16	same	
1Macc.11.17	1Macc.11.17	same	
1Macc.11.18	1Macc.11.18	same	
1Macc.11.19	1Macc.11.19	same	
1Macc.11.20	1Macc.11.20	same	
1Macc.11.21	1Macc.11.21	same	
1Macc.11.22	1Macc.11.22	same	
1Macc.11.23	1Macc.11.23	same	
1Macc.11.24	1Macc.11.24	same	
1Macc.11.25	1Macc.11.25	same	
1Macc.11.26	1Macc.11.26	same	
1Macc.11.27	1Macc.11.27	same	
1Macc.11.28	1Macc.11.28	same	
1Macc.11.29	1Macc.11.29	same	
1Macc.11.30	1Macc.11.30	same	
1Macc.11.31	1Macc.11.31	same	
1Macc.11.32	1Macc.11.32	same	
1Macc.11.33	1Macc.11.33	same	
1Macc.11.34	1Macc.11.34	same	
1Macc.11.35	1Macc.11.35	same	
1Macc.11.36	1Macc.11.36	same	
1Macc.11.37	1Macc.11.37	same	
1Macc.11.38	1Macc.11.38	same	
1Macc.11.39	1Macc.11.39	same	
1Macc.11.40	1Macc.11.40	same	
1Macc.11.41	1Macc.11.41	same	
1Macc.11.42	1Macc.11.42	same	
1Macc.11.43	1Macc.11.43	same	
1Macc.11.44	1Macc.11.44	same	
1Macc.11.45	1Macc.11.45	same	
1Macc.11.46	1Macc.11.46	same	
1Macc.11.47	1Macc.11.47	same	
1Macc.11.48	1Macc.11.48	same	
1Macc.11.49	1Macc.11.49	same	
1Macc.11.50	1Macc.11.50	same	
1Macc.11.51	1Macc.11.51	same	
1Macc.11.52	1Macc.11.52	same	
1Macc.11.53	1Macc.11.53	same	
1Macc.11.54	1Macc.11.54	same	
1Macc.11.55	1Macc.11.55	same	
1Macc.11.56	1Macc.11.56	same	
1Macc.11.57	1Macc.11.57	same	
1Macc.11.58	1Macc.11.58	same	
1Macc.11.59	1Macc.11.59	same	
1Macc.11.60	1Macc.11.60	same	
1Macc.11.61	1Macc.11.61	same	
1Macc.11.62	1Macc.11.62	same	
1Macc.11.63	1Macc.11.63	same	
1Macc.11.64	1Macc.11.64	same	
1Macc.11.65	1Macc.11.65	same	
1Macc.11.66	1Macc.11.66	same	
1Macc.11.67	1Macc.11.67	same	
1Macc.11.68	1Macc.11.68	same	
1Macc.11.69	1Macc.11.69	same	
1Macc.11.70	1Macc.11.70	same	
1Macc.11.71	1Macc.11.71	same	
1Macc.11.72	1Macc.11.72	same	
1Macc.11.73	1Macc.11.73	same	
1Macc.11.74	1Macc.11.74	same	
1Macc.12.1	1Macc.12.1	same	
1Macc.12.2	1Macc.12.2	same	
1Macc.12.3	1Macc.12.3	same	
1Macc.12.4	1Macc.12.4	same	
1Macc.12.5	1Macc.12.5	same	
1Macc.12.6	1Macc.12.6	same	
1Macc.12.7	1Macc.12.7	same	
1Macc.12.8	1Macc.12.8	same	
1Macc.12.9	1Macc.12.9	same	
1Macc.12.10	1Macc.12.10	same	
1Macc.12.11	1Macc.12.11	same	
1Macc.12.12	1Macc.12.12	same	
1Macc.12.13	1Macc.12.13	same	
1Macc.12.14	1Macc.12.14	same	
1Macc.12.15	1Macc.12.15	same	
1Macc.12.16	1Macc.12.16	same	
1Macc.12.17	1Macc.12.17	same	
1Macc.12.18	1Macc.12.18	same	
1Macc.12.19	1Macc.12.19	same	
1Macc.12.20	1Macc.12.20	same	
1Macc.12.21	1Macc.12.21	same	
1Macc.12.22	1Macc.12.22	same	
1Macc.12.23	1Macc.12.23	same	
1Macc.12.24	1Macc.12.24	same	
1Macc.12.25	1Macc.12.25	same	
1Macc.12.26	1Macc.12.26	same	
1Macc.12.27	1Macc.12.27	same	
1Macc.12.28	1Macc.12.28	same	
1Macc.12.29	1Macc.12.29	same	
1Macc.12.30	1Macc.12.30	same	
1Macc.12.31	1Macc.12.31	same	
1Macc.12.32	1Macc.12.32	same	
1Macc.12.33	1Macc.12.33	same	
1Macc.12.34	1Macc.12.34	same	
1Macc.12.35	1Macc.12.35	same	
1Macc.12.36	1Macc.12.36	same	
1Macc.12.37	1Macc.12.37	same	
1Macc.12.38	1Macc.12.38	same	
1Macc.12.39	1Macc.12.39	same	
1Macc.12.40	1Macc.12.40	same	
1Macc.12.41	1Macc.12.41	same	
1Macc.12.42	1Macc.12.42	same	
1Macc.12.43	1Macc.12.43	same	
1Macc.12.44	1Macc.12.44	same	
1Macc.12.45	1Macc.12.45	same	
1Macc.12.46	1Macc.12.46	same	
1Macc.12.47	1Macc.12.47	same	
1Macc.12.48	1Macc.12.48	same	
1Macc.12.49	1Macc.12.49	same	
1Macc.12.50	1Macc.12.50	same	
1Macc.12.51	1Macc.12.51	same	
1Macc.12.52	1Macc.12.52	same	
1Macc.12.53	1Macc.12.53	unmatched	
1Macc.13.1	1Macc.13.1	same	
1Macc.13.2	1Macc.13.2	same	
1Macc.13.3	1Macc.13.3	same	
1Macc.13.4	1Macc.13.4	same	
1Macc.13.5	1Macc.13.5	same	
1Macc.13.6	1Macc.13.6	same	
1Macc.13.7	1Macc.13.7	same	
1Macc.13.8	1Macc.13.8	same	
1Macc.13.9	1Macc.13.9	same	
1Macc.13.10	1Macc.13.10	same	
1Macc.13.11	1Macc.13.11	same	
1Macc.13.12	1Macc.13.12	same	
1Macc.13.13	1Macc.13.13	same	
1Macc.13.14	1Macc.13.14	same	
1Macc.13.15	1Macc.13.15	same	
1Macc.13.16	1Macc.13.16	same	
1Macc.13.17	1Macc.13.17	same	
1Macc.13.18	1Macc.13.18	same	
1Macc.13.19	1Macc.13.19	same	
1Macc.13.20	1Macc.13.20	same	
1Macc.13.21	1Macc.13.21	same	
1Macc.13.22	1Macc.13.22	same	
1Macc.13.23	1Macc.13.23	same	
1Macc.13.24	1Macc.13.24	same	
1Macc.13.25	1Macc.13.25	same	
1Macc.13.26	1Macc.13.26	same	
1Macc.13.27	1Macc.13.27	same	
1Macc.13.28	1Macc.13.28	same	
1Macc.13.29	1Macc.13.29	same	
1Macc.13.30	1Macc.13.30	same	
1Macc.13.31	1Macc.13.31	same	
1Macc.13.32	1Macc.13.32	same	
1Macc.13.33	1Macc.13.33	same	
1Macc.13.34	1Macc.13.34	same	
1Macc.13.35	1Macc.13.35	same	
1Macc.13.36	1Macc.13.36	same	
1Macc.13.37	1Macc.13.37	same	
1Macc.13.38	1Macc.13.38	same	
1Macc.13.39	1Macc.13.39	same	
1Macc.13.40	1Macc.13.40	same	
1Macc.13.41	1Macc.13.41	same	
1Macc.13.42	1Macc.13.42	same	
1Macc.13.43	1Macc.13.43	same	
1Macc.13.44	1Macc.13.44	same	
1Macc.13.45	1Macc.13.45	same	
1Macc.13.46	1Macc.13.46	same	
1Macc.13.47	1Macc.13.47	same	
1Macc.13.48	1Macc.13.48	same	
1Macc.13.49	1Macc.13.49	same	
1Macc.13.50	1Macc.13.50	same	
1Macc.13.51	1Macc.13.51	same	
1Macc.13.52	1Macc.13.52	unmatched	
1Macc.13.53	1Macc.13.53	unmatched	
1Macc.14.1	1Macc.14.1	same	
1Macc.14.2	1Macc.14.2	same	
1Macc.14.3	1Macc.14.3	same	
1Macc.14.4	1Macc.14.4	same	
1Macc.14.5	1Macc.14.5	same	
1Macc.14.6	1Macc.14.6	same	
1Macc.14.7	1Macc.14.7	same	
1Macc.14.8	1Macc.14.8	same	
1Macc.14.9	1Macc.14.9	same	
1Macc.14.10	1Macc.14.10	same	
1Macc.14.11	1Macc.14.11	same	
1Macc.14.12	1Macc.14.12	same	
1Macc.14.13	1Macc.14.13	same	
1Macc.14.14	1Macc.14.14	same	
1Macc.14.15	1Macc.14.15	same	
1Macc.14.16	1Macc.14.16	same	
1Macc.14.17	1Macc.14.17	same	
1Macc.14.18	1Macc.14.18	same	
1Macc.14.19	1Macc.14.19	same	
1Macc.14.20	1Macc.14.20	same	
1Macc.14.21	1Macc.14.21	same	
1Macc.14.22	1Macc.14.22	same	
1Macc.14.23	1Macc.14.23	same	
1Macc.14.24	1Macc.14.24	same	
1Macc.14.25	1Macc.14.25	same	
1Macc.14.26	1Macc.14.26	same	
1Macc.14.27	1Macc.14.27	same	
1Macc.14.28	1Macc.14.28	same	
1Macc.14.29	1Macc.14.29	same	
1Macc.14.30	1Macc.14.30	same	
1Macc.14.31	1Macc.14.31	same	
1Macc.14.32	1Macc.14.32	same	
1Macc.14.33	1Macc.14.33	same	
1Macc.14.34	1Macc.14.34	same	
1Macc.14.35	1Macc.14.35	same	
1Macc.14.36	1Macc.14.36	same	
1Macc.14.37	1Macc.14.37	same	
1Macc.14.38	1Macc.14.38	same	
1Macc.14.39	1Macc.14.39	same	
1Macc.14.40	1Macc.14.40	same	
1Macc.14.41	1Macc.14.41	same	
1Macc.14.42	1Macc.14.42	same	
1Macc.14.43	1Macc.14.43	same	
1Macc.14.44	1Macc.14.44	same	
1Macc.14.45	1Macc.14.45	same	
1Macc.14.46	1Macc.14.46	same	
1Macc.14.47	1Macc.14.47	same	
1Macc.14.48	1Macc.14.48	same	
1Macc.14.49	1Macc.14.49	same	
1Macc.15.1	1Macc.15.1	same	
1Macc.15.2	1Macc.15.2	same	
1Macc.15.3	1Macc.15.3	same	
1Macc.15.4	1Macc.15.4	same	
1Macc.15.5	1Macc.15.5	same	
1Macc.15.6	1Macc.15.6	same	
1Macc.15.7	1Macc.15.7	same	
1Macc.15.8	1Macc.15.8	same	
1Macc.15.9	1Macc.15.9	same	
1Macc.15.10	1Macc.15.10	same	
1Macc.15.11	1Macc.15.11	same	
1Macc.15.12	1Macc.15.12	same	
1Macc.15.13	1Macc.15.13	same	
1Macc.15.14	1Macc.15.14	same	
1Macc.15.15	1Macc.15.15	same	
1Macc.15.16	1Macc.15.16	same	
1Macc.15.17	1Macc.15.17	same	
1Macc.15.18	1Macc.15.18	same	
1Macc.15.19	1Macc.15.19	same	
1Macc.15.20	1Macc.15.20	same	
1Macc.15.21	1Macc.15.21	same	
1Macc.15.22	1Macc.15.22	same	
1Macc.15.23	1Macc.15.23	same	
1Macc.15.24	1Macc.15.24	same	
1Macc.15.25	1Macc.15.25	same	
1Macc.15.26	1Macc.15.26	same	
1Macc.15.27	1Macc.15.27	same	
1Macc.15.28	1Macc.15.28	same	
1Macc.15.29	1Macc.15.29	same	
1Macc.15.30	1Macc.15.30	same	
1Macc.15.31	1Macc.15.31	same	
1Macc.15.32	1Macc.15.32	same	
1Macc.15.33	1Macc.15.33	same	
1Macc.15.34	1Macc.15.34	same	
1Macc.15.35	1Macc.15.35	same	
1Macc.15.36	1Macc.15.36	same	
1Macc.15.37	1Macc.15.37	same	
1Macc.15.38	1Macc.15.38	same	
1Macc.15.39	1Macc.15.39	same	
1Macc.15.40	1Macc.15.40	same	
1Macc.15.41	1Macc.15.41	same	
1Macc.16.1	1Macc.16.1	same	
1Macc.16.2	1Macc.16.2	same	
1Macc.16.3	1Macc.16.3	same	
1Macc.16.4	1Macc.16.4	same	
1Macc.16.5	1Macc.16.5	same	
1Macc.16.6	1Macc.16.6	same	
1Macc.16.7	1Macc.16.7	same	
1Macc.16.8	1Macc.16.8	same	
1Macc.16.9	1Macc.16.9	same	
1Macc.16.10	1Macc.16.10	same	
1Macc.16.11	1Macc.16.11	same	
1Macc.16.12	1Macc.16.12	same	
1Macc.16.13	1Macc.16.13	same	
1Macc.16.14	1Macc.16.14	same	
1Macc.16.15	1Macc.16.15	same	
1Macc.16.16	1Macc.16.16	same	
1Macc.16.17	1Macc.16.17	same	
1Macc.16.18	1Macc.16.18	same	
1Macc.16.19	1Macc.16.19	same	
1Macc.16.20	1Macc.16.20	same	
1Macc.16.21	1Macc.16.21	same	
1Macc.16.22	1Macc.16.22	same	
1Macc.16.23	1Macc.16.23	same	
1Macc.16.24	1Macc.16.24	same	
2Macc.1.1	2Macc.1.1	same	
2Macc.1.2	2Macc.1.2	same	
2Macc.1.3	2Macc.1.3	same	
2Macc.1.4	2Macc.1.4	same	
2Macc.1.5	2Macc.1.5	same	
2Macc.1.6	2Macc.1.6	same	
2Macc.1.7	2Macc.1.7	same	
2Macc.1.8	2Macc.1.8	same	
2Macc.1.9	2Macc.1.9	same	
2Macc.1.10	2Macc.1.10	same	
2Macc.1.11	2Macc.1.11	same	
2Macc.1.12	2Macc.1.12	same	
2Macc.1.13	2Macc.1.13	same	
2Macc.1.14	2Macc.1.14	same	
2Macc.1.15	2Macc.1.15	same	
2Macc.1.16	2Macc.1.16	same	
2Macc.1.17	2Macc.1.17	same	
2Macc.1.18	2Macc.1.18	same	
2Macc.1.19	2Macc.1.19	same	
2Macc.1.20	2Macc.1.20	same	
2Macc.1.21	2Macc.1.21	same	
2Macc.1.22	2Macc.1.22	same	
2Macc.1.23	2Macc.1.23	same	
2Macc.1.24	2Macc.1.24	same	
2Macc.1.25	2Macc.1.25	same	
2Macc.1.26	2Macc.1.26	same	
2Macc.1.27	2Macc.1.27	same	
2Macc.1.28	2Macc.1.28	same	
2Macc.1.29	2Macc.1.29	same	
2Macc.1.30	2Macc.1.30	same	
2Macc.1.31	2Macc.1.31	same	
2Macc.1.32	2Macc.1.32	same	
2Macc.1.33	2Macc.1.33	same	
2Macc.1.34	2Macc.1.34	same	
2Macc.1.35	2Macc.1.35	same	
2Macc.1.36	2Macc.1.36	same	
2Macc.2.1	2Macc.2.1	same	
2Macc.2.2	2Macc.2.2	same	
2Macc.2.3	2Macc.2.3	same	
2Macc.2.4	2Macc.2.4	same	
2Macc.2.5	2Macc.2.5	same	
2Macc.2.6	2Macc.2.6	same	
2Macc.2.7	2Macc.2.7	same	
2Macc.2.8	2Macc.2.8	same	
2Macc.2.9	2Macc.2.9	same	
2Macc.2.10	2Macc.2.10	same	
2Macc.2.11	2Macc.2.11	same	
2Macc.2.12	2Macc.2.12	same	
2Macc.2.13	2Macc.2.13	same	
2Macc.2.14	2Macc.2.14	same	
2Macc.2.15	2Macc.2.15	same	
2Macc.2.16	2Macc.2.16	same	
2Macc.2.17	2Macc.2.17	same	
2Macc.2.18	2Macc.2.18	unmatched	
2Macc.2.19	2Macc.2.19	unmatched	
2Macc.2.20	2Macc.2.20	unmatched	
2Macc.2.21	2Macc.2.21	unmatched	
2Macc.2.22	2Macc.2.22	unmatched	
2Macc.2.23	2Macc.2.23	unmatched	
2Macc.2.24	2Macc.2.24	unmatched	
2Macc.2.25	2Macc.2.25	unmatched	
2Macc.2.26	2Macc.2.26	unmatched	
2Macc.2.27	2Macc.2.27	unmatched	
2Macc.2.28	2Macc.2.28	unmatched	
2Macc.2.29	2Macc.2.29	unmatched	
2Macc.2.30	2Macc.2.30	unmatched	
2Macc.2.31	2Macc.2.31	unmatched	
2Macc.2.32	2Macc.2.32	unmatched	
2Macc.3.1	2Macc.3.1	same	
2Macc.3.2	2Macc.3.2	same	
2Macc.3.3	2Macc.3.3	same	
2Macc.3.4	2Macc.3.4	same	
2Macc.3.5	2Macc.3.5	same	
2Macc.3.6	2Macc.3.6	same	
2Macc.3.7	2Macc.3.7	same	
2Macc.3.8	2Macc.3.8	same	
2Macc.3.9	2Macc.3.9	same	
2Macc.3.10	2Macc.3.10	same	
2Macc.3.11	2Macc.3.11	same	
2Macc.3.12	2Macc.3.12	same	
2Macc.3.13	2Macc.3.13	same	
2Macc.3.14	2Macc.3.14	same	
2Macc.3.15	2Macc.3.15	same	
2Macc.3.16	2Macc.3.16	same	
2Macc.3.17	2Macc.3.17	same	
2Macc.3.18	2Macc.3.18	same	
2Macc.3.19	2Macc.3.19	same	
2Macc.3.20	2Macc.3.20	same	
2Macc.3.21	2Macc.3.21	same	
2Macc.3.22	2Macc.3.22	same	
2Macc.3.23	2Macc.3.23	same	
2Macc.3.24	2Macc.3.24	same	
2Macc.3.25	2Macc.3.25	same	
2Macc.3.26	2Macc.3.26	same	
2Macc.3.27	2Macc.3.27	same	
2Macc.3.28	2Macc.3.28	same	
2Macc.3.29	2Macc.3.29	same	
2Macc.3.30	2Macc.3.30	same	
2Macc.3.31	2Macc.3.31	same	
2Macc.3.32	2Macc.3.32	same	
2Macc.3.33	2Macc.3.33	same	
2Macc.3.34	2Macc.3.34	same	
2Macc.3.35	2Macc.3.35	same	
2Macc.3.36	2Macc.3.36	same	
2Macc.3.37	2Macc.3.37	same	
2Macc.3.38	2Macc.3.38	same	
2Macc.3.39	2Macc.3.39	same	
2Macc.3.40	2Macc.3.40	same	
2Macc.4.1	2Macc.4.1	same	
2Macc.4.2	2Macc.4.2	same	
2Macc.4.3	2Macc.4.3	same	
2Macc.4.4	2Macc.4.4	same	
2Macc.4.5	2Macc.4.5	same	
2Macc.4.6	2Macc.4.6	same	
2Macc.4.7	2Macc.4.7	same	
2Macc.4.8	2Macc.4.8	same	
2Macc.4.9	2Macc.4.9	same	
2Macc.4.10	2Macc.4.10	same	
2Macc.4.11	2Macc.4.11	same	
2Macc.4.12	2Macc.4.12	same	
2Macc.4.13	2Macc.4.13	same	
2Macc.4.14	2Macc.4.14	same	
2Macc.4.15	2Macc.4.15	same	
2Macc.4.16	2Macc.4.16	same	
2Macc.4.17	2Macc.4.17	same	
2Macc.4.18	2Macc.4.18	same	
2Macc.4.19	2Macc.4.19	same	
2Macc.4.20	2Macc.4.20	same	
2Macc.4.21	2Macc.4.21	same	
2Macc.4.22	2Macc.4.22	same	
2Macc.4.23	2Macc.4.23	same	
2Macc.4.24	2Macc.4.24	same	
2Macc.4.25	2Macc.4.25	same	
2Macc.4.26	2Macc.4.26	same	
2Macc.4.27	2Macc.4.27	same	
2Macc.4.28	2Macc.4.28	same	
2Macc.4.29	2Macc.4.29	same	
2Macc.4.30	2Macc.4.30	same	
2Macc.4.31	2Macc.4.31	same	
2Macc.4.32	2Macc.4.32	same	
2Macc.4.33	2Macc.4.33	same	
2Macc.4.34	2Macc.4.34	same	
2Macc.4.35	2Macc.4.35	same	
2Macc.4.36	2Macc.4.36	same	
2Macc.4.37	2Macc.4.37	same	
2Macc.4.38	2Macc.4.38	same	
2Macc.4.39	2Macc.4.39	same	
2Macc.4.40	2Macc.4.40	same	
2Macc.4.41	2Macc.4.41	same	
2Macc.4.42	2Macc.4.42	same	
2Macc.4.43	2Macc.4.43	same	
2Macc.4.44	2Macc.4.44	same	
2Macc.4.45	2Macc.4.45	same	
2Macc.4.46	2Macc.4.46	same	
2Macc.4.47	2Macc.4.47	same	
2Macc.4.48	2Macc.4.48	same	
2Macc.4.49	2Macc.4.49	same	
2Macc.4.50	2Macc.4.50	same	
2Macc.5.1	2Macc.5.1	same	
2Macc.5.2	2Macc.5.2	same	
2Macc.5.3	2Macc.5.3	same	
2Macc.5.4	2Macc.5.4	same	
2Macc.5.5	2Macc.5.5	same	
2Macc.5.6	2Macc.5.6	same	
2Macc.5.7	2Macc.5.7	same	
2Macc.5.8	2Macc.5.8	same	
2Macc.5.9	2Macc.5.9	same	
2Macc.5.10	2Macc.5.10	same	
2Macc.5.11	2Macc.5.11	same	
2Macc.5.12	2Macc.5.12	same	
2Macc.5.13	2Macc.5.13	same	
2Macc.5.14	2Macc.5.14	same	
2Macc.5.15	2Macc.5.15	same	
2Macc.5.16	2Macc.5.16	same	
2Macc.5.17	2Macc.5.17	same	
2Macc.5.18	2Macc.5.18	same	
2Macc.5.19	2Macc.5.19	same	
2Macc.5.20	2Macc.5.20	same	
2Macc.5.21	2Macc.5.21	same	
2Macc.5.22	2Macc.5.22	same	
2Macc.5.23	2Macc.5.23	same	
2Macc.5.24	2Macc.5.24	same	
2Macc.5.25	2Macc.5.25	same	
2Macc.5.26	2Macc.5.26	same	
2Macc.5.27	2Macc.5.27	same	
2Macc.6.1	2Macc.6.1	same	
2Macc.6.2	2Macc.6.2	same	
2Macc.6.3	2Macc.6.3	same	
2Macc.6.4	2Macc.6.4	same	
2Macc.6.5	2Macc.6.5	same	
2Macc.6.6	2Macc.6.6	same	
2Macc.6.7	2Macc.6.7	same	
2Macc.6.8	2Macc.6.8	same	
2Macc.6.9	2Macc.6.9	same	
2Macc.6.10	2Macc.6.10	same	
2Macc.6.11	2Macc.6.11	same	
2Macc.6.12	2Macc.6.12	same	
2Macc.6.13	2Macc.6.13	same	
2Macc.6.14	2Macc.6.14	same	
2Macc.6.15	2Macc.6.15	same	
2Macc.6.16	2Macc.6.16	same	
2Macc.6.17	2Macc.6.17	same	
2Macc.6.18	2Macc.6.18	same	
2Macc.6.19	2Macc.6.19	same	
2Macc.6.20	2Macc.6.20	same	
2Macc.6.21	2Macc.6.21	same	
2Macc.6.22	2Macc.6.22	same	
2Macc.6.23	2Macc.6.23	same	
2Macc.6.24	2Macc.6.24	same	
2Macc.6.25	2Macc.6.25	same	
2Macc.6.26	2Macc.6.26	same	
2Macc.6.27	2Macc.6.27	same	
2Macc.6.28	2Macc.6.28	same	
2Macc.6.29	2Macc.6.29	same	
2Macc.6.30	2Macc.6.30	same	
2Macc.6.31	2Macc.6.31	same	
2Macc.7.1	2Macc.7.1	same	
2Macc.7.2	2Macc.7.2	same	
2Macc.7.3	2Macc.7.3	same	
2Macc.7.4	2Macc.7.4	same	
2Macc.7.5	2Macc.7.5	same	
2Macc.7.6	2Macc.7.6	same	
2Macc.7.7	2Macc.7.7	same	
2Macc.7.8	2Macc.7.8	same	
2Macc.7.9	2Macc.7.9	same	
2Macc.7.10	2Macc.7.10	same	
2Macc.7.11	2Macc.7.11	same	
2Macc.7.12	2Macc.7.12	same	
2Macc.7.13	2Macc.7.13	same	
2Macc.7.14	2Macc.7.14	same	
2Macc.7.15	2Macc.7.15	same	
2Macc.7.16	2Macc.7.16	same	
2Macc.7.17	2Macc.7.17	same	
2Macc.7.18	2Macc.7.18	same	
2Macc.7.19	2Macc.7.19	same	
2Macc.7.20	2Macc.7.20	same	
2Macc.7.21	2Macc.7.21	same	
2Macc.7.22	2Macc.7.22	same	
2Macc.7.23	2Macc.7.23	same	
2Macc.7.24	2Macc.7.24	same	
2Macc.7.25	2Macc.7.25	same	
2Macc.7.26	2Macc.7.26	same	
2Macc.7.27	2Macc.7.27	same	
2Macc.7.28	2Macc.7.28	same	
2Macc.7.29	2Macc.7.29	same	
2Macc.7.30	2Macc.7.30	same	
2Macc.7.31	2Macc.7.31	same	
2Macc.7.32	2Macc.7.32	same	
2Macc.7.33	2Macc.7.33	same	
2Macc.7.34	2Macc.7.34	same	
2Macc.7.35	2Macc.7.35	same	
2Macc.7.36	2Macc.7.36	same	
2Macc.7.38	2Macc.7.38	same	
2Macc.7.39	2Macc.7.39	same	
2Macc.7.40	2Macc.7.40	same	
2Macc.7.41	2Macc.7.41	same	
2Macc.7.42	2Macc.7.42	same	
2Macc.8.1	2Macc.8.1	same	
2Macc.8.2	2Macc.8.2	same	
2Macc.8.3	2Macc.8.3	same	
2Macc.8.4	2Macc.8.4	same	
2Macc.8.5	2Macc.8.5	same	
2Macc.8.6	2Macc.8.6	same	
2Macc.8.7	2Macc.8.7	same	
2Macc.8.8	2Macc.8.8	same	
2Macc.8.9	2Macc.8.9	same	
2Macc.8.10	2Macc.8.10	same	
2Macc.8.11	2Macc.8.11	same	
2Macc.8.12	2Macc.8.12	same	
2Macc.8.13	2Macc.8.13	same	
2Macc.8.14	2Macc.8.14	same	
2Macc.8.15	2Macc.8.15	same	
2Macc.8.16	2Macc.8.16	same	
2Macc.8.17	2Macc.8.17	same	
2Macc.8.18	2Macc.8.18	same	
2Macc.8.19	2Macc.8.19	same	
2Macc.8.20	2Macc.8.20	same	
2Macc.8.21	2Macc.8.21	same	
2Macc.8.22	2Macc.8.22	same	
2Macc.8.23	2Macc.8.23	same	
2Macc.8.24	2Macc.8.24	same	
2Macc.8.25	2Macc.8.25	same	
2Macc.8.26	2Macc.8.26	same	
2Macc.8.27	2Macc.8.27	same	
2Macc.8.28	2Macc.8.28	same	
2Macc.8.29	2Macc.8.29	same	
2Macc.8.30	2Macc.8.30	same	
2Macc.8.31	2Macc.8.31	same	
2Macc.8.32	2Macc.8.32	same	
2Macc.8.33	2Macc.8.33	same	
2Macc.8.34	2Macc.8.34	same	
2Macc.8.35	2Macc.8.35	same	
2Macc.8.36	2Macc.8.36	same	
2Macc.9.1	2Macc.9.1	same	
2Macc.9.2	2Macc.9.2	same	
2Macc.9.3	2Macc.9.3	same	
2Macc.9.4	2Macc.9.4	same	
2Macc.9.5	2Macc.9.5	same	
2Macc.9.6	2Macc.9.6	same	
2Macc.9.7	2Macc.9.7	same	
2Macc.9.8	2Macc.9.8	same	
2Macc.9.9	2Macc.9.9	same	
2Macc.9.10	2Macc.9.10	same	
2Macc.9.11	2Macc.9.11	same	
2Macc.9.12	2Macc.9.12	same	
2Macc.9.13	2Macc.9.13	same	
2Macc.9.14	2Macc.9.14	same	
2Macc.9.15	2Macc.9.15	same	
2Macc.9.16	2Macc.9.16	same	
2Macc.9.17	2Macc.9.17	same	
2Macc.9.18	2Macc.9.18	same	
2Macc.9.19	2Macc.9.19	same	
2Macc.9.20	2Macc.9.20	same	
2Macc.9.21	2Macc.9.21	same	
2Macc.9.22	2Macc.9.22	same	
2Macc.9.23	2Macc.9.23	same	
2Macc.9.24	2Macc.9.24	same	
2Macc.9.25	2Macc.9.25	same	
2Macc.9.26	2Macc.9.26	same	
2Macc.9.27	2Macc.9.27	same	
2Macc.9.28	2Macc.9.28	same	
2Macc.9.29	2Macc.9.29	same	
2Macc.10.1	2Macc.10.1	same	
2Macc.10.2	2Macc.10.2	same	
2Macc.10.3	2Macc.10.3	same	
2Macc.10.4	2Macc.10.4	same	
2Macc.10.5	2Macc.10.5	same	
2Macc.10.6	2Macc.10.6	same	
2Macc.10.7	2Macc.10.7	same	
2Macc.10.8	2Macc.10.8	same	
2Macc.10.9	2Macc.10.9	same	
2Macc.10.10	2Macc.10.10	same	
2Macc.10.11	2Macc.10.11	same	
2Macc.10.12	2Macc.10.12	same	
2Macc.10.13	2Macc.10.13	same	
2Macc.10.14	2Macc.10.14	same	
2Macc.10.15	2Macc.10.15	same	
2Macc.10.16	2Macc.10.16	same	
2Macc.10.17	2Macc.10.17	same	
2Macc.10.18	2Macc.10.18	same	
2Macc.10.19	2Macc.10.19	same	
2Macc.10.20	2Macc.10.20	same	
2Macc.10.21	2Macc.10.21	same	
2Macc.10.22	2Macc.10.22	same	
2Macc.10.23	2Macc.10.23	same	
2Macc.10.24	2Macc.10.24	same	
2Macc.10.25	2Macc.10.25	same	
2Macc.10.26	2Macc.10.26	same	
2Macc.10.27	2Macc.10.27	same	
2Macc.10.28	2Macc.10.28	same	
2Macc.10.29	2Macc.10.29	same	
2Macc.10.30	2Macc.10.30	same	
2Macc.10.31	2Macc.10.31	same	
2Macc.10.32	2Macc.10.32	same	
2Macc.10.33	2Macc.10.33	same	
2Macc.10.34	2Macc.10.34	same	
2Macc.10.35	2Macc.10.35	same	
2Macc.10.36	2Macc.10.36	same	
2Macc.10.37	2Macc.10.37	same	
2Macc.10.38	2Macc.10.38	same	
2Macc.11.1	2Macc.11.1	same	
2Macc.11.2	2Macc.11.2	same	
2Macc.11.3	2Macc.11.3	same	
2Macc.11.4	2Macc.11.4	same	
2Macc.11.5	2Macc.11.5	same	
2Macc.11.6	2Macc.11.6	same	
2Macc.11.7	2Macc.11.7	same	
2Macc.11.8	2Macc.11.8	same	
2Macc.11.9	2Macc.11.9	same	
2Macc.11.10	2Macc.11.10	same	
2Macc.11.11	2Macc.11.11	same	
2Macc.11.12	2Macc.11.12	same	
2Macc.11.13	2Macc.11.13	same	
2Macc.11.14	2Macc.11.14	same	
2Macc.11.15	2Macc.11.15	same	
2Macc.11.16	2Macc.11.16	same	
2Macc.11.17	2Macc.11.17	same	
2Macc.11.18	2Macc.11.18	same	
2Macc.11.19	2Macc.11.19	same	
2Macc.11.20	2Macc.11.20	same	
2Macc.11.21	2Macc.11.21	same	
2Macc.11.22	2Macc.11.22	same	
2Macc.11.23	2Macc.11.23	same	
2Macc.11.24	2Macc.11.24	same	
2Macc.11.25	2Macc.11.25	same	
2Macc.11.26	2Macc.11.26	same	
2Macc.11.27	2Macc.11.27	same	
2Macc.11.28	2Macc.11.28	same	
2Macc.11.29	2Macc.11.29	same	
2Macc.11.31	2Macc.11.31	same	
2Macc.11.32	2Macc.11.32	same	
2Macc.11.33	2Macc.11.33	same	
2Macc.11.34	2Macc.11.34	same	
2Macc.11.35	2Macc.11.35	same	
2Macc.11.36	2Macc.11.36	same	
2Macc.11.37	2Macc.11.37	same	
2Macc.11.38	2Macc.11.38	same	
2Macc.12.1	2Macc.12.1	same	
2Macc.12.2	2Macc.12.2	same	
2Macc.12.3	2Macc.12.3	same	
2Macc.12.4	2Macc.12.4	same	
2Macc.12.5	2Macc.12.5	same	
2Macc.12.6	2Macc.12.6	same	
2Macc.12.7	2Macc.12.7	same	
2Macc.12.8	2Macc.12.8	same	
2Macc.12.9	2Macc.12.9	same	
2Macc.12.10	2Macc.12.10	same	
2Macc.12.11	2Macc.12.11	same	
2Macc.12.12	2Macc.12.12	same	
2Macc.12.13	2Macc.12.13	same	
2Macc.12.14	2Macc.12.14	same	
2Macc.12.15	2Macc.12.15	same	
2Macc.12.16	2Macc.12.16	same	
2Macc.12.17	2Macc.12.17	same	
2Macc.12.18	2Macc.12.18	same	
2Macc.12.19	2Macc.12.19	same	
2Macc.12.20	2Macc.12.20	same	
2Macc.12.21	2Macc.12.21	same	
2Macc.12.22	2Macc.12.22	same	
2Macc.12.23	2Macc.12.23	same	
2Macc.12.24	2Macc.12.24	same	
2Macc.12.25	2Macc.12.25	same	
2Macc.12.26	2Macc.12.26	same	
2Macc.12.27	2Macc.12.27	same	
2Macc.12.28	2Macc.12.28	same	
2Macc.12.29	2Macc.12.29	same	
2Macc.12.30	2Macc.12.30	same	
2Macc.12.31	2Macc.12.31	same	
2Macc.12.32	2Macc.12.32	same	
2Macc.12.33	2Macc.12.33	same	
2Macc.12.34	2Macc.12.34	same	
2Macc.12.35	2Macc.12.35	same	
2Macc.12.36	2Macc.12.36	same	
2Macc.12.37	2Macc.12.37	same	
2Macc.12.38	2Macc.12.38	same	
2Macc.12.39	2Macc.12.39	same	
2Macc.12.40	2Macc.12.40	same	
2Macc.12.41	2Macc.12.41	same	
2Macc.12.42	2Macc.12.42	same	
2Macc.12.43	2Macc.12.43	same	
2Macc.12.44	2Macc.12.44	same	
2Macc.12.45	2Macc.12.45	same	Keep verse
2Macc.13.1	2Macc.13.1	same	
2Macc.13.2	2Macc.13.2	same	
2Macc.13.3	2Macc.13.3	same	
2Macc.13.4	2Macc.13.4	same	
2Macc.13.5	2Macc.13.5	same	
2Macc.13.6	2Macc.13.6	same	
2Macc.13.7	2Macc.13.7	same	
2Macc.13.8	2Macc.13.8	same	
2Macc.13.9	2Macc.13.9	same	
2Macc.13.10	2Macc.13.10	same	
2Macc.13.11	2Macc.13.11	same	
2Macc.13.12	2Macc.13.12	same	
2Macc.13.13	2Macc.13.13	same	
2Macc.13.14	2Macc.13.14	same	
2Macc.13.15	2Macc.13.15	same	
2Macc.13.16	2Macc.13.16	same	
2Macc.13.17	2Macc.13.17	same	
2Macc.13.18	2Macc.13.18	same	
2Macc.13.19	2Macc.13.19	same	
2Macc.13.20	2Macc.13.20	same	
2Macc.13.21	2Macc.13.21	same	
2Macc.13.22	2Macc.13.22	same	
2Macc.13.23	2Macc.13.23	same	
2Macc.13.24	2Macc.13.24	same	
2Macc.13.25	2Macc.13.25	same	
2Macc.13.26	2Macc.13.26	same	
2Macc.14.1	2Macc.14.1	same	
2Macc.14.2	2Macc.14.2	same	
2Macc.14.3	2Macc.14.3	same	
2Macc.14.4	2Macc.14.4	same	
2Macc.14.5	2Macc.14.5	same	
2Macc.14.6	2Macc.14.6	same	
2Macc.14.7	2Macc.14.7	same	
2Macc.14.8	2Macc.14.8	same	
2Macc.14.9	2Macc.14.9	same	
2Macc.14.10	2Macc.14.10	same	
2Macc.14.11	2Macc.14.11	same	
2Macc.14.12	2Macc.14.12	same	
2Macc.14.13	2Macc.14.13	same	
2Macc.14.14	2Macc.14.14	same	
2Macc.14.15	2Macc.14.15	same	
2Macc.14.16	2Macc.14.16	same	
2Macc.14.17	2Macc.14.17	same	
2Macc.14.18	2Macc.14.18	same	
2Macc.14.19	2Macc.14.19	same	
2Macc.14.20	2Macc.14.20	same	
2Macc.14.21	2Macc.14.21	same	
2Macc.14.22	2Macc.14.22	same	
2Macc.14.23	2Macc.14.23	same	
2Macc.14.24	2Macc.14.24	same	
2Macc.14.25	2Macc.14.25	same	
2Macc.14.26	2Macc.14.26	same	
2Macc.14.27	2Macc.14.27	same	
2Macc.14.28	2Macc.14.28	same	
2Macc.14.29	2Macc.14.29	same	
2Macc.14.30	2Macc.14.30	same	
2Macc.14.31	2Macc.14.31	same	
2Macc.14.32	2Macc.14.32	same	
2Macc.14.33	2Macc.14.33	same	
2Macc.14.34	2Macc.14.34	same	
2Macc.14.35	2Macc.14.35	same	
2Macc.14.36	2Macc.14.36	same	
2Macc.14.37	2Macc.14.37	same	
2Macc.14.38	2Macc.14.38	same	
2Macc.14.39	2Macc.14.39	same	
2Macc.14.40	2Macc.14.40	same	
2Macc.14.41	2Macc.14.41	same	
2Macc.14.42	2Macc.14.42	same	
2Macc.14.43	2Macc.14.43	same	
2Macc.14.44	2Macc.14.44	same	
2Macc.14.45	2Macc.14.45	same	
2Macc.14.46	2Macc.14.46	same	
2Macc.15.1	2Macc.15.1	same	
2Macc.15.2	2Macc.15.2	same	
2Macc.15.3	2Macc.15.3	same	
2Macc.15.4	2Macc.15.4	same	
2Macc.15.5	2Macc.15.5	same	
2Macc.15.6	2Macc.15.6	same	
2Macc.15.7	2Macc.15.7	same	
2Macc.15.8	2Macc.15.8	same	
2Macc.15.9	2Macc.15.9	same	
2Macc.15.10	2Macc.15.10	same	
2Macc.15.11	2Macc.15.11	same	
2Macc.15.12	2Macc.15.12	same	
2Macc.15.13	2Macc.15.13	same	
2Macc.15.14	2Macc.15.14	same	
2Macc.15.15	2Macc.15.15	same	
2Macc.15.16	2Macc.15.16	same	
2Macc.15.17	2Macc.15.17	same	
2Macc.15.18	2Macc.15.18	same	
2Macc.15.19	2Macc.15.19	same	
2Macc.15.20	2Macc.15.20	same	
2Macc.15.21	2Macc.15.21	same	
2Macc.15.22	2Macc.15.22	same	
2Macc.15.23	2Macc.15.23	same	
2Macc.15.24	2Macc.15.24	same	
2Macc.15.25	2Macc.15.25	same	
2Macc.15.26	2Macc.15.26	same	
2Macc.15.27	2Macc.15.27	same	
2Macc.15.28	2Macc.15.28	same	
2Macc.15.29	2Macc.15.29	same	
2Macc.15.30	2Macc.15.30	same	
2Macc.15.31	2Macc.15.31	same	
2Macc.15.32	2Macc.15.32	same	
2Macc.15.33	2Macc.15.33	same	
2Macc.15.34	2Macc.15.34	same	
2Macc.15.35	2Macc.15.35	same	
2Macc.15.36	2Macc.15.36	same	
2Macc.15.37	2Macc.15.37	same	Keep verse
2Macc.15.38	2Macc.15.38	same	Keep verse
2Macc.15.39	2Macc.15.39	same	Keep verse
3Macc.1.1		not-in-kjv	
3Macc.1.2		not-in-kjv	
3Macc.1.3		not-in-kjv	
3Macc.1.4		not-in-kjv	
3Macc.1.5		not-in-kjv	
3Macc.1.6		not-in-kjv	
3Macc.1.7		not-in-kjv	
3Macc.1.8		not-in-kjv	
3Macc.1.9		not-in-kjv	
3Macc.1.10		not-in-kjv	
3Macc.1.11		not-in-kjv	
3Macc.1.12		not-in-kjv	
3Macc.1.13		not-in-kjv	
3Macc.1.14		not-in-kjv	
3Macc.1.15		not-in-kjv	
3Macc.1.16		not-in-kjv	
3Macc.1.17		not-in-kjv	
3Macc.1.18		not-in-kjv	
3Macc.1.19		not-in-kjv	
3Macc.1.20		not-in-kjv	
3Macc.1.21		not-in-kjv	
3Macc.1.22		not-in-kjv	
3Macc.1.23		not-in-kjv	
3Macc.1.24		not-in-kjv	
3Macc.1.25		not-in-kjv	
3Macc.1.26		not-in-kjv	
3Macc.1.27		not-in-kjv	
3Macc.1.28		not-in-kjv	
3Macc.1.29		not-in-kjv	
3Macc.2.2		not-in-kjv	
3Macc.2.3		not-in-kjv	
3Macc.2.4		not-in-kjv	
3Macc.2.5		not-in-kjv	
3Macc.2.6		not-in-kjv	
3Macc.2.7		not-in-kjv	
3Macc.2.8		not-in-kjv	
3Macc.2.9		not-in-kjv	
3Macc.2.10		not-in-kjv	
3Macc.2.11		not-in-kjv	
3Macc.2.12		not-in-kjv	
3Macc.2.13		not-in-kjv	
3Macc.2.14		not-in-kjv	
3Macc.2.15		not-in-kjv	
3Macc.2.16		not-in-kjv	
3Macc.2.17		not-in-kjv	
3Macc.2.18		not-in-kjv	
3Macc.2.19		not-in-kjv	
3Macc.2.20		not-in-kjv	
3Macc.2.21		not-in-kjv	
3Macc.2.22		not-in-kjv	
3Macc.2.23		not-in-kjv	
3Macc.2.24		not-in-kjv	
3Macc.2.25		not-in-kjv	
3Macc.2.26		not-in-kjv	
3Macc.2.27		not-in-kjv	
3Macc.2.28		not-in-kjv	
3Macc.2.29		not-in-kjv	
3Macc.2.30		not-in-kjv	
3Macc.2.31		not-in-kjv	
3Macc.2.32		not-in-kjv	
3Macc.2.33		not-in-kjv	
3Macc.3.1		not-in-kjv	
3Macc.3.2		not-in-kjv	
3Macc.3.3		not-in-kjv	
3Macc.3.4		not-in-kjv	
3Macc.3.5		not-in-kjv	
3Macc.3.6		not-in-kjv	
3Macc.3.7		not-in-kjv	
3Macc.3.8		not-in-kjv	
3Macc.3.9		not-in-kjv	
3Macc.3.10		not-in-kjv	
3Macc.3.11		not-in-kjv	
3Macc.3.12		not-in-kjv	
3Macc.3.13		not-in-kjv	
3Macc.3.14		not-in-kjv	
3Macc.3.15		not-in-kjv	
3Macc.3.16		not-in-kjv	
3Macc.3.17		not-in-kjv	
3Macc.3.18		not-in-kjv	
3Macc.3.19		not-in-kjv	
3Macc.3.20		not-in-kjv	
3Macc.3.21		not-in-kjv	
3Macc.3.22		not-in-kjv	
3Macc.3.23		not-in-kjv	
3Macc.3.24		not-in-kjv	
3Macc.3.25		not-in-kjv	
3Macc.3.26		not-in-kjv	
3Macc.3.27		not-in-kjv	
3Macc.3.28		not-in-kjv	
3Macc.3.29		not-in-kjv	
3Macc.3.30		not-in-kjv	
3Macc.4.1		not-in-kjv	
3Macc.4.2		not-in-kjv	
3Macc.4.3		not-in-kjv	
3Macc.4.4		not-in-kjv	
3Macc.4.5		not-in-kjv	
3Macc.4.6		not-in-kjv	
3Macc.4.7		not-in-kjv	
3Macc.4.8		not-in-kjv	
3Macc.4.9		not-in-kjv	
3Macc.4.10		not-in-kjv	
3Macc.4.11		not-in-kjv	
3Macc.4.12		not-in-kjv	
3Macc.4.13		not-in-kjv	
3Macc.4.14		not-in-kjv	
3Macc.4.15		not-in-kjv	
3Macc.4.16		not-in-kjv	
3Macc.4.17		not-in-kjv	
3Macc.4.18		not-in-kjv	
3Macc.4.19		not-in-kjv	
3Macc.4.20		not-in-kjv	
3Macc.4.21		not-in-kjv	
3Macc.5.1		not-in-kjv	
3Macc.5.2		not-in-kjv	
3Macc.5.3		not-in-kjv	
3Macc.5.4		not-in-kjv	
3Macc.5.5		not-in-kjv	
3Macc.5.6		not-in-kjv	
3Macc.5.7		not-in-kjv	
3Macc.5.8		not-in-kjv	
3Macc.5.9		not-in-kjv	
3Macc.5.10		not-in-kjv	
3Macc.5.11		not-in-kjv	
3Macc.5.12		not-in-kjv	
3Macc.5.13		not-in-kjv	
3Macc.5.14		not-in-kjv	
3Macc.5.15		not-in-kjv	
3Macc.5.16		not-in-kjv	
3Macc.5.17		not-in-kjv	
3Macc.5.18		not-in-kjv	
3Macc.5.19		not-in-kjv	
3Macc.5.20		not-in-kjv	
3Macc.5.21		not-in-kjv	
3Macc.5.22		not-in-kjv	
3Macc.5.23		not-in-kjv	
3Macc.5.24		not-in-kjv	
3Macc.5.25		not-in-kjv	
3Macc.5.26		not-in-kjv	
3Macc.5.27		not-in-kjv	
3Macc.5.28		not-in-kjv	
3Macc.5.29		not-in-kjv	
3Macc.5.30		not-in-kjv	
3Macc.5.31		not-in-kjv	
3Macc.5.32		not-in-kjv	
3Macc.5.33		not-in-kjv	
3Macc.5.34		not-in-kjv	
3Macc.5.35		not-in-kjv	
3Macc.5.36		not-in-kjv	
3Macc.5.37		not-in-kjv	
3Macc.5.38		not-in-kjv	
3Macc.5.39		not-in-kjv	
3Macc.5.40		not-in-kjv	
3Macc.5.41		not-in-kjv	
3Macc.5.42		not-in-kjv	
3Macc.5.43		not-in-kjv	
3Macc.5.44		not-in-kjv	
3Macc.5.45		not-in-kjv	
3Macc.5.46		not-in-kjv	
3Macc.5.47		not-in-kjv	
3Macc.5.48		not-in-kjv	
3Macc.5.49		not-in-kjv	
3Macc.5.50		not-in-kjv	
3Macc.5.51		not-in-kjv	
3Macc.6.1		not-in-kjv	
3Macc.6.2		not-in-kjv	
3Macc.6.3		not-in-kjv	
3Macc.6.4		not-in-kjv	
3Macc.6.5		not-in-kjv	
3Macc.6.6		not-in-kjv	
3Macc.6.7		not-in-kjv	
3Macc.6.8		not-in-kjv	
3Macc.6.9		not-in-kjv	
3Macc.6.10		not-in-kjv	
3Macc.6.11		not-in-kjv	
3Macc.6.12		not-in-kjv	
3Macc.6.13		not-in-kjv	
3Macc.6.14		not-in-kjv	
3Macc.6.15		not-in-kjv	
3Macc.6.16		not-in-kjv	
3Macc.6.17		not-in-kjv	
3Macc.6.18		not-in-kjv	
3Macc.6.19		not-in-kjv	
3Macc.6.20		not-in-kjv	
3Macc.6.21		not-in-kjv	
3Macc.6.22		not-in-kjv	
3Macc.6.23		not-in-kjv	
3Macc.6.24		not-in-kjv	
3Macc.6.25		not-in-kjv	
3Macc.6.26		not-in-kjv	
3Macc.6.27		not-in-kjv	
3Macc.6.28		not-in-kjv	
3Macc.6.29		not-in-kjv	
3Macc.6.30		not-in-kjv	
3Macc.6.31		not-in-kjv	
3Macc.6.32		not-in-kjv	
3Macc.6.33		not-in-kjv	
3Macc.6.34		not-in-kjv	
3Macc.6.35		not-in-kjv	
3Macc.6.36		not-in-kjv	
3Macc.6.37		not-in-kjv	
3Macc.6.38		not-in-kjv	
3Macc.6.39		not-in-kjv	
3Macc.6.40		not-in-kjv	
3Macc.6.41		not-in-kjv	
3Macc.7.1		not-in-kjv	
3Macc.7.2		not-in-kjv	
3Macc.7.3		not-in-kjv	
3Macc.7.4		not-in-kjv	
3Macc.7.5		not-in-kjv	
3Macc.7.6		not-in-kjv	
3Macc.7.7		not-in-kjv	
3Macc.7.8		not-in-kjv	
3Macc.7.9		not-in-kjv	
3Macc.7.10		not-in-kjv	
3Macc.7.11		not-in-kjv	
3Macc.7.12		not-in-kjv	
3Macc.7.13		not-in-kjv	
3Macc.7.14		not-in-kjv	
3Macc.7.15		not-in-kjv	
3Macc.7.16		not-in-kjv	
3Macc.7.17		not-in-kjv	
3Macc.7.18		not-in-kjv	
3Macc.7.19		not-in-kjv	
3Macc.7.20		not-in-kjv	
3Macc.7.21		not-in-kjv	
3Macc.7.22		not-in-kjv	
3Macc.7.23		not-in-kjv	
4Macc.1.1		not-in-kjv	
4Macc.1.2		not-in-kjv	
4Macc.1.3		not-in-kjv	
4Macc.1.4		not-in-kjv	
4Macc.1.5		not-in-kjv	
4Macc.1.6		not-in-kjv	
4Macc.1.7		not-in-kjv	
4Macc.1.8		not-in-kjv	
4Macc.1.9		not-in-kjv	
4Macc.1.10		not-in-kjv	
4Macc.1.11		not-in-kjv	
4Macc.1.12		not-in-kjv	
4Macc.1.13		not-in-kjv	
4Macc.1.14		not-in-kjv	
4Macc.1.15		not-in-kjv	
4Macc.1.16		not-in-kjv	
4Macc.1.18		not-in-kjv	
4Macc.1.19		not-in-kjv	
4Macc.1.20		not-in-kjv	
4Macc.1.21		not-in-kjv	
4Macc.1.22		not-in-kjv	
4Macc.1.23		not-in-kjv	
4Macc.1.24		not-in-kjv	
4Macc.1.25		not-in-kjv	
4Macc.1.26		not-in-kjv	
4Macc.1.27		not-in-kjv	
4Macc.1.28		not-in-kjv	
4Macc.1.29		not-in-kjv	
4Macc.1.30		not-in-kjv	
4Macc.1.31		not-in-kjv	
4Macc.1.32		not-in-kjv	
4Macc.1.33		not-in-kjv	
4Macc.1.34		not-in-kjv	
4Macc.1.35		not-in-kjv	
4Macc.2.1		not-in-kjv	
4Macc.2.2		not-in-kjv	
4Macc.2.3		not-in-kjv	
4Macc.2.4		not-in-kjv	
4Macc.2.5		not-in-kjv	
4Macc.2.6		not-in-kjv	
4Macc.2.7		not-in-kjv	
4Macc.2.8		not-in-kjv	
4Macc.2.9		not-in-kjv	
4Macc.2.10		not-in-kjv	
4Macc.2.11		not-in-kjv	
4Macc.2.12		not-in-kjv	
4Macc.2.13		not-in-kjv	
4Macc.2.14		not-in-kjv	
4Macc.2.15		not-in-kjv	
4Macc.2.16		not-in-kjv	
4Macc.2.17		not-in-kjv	
4Macc.2.18		not-in-kjv	
4Macc.2.19		not-in-kjv	
4Macc.2.20		not-in-kjv	
4Macc.2.21		not-in-kjv	
4Macc.2.22		not-in-kjv	
4Macc.2.23		not-in-kjv	
4Macc.2.24		not-in-kjv	
4Macc.3.1		not-in-kjv	
4Macc.3.2		not-in-kjv	
4Macc.3.3		not-in-kjv	
4Macc.3.4		not-in-kjv	
4Macc.3.5		not-in-kjv	
4Macc.3.6		not-in-kjv	
4Macc.3.7		not-in-kjv	
4Macc.3.8		not-in-kjv	
4Macc.3.9		not-in-kjv	
4Macc.3.10		not-in-kjv	
4Macc.3.11		not-in-kjv	
4Macc.3.12		not-in-kjv	
4Macc.3.13		not-in-kjv	
4Macc.3.14		not-in-kjv	
4Macc.3.15		not-in-kjv	
4Macc.3.16		not-in-kjv	
4Macc.3.17		not-in-kjv	
4Macc.3.18		not-in-kjv	
4Macc.3.19		not-in-kjv	
4Macc.3.20		not-in-kjv	
4Macc.3.21		not-in-kjv	
4Macc.4.1		not-in-kjv	
4Macc.4.2		not-in-kjv	
4Macc.4.3		not-in-kjv	
4Macc.4.4		not-in-kjv	
4Macc.4.5		not-in-kjv	
4Macc.4.6		not-in-kjv	
4Macc.4.7		not-in-kjv	
4Macc.4.8		not-in-kjv	
4Macc.4.9		not-in-kjv	
4Macc.4.10		not-in-kjv	
4Macc.4.11		not-in-kjv	
4Macc.4.12		not-in-kjv	
4Macc.4.13		not-in-kjv	
4Macc.4.14		not-in-kjv	
4Macc.4.15		not-in-kjv	
4Macc.4.16		not-in-kjv	
4Macc.4.17		not-in-kjv	
4Macc.4.18		not-in-kjv	
4Macc.4.19		not-in-kjv	
4Macc.4.20		not-in-kjv	
4Macc.4.21		not-in-kjv	
4Macc.4.22		not-in-kjv	
4Macc.4.23		not-in-kjv	
4Macc.4.24		not-in-kjv	
4Macc.4.25		not-in-kjv	
4Macc.4.26		not-in-kjv	
4Macc.5.1		not-in-kjv	
4Macc.5.2		not-in-kjv	
4Macc.5.3		not-in-kjv	
4Macc.5.4		not-in-kjv	
4Macc.5.5		not-in-kjv	
4Macc.5.6		not-in-kjv	
4Macc.5.7		not-in-kjv	
4Macc.5.8		not-in-kjv	
4Macc.5.9		not-in-kjv	
4Macc.5.10		not-in-kjv	
4Macc.5.11		not-in-kjv	
4Macc.5.12		not-in-kjv	
4Macc.5.13		not-in-kjv	
4Macc.5.14		not-in-kjv	
4Macc.5.15		not-in-kjv	
4Macc.5.16		not-in-kjv	
4Macc.5.17		not-in-kjv	
4Macc.5.18		not-in-kjv	
4Macc.5.19		not-in-kjv	
4Macc.5.20		not-in-kjv	
4Macc.5.21		not-in-kjv	
4Macc.5.22		not-in-kjv	
4Macc.5.23		not-in-kjv	
4Macc.5.24		not-in-kjv	
4Macc.5.25		not-in-kjv	
4Macc.5.26		not-in-kjv	
4Macc.5.27		not-in-kjv	
4Macc.5.28		not-in-kjv	
4Macc.5.29		not-in-kjv	
4Macc.5.30		not-in-kjv	
4Macc.5.31		not-in-kjv	
4Macc.5.32		not-in-kjv	
4Macc.5.33		not-in-kjv	
4Macc.5.34		not-in-kjv	
4Macc.5.35		not-in-kjv	
4Macc.5.36		not-in-kjv	
4Macc.5.37		not-in-kjv	
4Macc.5.38		not-in-kjv	
4Macc.6.1		not-in-kjv	
4Macc.6.2		not-in-kjv	
4Macc.6.3		not-in-kjv	
4Macc.6.4		not-in-kjv	
4Macc.6.5		not-in-kjv	
4Macc.6.6		not-in-kjv	
4Macc.6.7		not-in-kjv	
4Macc.6.8		not-in-kjv	
4Macc.6.9		not-in-kjv	
4Macc.6.10		not-in-kjv	
4Macc.6.11		not-in-kjv	
4Macc.6.12		not-in-kjv	
4Macc.6.13		not-in-kjv	
4Macc.6.14		not-in-kjv	
4Macc.6.15		not-in-kjv	
4Macc.6.16		not-in-kjv	
4Macc.6.17		not-in-kjv	
4Macc.6.18		not-in-kjv	
4Macc.6.19		not-in-kjv	
4Macc.6.20		not-in-kjv	
4Macc.6.21		not-in-kjv	
4Macc.6.22		not-in-kjv	
4Macc.6.23		not-in-kjv	
4Macc.6.24		not-in-kjv	
4Macc.6.25		not-in-kjv	
4Macc.6.26		not-in-kjv	
4Macc.6.27		not-in-kjv	
4Macc.6.28		not-in-kjv	
4Macc.6.29		not-in-kjv	
4Macc.6.30		not-in-kjv	
4Macc.6.31		not-in-kjv	
4Macc.6.32		not-in-kjv	
4Macc.6.33		not-in-kjv	
4Macc.6.34		not-in-kjv	
4Macc.6.35s		not-in-kjv	
4Macc.7.1		not-in-kjv	
4Macc.7.2		not-in-kjv	
4Macc.7.3		not-in-kjv	
4Macc.7.4		not-in-kjv	
4Macc.7.5		not-in-kjv	
4Macc.7.6		not-in-kjv	
4Macc.7.7		not-in-kjv	
4Macc.7.8		not-in-kjv	
4Macc.7.9		not-in-kjv	
4Macc.7.10		not-in-kjv	
4Macc.7.11		not-in-kjv	
4Macc.7.12		not-in-kjv	
4Macc.7.13		not-in-kjv	
4Macc.7.14		not-in-kjv	
4Macc.7.15		not-in-kjv	
4Macc.7.16		not-in-kjv	
4Macc.7.18		not-in-kjv	
4Macc.7.19		not-in-kjv	
4Macc.7.20		not-in-kjv	
4Macc.7.21		not-in-kjv	
4Macc.7.22		not-in-kjv	
4Macc.7.23		not-in-kjv	
4Macc.7.24		not-in-kjv	
4Macc.8.1		not-in-kjv	
4Macc.8.2		not-in-kjv	
4Macc.8.3		not-in-kjv	
4Macc.8.4		not-in-kjv	
4Macc.8.5		not-in-kjv	
4Macc.8.6		not-in-kjv	
4Macc.8.7		not-in-kjv	
4Macc.8.8		not-in-kjv	
4Macc.8.9		not-in-kjv	
4Macc.8.10		not-in-kjv	
4Macc.8.11		not-in-kjv	
4Macc.8.12		not-in-kjv	
4Macc.8.13		not-in-kjv	
4Macc.8.14		not-in-kjv	
4Macc.8.15		not-in-kjv	
4Macc.8.16		not-in-kjv	
4Macc.8.17		not-in-kjv	
4Macc.8.18		not-in-kjv	
4Macc.8.19		not-in-kjv	
4Macc.8.20		not-in-kjv	
4Macc.8.21		not-in-kjv	
4Macc.8.22		not-in-kjv	
4Macc.8.23		not-in-kjv	
4Macc.8.24		not-in-kjv	
4Macc.8.25		not-in-kjv	
4Macc.8.26		not-in-kjv	
4Macc.8.27		not-in-kjv	
4Macc.8.28		not-in-kjv	
4Macc.8.29		not-in-kjv	
4Macc.9.1		not-in-kjv	
4Macc.9.2		not-in-kjv	
4Macc.9.3		not-in-kjv	
4Macc.9.4		not-in-kjv	
4Macc.9.5		not-in-kjv	
4Macc.9.6		not-in-kjv	
4Macc.9.7		not-in-kjv	
4Macc.9.8		not-in-kjv	
4Macc.9.9		not-in-kjv	
4Macc.9.10		not-in-kjv	
4Macc.9.11		not-in-kjv	
4Macc.9.12		not-in-kjv	
4Macc.9.13		not-in-kjv	
4Macc.9.14		not-in-kjv	
4Macc.9.15		not-in-kjv	
4Macc.9.16		not-in-kjv	
4Macc.9.17		not-in-kjv	
4Macc.9.18		not-in-kjv	
4Macc.9.19		not-in-kjv	
4Macc.9.20		not-in-kjv	
4Macc.9.21		not-in-kjv	
4Macc.9.22		not-in-kjv	
4Macc.9.23		not-in-kjv	
4Macc.9.24		not-in-kjv	
4Macc.9.25		not-in-kjv	
4Macc.9.26		not-in-kjv	
4Macc.9.27		not-in-kjv	
4Macc.9.28		not-in-kjv	
4Macc.9.29		not-in-kjv	
4Macc.9.30		not-in-kjv	
4Macc.9.31		not-in-kjv	
4Macc.9.32		not-in-kjv	
4Macc.10.1		not-in-kjv	
4Macc.10.2		not-in-kjv	
4Macc.10.3		not-in-kjv	
4Macc.10.4		not-in-kjv	
4Macc.10.5		not-in-kjv	
4Macc.10.6		not-in-kjv	
4Macc.10.7		not-in-kjv	
4Macc.10.8		not-in-kjv	
4Macc.10.9		not-in-kjv	
4Macc.10.10		not-in-kjv	
4Macc.10.11		not-in-kjv	
4Macc.10.12		not-in-kjv	
4Macc.10.13		not-in-kjv	
4Macc.10.14		not-in-kjv	
4Macc.10.15		not-in-kjv	
4Macc.10.16		not-in-kjv	
4Macc.10.17		not-in-kjv	
4Macc.10.18		not-in-kjv	
4Macc.10.19		not-in-kjv	
4Macc.10.20		not-in-kjv	
4Macc.10.21		not-in-kjv	
4Macc.11.1		not-in-kjv	
4Macc.11.2		not-in-kjv	
4Macc.11.3		not-in-kjv	
4Macc.11.4		not-in-kjv	
4Macc.11.5		not-in-kjv	
4Macc.11.6		not-in-kjv	
4Macc.11.7		not-in-kjv	
4Macc.11.8		not-in-kjv	
4Macc.11.9		not-in-kjv	
4Macc.11.10		not-in-kjv	
4Macc.11.11		not-in-kjv	
4Macc.11.12		not-in-kjv	
4Macc.11.13		not-in-kjv	
4Macc.11.14		not-in-kjv	
4Macc.11.15		not-in-kjv	
4Macc.11.16		not-in-kjv	
4Macc.11.17		not-in-kjv	
4Macc.11.18		not-in-kjv	
4Macc.11.19		not-in-kjv	
4Macc.11.20		not-in-kjv	
4Macc.11.21		not-in-kjv	
4Macc.11.22		not-in-kjv	
4Macc.11.23		not-in-kjv	
4Macc.11.24		not-in-kjv	
4Macc.11.25		not-in-kjv	
4Macc.11.26		not-in-kjv	
4Macc.11.27		not-in-kjv	
4Macc.12.1		not-in-kjv	
4Macc.12.2		not-in-kjv	
4Macc.12.3		not-in-kjv	
4Macc.12.4		not-in-kjv	
4Macc.12.5		not-in-kjv	
4Macc.12.6		not-in-kjv	
4Macc.12.7		not-in-kjv	
4Macc.12.8		not-in-kjv	
4Macc.12.9		not-in-kjv	
4Macc.12.10		not-in-kjv	
4Macc.12.11		not-in-kjv	
4Macc.12.12		not-in-kjv	
4Macc.12.13		not-in-kjv	
4Macc.12.14		not-in-kjv	
4Macc.12.15		not-in-kjv	
4Macc.12.16		not-in-kjv	
4Macc.12.17		not-in-kjv	
4Macc.12.18		not-in-kjv	
4Macc.12.19		not-in-kjv	
4Macc.12.20		not-in-kjv	
4Macc.13.1		not-in-kjv	
4Macc.13.2		not-in-kjv	
4Macc.13.3		not-in-kjv	
4Macc.13.4		not-in-kjv	
4Macc.13.5		not-in-kjv	
4Macc.13.6		not-in-kjv	
4Macc.13.7		not-in-kjv	
4Macc.13.8		not-in-kjv	
4Macc.13.9		not-in-kjv	
4Macc.13.10		not-in-kjv	
4Macc.13.11		not-in-kjv	
4Macc.13.12		not-in-kjv	
4Macc.13.13		not-in-kjv	
4Macc.13.14		not-in-kjv	
4Macc.13.15		not-in-kjv	
4Macc.13.16		not-in-kjv	
4Macc.13.17		not-in-kjv	
4Macc.13.18		not-in-kjv	
4Macc.13.19		not-in-kjv	
4Macc.13.20		not-in-kjv	
4Macc.13.21		not-in-kjv	
4Macc.13.22		not-in-kjv	
4Macc.13.23		not-in-kjv	
4Macc.13.24		not-in-kjv	
4Macc.13.25		not-in-kjv	
4Macc.13.26		not-in-kjv	
4Macc.13.27		not-in-kjv	
4Macc.14.1		not-in-kjv	
4Macc.14.2		not-in-kjv	
4Macc.14.3		not-in-kjv	
4Macc.14.4		not-in-kjv	
4Macc.14.5		not-in-kjv	
4Macc.14.6		not-in-kjv	
4Macc.14.7		not-in-kjv	
4Macc.14.8		not-in-kjv	
4Macc.14.9		not-in-kjv	
4Macc.14.10		not-in-kjv	
4Macc.14.11		not-in-kjv	
4Macc.14.12		not-in-kjv	
4Macc.14.13		not-in-kjv	
4Macc.14.14		not-in-kjv	
4Macc.14.15		not-in-kjv	
4Macc.14.16		not-in-kjv	
4Macc.14.17		not-in-kjv	
4Macc.14.18		not-in-kjv	
4Macc.14.19		not-in-kjv	
4Macc.14.20		not-in-kjv	
4Macc.15.1		not-in-kjv	
4Macc.15.3		not-in-kjv	
4Macc.15.4		not-in-kjv	
4Macc.15.5		not-in-kjv	
4Macc.15.6		not-in-kjv	
4Macc.15.7		not-in-kjv	
4Macc.15.8		not-in-kjv	
4Macc.15.9		not-in-kjv	
4Macc.15.10		not-in-kjv	
4Macc.15.11		not-in-kjv	
4Macc.15.12		not-in-kjv	
4Macc.15.13		not-in-kjv	
4Macc.15.14		not-in-kjv	
4Macc.15.15		not-in-kjv	
4Macc.15.16		not-in-kjv	
4Macc.15.17		not-in-kjv	
4Macc.15.18		not-in-kjv	
4Macc.15.19		not-in-kjv	
4Macc.15.20		not-in-kjv	
4Macc.15.21		not-in-kjv	
4Macc.15.22		not-in-kjv	
4Macc.15.23		not-in-kjv	
4Macc.15.24		not-in-kjv	
4Macc.15.25		not-in-kjv	
4Macc.15.26		not-in-kjv	
4Macc.15.27		not-in-kjv	
4Macc.15.28		not-in-kjv	
4Macc.15.29		not-in-kjv	
4Macc.15.30		not-in-kjv	
4Macc.15.31		not-in-kjv	
4Macc.15.32		not-in-kjv	
4Macc.16.1		not-in-kjv	
4Macc.16.2		not-in-kjv	
4Macc.16.3		not-in-kjv	
4Macc.16.4		not-in-kjv	
4Macc.16.5		not-in-kjv	
4Macc.16.6		not-in-kjv	
4Macc.16.7		not-in-kjv	
4Macc.16.8		not-in-kjv	
4Macc.16.9		not-in-kjv	
4Macc.16.10		not-in-kjv	
4Macc.16.11		not-in-kjv	
4Macc.16.12		not-in-kjv	
4Macc.16.13		not-in-kjv	
4Macc.16.14		not-in-kjv	
4Macc.16.15		not-in-kjv	
4Macc.16.16		not-in-kjv	
4Macc.16.17		not-in-kjv	
4Macc.16.18		not-in-kjv	
4Macc.16.19		not-in-kjv	
4Macc.16.20		not-in-kjv	
4Macc.16.21		not-in-kjv	
4Macc.16.22		not-in-kjv	
4Macc.16.23		not-in-kjv	
4Macc.16.24		not-in-kjv	
4Macc.16.25		not-in-kjv	
4Macc.17.1		not-in-kjv	
4Macc.17.2		not-in-kjv	
4Macc.17.3		not-in-kjv	
4Macc.17.4		not-in-kjv	
4Macc.17.5		not-in-kjv	
4Macc.17.6		not-in-kjv	
4Macc.17.7		not-in-kjv	
4Macc.17.8		not-in-kjv	
4Macc.17.9		not-in-kjv	
4Macc.17.10		not-in-kjv	
4Macc.17.11		not-in-kjv	
4Macc.17.12		not-in-kjv	
4Macc.17.13		not-in-kjv	
4Macc.17.14		not-in-kjv	
4Macc.17.15		not-in-kjv	
4Macc.17.16		not-in-kjv	
4Macc.17.17		not-in-kjv	
4Macc.17.18		not-in-kjv	
4Macc.17.19		not-in-kjv	
4Macc.17.20		not-in-kjv	
4Macc.17.21		not-in-kjv	
4Macc.17.22		not-in-kjv	
4Macc.17.23		not-in-kjv	
4Macc.17.24		not-in-kjv	
4Macc.18.1		not-in-kjv	
4Macc.18.2		not-in-kjv	
4Macc.18.3		not-in-kjv	
4Macc.18.4		not-in-kjv	
4Macc.18.5		not-in-kjv	
4Macc.18.6		not-in-kjv	
4Macc.18.7		not-in-kjv	
4Macc.18.8		not-in-kjv	
4Macc.18.9		not-in-kjv	
4Macc.18.10		not-in-kjv	
4Macc.18.11		not-in-kjv	
4Macc.18.12		not-in-kjv	
4Macc.18.13		not-in-kjv	
4Macc.18.14		not-in-kjv	
4Macc.18.15		not-in-kjv	
4Macc.18.16		not-in-kjv	
4Macc.18.17		not-in-kjv	
4Macc.18.18		not-in-kjv	
4Macc.18.19		not-in-kjv	
4Macc.18.20		not-in-kjv	
4Macc.18.21		not-in-kjv	
4Macc.18.22		not-in-kjv	
4Macc.18.23		not-in-kjv	
4Macc.18.24		not-in-kjv	
Ps.1.1	Ps.1.1	same	
Ps.1.2	Ps.1.2	same	
Ps.1.3	Ps.1.3	same	
Ps.1.4	Ps.1.4	same	
Ps.1.5	Ps.1.5	same	
Ps.1.6	Ps.1.6	same	
Ps.2.1	Ps.2.1	same	
Ps.2.2	Ps.2.2	same	
Ps.2.3	Ps.2.3	same	
Ps.2.4	Ps.2.4	same	
Ps.2.5	Ps.2.5	same	
Ps.2.6	Ps.2.6	same	
Ps.2.7	Ps.2.7	same	
Ps.2.8	Ps.2.8	same	
Ps.2.9	Ps.2.9	same	
Ps.2.10	Ps.2.10	same	
Ps.2.11	Ps.2.11	same	
Ps.2.12	Ps.2.12	same	Keep verse
Ps.3.1		title	Renumber title
Ps.3.2	Ps.3.1	renumbered	Renumber verse
Ps.3.3	Ps.3.2	renumbered	Renumber verse
Ps.3.4	Ps.3.3	renumbered	Renumber verse
Ps.3.5	Ps.3.4	renumbered	Renumber verse
Ps.3.6	Ps.3.5	renumbered	Renumber verse
Ps.3.7	Ps.3.6	renumbered	Renumber verse
Ps.3.8	Ps.3.7	renumbered	Renumber verse
Ps.3.9	Ps.3.8	renumbered	Renumber verse
Ps.4.1		title	Renumber title
Ps.4.2	Ps.4.1	renumbered	Renumber verse
Ps.4.3	Ps.4.2	renumbered	Renumber verse
Ps.4.4	Ps.4.3	renumbered	Renumber verse
Ps.4.5	Ps.4.4	renumbered	Renumber verse
Ps.4.6	Ps.4.5	renumbered	Renumber verse
Ps.4.7	Ps.4.6	renumbered	Renumber verse
Ps.4.8	Ps.4.7	renumbered	Renumber verse
Ps.4.9	Ps.4.8	renumbered	Renumber verse
Ps.5.1		title	Renumber title
Ps.5.2	Ps.5.1	renumbered	Renumber verse
Ps.5.3	Ps.5.2	renumbered	Renumber verse
Ps.5.4	Ps.5.3	renumbered	Renumber verse
Ps.5.5	Ps.5.4	renumbered	Renumber verse
Ps.5.6	Ps.5.5	renumbered	Renumber verse
Ps.5.7	Ps.5.6	renumbered	Renumber verse
Ps.5.8	Ps.5.7	renumbered	Renumber verse
Ps.5.9	Ps.5.8	renumbered	Renumber verse
Ps.5.10	Ps.5.9	renumbered	Renumber verse
Ps.5.11	Ps.5.10	renumbered	Renumber verse
Ps.5.12	Ps.5.11	renumbered	Renumber verse
Ps.5.13	Ps.5.12	renumbered	Renumber verse
Ps.6.1		title	Renumber title
Ps.6.2	Ps.6.1	renumbered	Renumber verse
Ps.6.3	Ps.6.2	renumbered	Renumber verse
Ps.6.4	Ps.6.3	renumbered	Renumber verse
Ps.6.5	Ps.6.4	renumbered	Renumber verse
Ps.6.6	Ps.6.5	renumbered	Renumber verse
Ps.6.7	Ps.6.6	renumbered	Renumber verse
Ps.6.8	Ps.6.7	renumbered	Renumber verse
Ps.6.9	Ps.6.8	renumbered	Renumber verse
Ps.6.10	Ps.6.9	renumbered	Renumber verse
Ps.6.11	Ps.6.10	renumbered	Renumber verse
Ps.7.1		title	Renumber title
Ps.7.2	Ps.7.1	renumbered	Renumber verse
Ps.7.3	Ps.7.2	renumbered	Renumber verse
Ps.7.4	Ps.7.3	renumbered	Renumber verse
Ps.7.5	Ps.7.4	renumbered	Renumber verse
Ps.7.6	Ps.7.5	renumbered	Renumber verse
Ps.7.7	Ps.7.6	renumbered	Renumber verse
Ps.7.8	Ps.7.7	renumbered	Renumber verse
Ps.7.9	Ps.7.8	renumbered	Renumber verse
Ps.7.10	Ps.7.9	renumbered	Renumber verse
Ps.7.11	Ps.7.10	renumbered	Renumber verse
Ps.7.12	Ps.7.11	renumbered	Renumber verse
Ps.7.13	Ps.7.12	renumbered	Renumber verse
Ps.7.14	Ps.7.13	renumbered	Renumber verse
Ps.7.15	Ps.7.14	renumbered	Renumber verse
Ps.7.16	Ps.7.15	renumbered	Renumber verse
Ps.7.17	Ps.7.16	renumbered	Renumber verse
Ps.7.18	Ps.7.17	renumbered	Renumber verse
Ps.8.1		title	Renumber title
Ps.8.2	Ps.8.1	renumbered	Renumber verse
Ps.8.3	Ps.8.2	renumbered	Renumber verse
Ps.8.4	Ps.8.3	renumbered	Renumber verse
Ps.8.5	Ps.8.4	renumbered	Renumber verse
Ps.8.6	Ps.8.5	renumbered	Renumber verse
Ps.8.7	Ps.8.6	renumbered	Renumber verse
Ps.8.8	Ps.8.7	renumbered	Renumber verse
Ps.8.9	Ps.8.8	renumbered	Renumber verse
Ps.8.10	Ps.8.9	renumbered	Renumber verse
Ps.9.1		title	Renumber title
Ps.9.2	Ps.9.1	renumbered	Renumber verse
Ps.9.3	Ps.9.2	renumbered	Renumber verse
Ps.9.4	Ps.9.3	renumbered	Renumber verse
Ps.9.5	Ps.9.4	renumbered	Renumber verse
Ps.9.6	Ps.9.5	renumbered	Renumber verse
Ps.9.7	Ps.9.6	renumbered	Renumber verse
Ps.9.8	Ps.9.7	renumbered	Renumber verse
Ps.9.9	Ps.9.8	renumbered	Renumber verse
Ps.9.10	Ps.9.9	renumbered	Renumber verse
Ps.9.11	Ps.9.10	renumbered	Renumber verse
Ps.9.12	Ps.9.11	renumbered	Renumber verse
Ps.9.13	Ps.9.12	renumbered	Renumber verse
Ps.9.14	Ps.9.13	renumbered	Renumber verse
Ps.9.15	Ps.9.14	renumbered	Renumber verse
Ps.9.16	Ps.9.15	renumbered	Renumber verse
Ps.9.17	Ps.9.16	renumbered	Renumber verse
Ps.9.18	Ps.9.17	renumbered	Renumber verse
Ps.9.19	Ps.9.18	renumbered	Renumber verse
Ps.9.20	Ps.9.19	renumbered	Renumber verse
Ps.9.21	Ps.9.20	renumbered	Renumber verse
Ps.9.22	Ps.10.1	renumbered	Renumber verse
Ps.9.23	Ps.10.2	renumbered	Renumber verse
Ps.9.24	Ps.10.3	renumbered	Renumber verse
Ps.9.25	Ps.10.4	renumbered	Renumber verse
Ps.9.26	Ps.10.5	renumbered	Renumber verse
Ps.9.27	Ps.10.6	renumbered	Renumber verse
Ps.9.28	Ps.10.7	renumbered	Renumber verse
Ps.9.29	Ps.10.8	renumbered	Renumber verse
Ps.9.30	Ps.10.9	renumbered	Renumber verse
Ps.9.31	Ps.10.10	renumbered	Renumber verse
Ps.9.32	Ps.10.11	renumbered	Renumber verse
Ps.9.33	Ps.10.12	renumbered	Renumber verse
Ps.9.34	Ps.10.13	renumbered	Renumber verse
Ps.9.35	Ps.10.14	renumbered	Renumber verse
Ps.9.36	Ps.10.15	renumbered	Renumber verse
Ps.9.37	Ps.10.16	renumbered	Renumber verse
Ps.9.38	Ps.10.17	renumbered	Renumber verse
Ps.9.39	Ps.10.18	renumbered	Renumber verse
Ps.10.1	Ps.11.1	renumbered	Renumber verse
Ps.10.2	Ps.11.2	renumbered	Renumber verse
Ps.10.3	Ps.11.3	renumbered	Renumber verse
Ps.10.4	Ps.11.4	renumbered	Renumber verse
Ps.10.5	Ps.11.5	renumbered	Renumber verse
Ps.10.6	Ps.11.6	renumbered	Renumber verse
Ps.10.7	Ps.11.7	renumbered	Renumber verse
Ps.11.1		title	Renumber title
Ps.11.2	Ps.12.1	renumbered	Renumber verse
Ps.11.3	Ps.12.2	renumbered	Renumber verse
Ps.11.4	Ps.12.3	renumbered	Renumber verse
Ps.11.5	Ps.12.4	renumbered	Renumber verse
Ps.11.6	Ps.12.5	renumbered	Renumber verse
Ps.11.7	Ps.12.6	renumbered	Renumber verse
Ps.11.8	Ps.12.7	renumbered	Renumber verse
Ps.11.9	Ps.12.8	renumbered	Renumber verse
Ps.12.1		title	Renumber title (soft)
Ps.12.2	Ps.13.1	renumbered	Renumber verse (soft)
Ps.12.3	Ps.13.2	renumbered	Renumber verse (soft)
Ps.12.4	Ps.13.3	renumbered	Renumber verse (soft)
Ps.12.5	Ps.13.4	renumbered	Renumber verse (soft)
Ps.12.6	Ps.13.5 Ps.13.6	several	Concatenation (soft)
Ps.13.1	Ps.14.1	renumbered	Renumber verse
Ps.13.2	Ps.14.2	renumbered	Renumber verse
Ps.13.3	Ps.14.3	renumbered	Renumber verse
Ps.13.4	Ps.14.4	renumbered	Renumber verse
Ps.13.5	Ps.14.5	renumbered	Renumber verse
Ps.13.6	Ps.14.6	renumbered	Renumber verse
Ps.13.7	Ps.14.7	renumbered	Renumber verse
Ps.14.1	Ps.15.1	renumbered	Renumber verse
Ps.14.2	Ps.15.2	renumbered	Renumber verse
Ps.14.3	Ps.15.3	renumbered	Renumber verse
Ps.14.4	Ps.15.4	renumbered	Renumber verse
Ps.14.5	Ps.15.5	renumbered	Renumber verse
Ps.15.1	Ps.16.1	renumbered	Renumber verse
Ps.15.2	Ps.16.2	renumbered	Renumber verse
Ps.15.3	Ps.16.3	renumbered	Renumber verse
Ps.15.4	Ps.16.4	renumbered	Renumber verse
Ps.15.5	Ps.16.5	renumbered	Renumber verse
Ps.15.6	Ps.16.6	renumbered	Renumber verse
Ps.15.7	Ps.16.7	renumbered	Renumber verse
Ps.15.8	Ps.16.8	renumbered	Renumber verse
Ps.15.9	Ps.16.9	renumbered	Renumber verse
Ps.15.10	Ps.16.10	renumbered	Renumber verse
Ps.15.11	Ps.16.11	renumbered	Renumber verse
Ps.16.1	Ps.17.1	renumbered	Renumber verse
Ps.16.2	Ps.17.2	renumbered	Renumber verse
Ps.16.3	Ps.17.3	renumbered	Renumber verse
Ps.16.4	Ps.17.4	renumbered	Renumber verse
Ps.16.5	Ps.17.5	renumbered	Renumber verse
Ps.16.6	Ps.17.6	renumbered	Renumber verse
Ps.16.7	Ps.17.7	renumbered	Renumber verse
Ps.16.8	Ps.17.8	renumbered	Renumber verse
Ps.16.9	Ps.17.9	renumbered	Renumber verse
Ps.16.10	Ps.17.10	renumbered	Renumber verse
Ps.16.11	Ps.17.11	renumbered	Renumber verse
Ps.16.12	Ps.17.12	renumbered	Renumber verse
Ps.16.13	Ps.17.13	renumbered	Renumber verse
Ps.16.14	Ps.17.14	renumbered	Renumber verse
Ps.16.15	Ps.17.15	renumbered	Renumber verse
Ps.17.1		title	Renumber title
Ps.17.2	Ps.18.1	renumbered	Renumber verse
Ps.17.3	Ps.18.2	renumbered	Renumber verse
Ps.17.4	Ps.18.3	renumbered	Renumber verse
Ps.17.5	Ps.18.4	renumbered	Renumber verse
Ps.17.6	Ps.18.5	renumbered	Renumber verse
Ps.17.7	Ps.18.6	renumbered	Renumber verse
Ps.17.8	Ps.18.7	renumbered	Renumber verse
Ps.17.9	Ps.18.8	renumbered	Renumber verse
Ps.17.10	Ps.18.9	renumbered	Renumber verse
Ps.17.11	Ps.18.10	renumbered	Renumber verse
Ps.17.12	Ps.18.11	renumbered	Renumber verse
Ps.17.13	Ps.18.12	renumbered	Renumber verse
Ps.17.14	Ps.18.13	renumbered	Renumber verse
Ps.17.15	Ps.18.14	renumbered	Renumber verse
Ps.17.16	Ps.18.15	renumbered	Renumber verse
Ps.17.17	Ps.18.16	renumbered	Renumber verse
Ps.17.18	Ps.18.17	renumbered	Renumber verse
Ps.17.19	Ps.18.18	renumbered	Renumber verse
Ps.17.20	Ps.18.19	renumbered	Renumber verse
Ps.17.21	Ps.18.20	renumbered	Renumber verse
Ps.17.22	Ps.18.21	renumbered	Renumber verse
Ps.17.23	Ps.18.22	renumbered	Renumber verse
Ps.17.24	Ps.18.23	renumbered	Renumber verse
Ps.17.25	Ps.18.24	renumbered	Renumber verse
Ps.17.26	Ps.18.25	renumbered	Renumber verse
Ps.17.27	Ps.18.26	renumbered	Renumber verse
Ps.17.28	Ps.18.27	renumbered	Renumber verse
Ps.17.29	Ps.18.28	renumbered	Renumber verse
Ps.17.30	Ps.18.29	renumbered	Renumber verse
Ps.17.31	Ps.18.30	renumbered	Renumber verse
Ps.17.32	Ps.18.31	renumbered	Renumber verse
Ps.17.33	Ps.18.32	renumbered	Renumber verse
Ps.17.34	Ps.18.33	renumbered	Renumber verse
Ps.17.35	Ps.18.34	renumbered	Renumber verse
Ps.17.36	Ps.18.35	renumbered	Renumber verse
Ps.17.37	Ps.18.36	renumbered	Renumber verse
Ps.17.38	Ps.18.37	renumbered	Renumber verse
Ps.17.39	Ps.18.38	renumbered	Renumber verse
Ps.17.40	Ps.18.39	renumbered	Renumber verse
Ps.17.41	Ps.18.40	renumbered	Renumber verse
Ps.17.42	Ps.18.41	renumbered	Renumber verse
Ps.17.43	Ps.18.42	renumbered	Renumber verse
Ps.17.44	Ps.18.43	renumbered	Renumber verse
Ps.17.45	Ps.18.44	renumbered	Renumber verse
Ps.17.46	Ps.18.45	renumbered	Renumber verse
Ps.17.47	Ps.18.46	renumbered	Renumber verse
Ps.17.48	Ps.18.47	renumbered	Renumber verse
Ps.17.49	Ps.18.48	renumbered	Renumber verse
Ps.17.50	Ps.18.49	renumbered	Renumber verse
Ps.17.51	Ps.18.50	renumbered	Renumber verse
Ps.18.1		title	Renumber title
Ps.18.2	Ps.19.1	renumbered	Renumber verse
Ps.18.3	Ps.19.2	renumbered	Renumber verse
Ps.18.4	Ps.19.3	renumbered	Renumber verse
Ps.18.5	Ps.19.4	renumbered	Renumber verse
Ps.18.6	Ps.19.5	renumbered	Renumber verse
Ps.18.7	Ps.19.6	renumbered	Renumber verse
Ps.18.8	Ps.19.7	renumbered	Renumber verse
Ps.18.9	Ps.19.8	renumbered	Renumber verse
Ps.18.10	Ps.19.9	renumbered	Renumber verse
Ps.18.11	Ps.19.10	renumbered	Renumber verse
Ps.18.12	Ps.19.11	renumbered	Renumber verse
Ps.18.13	Ps.19.12	renumbered	Renumber verse
Ps.18.14	Ps.19.13	renumbered	Renumber verse
Ps.18.15	Ps.19.14	renumbered	Renumber verse
Ps.19.1		title	Renumber title
Ps.19.2	Ps.20.1	renumbered	Renumber verse
Ps.19.3	Ps.20.2	renumbered	Renumber verse
Ps.19.4	Ps.20.3	renumbered	Renumber verse
Ps.19.5	Ps.20.4	renumbered	Renumber verse
Ps.19.6	Ps.20.5	renumbered	Renumber verse
Ps.19.7	Ps.20.6	renumbered	Renumber verse
Ps.19.8	Ps.20.7	renumbered	Renumber verse
Ps.19.9	Ps.20.8	renumbered	Renumber verse
Ps.19.10	Ps.20.9	renumbered	Renumber verse
Ps.20.1		title	Renumber title
Ps.20.2	Ps.21.1	renumbered	Renumber verse
Ps.20.3	Ps.21.2	renumbered	Renumber verse
Ps.20.4	Ps.21.3	renumbered	Renumber verse
Ps.20.5	Ps.21.4	renumbered	Renumber verse
Ps.20.6	Ps.21.5	renumbered	Renumber verse
Ps.20.7	Ps.21.6	renumbered	Renumber verse
Ps.20.8	Ps.21.7	renumbered	Renumber verse
Ps.20.9	Ps.21.8	renumbered	Renumber verse
Ps.20.10	Ps.21.9	renumbered	Renumber verse
Ps.20.11	Ps.21.10	renumbered	Renumber verse
Ps.20.12	Ps.21.11	renumbered	Renumber verse
Ps.20.13	Ps.21.12	renumbered	Renumber verse
Ps.20.14	Ps.21.13	renumbered	Renumber verse
Ps.21.1		title	Renumber title
Ps.21.2	Ps.22.1	renumbered	Renumber verse
Ps.21.3	Ps.22.2	renumbered	Renumber verse
Ps.21.4	Ps.22.3	renumbered	Renumber verse
Ps.21.5	Ps.22.4	renumbered	Renumber verse
Ps.21.6	Ps.22.5	renumbered	Renumber verse
Ps.21.7	Ps.22.6	renumbered	Renumber verse
Ps.21.8	Ps.22.7	renumbered	Renumber verse
Ps.21.9	Ps.22.8	renumbered	Renumber verse
Ps.21.10	Ps.22.9	renumbered	Renumber verse
Ps.21.11	Ps.22.10	renumbered	Renumber verse
Ps.21.12	Ps.22.11	renumbered	Renumber verse
Ps.21.13	Ps.22.12	renumbered	Renumber verse
Ps.21.14	Ps.22.13	renumbered	Renumber verse
Ps.21.15	Ps.22.14	renumbered	Renumber verse
Ps.21.16	Ps.22.15	renumbered	Renumber verse
Ps.21.17	Ps.22.16	renumbered	Renumber verse
Ps.21.18	Ps.22.17	renumbered	Renumber verse
Ps.21.19	Ps.22.18	renumbered	Renumber verse
Ps.21.20	Ps.22.19	renumbered	Renumber verse
Ps.21.21	Ps.22.20	renumbered	Renumber verse
Ps.21.22	Ps.22.21	renumbered	Renumber verse
Ps.21.23	Ps.22.22	renumbered	Renumber verse
Ps.21.24	Ps.22.23	renumbered	Renumber verse
Ps.21.25	Ps.22.24	renumbered	Renumber verse
Ps.21.26	Ps.22.25	renumbered	Renumber verse
Ps.21.27	Ps.22.26	renumbered	Renumber verse
Ps.21.28	Ps.22.27	renumbered	Renumber verse
Ps.21.29	Ps.22.28	renumbered	Renumber verse
Ps.21.30	Ps.22.29	renumbered	Renumber verse
Ps.21.31	Ps.22.30	renumbered	Renumber verse
Ps.21.32	Ps.22.31	renumbered	Renumber verse
Ps.22.1	Ps.23.1	renumbered	Renumber verse
Ps.22.2	Ps.23.2	renumbered	Renumber verse
Ps.22.3	Ps.23.3	renumbered	Renumber verse
Ps.22.4	Ps.23.4	renumbered	Renumber verse
Ps.22.5	Ps.23.5	renumbered	Renumber verse
Ps.22.6	Ps.23.6	renumbered	Renumber verse
Ps.23.1	Ps.24.1	renumbered	Renumber verse
Ps.23.2	Ps.24.2	renumbered	Renumber verse
Ps.23.3	Ps.24.3	renumbered	Renumber verse
Ps.23.4	Ps.24.4	renumbered	Renumber verse
Ps.23.5	Ps.24.5	renumbered	Renumber verse
Ps.23.6	Ps.24.6	renumbered	Renumber verse
Ps.23.7	Ps.24.7	renumbered	Renumber verse
Ps.23.8	Ps.24.8	renumbered	Renumber verse
Ps.23.9	Ps.24.9	renumbered	Renumber verse
Ps.23.10	Ps.24.10	renumbered	Renumber verse
Ps.24.1	Ps.25.1	renumbered	Renumber verse
Ps.24.2	Ps.25.2	renumbered	Renumber verse
Ps.24.3	Ps.25.3	renumbered	Renumber verse
Ps.24.4	Ps.25.4	renumbered	Renumber verse
Ps.24.5	Ps.25.5	renumbered	Renumber verse
Ps.24.6	Ps.25.6	renumbered	Renumber verse
Ps.24.7	Ps.25.7	renumbered	Renumber verse
Ps.24.8	Ps.25.8	renumbered	Renumber verse
Ps.24.9	Ps.25.9	renumbered	Renumber verse
Ps.24.10	Ps.25.10	renumbered	Renumber verse
Ps.24.11	Ps.25.11	renumbered	Renumber verse
Ps.24.12	Ps.25.12	renumbered	Renumber verse
Ps.24.13	Ps.25.13	renumbered	Renumber verse
Ps.24.15	Ps.25.15	renumbered	Renumber verse
Ps.24.16	Ps.25.16	renumbered	Renumber verse
Ps.24.17	Ps.25.17	renumbered	Renumber verse
Ps.24.18	Ps.25.18	renumbered	Renumber verse
Ps.24.19	Ps.25.19	renumbered	Renumber verse
Ps.24.20	Ps.25.20	renumbered	Renumber verse
Ps.24.21	Ps.25.21	renumbered	Renumber verse
Ps.24.22	Ps.25.22	renumbered	Renumber verse
Ps.25.1	Ps.26.1	renumbered	Renumber verse
Ps.25.2	Ps.26.2	renumbered	Renumber verse
Ps.25.3	Ps.26.3	renumbered	Renumber verse
Ps.25.4	Ps.26.4	renumbered	Renumber verse
Ps.25.5	Ps.26.5	renumbered	Renumber verse
Ps.25.6	Ps.26.6	renumbered	Renumber verse
Ps.25.7	Ps.26.7	renumbered	Renumber verse
Ps.25.8	Ps.26.8	renumbered	Renumber verse
Ps.25.9	Ps.26.9	renumbered	Renumber verse
Ps.25.10	Ps.26.10	renumbered	Renumber verse
Ps.25.11	Ps.26.11	renumbered	Renumber verse
Ps.25.12	Ps.26.12	renumbered	Renumber verse
Ps.26.1	Ps.27.1	renumbered	Renumber verse
Ps.26.2	Ps.27.2	renumbered	Renumber verse
Ps.26.3	Ps.27.3	renumbered	Renumber verse
Ps.26.4	Ps.27.4	renumbered	Renumber verse
Ps.26.5	Ps.27.5	renumbered	Renumber verse
Ps.26.6	Ps.27.6	renumbered	Renumber verse
Ps.26.7	Ps.27.7	renumbered	Renumber verse
Ps.26.8	Ps.27.8	renumbered	Renumber verse
Ps.26.9	Ps.27.9	renumbered	Renumber verse
Ps.26.10	Ps.27.10	renumbered	Renumber verse
Ps.26.11	Ps.27.11	renumbered	Renumber verse
Ps.26.12	Ps.27.12	renumbered	Renumber verse
Ps.26.13	Ps.27.13	renumbered	Renumber verse
Ps.26.14	Ps.27.14	renumbered	Renumber verse
Ps.27.1	Ps.28.1	renumbered	Renumber verse
Ps.27.2	Ps.28.2	renumbered	Renumber verse
Ps.27.3	Ps.28.3	renumbered	Renumber verse
Ps.27.4	Ps.28.4	renumbered	Renumber verse
Ps.27.5	Ps.28.5	renumbered	Renumber verse
Ps.27.6	Ps.28.6	renumbered	Renumber verse
Ps.27.7	Ps.28.7	renumbered	Renumber verse
Ps.27.8	Ps.28.8	renumbered	Renumber verse
Ps.27.9	Ps.28.9	renumbered	Renumber verse
Ps.28.1	Ps.29.1	renumbered	Renumber verse
Ps.28.2	Ps.29.2	renumbered	Renumber verse
Ps.28.3	Ps.29.3	renumbered	Renumber verse
Ps.28.4	Ps.29.4	renumbered	Renumber verse
Ps.28.5	Ps.29.5	renumbered	Renumber verse
Ps.28.6	Ps.29.6	renumbered	Renumber verse
Ps.28.7	Ps.29.7	renumbered	Renumber verse
Ps.28.8	Ps.29.8	renumbered	Renumber verse
Ps.28.9	Ps.29.9	renumbered	Renumber verse
Ps.28.10	Ps.29.10	renumbered	Renumber verse
Ps.28.11	Ps.29.11	renumbered	Renumber verse
Ps.29.1		title	Renumber title
Ps.29.2	Ps.30.1	renumbered	Renumber verse
Ps.29.3	Ps.30.2	renumbered	Renumber verse
Ps.29.4	Ps.30.3	renumbered	Renumber verse
Ps.29.5	Ps.30.4	renumbered	Renumber verse
Ps.29.6	Ps.30.5	renumbered	Renumber verse
Ps.29.7	Ps.30.6	renumbered	Renumber verse
Ps.29.8	Ps.30.7	renumbered	Renumber verse
Ps.29.9	Ps.30.8	renumbered	Renumber verse
Ps.29.10	Ps.30.9	renumbered	Renumber verse
Ps.29.11	Ps.30.10	renumbered	Renumber verse
Ps.29.12	Ps.30.11	renumbered	Renumber verse
Ps.29.13	Ps.30.12	renumbered	Renumber verse
Ps.30.1		title	Renumber title
Ps.30.2	Ps.31.1	renumbered	Renumber verse
Ps.30.3	Ps.31.2	renumbered	Renumber verse
Ps.30.4	Ps.31.3	renumbered	Renumber verse
Ps.30.5	Ps.31.4	renumbered	Renumber verse
Ps.30.6	Ps.31.5	renumbered	Renumber verse
Ps.30.7	Ps.31.6	renumbered	Renumber verse
Ps.30.8	Ps.31.7	renumbered	Renumber verse
Ps.30.9	Ps.31.8	renumbered	Renumber verse
Ps.30.10	Ps.31.9	renumbered	Renumber verse
Ps.30.11	Ps.31.10	renumbered	Renumber verse
Ps.30.12	Ps.31.11	renumbered	Renumber verse
Ps.30.13	Ps.31.12	renumbered	Renumber verse
Ps.30.14	Ps.31.13	renumbered	Renumber verse
Ps.30.15	Ps.31.14	renumbered	Renumber verse
Ps.30.16	Ps.31.15	renumbered	Renumber verse
Ps.30.17	Ps.31.16	renumbered	Renumber verse
Ps.30.18	Ps.31.17	renumbered	Renumber verse
Ps.30.19	Ps.31.18	renumbered	Renumber verse
Ps.30.20	Ps.31.19	renumbered	Renumber verse
Ps.30.21	Ps.31.20	renumbered	Renumber verse
Ps.30.22	Ps.31.21	renumbered	Renumber verse
Ps.30.23	Ps.31.22	renumbered	Renumber verse
Ps.30.24	Ps.31.23	renumbered	Renumber verse
Ps.30.25	Ps.31.24	renumbered	Renumber verse
Ps.31.1	Ps.32.1	renumbered	Renumber verse
Ps.31.2	Ps.32.2	renumbered	Renumber verse
Ps.31.3	Ps.32.3	renumbered	Renumber verse
Ps.31.4	Ps.32.4	renumbered	Renumber verse
Ps.31.5	Ps.32.5	renumbered	Renumber verse
Ps.31.6	Ps.32.6	renumbered	Renumber verse
Ps.31.7	Ps.32.7	renumbered	Renumber verse
Ps.31.8	Ps.32.8	renumbered	Renumber verse
Ps.31.9	Ps.32.9	renumbered	Renumber verse
Ps.31.10	Ps.32.10	renumbered	Renumber verse
Ps.31.11	Ps.32.11	renumbered	Renumber verse
Ps.32.1	Ps.33.1	renumbered	Renumber verse
Ps.32.2	Ps.33.2	renumbered	Renumber verse
Ps.32.3	Ps.33.3	renumbered	Renumber verse
Ps.32.4	Ps.33.4	renumbered	Renumber verse
Ps.32.5	Ps.33.5	renumbered	Renumber verse
Ps.32.6	Ps.33.6	renumbered	Renumber verse
Ps.32.7	Ps.33.7	renumbered	Renumber verse
Ps.32.8	Ps.33.8	renumbered	Renumber verse
Ps.32.9	Ps.33.9	renumbered	Renumber verse
Ps.32.10	Ps.33.10	renumbered	Renumber verse
Ps.32.11	Ps.33.11	renumbered	Renumber verse
Ps.32.12	Ps.33.12	renumbered	Renumber verse
Ps.32.13	Ps.33.13	renumbered	Renumber verse
Ps.32.14	Ps.33.14	renumbered	Renumber verse
Ps.32.15	Ps.33.15	renumbered	Renumber verse
Ps.32.16	Ps.33.16	renumbered	Renumber verse
Ps.32.17	Ps.33.17	renumbered	Renumber verse
Ps.32.18	Ps.33.18	renumbered	Renumber verse
Ps.32.19	Ps.33.19	renumbered	Renumber verse
Ps.32.20	Ps.33.20	renumbered	Renumber verse
Ps.32.21	Ps.33.21	renumbered	Renumber verse
Ps.32.22	Ps.33.22	renumbered	Renumber verse
Ps.33.1		title	Renumber title
Ps.33.2	Ps.34.1	renumbered	Renumber verse
Ps.33.3	Ps.34.2	renumbered	Renumber verse
Ps.33.4	Ps.34.3	renumbered	Renumber verse
Ps.33.5	Ps.34.4	renumbered	Renumber verse
Ps.33.6	Ps.34.5	renumbered	Renumber verse
Ps.33.7	Ps.34.6	renumbered	Renumber verse
Ps.33.8	Ps.34.7	renumbered	Renumber verse
Ps.33.9	Ps.34.8	renumbered	Renumber verse
Ps.33.10	Ps.34.9	renumbered	Renumber verse
Ps.33.11	Ps.34.10	renumbered	Renumber verse
Ps.33.12	Ps.34.11	renumbered	Renumber verse
Ps.33.13	Ps.34.12	renumbered	Renumber verse
Ps.33.14	Ps.34.13	renumbered	Renumber verse
Ps.33.15	Ps.34.14	renumbered	Renumber verse
Ps.33.16	Ps.34.15	renumbered	Renumber verse
Ps.33.17	Ps.34.16	renumbered	Renumber verse
Ps.33.18	Ps.34.17	renumbered	Renumber verse
Ps.33.19	Ps.34.18	renumbered	Renumber verse
Ps.33.20	Ps.34.19	renumbered	Renumber verse
Ps.33.21	Ps.34.20	renumbered	Renumber verse
Ps.33.22	Ps.34.21	renumbered	Renumber verse
Ps.33.23	Ps.34.22	renumbered	Renumber verse
Ps.34.1	Ps.35.1	renumbered	Renumber verse
Ps.34.2	Ps.35.2	renumbered	Renumber verse
Ps.34.3	Ps.35.3	renumbered	Renumber verse
Ps.34.4	Ps.35.4	renumbered	Renumber verse
Ps.34.5	Ps.35.5	renumbered	Renumber verse
Ps.34.6	Ps.35.6	renumbered	Renumber verse
Ps.34.7	Ps.35.7	renumbered	Renumber verse
Ps.34.8	Ps.35.8	renumbered	Renumber verse
Ps.34.9	Ps.35.9	renumbered	Renumber verse
Ps.34.10	Ps.35.10	renumbered	Renumber verse
Ps.34.11	Ps.35.11	renumbered	Renumber verse
Ps.34.12	Ps.35.12	renumbered	Renumber verse
Ps.34.13	Ps.35.13	renumbered	Renumber verse
Ps.34.14	Ps.35.14	renumbered	Renumber verse
Ps.34.15	Ps.35.15	renumbered	Renumber verse
Ps.34.16	Ps.35.16	renumbered	Renumber verse
Ps.34.17	Ps.35.17	renumbered	Renumber verse
Ps.34.18	Ps.35.18	renumbered	Renumber verse
Ps.34.19	Ps.35.19	renumbered	Renumber verse
Ps.34.20	Ps.35.20	renumbered	Renumber verse
Ps.34.21	Ps.35.21	renumbered	Renumber verse
Ps.34.22	Ps.35.22	renumbered	Renumber verse
Ps.34.23	Ps.35.23	renumbered	Renumber verse
Ps.34.24	Ps.35.24	renumbered	Renumber verse
Ps.34.25	Ps.35.25	renumbered	Renumber verse
Ps.34.26	Ps.35.26	renumbered	Renumber verse
Ps.34.27	Ps.35.27	renumbered	Renumber verse
Ps.34.28	Ps.35.28	renumbered	Renumber verse
Ps.35.1		title	Renumber title
Ps.35.2	Ps.36.1	renumbered	Renumber verse
Ps.35.3	Ps.36.2	renumbered	Renumber verse
Ps.35.4	Ps.36.3	renumbered	Renumber verse
Ps.35.5	Ps.36.4	renumbered	Renumber verse
Ps.35.6	Ps.36.5	renumbered	Renumber verse
Ps.35.7	Ps.36.6	renumbered	Renumber verse
Ps.35.8	Ps.36.7	renumbered	Renumber verse
Ps.35.9	Ps.36.8	renumbered	Renumber verse
Ps.35.10	Ps.36.9	renumbered	Renumber verse
Ps.35.11	Ps.36.10	renumbered	Renumber verse
Ps.35.12	Ps.36.11	renumbered	Renumber verse
Ps.35.13	Ps.36.12	renumbered	Renumber verse
Ps.36.1	Ps.37.1	renumbered	Renumber verse
Ps.36.2	Ps.37.2	renumbered	Renumber verse
Ps.36.3	Ps.37.3	renumbered	Renumber verse
Ps.36.4	Ps.37.4	renumbered	Renumber verse
Ps.36.5	Ps.37.5	renumbered	Renumber verse
Ps.36.6	Ps.37.6	renumbered	Renumber verse
Ps.36.7	Ps.37.7	renumbered	Renumber verse
Ps.36.8	Ps.37.8	renumbered	Renumber verse
Ps.36.9	Ps.37.9	renumbered	Renumber verse
Ps.36.10	Ps.37.10	renumbered	Renumber verse
Ps.36.11	Ps.37.11	renumbered	Renumber verse
Ps.36.12	Ps.37.12	renumbered	Renumber verse
Ps.36.13	Ps.37.13	renumbered	Renumber verse
Ps.36.14	Ps.37.14	renumbered	Renumber verse
Ps.36.15	Ps.37.15	renumbered	Renumber verse
Ps.36.16	Ps.37.16	renumbered	Renumber verse
Ps.36.17	Ps.37.17	renumbered	Renumber verse
Ps.36.18	Ps.37.18	renumbered	Renumber verse
Ps.36.19	Ps.37.19	renumbered	Renumber verse
Ps.36.20	Ps.37.20	renumbered	Renumber verse
Ps.36.21	Ps.37.21	renumbered	Renumber verse
Ps.36.22	Ps.37.22	renumbered	Renumber verse
Ps.36.23	Ps.37.23	renumbered	Renumber verse
Ps.36.24	Ps.37.24	renumbered	Renumber verse
Ps.36.25	Ps.37.25	renumbered	Renumber verse
Ps.36.26	Ps.37.26	renumbered	Renumber verse
Ps.36.27	Ps.37.27	renumbered	Renumber verse
Ps.36.28	Ps.37.28	renumbered	Renumber verse
Ps.36.29	Ps.37.29	renumbered	Renumber verse
Ps.36.30	Ps.37.30	renumbered	Renumber verse
Ps.36.31	Ps.37.31	renumbered	Renumber verse
Ps.36.32	Ps.37.32	renumbered	Renumber verse
Ps.36.33	Ps.37.33	renumbered	Renumber verse
Ps.36.34	Ps.37.34	renumbered	Renumber verse
Ps.36.35	Ps.37.35	renumbered	Renumber verse
Ps.36.36	Ps.37.36	renumbered	Renumber verse
Ps.36.37	Ps.37.37	renumbered	Renumber verse
Ps.36.38	Ps.37.38	renumbered	Renumber verse
Ps.36.39	Ps.37.39	renumbered	Renumber verse
Ps.36.40	Ps.37.40	renumbered	Renumber verse
Ps.37.1		title	Renumber title
Ps.37.2	Ps.38.1	renumbered	Renumber verse
Ps.37.3	Ps.38.2	renumbered	Renumber verse
Ps.37.4	Ps.38.3	renumbered	Renumber verse
Ps.37.5	Ps.38.4	renumbered	Renumber verse
Ps.37.6	Ps.38.5	renumbered	Renumber verse
Ps.37.7	Ps.38.6	renumbered	Renumber verse
Ps.37.8	Ps.38.7	renumbered	Renumber verse
Ps.37.9	Ps.38.8	renumbered	Renumber verse
Ps.37.10	Ps.38.9	renumbered	Renumber verse
Ps.37.11	Ps.38.10	renumbered	Renumber verse
Ps.37.12	Ps.38.11	renumbered	Renumber verse
Ps.37.13	Ps.38.12	renumbered	Renumber verse
Ps.37.14	Ps.38.13	renumbered	Renumber verse
Ps.37.15	Ps.38.14	renumbered	Renumber verse
Ps.37.16	Ps.38.15	renumbered	Renumber verse
Ps.37.17	Ps.38.16	renumbered	Renumber verse
Ps.37.18	Ps.38.17	renumbered	Renumber verse
Ps.37.19	Ps.38.18	renumbered	Renumber verse
Ps.37.20	Ps.38.19	renumbered	Renumber verse
Ps.37.21	Ps.38.20	renumbered	Renumber verse
Ps.37.22	Ps.38.21	renumbered	Renumber verse
Ps.37.23	Ps.38.22	renumbered	Renumber verse
Ps.38.1		title	Renumber title
Ps.38.2	Ps.39.1	renumbered	Renumber verse
Ps.38.3	Ps.39.2	renumbered	Renumber verse
Ps.38.4	Ps.39.3	renumbered	Renumber verse
Ps.38.5	Ps.39.4	renumbered	Renumber verse
Ps.38.6	Ps.39.5	renumbered	Renumber verse
Ps.38.7	Ps.39.6	renumbered	Renumber verse
Ps.38.8	Ps.39.7	renumbered	Renumber verse
Ps.38.9	Ps.39.8	renumbered	Renumber verse
Ps.38.10	Ps.39.9	renumbered	Renumber verse
Ps.38.11	Ps.39.10	renumbered	Renumber verse
Ps.38.12	Ps.39.11	renumbered	Renumber verse
Ps.38.13	Ps.39.12	renumbered	Renumber verse
Ps.38.14	Ps.39.13	renumbered	Renumber verse
Ps.39.1		title	Renumber title
Ps.39.2	Ps.40.1	renumbered	Renumber verse
Ps.39.3	Ps.40.2	renumbered	Renumber verse
Ps.39.4	Ps.40.3	renumbered	Renumber verse
Ps.39.5	Ps.40.4	renumbered	Renumber verse
Ps.39.6	Ps.40.5	renumbered	Renumber verse
Ps.39.7	Ps.40.6	renumbered	Renumber verse
Ps.39.8	Ps.40.7	renumbered	Renumber verse
Ps.39.9	Ps.40.8	renumbered	Renumber verse
Ps.39.10	Ps.40.9	renumbered	Renumber verse
Ps.39.11	Ps.40.10	renumbered	Renumber verse
Ps.39.12	Ps.40.11	renumbered	Renumber verse
Ps.39.13	Ps.40.12	renumbered	Renumber verse
Ps.39.14	Ps.40.13	renumbered	Renumber verse
Ps.39.15	Ps.40.14	renumbered	Renumber verse
Ps.39.16	Ps.40.15	renumbered	Renumber verse
Ps.39.17	Ps.40.16	renumbered	Renumber verse
Ps.39.18	Ps.40.17	renumbered	Renumber verse
Ps.40.1		title	Renumber title
Ps.40.2	Ps.41.1	renumbered	Renumber verse
Ps.40.3	Ps.41.2	renumbered	Renumber verse
Ps.40.4	Ps.41.3	renumbered	Renumber verse
Ps.40.5	Ps.41.4	renumbered	Renumber verse
Ps.40.6	Ps.41.5	renumbered	Renumber verse
Ps.40.7	Ps.41.6	renumbered	Renumber verse
Ps.40.8	Ps.41.7	renumbered	Renumber verse
Ps.40.9	Ps.41.8	renumbered	Renumber verse
Ps.40.10	Ps.41.9	renumbered	Renumber verse
Ps.40.11	Ps.41.10	renumbered	Renumber verse
Ps.40.12	Ps.41.11	renumbered	Renumber verse
Ps.40.13	Ps.41.12	renumbered	Renumber verse
Ps.40.14	Ps.41.13	renumbered	Renumber verse
Ps.41.1		title	Renumber title
Ps.41.2	Ps.42.1	renumbered	Renumber verse
Ps.41.3	Ps.42.2	renumbered	Renumber verse
Ps.41.4	Ps.42.3	renumbered	Renumber verse
Ps.41.5	Ps.42.4	renumbered	Renumber verse
Ps.41.6	Ps.42.5	renumbered	Renumber verse
Ps.41.7	Ps.42.6	renumbered	Renumber verse
Ps.41.8	Ps.42.7	renumbered	Renumber verse
Ps.41.9	Ps.42.8	renumbered	Renumber verse
Ps.41.10	Ps.42.9	renumbered	Renumber verse
Ps.41.11	Ps.42.10	renumbered	Renumber verse
Ps.41.12	Ps.42.11	renumbered	Renumber verse
Ps.42.1	Ps.43.1	renumbered	Renumber verse
Ps.42.2	Ps.43.2	renumbered	Renumber verse
Ps.42.3	Ps.43.3	renumbered	Renumber verse
Ps.42.4	Ps.43.4	renumbered	Renumber verse
Ps.42.5	Ps.43.5	renumbered	Renumber verse
Ps.43.1		title	Renumber title
Ps.43.2	Ps.44.1	renumbered	Renumber verse
Ps.43.3	Ps.44.2	renumbered	Renumber verse
Ps.43.4	Ps.44.3	renumbered	Renumber verse
Ps.43.5	Ps.44.4	renumbered	Renumber verse
Ps.43.6	Ps.44.5	renumbered	Renumber verse
Ps.43.7	Ps.44.6	renumbered	Renumber verse
Ps.43.9	Ps.44.8	renumbered	Renumber verse
Ps.43.10	Ps.44.9	renumbered	Renumber verse
Ps.43.11	Ps.44.10	renumbered	Renumber verse
Ps.43.12	Ps.44.11	renumbered	Renumber verse
Ps.43.13	Ps.44.12	renumbered	Renumber verse
Ps.43.14	Ps.44.13	renumbered	Renumber verse
Ps.43.15	Ps.44.14	renumbered	Renumber verse
Ps.43.16	Ps.44.15	renumbered	Renumber verse
Ps.43.17	Ps.44.16	renumbered	Renumber verse
Ps.43.18	Ps.44.17	renumbered	Renumber verse
Ps.43.19	Ps.44.18	renumbered	Renumber verse
Ps.43.20	Ps.44.19	renumbered	Renumber verse
Ps.43.21	Ps.44.20	renumbered	Renumber verse
Ps.43.22	Ps.44.21	renumbered	Renumber verse
Ps.43.23	Ps.44.22	renumbered	Renumber verse
Ps.43.24	Ps.44.23	renumbered	Renumber verse
Ps.43.25	Ps.44.24	renumbered	Renumber verse
Ps.43.26	Ps.44.25	renumbered	Renumber verse
Ps.43.27	Ps.44.26	renumbered	Renumber verse
Ps.44.1		title	Renumber title
Ps.44.2	Ps.45.1	renumbered	Renumber verse
Ps.44.3	Ps.45.2	renumbered	Renumber verse
Ps.44.4	Ps.45.3	renumbered	Renumber verse
Ps.44.5	Ps.45.4	renumbered	Renumber verse
Ps.44.6	Ps.45.5	renumbered	Renumber verse
Ps.44.7	Ps.45.6	renumbered	Renumber verse
Ps.44.8	Ps.45.7	renumbered	Renumber verse
Ps.44.9	Ps.45.8	renumbered	Renumber verse
Ps.44.10	Ps.45.9	renumbered	Renumber verse
Ps.44.11	Ps.45.10	renumbered	Renumber verse
Ps.44.12	Ps.45.11	renumbered	Renumber verse
Ps.44.13	Ps.45.12	renumbered	Renumber verse
Ps.44.14	Ps.45.13	renumbered	Renumber verse
Ps.44.15	Ps.45.14	renumbered	Renumber verse
Ps.44.16	Ps.45.15	renumbered	Renumber verse
Ps.44.17	Ps.45.16	renumbered	Renumber verse
Ps.44.18	Ps.45.17	renumbered	Renumber verse
Ps.45.1		title	Renumber title
Ps.45.2	Ps.46.1	renumbered	Renumber verse
Ps.45.3	Ps.46.2	renumbered	Renumber verse
Ps.45.4	Ps.46.3	renumbered	Renumber verse
Ps.45.5	Ps.46.4	renumbered	Renumber verse
Ps.45.6	Ps.46.5	renumbered	Renumber verse
Ps.45.7	Ps.46.6	renumbered	Renumber verse
Ps.45.8	Ps.46.7	renumbered	Renumber verse
Ps.45.9	Ps.46.8	renumbered	Renumber verse
Ps.45.10	Ps.46.9	renumbered	Renumber verse
Ps.45.11	Ps.46.10	renumbered	Renumber verse
Ps.45.12	Ps.46.11	renumbered	Renumber verse
Ps.46.1		title	Renumber title
Ps.46.2	Ps.47.1	renumbered	Renumber verse
Ps.46.3	Ps.47.2	renumbered	Renumber verse
Ps.46.4	Ps.47.3	renumbered	Renumber verse
Ps.46.5	Ps.47.4	renumbered	Renumber verse
Ps.46.6	Ps.47.5	renumbered	Renumber verse
Ps.46.7	Ps.47.6	renumbered	Renumber verse
Ps.46.8	Ps.47.7	renumbered	Renumber verse
Ps.46.9	Ps.47.8	renumbered	Renumber verse
Ps.46.10	Ps.47.9	renumbered	Renumber verse
Ps.47.1		title	Renumber title
Ps.47.2	Ps.48.1	renumbered	Renumber verse
Ps.47.3	Ps.48.2	renumbered	Renumber verse
Ps.47.4	Ps.48.3	renumbered	Renumber verse
Ps.47.5	Ps.48.4	renumbered	Renumber verse
Ps.47.6	Ps.48.5	renumbered	Renumber verse
Ps.47.8	Ps.48.7	renumbered	Renumber verse
Ps.47.9	Ps.48.8	renumbered	Renumber verse
Ps.47.10	Ps.48.9	renumbered	Renumber verse
Ps.47.11	Ps.48.10	renumbered	Renumber verse
Ps.47.12	Ps.48.11	renumbered	Renumber verse
Ps.47.13	Ps.48.12	renumbered	Renumber verse
Ps.47.14	Ps.48.13	renumbered	Renumber verse
Ps.47.15	Ps.48.14	renumbered	Renumber verse
Ps.48.1		title	Renumber title
Ps.48.2	Ps.49.1	renumbered	Renumber verse
Ps.48.3	Ps.49.2	renumbered	Renumber verse
Ps.48.4	Ps.49.3	renumbered	Renumber verse
Ps.48.5	Ps.49.4	renumbered	Renumber verse
Ps.48.6	Ps.49.5	renumbered	Renumber verse
Ps.48.7	Ps.49.6	renumbered	Renumber verse
Ps.48.8	Ps.49.7	renumbered	Renumber verse
Ps.48.9	Ps.49.8	renumbered	Renumber verse
Ps.48.10	Ps.49.9	renumbered	Renumber verse
Ps.48.11	Ps.49.10	renumbered	Renumber verse
Ps.48.12	Ps.49.11	renumbered	Renumber verse
Ps.48.13	Ps.49.12	renumbered	Renumber verse
Ps.48.14	Ps.49.13	renumbered	Renumber verse
Ps.48.15	Ps.49.14	renumbered	Renumber verse
Ps.48.16	Ps.49.15	renumbered	Renumber verse
Ps.48.17	Ps.49.16	renumbered	Renumber verse
Ps.48.18	Ps.49.17	renumbered	Renumber verse
Ps.48.19	Ps.49.18	renumbered	Renumber verse
Ps.48.20	Ps.49.19	renumbered	Renumber verse
Ps.48.21	Ps.49.20	renumbered	Renumber verse
Ps.49.1	Ps.50.1	renumbered	Renumber verse
Ps.49.2	Ps.50.2	renumbered	Renumber verse
Ps.49.3	Ps.50.3	renumbered	Renumber verse
Ps.49.4	Ps.50.4	renumbered	Renumber verse
Ps.49.5	Ps.50.5	renumbered	Renumber verse
Ps.49.6	Ps.50.6	renumbered	Renumber verse
Ps.49.7	Ps.50.7	renumbered	Renumber verse
Ps.49.8	Ps.50.8	renumbered	Renumber verse
Ps.49.9	Ps.50.9	renumbered	Renumber verse
Ps.49.10	Ps.50.10	renumbered	Renumber verse
Ps.49.11	Ps.50.11	renumbered	Renumber verse
Ps.49.12	Ps.50.12	renumbered	Renumber verse
Ps.49.13	Ps.50.13	renumbered	Renumber verse
Ps.49.14	Ps.50.14	renumbered	Renumber verse
Ps.49.15	Ps.50.15	renumbered	Renumber verse
Ps.49.16	Ps.50.16	renumbered	Renumber verse
Ps.49.17	Ps.50.17	renumbered	Renumber verse
Ps.49.18	Ps.50.18	renumbered	Renumber verse
Ps.49.19	Ps.50.19	renumbered	Renumber verse
Ps.49.20	Ps.50.20	renumbered	Renumber verse
Ps.49.21	Ps.50.21	renumbered	Renumber verse
Ps.49.22	Ps.50.22	renumbered	Renumber verse
Ps.49.23	Ps.50.23	renumbered	Renumber verse
Ps.50.1		title	Renumber title
Ps.50.2		title	Renumber title
Ps.50.3	Ps.51.1	renumbered	Renumber verse
Ps.50.4	Ps.51.2	renumbered	Renumber verse
Ps.50.5	Ps.51.3	renumbered	Renumber verse
Ps.50.6	Ps.51.4	renumbered	Renumber verse
Ps.50.7	Ps.51.5	renumbered	Renumber verse
Ps.50.8	Ps.51.6	renumbered	Renumber verse
Ps.50.9	Ps.51.7	renumbered	Renumber verse
Ps.50.10	Ps.51.8	renumbered	Renumber verse
Ps.50.11	Ps.51.9	renumbered	Renumber verse
Ps.50.12	Ps.51.10	renumbered	Renumber verse
Ps.50.13	Ps.51.11	renumbered	Renumber verse
Ps.50.14	Ps.51.12	renumbered	Renumber verse
Ps.50.15	Ps.51.13	renumbered	Renumber verse
Ps.50.16	Ps.51.14	renumbered	Renumber verse
Ps.50.17	Ps.51.15	renumbered	Renumber verse
Ps.50.18	Ps.51.16	renumbered	Renumber verse
Ps.50.19	Ps.51.17	renumbered	Renumber verse
Ps.50.20	Ps.51.18	renumbered	Renumber verse
Ps.50.21	Ps.51.19	renumbered	Renumber verse
Ps.51.1		title	Renumber title
Ps.51.2		title	Renumber title
Ps.51.3	Ps.52.1	renumbered	Renumber verse
Ps.51.4	Ps.52.2	renumbered	Renumber verse
Ps.51.5	Ps.52.3	renumbered	Renumber verse
Ps.51.6	Ps.52.4	renumbered	Renumber verse
Ps.51.7	Ps.52.5	renumbered	Renumber verse
Ps.51.8	Ps.52.6	renumbered	Renumber verse
Ps.51.9	Ps.52.7	renumbered	Renumber verse
Ps.51.10	Ps.52.8	renumbered	Renumber verse
Ps.51.11	Ps.52.9	renumbered	Renumber verse
Ps.52.1		title	Renumber title
Ps.52.2	Ps.53.1	renumbered	Renumber verse
Ps.52.3	Ps.53.2	renumbered	Renumber verse
Ps.52.4	Ps.53.3	renumbered	Renumber verse
Ps.52.5	Ps.53.4	renumbered	Renumber verse
Ps.52.6	Ps.53.5	renumbered	Renumber verse
Ps.52.7	Ps.53.6	renumbered	Renumber verse
Ps.53.1		title	Renumber title
Ps.53.2		title	Renumber title
Ps.53.3	Ps.54.1	renumbered	Renumber verse
Ps.53.4	Ps.54.2	renumbered	Renumber verse
Ps.53.5	Ps.54.3	renumbered	Renumber verse
Ps.53.6	Ps.54.4	renumbered	Renumber verse
Ps.53.7	Ps.54.5	renumbered	Renumber verse
Ps.53.8	Ps.54.6	renumbered	Renumber verse
Ps.53.9	Ps.54.7	renumbered	Renumber verse
Ps.54.1		title	Renumber title
Ps.54.2	Ps.55.1	renumbered	Renumber verse
Ps.54.3	Ps.55.2	renumbered	Renumber verse
Ps.54.4	Ps.55.3	renumbered	Renumber verse
Ps.54.5	Ps.55.4	renumbered	Renumber verse
Ps.54.7	Ps.55.6	renumbered	Renumber verse
Ps.54.8	Ps.55.7	renumbered	Renumber verse
Ps.54.9	Ps.55.8	renumbered	Renumber verse
Ps.54.10	Ps.55.9	renumbered	Renumber verse
Ps.54.11	Ps.55.10	renumbered	Renumber verse
Ps.54.12	Ps.55.11	renumbered	Renumber verse
Ps.54.13	Ps.55.12	renumbered	Renumber verse
Ps.54.14	Ps.55.13	renumbered	Renumber verse
Ps.54.15	Ps.55.14	renumbered	Renumber verse
Ps.54.16	Ps.55.15	renumbered	Renumber verse
Ps.54.17	Ps.55.16	renumbered	Renumber verse
Ps.54.18	Ps.55.17	renumbered	Renumber verse
Ps.54.19	Ps.55.18	renumbered	Renumber verse
Ps.54.20	Ps.55.19	renumbered	Renumber verse
Ps.54.21	Ps.55.20	renumbered	Renumber verse
Ps.54.22	Ps.55.21	renumbered	Renumber verse
Ps.54.23	Ps.55.22	renumbered	Renumber verse
Ps.54.24	Ps.55.23	renumbered	Renumber verse
Ps.55.1		title	Renumber title
Ps.55.2	Ps.56.1	renumbered	Renumber verse
Ps.55.3	Ps.56.2	renumbered	Renumber verse
Ps.55.4	Ps.56.3	renumbered	Renumber verse
Ps.55.5	Ps.56.4	renumbered	Renumber verse
Ps.55.6	Ps.56.5	renumbered	Renumber verse
Ps.55.7	Ps.56.6	renumbered	Renumber verse
Ps.55.8	Ps.56.7	renumbered	Renumber verse
Ps.55.9	Ps.56.8	renumbered	Renumber verse
Ps.55.10	Ps.56.9	renumbered	Renumber verse
Ps.55.11	Ps.56.10	renumbered	Renumber verse
Ps.55.12	Ps.56.11	renumbered	Renumber verse
Ps.55.13	Ps.56.12	renumbered	Renumber verse
Ps.55.14	Ps.56.13	renumbered	Renumber verse
Ps.56.1		title	Renumber title
Ps.56.2	Ps.57.1	renumbered	Renumber verse
Ps.56.3	Ps.57.2	renumbered	Renumber verse
Ps.56.4	Ps.57.3	renumbered	Renumber verse
Ps.56.5	Ps.57.4	renumbered	Renumber verse
Ps.56.6	Ps.57.5	renumbered	Renumber verse
Ps.56.7	Ps.57.6	renumbered	Renumber verse
Ps.56.8	Ps.57.7	renumbered	Renumber verse
Ps.56.9	Ps.57.8	renumbered	Renumber verse
Ps.56.10	Ps.57.9	renumbered	Renumber verse
Ps.56.11	Ps.57.10	renumbered	Renumber verse
Ps.56.12	Ps.57.11	renumbered	Renumber verse
Ps.57.1		title	Renumber title
Ps.57.2	Ps.58.1	renumbered	Renumber verse
Ps.57.3	Ps.58.2	renumbered	Renumber verse
Ps.57.4	Ps.58.3	renumbered	Renumber verse
Ps.57.5	Ps.58.4	renumbered	Renumber verse
Ps.57.6	Ps.58.5	renumbered	Renumber verse
Ps.57.7	Ps.58.6	renumbered	Renumber verse
Ps.57.8	Ps.58.7	renumbered	Renumber verse
Ps.57.9	Ps.58.8	renumbered	Renumber verse
Ps.57.10	Ps.58.9	renumbered	Renumber verse
Ps.57.11	Ps.58.10	renumbered	Renumber verse
Ps.57.12	Ps.58.11	renumbered	Renumber verse
Ps.58.1		title	Renumber title
Ps.58.2	Ps.59.1	renumbered	Renumber verse
Ps.58.3	Ps.59.2	renumbered	Renumber verse
Ps.58.4	Ps.59.3	renumbered	Renumber verse
Ps.58.5	Ps.59.4	renumbered	Renumber verse
Ps.58.6	Ps.59.5	renumbered	Renumber verse
Ps.58.7	Ps.59.6	renumbered	Renumber verse
Ps.58.8	Ps.59.7	renumbered	Renumber verse
Ps.58.9	Ps.59.8	renumbered	Renumber verse
Ps.58.10	Ps.59.9	renumbered	Renumber verse
Ps.58.11	Ps.59.10	renumbered	Renumber verse
Ps.58.12	Ps.59.11	renumbered	Renumber verse
Ps.58.13	Ps.59.12	renumbered	Renumber verse
Ps.58.14	Ps.59.13	renumbered	Renumber verse
Ps.58.15	Ps.59.14	renumbered	Renumber verse
Ps.58.16	Ps.59.15	renumbered	Renumber verse
Ps.58.17	Ps.59.16	renumbered	Renumber verse
Ps.58.18	Ps.59.17	renumbered	Renumber verse
Ps.59.1		title	Renumber title
Ps.59.2		title	Renumber title
Ps.59.3	Ps.60.1	renumbered	Renumber verse
Ps.59.4	Ps.60.2	renumbered	Renumber verse
Ps.59.5	Ps.60.3	renumbered	Renumber verse
Ps.59.6	Ps.60.4	renumbered	Renumber verse
Ps.59.7	Ps.60.5	renumbered	Renumber verse
Ps.59.8	Ps.60.6	renumbered	Renumber verse
Ps.59.9	Ps.60.7	renumbered	Renumber verse
Ps.59.10	Ps.60.8	renumbered	Renumber verse
Ps.59.11	Ps.60.9	renumbered	Renumber verse
Ps.59.12	Ps.60.10	renumbered	Renumber verse
Ps.59.13	Ps.60.11	renumbered	Renumber verse
Ps.59.14	Ps.60.12	renumbered	Renumber verse
Ps.60.1		title	Renumber title
Ps.60.2	Ps.61.1	renumbered	Renumber verse
Ps.60.3	Ps.61.2	renumbered	Renumber verse
Ps.60.4	Ps.61.3	renumbered	Renumber verse
Ps.60.5	Ps.61.4	renumbered	Renumber verse
Ps.60.6	Ps.61.5	renumbered	Renumber verse
Ps.60.7	Ps.61.6	renumbered	Renumber verse
Ps.60.8	Ps.61.7	renumbered	Renumber verse
Ps.60.9	Ps.61.8	renumbered	Renumber verse
Ps.61.1		title	Renumber title
Ps.61.2	Ps.62.1	renumbered	Renumber verse
Ps.61.3	Ps.62.2	renumbered	Renumber verse
Ps.61.4	Ps.62.3	renumbered	Renumber verse
Ps.61.5	Ps.62.4	renumbered	Renumber verse
Ps.61.6	Ps.62.5	renumbered	Renumber verse
Ps.61.7	Ps.62.6	renumbered	Renumber verse
Ps.61.8	Ps.62.7	renumbered	Renumber verse
Ps.61.9	Ps.62.8	renumbered	Renumber verse
Ps.61.10	Ps.62.9	renumbered	Renumber verse
Ps.61.11	Ps.62.10	renumbered	Renumber verse
Ps.61.12	Ps.62.11	renumbered	Renumber verse
Ps.61.13	Ps.62.12	renumbered	Renumber verse
Ps.62.1		title	Renumber title
Ps.62.2	Ps.63.1	renumbered	Renumber verse
Ps.62.3	Ps.63.2	renumbered	Renumber verse
Ps.62.4	Ps.63.3	renumbered	Renumber verse
Ps.62.5	Ps.63.4	renumbered	Renumber verse
Ps.62.6	Ps.63.5	renumbered	Renumber verse
Ps.62.7	Ps.63.6	renumbered	Renumber verse
Ps.62.8	Ps.63.7	renumbered	Renumber verse
Ps.62.9	Ps.63.8	renumbered	Renumber verse
Ps.62.10	Ps.63.9	renumbered	Renumber verse
Ps.62.11	Ps.63.10	renumbered	Renumber verse
Ps.62.12	Ps.63.11	renumbered	Renumber verse
Ps.63.1		title	Renumber title
Ps.63.2	Ps.64.1	renumbered	Renumber verse
Ps.63.4	Ps.64.3	renumbered	Renumber verse
Ps.63.5	Ps.64.4	renumbered	Renumber verse
Ps.63.6	Ps.64.5	renumbered	Renumber verse
Ps.63.7	Ps.64.6	renumbered	Renumber verse
Ps.63.8	Ps.64.7	renumbered	Renumber verse
Ps.63.9	Ps.64.8	renumbered	Renumber verse
Ps.63.10	Ps.64.9	renumbered	Renumber verse
Ps.63.11	Ps.64.10	renumbered	Renumber verse
Ps.64.1		title	Renumber title
Ps.64.2	Ps.65.1	renumbered	Renumber verse
Ps.64.3	Ps.65.2	renumbered	Renumber verse
Ps.64.4	Ps.65.3	renumbered	Renumber verse
Ps.64.5	Ps.65.4	renumbered	Renumber verse
Ps.64.6	Ps.65.5	renumbered	Renumber verse
Ps.64.7	Ps.65.6	renumbered	Renumber verse
Ps.64.8	Ps.65.7	renumbered	Renumber verse
Ps.64.9	Ps.65.8	renumbered	Renumber verse
Ps.64.10	Ps.65.9	renumbered	Renumber verse
Ps.64.11	Ps.65.10	renumbered	Renumber verse
Ps.64.12	Ps.65.11	renumbered	Renumber verse
Ps.64.13	Ps.65.12	renumbered	Renumber verse
Ps.64.14	Ps.65.13	renumbered	Renumber verse
Ps.65.1	Ps.66.1	renumbered	Renumber verse
Ps.65.2	Ps.66.2	renumbered	Renumber verse
Ps.65.3	Ps.66.3	renumbered	Renumber verse
Ps.65.4	Ps.66.4	renumbered	Renumber verse
Ps.65.5	Ps.66.5	renumbered	Renumber verse
Ps.65.6	Ps.66.6	renumbered	Renumber verse
Ps.65.7	Ps.66.7	renumbered	Renumber verse
Ps.65.8	Ps.66.8	renumbered	Renumber verse
Ps.65.9	Ps.66.9	renumbered	Renumber verse
Ps.65.10	Ps.66.10	renumbered	Renumber verse
Ps.65.11	Ps.66.11	renumbered	Renumber verse
Ps.65.12	Ps.66.12	renumbered	Renumber verse
Ps.65.13	Ps.66.13	renumbered	Renumber verse
Ps.65.14	Ps.66.14	renumbered	Renumber verse
Ps.65.15	Ps.66.15	renumbered	Renumber verse
Ps.65.16	Ps.66.16	renumbered	Renumber verse
Ps.65.17	Ps.66.17	renumbered	Renumber verse
Ps.65.18	Ps.66.18	renumbered	Renumber verse
Ps.65.19	Ps.66.19	renumbered	Renumber verse
Ps.65.20	Ps.66.20	renumbered	Renumber verse
Ps.66.1		title	Renumber title
Ps.66.2	Ps.67.1	renumbered	Renumber verse
Ps.66.3	Ps.67.2	renumbered	Renumber verse
Ps.66.4	Ps.67.3	renumbered	Renumber verse
Ps.66.5	Ps.67.4	renumbered	Renumber verse
Ps.66.6	Ps.67.5	renumbered	Renumber verse
Ps.66.7	Ps.67.6	renumbered	Renumber verse
Ps.66.8	Ps.67.7	renumbered	Renumber verse
Ps.67.1		title	Renumber title
Ps.67.2	Ps.68.1	renumbered	Renumber verse
Ps.67.3	Ps.68.2	renumbered	Renumber verse
Ps.67.4	Ps.68.3	renumbered	Renumber verse
Ps.67.5	Ps.68.4	renumbered	Renumber verse
Ps.67.6	Ps.68.5	renumbered	Renumber verse
Ps.67.7	Ps.68.6	renumbered	Renumber verse
Ps.67.8	Ps.68.7	renumbered	Renumber verse
Ps.67.9	Ps.68.8	renumbered	Renumber verse
Ps.67.10	Ps.68.9	renumbered	Renumber verse
Ps.67.11	Ps.68.10	renumbered	Renumber verse
Ps.67.12	Ps.68.11	renumbered	Renumber verse
Ps.67.13	Ps.68.12	renumbered	Renumber verse
Ps.67.14	Ps.68.13	renumbered	Renumber verse
Ps.67.15	Ps.68.14	renumbered	Renumber verse
Ps.67.16	Ps.68.15	renumbered	Renumber verse
Ps.67.17	Ps.68.16	renumbered	Renumber verse
Ps.67.18	Ps.68.17	renumbered	Renumber verse
Ps.67.19	Ps.68.18	renumbered	Renumber verse
Ps.67.20	Ps.68.19	renumbered	Renumber verse
Ps.67.21	Ps.68.20	renumbered	Renumber verse
Ps.67.22	Ps.68.21	renumbered	Renumber verse
Ps.67.23	Ps.68.22	renumbered	Renumber verse
Ps.67.24	Ps.68.23	renumbered	Renumber verse
Ps.67.25	Ps.68.24	renumbered	Renumber verse
Ps.67.26	Ps.68.25	renumbered	Renumber verse
Ps.67.27	Ps.68.26	renumbered	Renumber verse
Ps.67.28	Ps.68.27	renumbered	Renumber verse
Ps.67.29	Ps.68.28	renumbered	Renumber verse
Ps.67.30	Ps.68.29	renumbered	Renumber verse
Ps.67.31	Ps.68.30	renumbered	Renumber verse
Ps.67.32	Ps.68.31	renumbered	Renumber verse
Ps.67.33	Ps.68.32	renumbered	Renumber verse
Ps.67.34	Ps.68.33	renumbered	Renumber verse
Ps.67.35	Ps.68.34	renumbered	Renumber verse
Ps.67.36	Ps.68.35	renumbered	Renumber verse
Ps.68.1		title	Renumber title
Ps.68.2	Ps.69.1	renumbered	Renumber verse
Ps.68.3	Ps.69.2	renumbered	Renumber verse
Ps.68.4	Ps.69.3	renumbered	Renumber verse
Ps.68.5	Ps.69.4	renumbered	Renumber verse
Ps.68.6	Ps.69.5	renumbered	Renumber verse
Ps.68.7	Ps.69.6	renumbered	Renumber verse
Ps.68.8	Ps.69.7	renumbered	Renumber verse
Ps.68.9	Ps.69.8	renumbered	Renumber verse
Ps.68.10	Ps.69.9	renumbered	Renumber verse
Ps.68.11	Ps.69.10	renumbered	Renumber verse
Ps.68.12	Ps.69.11	renumbered	Renumber verse
Ps.68.13	Ps.69.12	renumbered	Renumber verse
Ps.68.14	Ps.69.13	renumbered	Renumber verse
Ps.68.15	Ps.69.14	renumbered	Renumber verse
Ps.68.16	Ps.69.15	renumbered	Renumber verse
Ps.68.17	Ps.69.16	renumbered	Renumber verse
Ps.68.18	Ps.69.17	renumbered	Renumber verse
Ps.68.19	Ps.69.18	renumbered	Renumber verse
Ps.68.20	Ps.69.19	renumbered	Renumber verse
Ps.68.21	Ps.69.20	renumbered	Renumber verse
Ps.68.22	Ps.69.21	renumbered	Renumber verse
Ps.68.23	Ps.69.22	renumbered	Renumber verse
Ps.68.24	Ps.69.23	renumbered	Renumber verse
Ps.68.25	Ps.69.24	renumbered	Renumber verse
Ps.68.26	Ps.69.25	renumbered	Renumber verse
Ps.68.27	Ps.69.26	renumbered	Renumber verse
Ps.68.28	Ps.69.27	renumbered	Renumber verse
Ps.68.29	Ps.69.28	renumbered	Renumber verse
Ps.68.30	Ps.69.29	renumbered	Renumber verse
Ps.68.31	Ps.69.30	renumbered	Renumber verse
Ps.68.32	Ps.69.31	renumbered	Renumber verse
Ps.68.33	Ps.69.32	renumbered	Renumber verse
Ps.68.34	Ps.69.33	renumbered	Renumber verse
Ps.68.35	Ps.69.34	renumbered	Renumber verse
Ps.68.36	Ps.69.35	renumbered	Renumber verse
Ps.68.37	Ps.69.36	renumbered	Renumber verse
Ps.69.1		title	Renumber title
Ps.69.2	Ps.70.1	renumbered	Renumber verse
Ps.69.3	Ps.70.2	renumbered	Renumber verse
Ps.69.4	Ps.70.3	renumbered	Renumber verse
Ps.69.5	Ps.70.4	renumbered	Renumber verse
Ps.69.6	Ps.70.5	renumbered	Renumber verse
Ps.70.1	Ps.71.1	renumbered	Renumber verse
Ps.70.2	Ps.71.2	renumbered	Renumber verse
Ps.70.3	Ps.71.3	renumbered	Renumber verse
Ps.70.4	Ps.71.4	renumbered	Renumber verse
Ps.70.5	Ps.71.5	renumbered	Renumber verse
Ps.70.6	Ps.71.6	renumbered	Renumber verse
Ps.70.7	Ps.71.7	renumbered	Renumber verse
Ps.70.8	Ps.71.8	renumbered	Renumber verse
Ps.70.9	Ps.71.9	renumbered	Renumber verse
Ps.70.10	Ps.71.10	renumbered	Renumber verse
Ps.70.11	Ps.71.11	renumbered	Renumber verse
Ps.70.12	Ps.71.12	renumbered	Renumber verse
Ps.70.13	Ps.71.13	renumbered	Renumber verse
Ps.70.14	Ps.71.14	renumbered	Renumber verse
Ps.70.15	Ps.71.15	renumbered	Renumber verse
Ps.70.16	Ps.71.16	renumbered	Renumber verse
Ps.70.17	Ps.71.17	renumbered	Renumber verse
Ps.70.18	Ps.71.18	renumbered	Renumber verse
Ps.70.19	Ps.71.19	renumbered	Renumber verse
Ps.70.20	Ps.71.20	renumbered	Renumber verse
Ps.70.21	Ps.71.21	renumbered	Renumber verse
Ps.70.22	Ps.71.22	renumbered	Renumber verse
Ps.70.23	Ps.71.23	renumbered	Renumber verse
Ps.70.24	Ps.71.24	renumbered	Renumber verse
Ps.71.1	Ps.72.1	renumbered	Renumber verse
Ps.71.2	Ps.72.2	renumbered	Renumber verse
Ps.71.3	Ps.72.3	renumbered	Renumber verse
Ps.71.4	Ps.72.4	renumbered	Renumber verse
Ps.71.5	Ps.72.5	renumbered	Renumber verse
Ps.71.6	Ps.72.6	renumbered	Renumber verse
Ps.71.7	Ps.72.7	renumbered	Renumber verse
Ps.71.8	Ps.72.8	renumbered	Renumber verse
Ps.71.9	Ps.72.9	renumbered	Renumber verse
Ps.71.10	Ps.72.10	renumbered	Renumber verse
Ps.71.11	Ps.72.11	renumbered	Renumber verse
Ps.71.12	Ps.72.12	renumbered	Renumber verse
Ps.71.13	Ps.72.13	renumbered	Renumber verse
Ps.71.14	Ps.72.14	renumbered	Renumber verse
Ps.71.15	Ps.72.15	renumbered	Renumber verse
Ps.71.16	Ps.72.16	renumbered	Renumber verse
Ps.71.17	Ps.72.17	renumbered	Renumber verse
Ps.71.18	Ps.72.18	renumbered	Renumber verse
Ps.71.19	Ps.72.19	renumbered	Renumber verse
Ps.71.20	Ps.72.20	renumbered	Renumber verse
Ps.72.1	Ps.73.1	renumbered	Renumber verse
Ps.72.2	Ps.73.2	renumbered	Renumber verse
Ps.72.3	Ps.73.3	renumbered	Renumber verse
Ps.72.4	Ps.73.4	renumbered	Renumber verse
Ps.72.5	Ps.73.5	renumbered	Renumber verse
Ps.72.6	Ps.73.6	renumbered	Renumber verse
Ps.72.7	Ps.73.7	renumbered	Renumber verse
Ps.72.8	Ps.73.8	renumbered	Renumber verse
Ps.72.9	Ps.73.9	renumbered	Renumber verse
Ps.72.10	Ps.73.10	renumbered	Renumber verse
Ps.72.11	Ps.73.11	renumbered	Renumber verse
Ps.72.12	Ps.73.12	renumbered	Renumber verse
Ps.72.13	Ps.73.13	renumbered	Renumber verse
Ps.72.14	Ps.73.14	renumbered	Renumber verse
Ps.72.15	Ps.73.15	renumbered	Renumber verse
Ps.72.16	Ps.73.16	renumbered	Renumber verse
Ps.72.17	Ps.73.17	renumbered	Renumber verse
Ps.72.18	Ps.73.18	renumbered	Renumber verse
Ps.72.19	Ps.73.19	renumbered	Renumber verse
Ps.72.20	Ps.73.20	renumbered	Renumber verse
Ps.72.21	Ps.73.21	renumbered	Renumber verse
Ps.72.22	Ps.73.22	renumbered	Renumber verse
Ps.72.23	Ps.73.23	renumbered	Renumber verse
Ps.72.24	Ps.73.24	renumbered	Renumber verse
Ps.72.25	Ps.73.25	renumbered	Renumber verse
Ps.72.26	Ps.73.26	renumbered	Renumber verse
Ps.72.27	Ps.73.27	renumbered	Renumber verse
Ps.72.28	Ps.73.28	renumbered	Renumber verse
Ps.73.1	Ps.74.1	renumbered	Renumber verse
Ps.73.2	Ps.74.2	renumbered	Renumber verse
Ps.73.3	Ps.74.3	renumbered	Renumber verse
Ps.73.4	Ps.74.4	renumbered	Renumber verse
Ps.73.5	Ps.74.5	renumbered	Renumber verse
Ps.73.6	Ps.74.6	renumbered	Renumber verse
Ps.73.7	Ps.74.7	renumbered	Renumber verse
Ps.73.8	Ps.74.8	renumbered	Renumber verse
Ps.73.9	Ps.74.9	renumbered	Renumber verse
Ps.73.10	Ps.74.10	renumbered	Renumber verse
Ps.73.11	Ps.74.11	renumbered	Renumber verse
Ps.73.12	Ps.74.12	renumbered	Renumber verse
Ps.73.13	Ps.74.13	renumbered	Renumber verse
Ps.73.14	Ps.74.14	renumbered	Renumber verse
Ps.73.15	Ps.74.15	renumbered	Renumber verse
Ps.73.16	Ps.74.16	renumbered	Renumber verse
Ps.73.17	Ps.74.17	renumbered	Renumber verse
Ps.73.18	Ps.74.18	renumbered	Renumber verse
Ps.73.19	Ps.74.19	renumbered	Renumber verse
Ps.73.20	Ps.74.20	renumbered	Renumber verse
Ps.73.21	Ps.74.21	renumbered	Renumber verse
Ps.73.22	Ps.74.22	renumbered	Renumber verse
Ps.73.23	Ps.74.23	renumbered	Renumber verse
Ps.74.1		title	Renumber title
Ps.74.2	Ps.75.1	renumbered	Renumber verse
Ps.74.3	Ps.75.2	renumbered	Renumber verse
Ps.74.4	Ps.75.3	renumbered	Renumber verse
Ps.74.5	Ps.75.4	renumbered	Renumber verse
Ps.74.6	Ps.75.5	renumbered	Renumber verse
Ps.74.7	Ps.75.6	renumbered	Renumber verse
Ps.74.8	Ps.75.7	renumbered	Renumber verse
Ps.74.9	Ps.75.8	renumbered	Renumber verse
Ps.74.10	Ps.75.9	renumbered	Renumber verse
Ps.74.11	Ps.75.10	renumbered	Renumber verse
Ps.75.1		title	Renumber title
Ps.75.2	Ps.76.1	renumbered	Renumber verse
Ps.75.3	Ps.76.2	renumbered	Renumber verse
Ps.75.4	Ps.76.3	renumbered	Renumber verse
Ps.75.5	Ps.76.4	renumbered	Renumber verse
Ps.75.6	Ps.76.5	renumbered	Renumber verse
Ps.75.7	Ps.76.6	renumbered	Renumber verse
Ps.75.8	Ps.76.7	renumbered	Renumber verse
Ps.75.9	Ps.76.8	renumbered	Renumber verse
Ps.75.10	Ps.76.9	renumbered	Renumber verse
Ps.75.11	Ps.76.10	renumbered	Renumber verse
Ps.75.12	Ps.76.11	renumbered	Renumber verse
Ps.75.13	Ps.76.12	renumbered	Renumber verse
Ps.76.1		title	Renumber title
Ps.76.2	Ps.77.1	renumbered	Renumber verse
Ps.76.3	Ps.77.2	renumbered	Renumber verse
Ps.76.4	Ps.77.3	renumbered	Renumber verse
Ps.76.5	Ps.77.4	renumbered	Renumber verse
Ps.76.6	Ps.77.5	renumbered	Renumber verse
Ps.76.7	Ps.77.6	renumbered	Renumber verse
Ps.76.8	Ps.77.7	renumbered	Renumber verse
Ps.76.9	Ps.77.8	renumbered	Renumber verse
Ps.76.10	Ps.77.9	renumbered	Renumber verse
Ps.76.11	Ps.77.10	renumbered	Renumber verse
Ps.76.12	Ps.77.11	renumbered	Renumber verse
Ps.76.13	Ps.77.12	renumbered	Renumber verse
Ps.76.14	Ps.77.13	renumbered	Renumber verse
Ps.76.15	Ps.77.14	renumbered	Renumber verse
Ps.76.16	Ps.77.15	renumbered	Renumber verse
Ps.76.17	Ps.77.16	renumbered	Renumber verse
Ps.76.18	Ps.77.17	renumbered	Renumber verse
Ps.76.19	Ps.77.18	renumbered	Renumber verse
Ps.76.20	Ps.77.19	renumbered	Renumber verse
Ps.76.21	Ps.77.20	renumbered	Renumber verse
Ps.77.1	Ps.78.1	renumbered	Renumber verse
Ps.77.2	Ps.78.2	renumbered	Renumber verse
Ps.77.3	Ps.78.3	renumbered	Renumber verse
Ps.77.4	Ps.78.4	renumbered	Renumber verse
Ps.77.5	Ps.78.5	renumbered	Renumber verse
Ps.77.6	Ps.78.6	renumbered	Renumber verse
Ps.77.7	Ps.78.7	renumbered	Renumber verse
Ps.77.8	Ps.78.8	renumbered	Renumber verse
Ps.77.9	Ps.78.9	renumbered	Renumber verse
Ps.77.10	Ps.78.10	renumbered	Renumber verse
Ps.77.11	Ps.78.11	renumbered	Renumber verse
Ps.77.12	Ps.78.12	renumbered	Renumber verse
Ps.77.13	Ps.78.13	renumbered	Renumber verse
Ps.77.14	Ps.78.14	renumbered	Renumber verse
Ps.77.15	Ps.78.15	renumbered	Renumber verse
Ps.77.16	Ps.78.16	renumbered	Renumber verse
Ps.77.17	Ps.78.17	renumbered	Renumber verse
Ps.77.18	Ps.78.18	renumbered	Renumber verse
Ps.77.19	Ps.78.19	renumbered	Renumber verse
Ps.77.20	Ps.78.20	renumbered	Renumber verse
Ps.77.21	Ps.78.21	renumbered	Renumber verse
Ps.77.22	Ps.78.22	renumbered	Renumber verse
Ps.77.23	Ps.78.23	renumbered	Renumber verse
Ps.77.24	Ps.78.24	renumbered	Renumber verse
Ps.77.25	Ps.78.25	renumbered	Renumber verse
Ps.77.26	Ps.78.26	renumbered	Renumber verse
Ps.77.27	Ps.78.27	renumbered	Renumber verse
Ps.77.28	Ps.78.28	renumbered	Renumber verse
Ps.77.29	Ps.78.29	renumbered	Renumber verse
Ps.77.30	Ps.78.30	renumbered	Renumber verse
Ps.77.31	Ps.78.31	renumbered	Renumber verse
Ps.77.32	Ps.78.32	renumbered	Renumber verse
Ps.77.33	Ps.78.33	renumbered	Renumber verse
Ps.77.34	Ps.78.34	renumbered	Renumber verse
Ps.77.35	Ps.78.35	renumbered	Renumber verse
Ps.77.36	Ps.78.36	renumbered	Renumber verse
Ps.77.37	Ps.78.37	renumbered	Renumber verse
Ps.77.38	Ps.78.38	renumbered	Renumber verse
Ps.77.39	Ps.78.39	renumbered	Renumber verse
Ps.77.40	Ps.78.40	renumbered	Renumber verse
Ps.77.41	Ps.78.41	renumbered	Renumber verse
Ps.77.42	Ps.78.42	renumbered	Renumber verse
Ps.77.43	Ps.78.43	renumbered	Renumber verse
Ps.77.44	Ps.78.44	renumbered	Renumber verse
Ps.77.45	Ps.78.45	renumbered	Renumber verse
Ps.77.46	Ps.78.46	renumbered	Renumber verse
Ps.77.47	Ps.78.47	renumbered	Renumber verse
Ps.77.48	Ps.78.48	renumbered	Renumber verse
Ps.77.49	Ps.78.49	renumbered	Renumber verse
Ps.77.50	Ps.78.50	renumbered	Renumber verse
Ps.77.51	Ps.78.51	renumbered	Renumber verse
Ps.77.52	Ps.78.52	renumbered	Renumber verse
Ps.77.53	Ps.78.53	renumbered	Renumber verse
Ps.77.54	Ps.78.54	renumbered	Renumber verse
Ps.77.55	Ps.78.55	renumbered	Renumber verse
Ps.77.56	Ps.78.56	renumbered	Renumber verse
Ps.77.57	Ps.78.57	renumbered	Renumber verse
Ps.77.58	Ps.78.58	renumbered	Renumber verse
Ps.77.59	Ps.78.59	renumbered	Renumber verse
Ps.77.60	Ps.78.60	renumbered	Renumber verse
Ps.77.61	Ps.78.61	renumbered	Renumber verse
Ps.77.62	Ps.78.62	renumbered	Renumber verse
Ps.77.63	Ps.78.63	renumbered	Renumber verse
Ps.77.64	Ps.78.64	renumbered	Renumber verse
Ps.77.65	Ps.78.65	renumbered	Renumber verse
Ps.77.66	Ps.78.66	renumbered	Renumber verse
Ps.77.67	Ps.78.67	renumbered	Renumber verse
Ps.77.68	Ps.78.68	renumbered	Renumber verse
Ps.77.69	Ps.78.69	renumbered	Renumber verse
Ps.77.70	Ps.78.70	renumbered	Renumber verse
Ps.77.71	Ps.78.71	renumbered	Renumber verse
Ps.77.72	Ps.78.72	renumbered	Renumber verse
Ps.78.1	Ps.79.1	renumbered	Renumber verse
Ps.78.2	Ps.79.2	renumbered	Renumber verse
Ps.78.3	Ps.79.3	renumbered	Renumber verse
Ps.78.4	Ps.79.4	renumbered	Renumber verse
Ps.78.5	Ps.79.5	renumbered	Renumber verse
Ps.78.6	Ps.79.6	renumbered	Renumber verse
Ps.78.7	Ps.79.7	renumbered	Renumber verse
Ps.78.8	Ps.79.8	renumbered	Renumber verse
Ps.78.9	Ps.79.9	renumbered	Renumber verse
Ps.78.10	Ps.79.10	renumbered	Renumber verse
Ps.78.11	Ps.79.11	renumbered	Renumber verse
Ps.78.12	Ps.79.12	renumbered	Renumber verse
Ps.78.13	Ps.79.13	renumbered	Renumber verse
Ps.79.1		title	Renumber title
Ps.79.2	Ps.80.1	renumbered	Renumber verse
Ps.79.3	Ps.80.2	renumbered	Renumber verse
Ps.79.4	Ps.80.3	renumbered	Renumber verse
Ps.79.5	Ps.80.4	renumbered	Renumber verse
Ps.79.6	Ps.80.5	renumbered	Renumber verse
Ps.79.7	Ps.80.6	renumbered	Renumber verse
Ps.79.8	Ps.80.7	renumbered	Renumber verse
Ps.79.9	Ps.80.8	renumbered	Renumber verse
Ps.79.10	Ps.80.9	renumbered	Renumber verse
Ps.79.11	Ps.80.10	renumbered	Renumber verse
Ps.79.12	Ps.80.11	renumbered	Renumber verse
Ps.79.13	Ps.80.12	renumbered	Renumber verse
Ps.79.14	Ps.80.13	renumbered	Renumber verse
Ps.79.15	Ps.80.14	renumbered	Renumber verse
Ps.79.16	Ps.80.15	renumbered	Renumber verse
Ps.79.17	Ps.80.16	renumbered	Renumber verse
Ps.79.18	Ps.80.17	renumbered	Renumber verse
Ps.79.19	Ps.80.18	renumbered	Renumber verse
Ps.79.20	Ps.80.19	renumbered	Renumber verse
Ps.80.1		title	Renumber title
Ps.80.2	Ps.81.1	renumbered	Renumber verse
Ps.80.3	Ps.81.2	renumbered	Renumber verse
Ps.80.4	Ps.81.3	renumbered	Renumber verse
Ps.80.5	Ps.81.4	renumbered	Renumber verse
Ps.80.6	Ps.81.5	renumbered	Renumber verse
Ps.80.7	Ps.81.6	renumbered	Renumber verse
Ps.80.8	Ps.81.7	renumbered	Renumber verse
Ps.80.9	Ps.81.8	renumbered	Renumber verse
Ps.80.10	Ps.81.9	renumbered	Renumber verse
Ps.80.11	Ps.81.10	renumbered	Renumber verse
Ps.80.12	Ps.81.11	renumbered	Renumber verse
Ps.80.13	Ps.81.12	renumbered	Renumber verse
Ps.80.14	Ps.81.13	renumbered	Renumber verse
Ps.80.15	Ps.81.14	renumbered	Renumber verse
Ps.80.16	Ps.81.15	renumbered	Renumber verse
Ps.80.17	Ps.81.16	renumbered	Renumber verse
Ps.81.1	Ps.82.1	renumbered	Renumber verse
Ps.81.2	Ps.82.2	renumbered	Renumber verse
Ps.81.3	Ps.82.3	renumbered	Renumber verse
Ps.81.4	Ps.82.4	renumbered	Renumber verse
Ps.81.5	Ps.82.5	renumbered	Renumber verse
Ps.81.6	Ps.82.6	renumbered	Renumber verse
Ps.81.7	Ps.82.7	renumbered	Renumber verse
Ps.81.8	Ps.82.8	renumbered	Renumber verse
Ps.82.1		title	Renumber title
Ps.82.2	Ps.83.1	renumbered	Renumber verse
Ps.82.3	Ps.83.2	renumbered	Renumber verse
Ps.82.4	Ps.83.3	renumbered	Renumber verse
Ps.82.5	Ps.83.4	renumbered	Renumber verse
Ps.82.6	Ps.83.5	renumbered	Renumber verse
Ps.82.7	Ps.83.6	renumbered	Renumber verse
Ps.82.8	Ps.83.7	renumbered	Renumber verse
Ps.82.9	Ps.83.8	renumbered	Renumber verse
Ps.82.10	Ps.83.9	renumbered	Renumber verse
Ps.82.11	Ps.83.10	renumbered	Renumber verse
Ps.82.12	Ps.83.11	renumbered	Renumber verse
Ps.82.13	Ps.83.12	renumbered	Renumber verse
Ps.82.14	Ps.83.13	renumbered	Renumber verse
Ps.82.15	Ps.83.14	renumbered	Renumber verse
Ps.82.16	Ps.83.15	renumbered	Renumber verse
Ps.82.17	Ps.83.16	renumbered	Renumber verse
Ps.82.18	Ps.83.17	renumbered	Renumber verse
Ps.82.19	Ps.83.18	renumbered	Renumber verse
Ps.83.1		title	Renumber title
Ps.83.2	Ps.84.1	renumbered	Renumber verse
Ps.83.3	Ps.84.2	renumbered	Renumber verse
Ps.83.4	Ps.84.3	renumbered	Renumber verse
Ps.83.5	Ps.84.4	renumbered	Renumber verse
Ps.83.6	Ps.84.5	renumbered	Renumber verse
Ps.83.7	Ps.84.6	renumbered	Renumber verse
Ps.83.8	Ps.84.7	renumbered	Renumber verse
Ps.83.9	Ps.84.8	renumbered	Renumber verse
Ps.83.10	Ps.84.9	renumbered	Renumber verse
Ps.83.11	Ps.84.10	renumbered	Renumber verse
Ps.83.12	Ps.84.11	renumbered	Renumber verse
Ps.83.13	Ps.84.12	renumbered	Renumber verse
Ps.84.1		title	Renumber title
Ps.84.2	Ps.85.1	renumbered	Renumber verse
Ps.84.3	Ps.85.2	renumbered	Renumber verse
Ps.84.4	Ps.85.3	renumbered	Renumber verse
Ps.84.5	Ps.85.4	renumbered	Renumber verse
Ps.84.6	Ps.85.5	renumbered	Renumber verse
Ps.84.7	Ps.85.6	renumbered	Renumber verse
Ps.84.8	Ps.85.7	renumbered	Renumber verse
Ps.84.9	Ps.85.8	renumbered	Renumber verse
Ps.84.10	Ps.85.9	renumbered	Renumber verse
Ps.84.11	Ps.85.10	renumbered	Renumber verse
Ps.84.12	Ps.85.11	renumbered	Renumber verse
Ps.84.13	Ps.85.12	renumbered	Renumber verse
Ps.84.14	Ps.85.13	renumbered	Renumber verse
Ps.85.1	Ps.86.1	renumbered	Renumber verse
Ps.85.2	Ps.86.2	renumbered	Renumber verse
Ps.85.3	Ps.86.3	renumbered	Renumber verse
Ps.85.4	Ps.86.4	renumbered	Renumber verse
Ps.85.5	Ps.86.5	renumbered	Renumber verse
Ps.85.6	Ps.86.6	renumbered	Renumber verse
Ps.85.7	Ps.86.7	renumbered	Renumber verse
Ps.85.8	Ps.86.8	renumbered	Renumber verse
Ps.85.9	Ps.86.9	renumbered	Renumber verse
Ps.85.10	Ps.86.10	renumbered	Renumber verse
Ps.85.11	Ps.86.11	renumbered	Renumber verse
Ps.85.12	Ps.86.12	renumbered	Renumber verse
Ps.85.13	Ps.86.13	renumbered	Renumber verse
Ps.85.14	Ps.86.14	renumbered	Renumber verse
Ps.85.15	Ps.86.15	renumbered	Renumber verse
Ps.85.16	Ps.86.16	renumbered	Renumber verse
Ps.85.17	Ps.86.17	renumbered	Renumber verse
Ps.86.1	Ps.87.1	renumbered	Renumber verse
Ps.86.2	Ps.87.2	renumbered	Renumber verse
Ps.86.3	Ps.87.3	renumbered	Renumber verse
Ps.86.4	Ps.87.4	renumbered	Renumber verse
Ps.86.5	Ps.87.5	renumbered	Renumber verse
Ps.86.6	Ps.87.6	renumbered	Renumber verse
Ps.86.7	Ps.87.7	renumbered	Renumber verse
Ps.87.1		title	Renumber title
Ps.87.2	Ps.88.1	renumbered	Renumber verse
Ps.87.3	Ps.88.2	renumbered	Renumber verse
Ps.87.4	Ps.88.3	renumbered	Renumber verse
Ps.87.5	Ps.88.4	renumbered	Renumber verse
Ps.87.6	Ps.88.5	renumbered	Renumber verse
Ps.87.7	Ps.88.6	renumbered	Renumber verse
Ps.87.8	Ps.88.7	renumbered	Renumber verse
Ps.87.9	Ps.88.8	renumbered	Renumber verse
Ps.87.10	Ps.88.9	renumbered	Renumber verse
Ps.87.11	Ps.88.10	renumbered	Renumber verse
Ps.87.12	Ps.88.11	renumbered	Renumber verse
Ps.87.13	Ps.88.12	renumbered	Renumber verse
Ps.87.14	Ps.88.13	renumbered	Renumber verse
Ps.87.15	Ps.88.14	renumbered	Renumber verse
Ps.87.16	Ps.88.15	renumbered	Renumber verse
Ps.87.17	Ps.88.16	renumbered	Renumber verse
Ps.87.18	Ps.88.17	renumbered	Renumber verse
Ps.87.19	Ps.88.18	renumbered	Renumber verse
Ps.88.1	Ps.88.1	unmatched	
Ps.88.2	Ps.88.2	unmatched	
Ps.88.3	Ps.88.3	unmatched	
Ps.88.4	Ps.88.4	unmatched	
Ps.88.5	Ps.88.5	unmatched	
Ps.88.6	Ps.88.6	unmatched	
Ps.88.7	Ps.88.7	unmatched	
Ps.88.8	Ps.88.8	unmatched	
Ps.88.9	Ps.88.9	unmatched	
Ps.88.10	Ps.88.10	unmatched	
Ps.88.11	Ps.88.11	unmatched	
Ps.88.12	Ps.88.12	unmatched	
Ps.88.13	Ps.88.13	unmatched	
Ps.88.14	Ps.88.14	unmatched	
Ps.88.15	Ps.88.15	unmatched	
Ps.88.16	Ps.88.16	unmatched	
Ps.88.17	Ps.88.17	unmatched	
Ps.88.18	Ps.88.18	unmatched	
Ps.88.19		not-in-kjv	
Ps.88.20		not-in-kjv	
Ps.88.21		not-in-kjv	
Ps.88.22		not-in-kjv	
Ps.88.23		not-in-kjv	
Ps.88.24		not-in-kjv	
Ps.88.25		not-in-kjv	
Ps.88.26		not-in-kjv	
Ps.88.27		not-in-kjv	
Ps.88.28		not-in-kjv	
Ps.88.29		not-in-kjv	
Ps.88.30		not-in-kjv	
Ps.88.31		not-in-kjv	
Ps.88.32		not-in-kjv	
Ps.88.33		not-in-kjv	
Ps.88.34		not-in-kjv	
Ps.88.35		not-in-kjv	
Ps.88.36		not-in-kjv	
Ps.88.37		not-in-kjv	
Ps.88.38		not-in-kjv	
Ps.88.39		not-in-kjv	
Ps.88.40		not-in-kjv	
Ps.88.41		not-in-kjv	
Ps.88.42		not-in-kjv	
Ps.88.43		not-in-kjv	
Ps.88.44		not-in-kjv	
Ps.88.45		not-in-kjv	
Ps.88.46		not-in-kjv	
Ps.88.47		not-in-kjv	
Ps.88.84		not-in-kjv	
Ps.88.49		not-in-kjv	
Ps.88.50		not-in-kjv	
Ps.88.51		not-in-kjv	
Ps.88.52		not-in-kjv	
Ps.88.53		not-in-kjv	
Ps.89.1	Ps.90.1	renumbered	Renumber verse
Ps.89.2	Ps.90.2	renumbered	Renumber verse
Ps.89.3	Ps.90.3	renumbered	Renumber verse
Ps.89.4	Ps.90.4	renumbered	Renumber verse
Ps.89.5	Ps.90.5	renumbered	Renumber verse
Ps.89.6	Ps.90.6	renumbered	Renumber verse
Ps.89.7	Ps.90.7	renumbered	Renumber verse
Ps.89.8	Ps.90.8	renumbered	Renumber verse
Ps.89.9	Ps.90.9	renumbered	Renumber verse
Ps.89.10	Ps.90.10	renumbered	Renumber verse
Ps.89.11	Ps.90.11	renumbered	Renumber verse
Ps.89.12	Ps.90.12	renumbered	Renumber verse
Ps.89.13	Ps.90.13	renumbered	Renumber verse
Ps.89.14	Ps.90.14	renumbered	Renumber verse
Ps.89.15	Ps.90.15	renumbered	Renumber verse
Ps.89.16	Ps.90.16	renumbered	Renumber verse
Ps.89.17	Ps.90.17	renumbered	Renumber verse
Ps.90.1	Ps.91.1	renumbered	Renumber verse
Ps.90.2	Ps.91.2	renumbered	Renumber verse
Ps.90.3	Ps.91.3	renumbered	Renumber verse
Ps.90.4	Ps.91.4	renumbered	Renumber verse
Ps.90.5	Ps.91.5	renumbered	Renumber verse
Ps.90.6	Ps.91.6	renumbered	Renumber verse
Ps.90.7	Ps.91.7	renumbered	Renumber verse
Ps.90.8	Ps.91.8	renumbered	Renumber verse
Ps.90.9	Ps.91.9	renumbered	Renumber verse
Ps.90.10	Ps.91.10	renumbered	Renumber verse
Ps.90.11	Ps.91.11	renumbered	Renumber verse
Ps.90.12	Ps.91.12	renumbered	Renumber verse
Ps.90.13	Ps.91.13	renumbered	Renumber verse
Ps.90.14	Ps.91.14	renumbered	Renumber verse
Ps.90.15	Ps.91.15	renumbered	Renumber verse
Ps.90.16	Ps.91.16	renumbered	Renumber verse
Ps.91.1	Ps.92.1	renumbered	Renumber verse
Ps.91.2	Ps.92.2	renumbered	Renumber verse
Ps.91.3	Ps.92.3	renumbered	Renumber verse
Ps.91.4	Ps.92.4	renumbered	Renumber verse
Ps.91.5	Ps.92.5	renumbered	Renumber verse
Ps.91.6	Ps.92.6	renumbered	Renumber verse
Ps.91.7	Ps.92.7	renumbered	Renumber verse
Ps.91.8	Ps.92.8	renumbered	Renumber verse
Ps.91.9	Ps.92.9	renumbered	Renumber verse
Ps.91.10	Ps.92.10	renumbered	Renumber verse
Ps.91.11	Ps.92.11	renumbered	Renumber verse
Ps.91.12	Ps.92.12	renumbered	Renumber verse
Ps.91.13	Ps.92.13	renumbered	Renumber verse
Ps.91.14	Ps.92.14	renumbered	Renumber verse
Ps.91.15	Ps.92.15	renumbered	Renumber verse
Ps.92.1	Ps.93.1	renumbered	Renumber verse
Ps.92.2	Ps.93.2	renumbered	Renumber verse
Ps.92.3	Ps.93.3	renumbered	Renumber verse
Ps.92.4	Ps.93.4	renumbered	Renumber verse
Ps.92.5	Ps.93.5	renumbered	Renumber verse
Ps.93.1	Ps.94.1	renumbered	Renumber verse
Ps.93.2	Ps.94.2	renumbered	Renumber verse
Ps.93.3	Ps.94.3	renumbered	Renumber verse
Ps.93.4	Ps.94.4	renumbered	Renumber verse
Ps.93.5	Ps.94.5	renumbered	Renumber verse
Ps.93.6	Ps.94.6	renumbered	Renumber verse
Ps.93.7	Ps.94.7	renumbered	Renumber verse
Ps.93.8	Ps.94.8	renumbered	Renumber verse
Ps.93.9	Ps.94.9	renumbered	Renumber verse
Ps.93.10	Ps.94.10	renumbered	Renumber verse
Ps.93.11	Ps.94.11	renumbered	Renumber verse
Ps.93.12	Ps.94.12	renumbered	Renumber verse
Ps.93.13	Ps.94.13	renumbered	Renumber verse
Ps.93.14	Ps.94.14	renumbered	Renumber verse
Ps.93.15	Ps.94.15	renumbered	Renumber verse
Ps.93.16	Ps.94.16	renumbered	Renumber verse
Ps.93.17	Ps.94.17	renumbered	Renumber verse
Ps.93.18	Ps.94.18	renumbered	Renumber verse
Ps.93.19	Ps.94.19	renumbered	Renumber verse
Ps.93.20	Ps.94.20	renumbered	Renumber verse
Ps.93.21	Ps.94.21	renumbered	Renumber verse
Ps.93.22	Ps.94.22	renumbered	Renumber verse
Ps.93.23	Ps.94.23	renumbered	Renumber verse
Ps.94.1	Ps.95.1	renumbered	Renumber verse
Ps.94.2	Ps.95.2	renumbered	Renumber verse
Ps.94.3	Ps.95.3	renumbered	Renumber verse
Ps.94.4	Ps.95.4	renumbered	Renumber verse
Ps.94.5	Ps.95.5	renumbered	Renumber verse
Ps.94.6	Ps.95.6	renumbered	Renumber verse
Ps.94.7	Ps.95.7	renumbered	Renumber verse
Ps.94.8	Ps.95.8	renumbered	Renumber verse
Ps.94.9	Ps.95.9	renumbered	Renumber verse
Ps.94.10	Ps.95.10	renumbered	Renumber verse
Ps.94.11	Ps.95.11	renumbered	Renumber verse
Ps.95.1	Ps.96.1	renumbered	Renumber verse
Ps.95.2	Ps.96.2	renumbered	Renumber verse
Ps.95.3	Ps.96.3	renumbered	Renumber verse
Ps.95.4	Ps.96.4	renumbered	Renumber verse
Ps.95.5	Ps.96.5	renumbered	Renumber verse
Ps.95.6	Ps.96.6	renumbered	Renumber verse
Ps.95.7	Ps.96.7	renumbered	Renumber verse
Ps.95.8	Ps.96.8	renumbered	Renumber verse
Ps.95.9	Ps.96.9	renumbered	Renumber verse
Ps.95.10	Ps.96.10	renumbered	Renumber verse
Ps.95.11	Ps.96.11	renumbered	Renumber verse
Ps.95.12	Ps.96.12	renumbered	Renumber verse
Ps.95.13	Ps.96.13	renumbered	Renumber verse
Ps.96.1	Ps.97.1	renumbered	Renumber verse
Ps.96.2	Ps.97.2	renumbered	Renumber verse
Ps.96.3	Ps.97.3	renumbered	Renumber verse
Ps.96.4	Ps.97.4	renumbered	Renumber verse
Ps.96.5	Ps.97.5	renumbered	Renumber verse
Ps.96.6	Ps.97.6	renumbered	Renumber verse
Ps.96.7	Ps.97.7	renumbered	Renumber verse
Ps.96.8	Ps.97.8	renumbered	Renumber verse
Ps.96.9	Ps.97.9	renumbered	Renumber verse
Ps.96.10	Ps.97.10	renumbered	Renumber verse
Ps.96.11	Ps.97.11	renumbered	Renumber verse
Ps.96.12	Ps.97.12	renumbered	Renumber verse
Ps.97.1	Ps.98.1	renumbered	Renumber verse
Ps.97.2	Ps.98.2	renumbered	Renumber verse
Ps.97.3	Ps.98.3	renumbered	Renumber verse
Ps.97.4	Ps.98.4	renumbered	Renumber verse
Ps.97.5	Ps.98.5	renumbered	Renumber verse
Ps.97.6	Ps.98.6	renumbered	Renumber verse
Ps.97.7	Ps.98.7	renumbered	Renumber verse
Ps.97.8	Ps.98.8	renumbered	Renumber verse
Ps.97.9	Ps.98.9	renumbered	Renumber verse
Ps.98.1	Ps.99.1	renumbered	Renumber verse
Ps.98.2	Ps.99.2	renumbered	Renumber verse
Ps.98.3	Ps.99.3	renumbered	Renumber verse
Ps.98.4	Ps.99.4	renumbered	Renumber verse
Ps.98.5	Ps.99.5	renumbered	Renumber verse
Ps.98.6	Ps.99.6	renumbered	Renumber verse
Ps.98.7	Ps.99.7	renumbered	Renumber verse
Ps.98.8	Ps.99.8	renumbered	Renumber verse
Ps.98.9	Ps.99.9	renumbered	Renumber verse
Ps.99.1	Ps.100.1	renumbered	Renumber verse
Ps.99.2	Ps.100.2	renumbered	Renumber verse
Ps.99.3	Ps.100.3	renumbered	Renumber verse
Ps.99.4	Ps.100.4	renumbered	Renumber verse
Ps.99.5	Ps.100.5	renumbered	Renumber verse
Ps.100.1	Ps.101.1	renumbered	Renumber verse
Ps.100.2	Ps.101.2	renumbered	Renumber verse
Ps.100.3	Ps.101.3	renumbered	Renumber verse
Ps.100.4	Ps.101.4	renumbered	Renumber verse
Ps.100.5	Ps.101.5	renumbered	Renumber verse
Ps.100.6	Ps.101.6	renumbered	Renumber verse
Ps.100.7	Ps.101.7	renumbered	Renumber verse
Ps.100.8	Ps.101.8	renumbered	Renumber verse
Ps.101.1		title	Renumber title
Ps.101.2	Ps.102.1	renumbered	Renumber verse
Ps.101.3	Ps.102.2	renumbered	Renumber verse
Ps.101.4	Ps.102.3	renumbered	Renumber verse
Ps.101.5	Ps.102.4	renumbered	Renumber verse
Ps.101.6	Ps.102.5	renumbered	Renumber verse
Ps.101.7	Ps.102.6	renumbered	Renumber verse
Ps.101.8	Ps.102.7	renumbered	Renumber verse
Ps.101.9	Ps.102.8	renumbered	Renumber verse
Ps.101.10	Ps.102.9	renumbered	Renumber verse
Ps.101.11	Ps.102.10	renumbered	Renumber verse
Ps.101.12	Ps.102.11	renumbered	Renumber verse
Ps.101.13	Ps.102.12	renumbered	Renumber verse
Ps.101.14	Ps.102.13	renumbered	Renumber verse
Ps.101.15	Ps.102.14	renumbered	Renumber verse
Ps.101.16	Ps.102.15	renumbered	Renumber verse
Ps.101.17	Ps.102.16	renumbered	Renumber verse
Ps.101.18	Ps.102.17	renumbered	Renumber verse
Ps.101.19	Ps.102.18	renumbered	Renumber verse
Ps.101.20	Ps.102.19	renumbered	Renumber verse
Ps.101.21	Ps.102.20	renumbered	Renumber verse
Ps.101.22	Ps.102.21	renumbered	Renumber verse
Ps.101.23	Ps.102.22	renumbered	Renumber verse
Ps.101.24	Ps.102.23	renumbered	Renumber verse
Ps.101.25	Ps.102.24	renumbered	Renumber verse
Ps.101.26	Ps.102.25	renumbered	Renumber verse
Ps.101.27	Ps.102.26	renumbered	Renumber verse
Ps.101.28	Ps.102.27	renumbered	Renumber verse
Ps.101.29	Ps.102.28	renumbered	Renumber verse
Ps.102.1	Ps.103.1	renumbered	Renumber verse
Ps.102.2	Ps.103.2	renumbered	Renumber verse
Ps.102.3	Ps.103.3	renumbered	Renumber verse
Ps.102.4	Ps.103.4	renumbered	Renumber verse
Ps.102.5	Ps.103.5	renumbered	Renumber verse
Ps.102.6	Ps.103.6	renumbered	Renumber verse
Ps.102.7	Ps.103.7	renumbered	Renumber verse
Ps.102.8	Ps.103.8	renumbered	Renumber verse
Ps.102.9	Ps.103.9	renumbered	Renumber verse
Ps.102.10	Ps.103.10	renumbered	Renumber verse
Ps.102.11	Ps.103.11	renumbered	Renumber verse
Ps.102.12	Ps.103.12	renumbered	Renumber verse
Ps.102.13	Ps.103.13	renumbered	Renumber verse
Ps.102.14	Ps.103.14	renumbered	Renumber verse
Ps.102.15	Ps.103.15	renumbered	Renumber verse
Ps.102.16	Ps.103.16	renumbered	Renumber verse
Ps.102.17	Ps.103.17	renumbered	Renumber verse
Ps.102.18	Ps.103.18	renumbered	Renumber verse
Ps.102.19	Ps.103.19	renumbered	Renumber verse
Ps.102.20	Ps.103.20	renumbered	Renumber verse
Ps.102.21	Ps.103.21	renumbered	Renumber verse
Ps.102.22	Ps.103.22	renumbered	Renumber verse
Ps.103.1	Ps.104.1	renumbered	Renumber verse
Ps.103.2	Ps.104.2	renumbered	Renumber verse
Ps.103.3	Ps.104.3	renumbered	Renumber verse
Ps.103.4	Ps.104.4	renumbered	Renumber verse
Ps.103.5	Ps.104.5	renumbered	Renumber verse
Ps.103.6	Ps.104.6	renumbered	Renumber verse
Ps.103.7	Ps.104.7	renumbered	Renumber verse
Ps.103.8	Ps.104.8	renumbered	Renumber verse
Ps.103.9	Ps.104.9	renumbered	Renumber verse
Ps.103.10	Ps.104.10	renumbered	Renumber verse
Ps.103.11	Ps.104.11	renumbered	Renumber verse
Ps.103.12	Ps.104.12	renumbered	Renumber verse
Ps.103.13	Ps.104.13	renumbered	Renumber verse
Ps.103.14	Ps.104.14	renumbered	Renumber verse
Ps.103.15	Ps.104.15	renumbered	Renumber verse
Ps.103.16	Ps.104.16	renumbered	Renumber verse
Ps.103.17	Ps.104.17	renumbered	Renumber verse
Ps.103.18	Ps.104.18	renumbered	Renumber verse
Ps.103.19	Ps.104.19	renumbered	Renumber verse
Ps.103.20	Ps.104.20	renumbered	Renumber verse
Ps.103.21	Ps.104.21	renumbered	Renumber verse
Ps.103.22	Ps.104.22	renumbered	Renumber verse
Ps.103.23	Ps.104.23	renumbered	Renumber verse
Ps.103.24	Ps.104.24	renumbered	Renumber verse
Ps.103.25	Ps.104.25	renumbered	Renumber verse
Ps.103.26	Ps.104.26	renumbered	Renumber verse
Ps.103.27	Ps.104.27	renumbered	Renumber verse
Ps.103.28	Ps.104.28	renumbered	Renumber verse
Ps.103.29	Ps.104.29	renumbered	Renumber verse
Ps.103.30	Ps.104.30	renumbered	Renumber verse
Ps.103.31	Ps.104.31	renumbered	Renumber verse
Ps.103.32	Ps.104.32	renumbered	Renumber verse
Ps.103.33	Ps.104.33	renumbered	Renumber verse
Ps.103.34	Ps.104.34	renumbered	Renumber verse
Ps.103.35	Ps.104.35	renumbered	Renumber verse
Ps.104.1	Ps.105.1	renumbered	Renumber verse
Ps.104.2	Ps.105.2	renumbered	Renumber verse
Ps.104.3	Ps.105.3	renumbered	Renumber verse
Ps.104.4	Ps.105.4	renumbered	Renumber verse
Ps.104.5	Ps.105.5	renumbered	Renumber verse
Ps.104.6	Ps.105.6	renumbered	Renumber verse
Ps.104.7	Ps.105.7	renumbered	Renumber verse
Ps.104.8	Ps.105.8	renumbered	Renumber verse
Ps.104.9	Ps.105.9	renumbered	Renumber verse
Ps.104.10	Ps.105.10	renumbered	Renumber verse
Ps.104.11	Ps.105.11	renumbered	Renumber verse
Ps.104.12	Ps.105.12	renumbered	Renumber verse
Ps.104.13	Ps.105.13	renumbered	Renumber verse
Ps.104.14	Ps.105.14	renumbered	Renumber verse
Ps.104.15	Ps.105.15	renumbered	Renumber verse
Ps.104.16	Ps.105.16	renumbered	Renumber verse
Ps.104.17	Ps.105.17	renumbered	Renumber verse
Ps.104.18	Ps.105.18	renumbered	Renumber verse
Ps.104.19	Ps.105.19	renumbered	Renumber verse
Ps.104.20	Ps.105.20	renumbered	Renumber verse
Ps.104.21	Ps.105.21	renumbered	Renumber verse
Ps.104.22	Ps.105.22	renumbered	Renumber verse
Ps.104.23	Ps.105.23	renumbered	Renumber verse
Ps.104.24	Ps.105.24	renumbered	Renumber verse
Ps.104.25	Ps.105.25	renumbered	Renumber verse
Ps.104.26	Ps.105.26	renumbered	Renumber verse
Ps.104.27	Ps.105.27	renumbered	Renumber verse
Ps.104.28	Ps.105.28	renumbered	Renumber verse
Ps.104.29	Ps.105.29	renumbered	Renumber verse
Ps.104.30	Ps.105.30	renumbered	Renumber verse
Ps.104.31	Ps.105.31	renumbered	Renumber verse
Ps.104.32	Ps.105.32	renumbered	Renumber verse
Ps.104.33	Ps.105.33	renumbered	Renumber verse
Ps.104.34	Ps.105.34	renumbered	Renumber verse
Ps.104.35	Ps.105.35	renumbered	Renumber verse
Ps.104.36	Ps.105.36	renumbered	Renumber verse
Ps.104.37	Ps.105.37	renumbered	Renumber verse
Ps.104.38	Ps.105.38	renumbered	Renumber verse
Ps.104.39	Ps.105.39	renumbered	Renumber verse
Ps.104.40	Ps.105.40	renumbered	Renumber verse
Ps.104.41	Ps.105.41	renumbered	Renumber verse
Ps.104.42	Ps.105.42	renumbered	Renumber verse
Ps.104.43	Ps.105.43	renumbered	Renumber verse
Ps.104.44	Ps.105.44	renumbered	Renumber verse
Ps.104.45	Ps.105.45	renumbered	Renumber verse
Ps.105.1	Ps.106.1	renumbered	Renumber verse
Ps.105.2	Ps.106.2	renumbered	Renumber verse
Ps.105.3	Ps.106.3	renumbered	Renumber verse
Ps.105.4	Ps.106.4	renumbered	Renumber verse
Ps.105.5	Ps.106.5	renumbered	Renumber verse
Ps.105.6	Ps.106.6	renumbered	Renumber verse
Ps.105.7	Ps.106.7	renumbered	Renumber verse
Ps.105.8	Ps.106.8	renumbered	Renumber verse
Ps.105.9	Ps.106.9	renumbered	Renumber verse
Ps.105.10	Ps.106.10	renumbered	Renumber verse
Ps.105.11	Ps.106.11	renumbered	Renumber verse
Ps.105.12	Ps.106.12	renumbered	Renumber verse
Ps.105.13	Ps.106.13	renumbered	Renumber verse
Ps.105.14	Ps.106.14	renumbered	Renumber verse
Ps.105.15	Ps.106.15	renumbered	Renumber verse
Ps.105.16	Ps.106.16	renumbered	Renumber verse
Ps.105.17	Ps.106.17	renumbered	Renumber verse
Ps.105.18	Ps.106.18	renumbered	Renumber verse
Ps.105.19	Ps.106.19	renumbered	Renumber verse
Ps.105.20	Ps.106.20	renumbered	Renumber verse
Ps.105.21	Ps.106.21	renumbered	Renumber verse
Ps.105.22	Ps.106.22	renumbered	Renumber verse
Ps.105.23	Ps.106.23	renumbered	Renumber verse
Ps.105.24	Ps.106.24	renumbered	Renumber verse
Ps.105.25	Ps.106.25	renumbered	Renumber verse
Ps.105.26	Ps.106.26	renumbered	Renumber verse
Ps.105.27	Ps.106.27	renumbered	Renumber verse
Ps.105.28	Ps.106.28	renumbered	Renumber verse
Ps.105.29	Ps.106.29	renumbered	Renumber verse
Ps.105.30	Ps.106.30	renumbered	Renumber verse
Ps.105.31	Ps.106.31	renumbered	Renumber verse
Ps.105.32	Ps.106.32	renumbered	Renumber verse
Ps.105.33	Ps.106.33	renumbered	Renumber verse
Ps.105.34	Ps.106.34	renumbered	Renumber verse
Ps.105.35	Ps.106.35	renumbered	Renumber verse
Ps.105.36	Ps.106.36	renumbered	Renumber verse
Ps.105.37	Ps.106.37	renumbered	Renumber verse
Ps.105.38	Ps.106.38	renumbered	Renumber verse
Ps.105.39	Ps.106.39	renumbered	Renumber verse
Ps.105.40	Ps.106.40	renumbered	Renumber verse
Ps.105.41	Ps.106.41	renumbered	Renumber verse
Ps.105.42	Ps.106.42	renumbered	Renumber verse
Ps.105.43	Ps.106.43	renumbered	Renumber verse
Ps.105.44	Ps.106.44	renumbered	Renumber verse
Ps.105.45	Ps.106.45	renumbered	Renumber verse
Ps.105.46	Ps.106.46	renumbered	Renumber verse
Ps.105.47	Ps.106.47	renumbered	Renumber verse
Ps.105.48	Ps.106.48	renumbered	Renumber verse
Ps.106.1	Ps.107.1	renumbered	Renumber verse
Ps.106.2	Ps.107.2	renumbered	Renumber verse
Ps.106.3	Ps.107.3	renumbered	Renumber verse
Ps.106.4	Ps.107.4	renumbered	Renumber verse
Ps.106.5	Ps.107.5	renumbered	Renumber verse
Ps.106.6	Ps.107.6	renumbered	Renumber verse
Ps.106.7	Ps.107.7	renumbered	Renumber verse
Ps.106.8	Ps.107.8	renumbered	Renumber verse
Ps.106.9	Ps.107.9	renumbered	Renumber verse
Ps.106.10	Ps.107.10	renumbered	Renumber verse
Ps.106.11	Ps.107.11	renumbered	Renumber verse
Ps.106.12	Ps.107.12	renumbered	Renumber verse
Ps.106.13	Ps.107.13	renumbered	Renumber verse
Ps.106.14	Ps.107.14	renumbered	Renumber verse
Ps.106.15	Ps.107.15	renumbered	Renumber verse
Ps.106.16	Ps.107.16	renumbered	Renumber verse
Ps.106.17	Ps.107.17	renumbered	Renumber verse
Ps.106.18	Ps.107.18	renumbered	Renumber verse
Ps.106.19	Ps.107.19	renumbered	Renumber verse
Ps.106.20	Ps.107.20	renumbered	Renumber verse
Ps.106.21	Ps.107.21	renumbered	Renumber verse
Ps.106.22	Ps.107.22	renumbered	Renumber verse
Ps.106.23	Ps.107.23	renumbered	Renumber verse
Ps.106.24	Ps.107.24	renumbered	Renumber verse
Ps.106.25	Ps.107.25	renumbered	Renumber verse
Ps.106.26	Ps.107.26	renumbered	Renumber verse
Ps.106.27	Ps.107.27	renumbered	Renumber verse
Ps.106.28	Ps.107.28	renumbered	Renumber verse
Ps.106.29	Ps.107.29	renumbered	Renumber verse
Ps.106.30	Ps.107.30	renumbered	Renumber verse
Ps.106.31	Ps.107.31	renumbered	Renumber verse
Ps.106.32	Ps.107.32	renumbered	Renumber verse
Ps.106.33	Ps.107.33	renumbered	Renumber verse
Ps.106.34	Ps.107.34	renumbered	Renumber verse
Ps.106.35	Ps.107.35	renumbered	Renumber verse
Ps.106.36	Ps.107.36	renumbered	Renumber verse
Ps.106.37	Ps.107.37	renumbered	Renumber verse
Ps.106.38	Ps.107.38	renumbered	Renumber verse
Ps.106.39	Ps.107.39	renumbered	Renumber verse
Ps.106.40	Ps.107.40	renumbered	Renumber verse
Ps.106.41	Ps.107.41	renumbered	Renumber verse
Ps.106.42	Ps.107.42	renumbered	Renumber verse
Ps.106.43	Ps.107.43	renumbered	Renumber verse
Ps.107.1		title	Renumber title
Ps.107.2	Ps.108.1	renumbered	Renumber verse
Ps.107.3	Ps.108.2	renumbered	Renumber verse
Ps.107.4	Ps.108.3	renumbered	Renumber verse
Ps.107.5	Ps.108.4	renumbered	Renumber verse
Ps.107.6	Ps.108.5	renumbered	Renumber verse
Ps.107.7	Ps.108.6	renumbered	Renumber verse
Ps.107.8	Ps.108.7	renumbered	Renumber verse
Ps.107.9	Ps.108.8	renumbered	Renumber verse
Ps.107.10	Ps.108.9	renumbered	Renumber verse
Ps.107.11	Ps.108.10	renumbered	Renumber verse
Ps.107.12	Ps.108.11	renumbered	Renumber verse
Ps.107.13	Ps.108.12	renumbered	Renumber verse
Ps.107.14	Ps.108.13	renumbered	Renumber verse
Ps.108.1	Ps.109.1	renumbered	Renumber verse
Ps.108.2	Ps.109.2	renumbered	Renumber verse
Ps.108.3	Ps.109.3	renumbered	Renumber verse
Ps.108.4	Ps.109.4	renumbered	Renumber verse
Ps.108.5	Ps.109.5	renumbered	Renumber verse
Ps.108.6	Ps.109.6	renumbered	Renumber verse
Ps.108.7	Ps.109.7	renumbered	Renumber verse
Ps.108.8	Ps.109.8	renumbered	Renumber verse
Ps.108.9	Ps.109.9	renumbered	Renumber verse
Ps.108.10	Ps.109.10	renumbered	Renumber verse
Ps.108.11	Ps.109.11	renumbered	Renumber verse
Ps.108.12	Ps.109.12	renumbered	Renumber verse
Ps.108.13	Ps.109.13	renumbered	Renumber verse
Ps.108.14	Ps.109.14	renumbered	Renumber verse
Ps.108.15	Ps.109.15	renumbered	Renumber verse
Ps.108.16	Ps.109.16	renumbered	Renumber verse
Ps.108.17	Ps.109.17	renumbered	Renumber verse
Ps.108.18	Ps.109.18	renumbered	Renumber verse
Ps.108.19	Ps.109.19	renumbered	Renumber verse
Ps.108.20	Ps.109.20	renumbered	Renumber verse
Ps.108.21	Ps.109.21	renumbered	Renumber verse
Ps.108.22	Ps.109.22	renumbered	Renumber verse
Ps.108.23	Ps.109.23	renumbered	Renumber verse
Ps.108.24	Ps.109.24	renumbered	Renumber verse
Ps.108.25	Ps.109.25	renumbered	Renumber verse
Ps.108.26	Ps.109.26	renumbered	Renumber verse
Ps.108.27	Ps.109.27	renumbered	Renumber verse
Ps.108.28	Ps.109.28	renumbered	Renumber verse
Ps.108.29	Ps.109.29	renumbered	Renumber verse
Ps.108.30	Ps.109.30	renumbered	Renumber verse
Ps.108.31	Ps.109.31	renumbered	Renumber verse
Ps.109.1	Ps.110.1	renumbered	Renumber verse
Ps.109.2	Ps.110.2	renumbered	Renumber verse
Ps.109.3	Ps.110.3	renumbered	Renumber verse
Ps.109.4	Ps.110.4	renumbered	Renumber verse
Ps.109.5	Ps.110.5	renumbered	Renumber verse
Ps.109.6	Ps.110.6	renumbered	Renumber verse
Ps.109.7	Ps.110.7	renumbered	Renumber verse
Ps.110.1	Ps.111.1	renumbered	Renumber verse
Ps.110.2	Ps.111.2	renumbered	Renumber verse
Ps.110.3	Ps.111.3	renumbered	Renumber verse
Ps.110.4	Ps.111.4	renumbered	Renumber verse
Ps.110.5	Ps.111.5	renumbered	Renumber verse
Ps.110.6	Ps.111.6	renumbered	Renumber verse
Ps.110.7	Ps.111.7	renumbered	Renumber verse
Ps.110.8	Ps.111.8	renumbered	Renumber verse
Ps.110.9	Ps.111.9	renumbered	Renumber verse
Ps.110.10	Ps.111.10	renumbered	Renumber verse
Ps.111.1	Ps.112.1	renumbered	Renumber verse
Ps.111.2	Ps.112.2	renumbered	Renumber verse
Ps.111.3	Ps.112.3	renumbered	Renumber verse
Ps.111.4	Ps.112.4	renumbered	Renumber verse
Ps.111.5	Ps.112.5	renumbered	Renumber verse
Ps.111.6	Ps.112.6	renumbered	Renumber verse
Ps.111.7	Ps.112.7	renumbered	Renumber verse
Ps.111.8	Ps.112.8	renumbered	Renumber verse
Ps.111.9	Ps.112.9	renumbered	Renumber verse
Ps.111.10	Ps.112.10	renumbered	Renumber verse
Ps.112.1	Ps.113.1	renumbered	Renumber verse
Ps.112.2	Ps.113.2	renumbered	Renumber verse
Ps.112.3	Ps.113.3	renumbered	Renumber verse
Ps.112.4	Ps.113.4	renumbered	Renumber verse
Ps.112.5	Ps.113.5	renumbered	Renumber verse
Ps.112.6	Ps.113.6	renumbered	Renumber verse
Ps.112.7	Ps.113.7	renumbered	Renumber verse
Ps.112.8	Ps.113.8	renumbered	Renumber verse
Ps.112.9	Ps.113.9	renumbered	Renumber verse
Ps.113.1	Ps.114.1	renumbered	Renumber verse
Ps.113.2	Ps.114.2	renumbered	Renumber verse
Ps.113.3	Ps.114.3	renumbered	Renumber verse
Ps.113.4	Ps.114.4	renumbered	Renumber verse
Ps.113.5	Ps.114.5	renumbered	Renumber verse
Ps.113.6	Ps.114.6	renumbered	Renumber verse
Ps.113.7	Ps.114.7	renumbered	Renumber verse
Ps.113.8	Ps.114.8	renumbered	Renumber verse
Ps.113.9	Ps.115.1	renumbered	Renumber verse
Ps.113.10	Ps.115.2	renumbered	Renumber verse
Ps.113.11	Ps.115.3	renumbered	Renumber verse
Ps.113.12	Ps.115.4	renumbered	Renumber verse
Ps.113.13	Ps.115.5	renumbered	Renumber verse
Ps.113.14	Ps.115.6	renumbered	Renumber verse
Ps.113.15	Ps.115.7	renumbered	Renumber verse
Ps.113.16	Ps.115.8	renumbered	Renumber verse
Ps.113.17	Ps.115.9	renumbered	Renumber verse
Ps.113.18	Ps.115.10	renumbered	Renumber verse
Ps.113.19	Ps.115.11	renumbered	Renumber verse
Ps.113.20	Ps.115.12	renumbered	Renumber verse
Ps.113.21	Ps.115.13	renumbered	Renumber verse
Ps.113.22	Ps.115.14	renumbered	Renumber verse
Ps.113.23	Ps.115.15	renumbered	Renumber verse
Ps.113.24	Ps.115.16	renumbered	Renumber verse
Ps.113.25	Ps.115.17	renumbered	Renumber verse
Ps.113.26	Ps.115.18	renumbered	Renumber verse
Ps.114.1	Ps.116.1	renumbered	Renumber verse
Ps.114.2	Ps.116.2	renumbered	Renumber verse
Ps.114.3	Ps.116.3	renumbered	Renumber verse
Ps.114.4	Ps.116.4	renumbered	Renumber verse
Ps.114.5	Ps.116.5	renumbered	Renumber verse
Ps.114.6	Ps.116.6	renumbered	Renumber verse
Ps.114.7	Ps.116.7	renumbered	Renumber verse
Ps.114.8	Ps.116.8	renumbered	Renumber verse
Ps.114.9	Ps.116.9	renumbered	Renumber verse
Ps.115.1	Ps.116.10	renumbered	Renumber verse
Ps.115.2	Ps.116.11	renumbered	Renumber verse
Ps.115.3	Ps.116.12	renumbered	Renumber verse
Ps.115.4	Ps.116.13	renumbered	Renumber verse
Ps.115.5	Ps.116.14	renumbered	Renumber verse
Ps.115.7	Ps.116.16	renumbered	Renumber verse
Ps.115.8	Ps.116.17	renumbered	Renumber verse
Ps.115.9	Ps.116.18	renumbered	Renumber verse
Ps.115.10	Ps.116.19	renumbered	Renumber verse
Ps.116.1	Ps.117.1	renumbered	Renumber verse
Ps.116.2	Ps.117.2	renumbered	Renumber verse
Ps.117.1	Ps.118.1	renumbered	Renumber verse
Ps.117.2	Ps.118.2	renumbered	Renumber verse
Ps.117.3	Ps.118.3	renumbered	Renumber verse
Ps.117.5	Ps.118.5	renumbered	Renumber verse
Ps.117.6	Ps.118.6	renumbered	Renumber verse
Ps.117.7	Ps.118.7	renumbered	Renumber verse
Ps.117.8	Ps.118.8	renumbered	Renumber verse
Ps.117.9	Ps.118.9	renumbered	Renumber verse
Ps.117.10	Ps.118.10	renumbered	Renumber verse
Ps.117.11	Ps.118.11	renumbered	Renumber verse
Ps.117.12	Ps.118.12	renumbered	Renumber verse
Ps.117.13	Ps.118.13	renumbered	Renumber verse
Ps.117.14	Ps.118.14	renumbered	Renumber verse
Ps.117.15	Ps.118.15	renumbered	Renumber verse
Ps.117.16	Ps.118.16	renumbered	Renumber verse
Ps.117.17	Ps.118.17	renumbered	Renumber verse
Ps.117.18	Ps.118.18	renumbered	Renumber verse
Ps.117.19	Ps.118.19	renumbered	Renumber verse
Ps.117.20	Ps.118.20	renumbered	Renumber verse
Ps.117.21	Ps.118.21	renumbered	Renumber verse
Ps.117.22	Ps.118.22	renumbered	Renumber verse
Ps.117.23	Ps.118.23	renumbered	Renumber verse
Ps.117.24	Ps.118.24	renumbered	Renumber verse
Ps.117.25	Ps.118.25	renumbered	Renumber verse
Ps.117.26	Ps.118.26	renumbered	Renumber verse
Ps.117.27	Ps.118.27	renumbered	Renumber verse
Ps.117.28	Ps.118.28	renumbered	Renumber verse
Ps.117.29	Ps.118.29	renumbered	Renumber verse
Ps.118.1	Ps.119.1	renumbered	Renumber verse
Ps.118.2	Ps.119.2	renumbered	Renumber verse
Ps.118.3	Ps.119.3	renumbered	Renumber verse
Ps.118.4	Ps.119.4	renumbered	Renumber verse
Ps.118.5	Ps.119.5	renumbered	Renumber verse
Ps.118.6	Ps.119.6	renumbered	Renumber verse
Ps.118.7	Ps.119.7	renumbered	Renumber verse
Ps.118.8	Ps.119.8	renumbered	Renumber verse
Ps.118.9	Ps.119.9	renumbered	Renumber verse
Ps.118.10	Ps.119.10	renumbered	Renumber verse
Ps.118.11	Ps.119.11	renumbered	Renumber verse
Ps.118.12	Ps.119.12	renumbered	Renumber verse
Ps.118.13	Ps.119.13	renumbered	Renumber verse
Ps.118.14	Ps.119.14	renumbered	Renumber verse
Ps.118.15	Ps.119.15	renumbered	Renumber verse
Ps.118.16	Ps.119.16	renumbered	Renumber verse
Ps.118.17	Ps.119.17	renumbered	Renumber verse
Ps.118.18	Ps.119.18	renumbered	Renumber verse
Ps.118.20	Ps.119.20	renumbered	Renumber verse
Ps.118.21	Ps.119.21	renumbered	Renumber verse
Ps.118.22	Ps.119.22	renumbered	Renumber verse
Ps.118.23	Ps.119.23	renumbered	Renumber verse
Ps.118.24	Ps.119.24	renumbered	Renumber verse
Ps.118.25	Ps.119.25	renumbered	Renumber verse
Ps.118.26	Ps.119.26	renumbered	Renumber verse
Ps.118.27	Ps.119.27	renumbered	Renumber verse
Ps.118.36	Ps.119.36	renumbered	Renumber verse
Ps.118.37	Ps.119.37	renumbered	Renumber verse
Ps.118.38	Ps.119.38	renumbered	Renumber verse
Ps.118.39	Ps.119.39	renumbered	Renumber verse
Ps.118.40	Ps.119.40	renumbered	Renumber verse
Ps.118.41	Ps.119.41	renumbered	Renumber verse
Ps.118.42	Ps.119.42	renumbered	Renumber verse
Ps.118.43	Ps.119.43	renumbered	Renumber verse
Ps.118.44	Ps.119.44	renumbered	Renumber verse
Ps.118.45	Ps.119.45	renumbered	Renumber verse
Ps.118.46	Ps.119.46	renumbered	Renumber verse
Ps.118.47	Ps.119.47	renumbered	Renumber verse
Ps.118.48	Ps.119.48	renumbered	Renumber verse
Ps.118.49	Ps.119.49	renumbered	Renumber verse
Ps.118.50	Ps.119.50	renumbered	Renumber verse
Ps.118.52	Ps.119.52	renumbered	Renumber verse
Ps.118.53	Ps.119.53	renumbered	Renumber verse
Ps.118.54	Ps.119.54	renumbered	Renumber verse
Ps.118.55	Ps.119.55	renumbered	Renumber verse
Ps.118.56	Ps.119.56	renumbered	Renumber verse
Ps.118.57	Ps.119.57	renumbered	Renumber verse
Ps.118.58	Ps.119.58	renumbered	Renumber verse
Ps.118.59	Ps.119.59	renumbered	Renumber verse
Ps.118.60	Ps.119.60	renumbered	Renumber verse
Ps.118.61	Ps.119.61	renumbered	Renumber verse
Ps.118.62	Ps.119.62	renumbered	Renumber verse
Ps.118.63	Ps.119.63	renumbered	Renumber verse
Ps.118.64	Ps.119.64	renumbered	Renumber verse
Ps.118.65	Ps.119.65	renumbered	Renumber verse
Ps.118.66	Ps.119.66	renumbered	Renumber verse
Ps.118.67	Ps.119.67	renumbered	Renumber verse
Ps.118.68	Ps.119.68	renumbered	Renumber verse
Ps.118.69	Ps.119.69	renumbered	Renumber verse
Ps.118.70	Ps.119.70	renumbered	Renumber verse
Ps.118.71	Ps.119.71	renumbered	Renumber verse
Ps.118.72	Ps.119.72	renumbered	Renumber verse
Ps.118.73	Ps.119.73	renumbered	Renumber verse
Ps.118.74	Ps.119.74	renumbered	Renumber verse
Ps.118.75	Ps.119.75	renumbered	Renumber verse
Ps.118.76	Ps.119.76	renumbered	Renumber verse
Ps.118.77	Ps.119.77	renumbered	Renumber verse
Ps.118.78	Ps.119.78	renumbered	Renumber verse
Ps.118.79	Ps.119.79	renumbered	Renumber verse
Ps.118.80	Ps.119.80	renumbered	Renumber verse
Ps.118.81	Ps.119.81	renumbered	Renumber verse
Ps.118.82	Ps.119.82	renumbered	Renumber verse
Ps.118.83	Ps.119.83	renumbered	Renumber verse
Ps.118.84	Ps.119.84	renumbered	Renumber verse
Ps.118.85	Ps.119.85	renumbered	Renumber verse
Ps.118.86	Ps.119.86	renumbered	Renumber verse
Ps.118.87	Ps.119.87	renumbered	Renumber verse
Ps.118.88	Ps.119.88	renumbered	Renumber verse
Ps.118.89	Ps.119.89	renumbered	Renumber verse
Ps.118.90	Ps.119.90	renumbered	Renumber verse
Ps.118.91	Ps.119.91	renumbered	Renumber verse
Ps.118.92	Ps.119.92	renumbered	Renumber verse
Ps.118.93	Ps.119.93	renumbered	Renumber verse
Ps.118.94	Ps.119.94	renumbered	Renumber verse
Ps.118.95	Ps.119.95	renumbered	Renumber verse
Ps.118.96	Ps.119.96	renumbered	Renumber verse
Ps.118.97	Ps.119.97	renumbered	Renumber verse
Ps.118.98	Ps.119.98	renumbered	Renumber verse
Ps.118.99	Ps.119.99	renumbered	Renumber verse
Ps.118.100	Ps.119.100	renumbered	Renumber verse
Ps.118.101	Ps.119.101	renumbered	Renumber verse
Ps.118.102	Ps.119.102	renumbered	Renumber verse
Ps.118.103	Ps.119.103	renumbered	Renumber verse
Ps.118.104	Ps.119.104	renumbered	Renumber verse
Ps.118.105	Ps.119.105	renumbered	Renumber verse
Ps.118.106	Ps.119.106	renumbered	Renumber verse
Ps.118.107	Ps.119.107	renumbered	Renumber verse
Ps.118.108	Ps.119.108	renumbered	Renumber verse
Ps.118.109	Ps.119.109	renumbered	Renumber verse
Ps.118.110	Ps.119.110	renumbered	Renumber verse
Ps.118.111	Ps.119.111	renumbered	Renumber verse
Ps.118.112	Ps.119.112	renumbered	Renumber verse
Ps.118.113	Ps.119.113	renumbered	Renumber verse
Ps.118.114	Ps.119.114	renumbered	Renumber verse
Ps.118.115	Ps.119.115	renumbered	Renumber verse
Ps.118.116	Ps.119.116	renumbered	Renumber verse
Ps.118.117	Ps.119.117	renumbered	Renumber verse
Ps.118.118	Ps.119.118	renumbered	Renumber verse
Ps.118.119	Ps.119.119	renumbered	Renumber verse
Ps.118.120	Ps.119.120	renumbered	Renumber verse
Ps.118.121	Ps.119.121	renumbered	Renumber verse
Ps.118.122	Ps.119.122	renumbered	Renumber verse
Ps.118.123	Ps.119.123	renumbered	Renumber verse
Ps.118.124	Ps.119.124	renumbered	Renumber verse
Ps.118.125	Ps.119.125	renumbered	Renumber verse
Ps.118.126	Ps.119.126	renumbered	Renumber verse
Ps.118.127	Ps.119.127	renumbered	Renumber verse
Ps.118.128	Ps.119.128	renumbered	Renumber verse
Ps.118.129	Ps.119.129	renumbered	Renumber verse
Ps.118.130	Ps.119.130	renumbered	Renumber verse
Ps.118.31	Ps.119.31	renumbered	Renumber verse
Ps.118.132	Ps.119.132	renumbered	Renumber verse
Ps.118.33	Ps.119.33	renumbered	Renumber verse
Ps.118.134	Ps.119.134	renumbered	Renumber verse
Ps.118.135	Ps.119.135	renumbered	Renumber verse
Ps.118.136	Ps.119.136	renumbered	Renumber verse
Ps.118.137	Ps.119.137	renumbered	Renumber verse
Ps.118.138	Ps.119.138	renumbered	Renumber verse
Ps.118.139	Ps.119.139	renumbered	Renumber verse
Ps.118.140	Ps.119.140	renumbered	Renumber verse
Ps.118.141	Ps.119.141	renumbered	Renumber verse
Ps.118.142	Ps.119.142	renumbered	Renumber verse
Ps.118.143	Ps.119.143	renumbered	Renumber verse
Ps.118.144	Ps.119.144	renumbered	Renumber verse
Ps.118.145	Ps.119.145	renumbered	Renumber verse
Ps.118.146	Ps.119.146	renumbered	Renumber verse
Ps.118.147	Ps.119.147	renumbered	Renumber verse
Ps.118.148	Ps.119.148	renumbered	Renumber verse
Ps.118.149	Ps.119.149	renumbered	Renumber verse
Ps.118.150	Ps.119.150	renumbered	Renumber verse
Ps.118.151	Ps.119.151	renumbered	Renumber verse
Ps.118.152	Ps.119.152	renumbered	Renumber verse
Ps.118.153	Ps.119.153	renumbered	Renumber verse
Ps.118.154	Ps.119.154	renumbered	Renumber verse
Ps.118.155	Ps.119.155	renumbered	Renumber verse
Ps.118.156	Ps.119.156	renumbered	Renumber verse
Ps.118.157	Ps.119.157	renumbered	Renumber verse
Ps.118.158	Ps.119.158	renumbered	Renumber verse
Ps.118.159	Ps.119.159	renumbered	Renumber verse
Ps.118.160	Ps.119.160	renumbered	Renumber verse
Ps.118.161	Ps.119.161	renumbered	Renumber verse
Ps.118.162	Ps.119.162	renumbered	Renumber verse
Ps.118.163	Ps.119.163	renumbered	Renumber verse
Ps.118.164	Ps.119.164	renumbered	Renumber verse
Ps.118.165	Ps.119.165	renumbered	Renumber verse
Ps.118.166	Ps.119.166	renumbered	Renumber verse
Ps.118.167	Ps.119.167	renumbered	Renumber verse
Ps.118.168	Ps.119.168	renumbered	Renumber verse
Ps.118.169	Ps.119.169	renumbered	Renumber verse
Ps.118.170	Ps.119.170	renumbered	Renumber verse
Ps.118.171	Ps.119.171	renumbered	Renumber verse
Ps.118.172	Ps.119.172	renumbered	Renumber verse
Ps.118.173	Ps.119.173	renumbered	Renumber verse
Ps.118.174	Ps.119.174	renumbered	Renumber verse
Ps.118.175	Ps.119.175	renumbered	Renumber verse
Ps.118.176	Ps.119.176	renumbered	Renumber verse
Ps.119.1	Ps.120.1	renumbered	Renumber verse
Ps.119.2	Ps.120.2	renumbered	Renumber verse
Ps.119.3	Ps.120.3	renumbered	Renumber verse
Ps.119.5	Ps.120.5	renumbered	Renumber verse
Ps.119.6	Ps.120.6	renumbered	Renumber verse
Ps.119.7	Ps.120.7	renumbered	Renumber verse
Ps.120.1	Ps.121.1	renumbered	Renumber verse
Ps.120.2	Ps.121.2	renumbered	Renumber verse
Ps.120.3	Ps.121.3	renumbered	Renumber verse
Ps.120.4	Ps.121.4	renumbered	Renumber verse
Ps.120.5	Ps.121.5	renumbered	Renumber verse
Ps.120.6	Ps.121.6	renumbered	Renumber verse
Ps.120.7	Ps.121.7	renumbered	Renumber verse
Ps.120.8	Ps.121.8	renumbered	Renumber verse
Ps.121.1	Ps.122.1	renumbered	Renumber verse
Ps.121.2	Ps.122.2	renumbered	Renumber verse
Ps.121.3	Ps.122.3	renumbered	Renumber verse
Ps.121.4	Ps.122.4	renumbered	Renumber verse
Ps.121.5	Ps.122.5	renumbered	Renumber verse
Ps.121.6	Ps.122.6	renumbered	Renumber verse
Ps.121.7	Ps.122.7	renumbered	Renumber verse
Ps.121.8	Ps.122.8	renumbered	Renumber verse
Ps.121.9	Ps.122.9	renumbered	Renumber verse
Ps.122.1	Ps.123.1	renumbered	Renumber verse
Ps.122.2	Ps.123.2	renumbered	Renumber verse
Ps.122.3	Ps.123.3	renumbered	Renumber verse
Ps.122.4	Ps.123.4	renumbered	Renumber verse
Ps.123.1	Ps.124.1	renumbered	Renumber verse
Ps.123.2	Ps.124.2	renumbered	Renumber verse
Ps.123.3	Ps.124.3	renumbered	Renumber verse
Ps.123.4	Ps.124.4	renumbered	Renumber verse
Ps.123.5	Ps.124.5	renumbered	Renumber verse
Ps.123.6	Ps.124.6	renumbered	Renumber verse
Ps.123.7	Ps.124.7	renumbered	Renumber verse
Ps.123.8	Ps.124.8	renumbered	Renumber verse
Ps.124.1	Ps.125.1	renumbered	Renumber verse
Ps.124.2	Ps.125.2	renumbered	Renumber verse
Ps.124.3	Ps.125.3	renumbered	Renumber verse
Ps.124.4	Ps.125.4	renumbered	Renumber verse
Ps.124.5	Ps.125.5	renumbered	Renumber verse
Ps.125.1	Ps.126.1	renumbered	Renumber verse
Ps.125.2	Ps.126.2	renumbered	Renumber verse
Ps.125.3	Ps.126.3	renumbered	Renumber verse
Ps.125.4	Ps.126.4	renumbered	Renumber verse
Ps.125.5	Ps.126.5	renumbered	Renumber verse
Ps.125.6	Ps.126.6	renumbered	Renumber verse
Ps.126.1	Ps.127.1	renumbered	Renumber verse
Ps.126.2	Ps.127.2	renumbered	Renumber verse
Ps.126.3	Ps.127.3	renumbered	Renumber verse
Ps.126.4	Ps.127.4	renumbered	Renumber verse
Ps.126.5	Ps.127.5	renumbered	Renumber verse
Ps.127.1	Ps.128.1	renumbered	Renumber verse
Ps.127.2	Ps.128.2	renumbered	Renumber verse
Ps.127.3	Ps.128.3	renumbered	Renumber verse
Ps.127.4	Ps.128.4	renumbered	Renumber verse
Ps.127.5	Ps.128.5	renumbered	Renumber verse
Ps.127.6	Ps.128.6	renumbered	Renumber verse
Ps.128.1	Ps.129.1	renumbered	Renumber verse
Ps.128.2	Ps.129.2	renumbered	Renumber verse
Ps.128.3	Ps.129.3	renumbered	Renumber verse
Ps.128.4	Ps.129.4	renumbered	Renumber verse
Ps.128.5	Ps.129.5	renumbered	Renumber verse
Ps.128.6	Ps.129.6	renumbered	Renumber verse
Ps.128.7	Ps.129.7	renumbered	Renumber verse
Ps.128.8	Ps.129.8	renumbered	Renumber verse
Ps.129.1	Ps.129.1	unmatched	
Ps.129.2	Ps.129.2	unmatched	
Ps.129.3	Ps.129.3	unmatched	
Ps.130.1	Ps.131.1	renumbered	Renumber verse
Ps.130.2	Ps.131.2	renumbered	Renumber verse
Ps.130.3	Ps.131.3	renumbered	Renumber verse
Ps.131.1	Ps.132.1	renumbered	Renumber verse
Ps.131.2	Ps.132.2	renumbered	Renumber verse
Ps.131.3	Ps.132.3	renumbered	Renumber verse
Ps.131.4	Ps.132.4	renumbered	Renumber verse
Ps.131.5	Ps.132.5	renumbered	Renumber verse
Ps.131.6	Ps.132.6	renumbered	Renumber verse
Ps.131.7	Ps.132.7	renumbered	Renumber verse
Ps.131.8	Ps.132.8	renumbered	Renumber verse
Ps.131.9	Ps.132.9	renumbered	Renumber verse
Ps.131.10	Ps.132.10	renumbered	Renumber verse
Ps.131.11	Ps.132.11	renumbered	Renumber verse
Ps.131.12	Ps.132.12	renumbered	Renumber verse
Ps.131.13	Ps.132.13	renumbered	Renumber verse
Ps.131.14	Ps.132.14	renumbered	Renumber verse
Ps.131.15	Ps.132.15	renumbered	Renumber verse
Ps.131.16	Ps.132.16	renumbered	Renumber verse
Ps.131.17	Ps.132.17	renumbered	Renumber verse
Ps.131.18	Ps.132.18	renumbered	Renumber verse
Ps.132.1	Ps.133.1	renumbered	Renumber verse
Ps.132.2	Ps.133.2	renumbered	Renumber verse
Ps.132.3	Ps.133.3	renumbered	Renumber verse
Ps.133.1	Ps.134.1	renumbered	Renumber verse
Ps.133.2	Ps.134.2	renumbered	Renumber verse
Ps.133.3	Ps.134.3	renumbered	Renumber verse
Ps.134.1	Ps.135.1	renumbered	Renumber verse
Ps.134.2	Ps.135.2	renumbered	Renumber verse
Ps.134.3	Ps.135.3	renumbered	Renumber verse
Ps.134.4	Ps.135.4	renumbered	Renumber verse
Ps.134.5	Ps.135.5	renumbered	Renumber verse
Ps.134.6	Ps.135.6	renumbered	Renumber verse
Ps.134.7	Ps.135.7	renumbered	Renumber verse
Ps.134.8	Ps.135.8	renumbered	Renumber verse
Ps.134.9	Ps.135.9	renumbered	Renumber verse
Ps.134.10	Ps.135.10	renumbered	Renumber verse
Ps.134.11	Ps.135.11	renumbered	Renumber verse
Ps.134.12	Ps.135.12	renumbered	Renumber verse
Ps.134.13	Ps.135.13	renumbered	Renumber verse
Ps.134.14	Ps.135.14	renumbered	Renumber verse
Ps.134.15	Ps.135.15	renumbered	Renumber verse
Ps.134.16	Ps.135.16	renumbered	Renumber verse
Ps.134.17	Ps.135.17	renumbered	Renumber verse
Ps.134.18	Ps.135.18	renumbered	Renumber verse
Ps.134.19	Ps.135.19	renumbered	Renumber verse
Ps.134.20	Ps.135.20	renumbered	Renumber verse
Ps.134.21	Ps.135.21	renumbered	Renumber verse
Ps.135.1	Ps.136.1	renumbered	Renumber verse
Ps.135.2	Ps.136.2	renumbered	Renumber verse
Ps.135.3	Ps.136.3	renumbered	Renumber verse
Ps.135.4	Ps.136.4	renumbered	Renumber verse
Ps.135.5	Ps.136.5	renumbered	Renumber verse
Ps.135.6	Ps.136.6	renumbered	Renumber verse
Ps.135.7	Ps.136.7	renumbered	Renumber verse
Ps.135.8	Ps.136.8	renumbered	Renumber verse
Ps.135.9	Ps.136.9	renumbered	Renumber verse
Ps.135.10	Ps.136.10	renumbered	Renumber verse
Ps.135.11	Ps.136.11	renumbered	Renumber verse
Ps.135.12	Ps.136.12	renumbered	Renumber verse
Ps.135.13	Ps.136.13	renumbered	Renumber verse
Ps.135.14	Ps.136.14	renumbered	Renumber verse
Ps.135.15	Ps.136.15	renumbered	Renumber verse
Ps.135.16	Ps.136.16	renumbered	Renumber verse
Ps.135.17	Ps.136.17	renumbered	Renumber verse
Ps.135.18	Ps.136.18	renumbered	Renumber verse
Ps.135.19	Ps.136.19	renumbered	Renumber verse
Ps.135.20	Ps.136.20	renumbered	Renumber verse
Ps.135.21	Ps.136.21	renumbered	Renumber verse
Ps.135.22	Ps.136.22	renumbered	Renumber verse
Ps.135.24	Ps.136.24	renumbered	Renumber verse
Ps.135.25	Ps.136.25	renumbered	Renumber verse
Ps.135.26	Ps.136.26	renumbered	Renumber verse
Ps.136.1	Ps.137.1	renumbered	Renumber verse
Ps.136.2	Ps.137.2	renumbered	Renumber verse
Ps.136.3	Ps.137.3	renumbered	Renumber verse
Ps.136.4	Ps.137.4	renumbered	Renumber verse
Ps.136.5	Ps.137.5	renumbered	Renumber verse
Ps.136.6	Ps.137.6	renumbered	Renumber verse
Ps.136.7	Ps.137.7	renumbered	Renumber verse
Ps.136.8	Ps.137.8	renumbered	Renumber verse
Ps.136.9	Ps.137.9	renumbered	Renumber verse
Ps.137.1	Ps.138.1	renumbered	Renumber verse
Ps.137.2	Ps.138.2	renumbered	Renumber verse
Ps.137.3	Ps.138.3	renumbered	Renumber verse
Ps.137.4	Ps.138.4	renumbered	Renumber verse
Ps.137.5	Ps.138.5	renumbered	Renumber verse
Ps.137.6	Ps.138.6	renumbered	Renumber verse
Ps.137.7	Ps.138.7	renumbered	Renumber verse
Ps.137.8	Ps.138.8	renumbered	Renumber verse
Ps.138.1	Ps.139.1	renumbered	Renumber verse
Ps.138.2	Ps.139.2	renumbered	Renumber verse
Ps.138.3	Ps.139.3	renumbered	Renumber verse
Ps.138.4	Ps.139.4	renumbered	Renumber verse
Ps.138.5	Ps.139.5	renumbered	Renumber verse
Ps.138.6	Ps.139.6	renumbered	Renumber verse
Ps.138.7	Ps.139.7	renumbered	Renumber verse
Ps.138.8	Ps.139.8	renumbered	Renumber verse
Ps.138.9	Ps.139.9	renumbered	Renumber verse
Ps.138.10	Ps.139.10	renumbered	Renumber verse
Ps.138.11	Ps.139.11	renumbered	Renumber verse
Ps.138.12	Ps.139.12	renumbered	Renumber verse
Ps.138.13	Ps.139.13	renumbered	Renumber verse
Ps.138.14	Ps.139.14	renumbered	Renumber verse
Ps.138.15	Ps.139.15	renumbered	Renumber verse
Ps.138.16	Ps.139.16	renumbered	Renumber verse
Ps.138.17	Ps.139.17	renumbered	Renumber verse
Ps.138.18	Ps.139.18	renumbered	Renumber verse
Ps.138.19	Ps.139.19	renumbered	Renumber verse
Ps.138.20	Ps.139.20	renumbered	Renumber verse
Ps.138.21	Ps.139.21	renumbered	Renumber verse
Ps.138.22	Ps.139.22	renumbered	Renumber verse
Ps.138.23	Ps.139.23	renumbered	Renumber verse
Ps.138.24	Ps.139.24	renumbered	Renumber verse
Ps.139.1		title	Renumber title
Ps.139.2	Ps.140.1	renumbered	Renumber verse
Ps.139.3	Ps.140.2	renumbered	Renumber verse
Ps.139.4	Ps.140.3	renumbered	Renumber verse
Ps.139.5	Ps.140.4	renumbered	Renumber verse
Ps.139.6	Ps.140.5	renumbered	Renumber verse
Ps.139.7	Ps.140.6	renumbered	Renumber verse
Ps.139.8	Ps.140.7	renumbered	Renumber verse
Ps.139.9	Ps.140.8	renumbered	Renumber verse
Ps.139.10	Ps.140.9	renumbered	Renumber verse
Ps.139.11	Ps.140.10	renumbered	Renumber verse
Ps.139.12	Ps.140.11	renumbered	Renumber verse
Ps.139.13	Ps.140.12	renumbered	Renumber verse
Ps.139.14	Ps.140.13	renumbered	Renumber verse
Ps.140.1	Ps.141.1	renumbered	Renumber verse
Ps.140.2	Ps.141.2	renumbered	Renumber verse
Ps.140.3	Ps.141.3	renumbered	Renumber verse
Ps.140.4	Ps.141.4	renumbered	Renumber verse
Ps.140.5	Ps.141.5	renumbered	Renumber verse
Ps.140.6	Ps.141.6	renumbered	Renumber verse
Ps.140.7	Ps.141.7	renumbered	Renumber verse
Ps.140.8	Ps.141.8	renumbered	Renumber verse
Ps.140.9	Ps.141.9	renumbered	Renumber verse
Ps.140.10	Ps.141.10	renumbered	Renumber verse
Ps.141.1		title	Renumber title
Ps.141.2	Ps.142.1	renumbered	Renumber verse
Ps.141.3	Ps.142.2	renumbered	Renumber verse
Ps.141.4	Ps.142.3	renumbered	Renumber verse
Ps.141.5	Ps.142.4	renumbered	Renumber verse
Ps.141.6	Ps.142.5	renumbered	Renumber verse
Ps.141.7	Ps.142.6	renumbered	Renumber verse
Ps.141.8	Ps.142.7	renumbered	Renumber verse
Ps.142.1	Ps.143.1	renumbered	Renumber verse
Ps.142.2	Ps.143.2	renumbered	Renumber verse
Ps.142.3	Ps.143.3	renumbered	Renumber verse
Ps.142.4	Ps.143.4	renumbered	Renumber verse
Ps.142.5	Ps.143.5	renumbered	Renumber verse
Ps.142.6	Ps.143.6	renumbered	Renumber verse
Ps.142.7	Ps.143.7	renumbered	Renumber verse
Ps.142.8	Ps.143.8	renumbered	Renumber verse
Ps.142.9	Ps.143.9	renumbered	Renumber verse
Ps.142.10	Ps.143.10	renumbered	Renumber verse
Ps.142.11	Ps.143.11	renumbered	Renumber verse
Ps.142.12	Ps.143.12	renumbered	Renumber verse
Ps.143.1	Ps.144.1	renumbered	Renumber verse
Ps.143.2	Ps.144.2	renumbered	Renumber verse
Ps.143.3	Ps.144.3	renumbered	Renumber verse
Ps.143.4	Ps.144.4	renumbered	Renumber verse
Ps.143.5	Ps.144.5	renumbered	Renumber verse
Ps.143.6	Ps.144.6	renumbered	Renumber verse
Ps.143.7	Ps.144.7	renumbered	Renumber verse
Ps.143.8	Ps.144.8	renumbered	Renumber verse
Ps.143.9	Ps.144.9	renumbered	Renumber verse
Ps.143.10	Ps.144.10	renumbered	Renumber verse
Ps.143.11	Ps.144.11	renumbered	Renumber verse
Ps.143.12	Ps.144.12	renumbered	Renumber verse
Ps.143.13	Ps.144.13	renumbered	Renumber verse
Ps.143.14	Ps.144.14	renumbered	Renumber verse
Ps.143.15	Ps.144.15	renumbered	Renumber verse
Ps.144.1	Ps.145.1	renumbered	Renumber verse
Ps.144.2	Ps.145.2	renumbered	Renumber verse
Ps.144.3	Ps.145.3	renumbered	Renumber verse
Ps.144.4	Ps.145.4	renumbered	Renumber verse
Ps.144.5	Ps.145.5	renumbered	Renumber verse
Ps.144.6	Ps.145.6	renumbered	Renumber verse
Ps.144.7	Ps.145.7	renumbered	Renumber verse
Ps.144.8	Ps.145.8	renumbered	Renumber verse
Ps.144.9	Ps.145.9	renumbered	Renumber verse
Ps.144.10	Ps.145.10	renumbered	Renumber verse
Ps.144.11	Ps.145.11	renumbered	Renumber verse
Ps.144.12	Ps.145.12	renumbered	Renumber verse
Ps.144.13	Ps.145.13	renumbered	Renumber verse
Ps.144.14	Ps.145.14	renumbered	Renumber verse
Ps.144.15	Ps.145.15	renumbered	Renumber verse
Ps.144.16	Ps.145.16	renumbered	Renumber verse
Ps.144.17	Ps.145.17	renumbered	Renumber verse
Ps.144.18	Ps.145.18	renumbered	Renumber verse
Ps.144.19	Ps.145.19	renumbered	Renumber verse
Ps.144.20	Ps.145.20	renumbered	Renumber verse
Ps.144.21	Ps.145.21	renumbered	Renumber verse
Ps.145.1	Ps.146.1	renumbered	Renumber verse
Ps.145.2	Ps.146.2	renumbered	Renumber verse
Ps.145.3	Ps.146.3	renumbered	Renumber verse
Ps.145.4	Ps.146.4	renumbered	Renumber verse
Ps.145.5	Ps.146.5	renumbered	Renumber verse
Ps.145.6	Ps.146.6	renumbered	Renumber verse
Ps.145.7	Ps.146.7	renumbered	Renumber verse
Ps.145.8	Ps.146.8	renumbered	Renumber verse
Ps.145.9	Ps.146.9	renumbered	Renumber verse
Ps.145.10	Ps.146.10	renumbered	Renumber verse
Ps.146.1	Ps.147.1	renumbered	Renumber verse
Ps.146.2	Ps.147.2	renumbered	Renumber verse
Ps.146.3	Ps.147.3	renumbered	Renumber verse
Ps.146.4	Ps.147.4	renumbered	Renumber verse
Ps.146.5	Ps.147.5	renumbered	Renumber verse
Ps.146.6	Ps.147.6	renumbered	Renumber verse
Ps.146.7	Ps.147.7	renumbered	Renumber verse
Ps.146.8	Ps.147.8	renumbered	Renumber verse
Ps.146.9	Ps.147.9	renumbered	Renumber verse
Ps.146.10	Ps.147.10	renumbered	Renumber verse
Ps.146.11	Ps.147.11	renumbered	Renumber verse
Ps.147.1	Ps.147.12	renumbered	Renumber verse
Ps.147.2	Ps.147.13	renumbered	Renumber verse
Ps.147.3	Ps.147.14	renumbered	Renumber verse
Ps.147.4	Ps.147.15	renumbered	Renumber verse
Ps.147.5	Ps.147.16	renumbered	Renumber verse
Ps.147.6	Ps.147.17	renumbered	Renumber verse
Ps.147.7	Ps.147.18	renumbered	Renumber verse
Ps.147.8	Ps.147.19	renumbered	Renumber verse
Ps.147.9	Ps.147.20	renumbered	Renumber verse
Ps.148.1	Ps.148.1	same	
Ps.148.2	Ps.148.2	same	
Ps.148.3	Ps.148.3	same	
Ps.148.4	Ps.148.4	same	
Ps.148.5	Ps.148.5	same	
Ps.148.6	Ps.148.6	same	
Ps.148.7	Ps.148.7	same	
Ps.148.8	Ps.148.8	same	
Ps.148.9	Ps.148.9	same	
Ps.148.10	Ps.148.10	same	
Ps.148.11	Ps.148.11	same	
Ps.148.12	Ps.148.12	same	
Ps.148.13	Ps.148.13	same	
Ps.148.14	Ps.148.14	same	
Ps.149.1	Ps.149.1	same	
Ps.149.2	Ps.149.2	same	
Ps.149.3	Ps.149.3	same	
Ps.149.4	Ps.149.4	same	
Ps.149.5	Ps.149.5	same	
Ps.149.6	Ps.149.6	same	
Ps.149.7	Ps.149.7	same	
Ps.149.8	Ps.149.8	same	
Ps.149.9	Ps.149.9	same	
Ps.150.1	Ps.150.1	same	
Ps.150.2	Ps.150.2	same	
Ps.150.3	Ps.150.3	same	
Ps.150.4	Ps.150.4	same	
Ps.150.5	Ps.150.5	same	
Ps.150.6	Ps.150.6	same	
Ps.151.1		not-in-kjv	Renumber verse*
Ps.151.2		not-in-kjv	Renumber verse*
Ps.151.3		not-in-kjv	Renumber verse*
Ps.151.4		not-in-kjv	Renumber verse*
Ps.151.5		not-in-kjv	Renumber verse*
Ps.151.6		not-in-kjv	Renumber verse*
Ps.151.7		not-in-kjv	Renumber verse*
Odes.1.1		not-in-kjv	
Odes.1.2		not-in-kjv	
Odes.1.3		not-in-kjv	
Odes.1.4		not-in-kjv	
Odes.1.5		not-in-kjv	
Odes.1.6		not-in-kjv	
Odes.1.7		not-in-kjv	
Odes.1.8		not-in-kjv	
Odes.1.9		not-in-kjv	
Odes.1.10		not-in-kjv	
Odes.1.11		not-in-kjv	
Odes.1.12		not-in-kjv	
Odes.1.13		not-in-kjv	
Odes.1.14		not-in-kjv	
Odes.1.15		not-in-kjv	
Odes.1.16		not-in-kjv	
Odes.1.17		not-in-kjv	
Odes.1.18		not-in-kjv	
Odes.1.19		not-in-kjv	
Odes.2.1		not-in-kjv	
Odes.2.2		not-in-kjv	
Odes.2.3		not-in-kjv	
Odes.2.4		not-in-kjv	
Odes.2.5		not-in-kjv	
Odes.2.6		not-in-kjv	
Odes.2.7		not-in-kjv	
Odes.2.8		not-in-kjv	
Odes.2.9		not-in-kjv	
Odes.2.10		not-in-kjv	
Odes.2.11		not-in-kjv	
Odes.2.12		not-in-kjv	
Odes.2.13		not-in-kjv	
Odes.2.14		not-in-kjv	
Odes.2.15		not-in-kjv	
Odes.2.16		not-in-kjv	
Odes.2.17		not-in-kjv	
Odes.2.18		not-in-kjv	
Odes.2.19		not-in-kjv	
Odes.2.20		not-in-kjv	
Odes.2.21		not-in-kjv	
Odes.2.22		not-in-kjv	
Odes.2.23		not-in-kjv	
Odes.2.24		not-in-kjv	
Odes.2.25		not-in-kjv	
Odes.2.26		not-in-kjv	
Odes.2.27		not-in-kjv	
Odes.2.28		not-in-kjv	
Odes.2.29		not-in-kjv	
Odes.2.30		not-in-kjv	
Odes.2.31		not-in-kjv	
Odes.2.32		not-in-kjv	
Odes.2.33		not-in-kjv	
Odes.2.34		not-in-kjv	
Odes.2.35		not-in-kjv	
Odes.2.36		not-in-kjv	
Odes.2.37		not-in-kjv	
Odes.2.38		not-in-kjv	
Odes.2.39		not-in-kjv	
Odes.2.40		not-in-kjv	
Odes.2.41		not-in-kjv	
Odes.2.42		not-in-kjv	
Odes.2.43		not-in-kjv	
Odes.3.1		not-in-kjv	
Odes.3.2		not-in-kjv	
Odes.3.3		not-in-kjv	
Odes.3.4		not-in-kjv	
Odes.3.5		not-in-kjv	
Odes.3.6		not-in-kjv	
Odes.3.7		not-in-kjv	
Odes.3.8		not-in-kjv	
Odes.3.9		not-in-kjv	
Odes.3.10		not-in-kjv	
Odes.iva.1		not-in-kjv	
Odes.iva.2		not-in-kjv	
Odes.iva.3		not-in-kjv	
Odes.iva.4		not-in-kjv	
Odes.iva.5		not-in-kjv	
Odes.iva.6		not-in-kjv	
Odes.iva.7		not-in-kjv	
Odes.iva.8		not-in-kjv	
Odes.iva.9		not-in-kjv	
Odes.ivb.9		not-in-kjv	
Odes.ivb.10		not-in-kjv	
Odes.ivb.11		not-in-kjv	
Odes.ivb.12		not-in-kjv	
Odes.ivb.13		not-in-kjv	
Odes.ivb.14		not-in-kjv	
Odes.ivb.15		not-in-kjv	
Odes.ivb.16		not-in-kjv	
Odes.ivb.17		not-in-kjv	
Odes.ivb.18		not-in-kjv	
Odes.ivb.19		not-in-kjv	
Odes.ivb.20		not-in-kjv	
Odes.5.3		not-in-kjv	
Odes.5.4		not-in-kjv	
Odes.5.5		not-in-kjv	
Odes.5.6		not-in-kjv	
Odes.5.7		not-in-kjv	
Odes.5.8		not-in-kjv	
Odes.5.9		not-in-kjv	
Odes.5.10		not-in-kjv	
Odes.6.1		not-in-kjv	
Odes.6.2		not-in-kjv	
Odes.6.3		not-in-kjv	
Odes.6.4		not-in-kjv	
Odes.6.5		not-in-kjv	
Odes.6.6		not-in-kjv	
Odes.6.7		not-in-kjv	
Odes.6.8		not-in-kjv	
Odes.6.9		not-in-kjv	
Odes.6.10		not-in-kjv	
Odes.6.11		not-in-kjv	
Odes.6.12		not-in-kjv	
Odes.6.13		not-in-kjv	
Odes.6.14		not-in-kjv	
Odes.6.15		not-in-kjv	
Odes.6.16		not-in-kjv	
Odes.6.17		not-in-kjv	
Odes.6.18		not-in-kjv	
Odes.6.19		not-in-kjv	
Odes.7.10		not-in-kjv	
Odes.7.11		not-in-kjv	
Odes.7.12		not-in-kjv	
Odes.7.13		not-in-kjv	
Odes.7.14		not-in-kjv	
Odes.7.16		not-in-kjv	
Odes.7.17		not-in-kjv	
Odes.7.18		not-in-kjv	
Odes.7.19		not-in-kjv	
Odes.7.20		not-in-kjv	
Odes.8.1		not-in-kjv	
Odes.8.2		not-in-kjv	
Odes.8.3		not-in-kjv	
Odes.8.4		not-in-kjv	
Odes.8.5		not-in-kjv	
Odes.8.6		not-in-kjv	
Odes.8.7		not-in-kjv	
Odes.8.8		not-in-kjv	
Odes.8.9		not-in-kjv	
Odes.8.10		not-in-kjv	
Odes.8.11		not-in-kjv	
Odes.8.12		not-in-kjv	
Odes.8.13		not-in-kjv	
Odes.8.14		not-in-kjv	
Odes.8.15		not-in-kjv	
Odes.9.26		not-in-kjv	
Odes.9.27		not-in-kjv	
Odes.9.28		not-in-kjv	
Odes.9.29		not-in-kjv	
Odes.9.30		not-in-kjv	
Odes.9.31		not-in-kjv	
Odes.9.32		not-in-kjv	
Odes.9.33		not-in-kjv	
Odes.9.34		not-in-kjv	
Odes.9.35		not-in-kjv	
Odes.9.36		not-in-kjv	
Odes.9.37		not-in-kjv	
Odes.9.38		not-in-kjv	
Odes.9.39		not-in-kjv	
Odes.9.40		not-in-kjv	
Odes.9.41		not-in-kjv	
Odes.9.42		not-in-kjv	
Odes.9.43		not-in-kjv	
Odes.9.44		not-in-kjv	
Odes.9.45		not-in-kjv	
Odes.10.51		not-in-kjv	
Odes.10.52		not-in-kjv	
Odes.10.53		not-in-kjv	
Odes.10.54		not-in-kjv	
Odes.10.55		not-in-kjv	
Odes.10.56		not-in-kjv	
Odes.10.57		not-in-kjv	
Odes.10.58		not-in-kjv	
Odes.10.59		not-in-kjv	
Odes.10.60		not-in-kjv	
Odes.10.61		not-in-kjv	
Odes.10.62		not-in-kjv	
Odes.10.63		not-in-kjv	
Odes.10.64		not-in-kjv	
Odes.10.65		not-in-kjv	
Odes.10.66		not-in-kjv	
Odes.10.67		not-in-kjv	
Odes.10.68		not-in-kjv	
Odes.10.71		not-in-kjv	
Odes.10.72		not-in-kjv	
Odes.10.69		not-in-kjv	
Odes.10.70		not-in-kjv	
Odes.10.73		not-in-kjv	
Odes.10.74		not-in-kjv	
Odes.10.75		not-in-kjv	
Odes.10.76		not-in-kjv	
Odes.10.77		not-in-kjv	
Odes.10.78		not-in-kjv	
Odes.10.79		not-in-kjv	
Odes.10.80		not-in-kjv	
Odes.10.81		not-in-kjv	
Odes.10.82		not-in-kjv	
Odes.10.83		not-in-kjv	
Odes.10.84		not-in-kjv	
Odes.10.85		not-in-kjv	
Odes.10.86		not-in-kjv	
Odes.10.87		not-in-kjv	
Odes.10.88		not-in-kjv	
Odes.11.46		not-in-kjv	
Odes.11.47		not-in-kjv	
Odes.11.48		not-in-kjv	
Odes.11.49		not-in-kjv	
Odes.11.50		not-in-kjv	
Odes.11.51		not-in-kjv	
Odes.11.52		not-in-kjv	
Odes.11.53		not-in-kjv	
Odes.11.54		not-in-kjv	
Odes.11.55		not-in-kjv	
Odes.12.29		not-in-kjv	
Odes.12.30		not-in-kjv	
Odes.12.31		not-in-kjv	
Odes.12.32		not-in-kjv	
Odes.13.68		not-in-kjv	
Odes.13.69		not-in-kjv	
Odes.13.70		not-in-kjv	
Odes.13.71		not-in-kjv	
Odes.13.72		not-in-kjv	
Odes.13.73		not-in-kjv	
Odes.13.75		not-in-kjv	
Odes.13.76		not-in-kjv	
Odes.13.77		not-in-kjv	
Odes.13.78		not-in-kjv	
Odes.13.79		not-in-kjv	
Prov.1.1	Prov.1.1	same	
Prov.1.2	Prov.1.2	same	
Prov.1.3	Prov.1.3	same	
Prov.1.4	Prov.1.4	same	
Prov.1.5	Prov.1.5	same	
Prov.1.6	Prov.1.6	same	
Prov.1.7	Prov.1.7	same	
Prov.1.8	Prov.1.8	same	
Prov.1.9	Prov.1.9	same	
Prov.1.10	Prov.1.10	same	
Prov.1.11	Prov.1.11	same	
Prov.1.12	Prov.1.12	same	
Prov.1.13	Prov.1.13	same	
Prov.1.14	Prov.1.14	same	
Prov.1.15	Prov.1.15	same	
Prov.1.17	Prov.1.17	same	
Prov.1.18	Prov.1.18	same	
Prov.1.19	Prov.1.19	same	
Prov.1.20	Prov.1.20	same	
Prov.1.21	Prov.1.21	same	
Prov.1.22	Prov.1.22	same	
Prov.1.23	Prov.1.23	same	
Prov.1.24	Prov.1.24	same	
Prov.1.25	Prov.1.25	same	
Prov.1.26	Prov.1.26	same	
Prov.1.27	Prov.1.27	same	
Prov.1.28	Prov.1.28	same	
Prov.1.29	Prov.1.29	same	
Prov.1.30	Prov.1.30	same	
Prov.1.31	Prov.1.31	same	
Prov.1.32	Prov.1.32	same	
Prov.1.33	Prov.1.33	same	
Prov.2.1	Prov.2.1	same	
Prov.2.2	Prov.2.2	same	
Prov.2.3	Prov.2.3	same	
Prov.2.4	Prov.2.4	same	
Prov.2.5	Prov.2.5	same	
Prov.2.6	Prov.2.6	same	
Prov.2.7	Prov.2.7	same	
Prov.2.8	Prov.2.8	same	
Prov.2.9	Prov.2.9	same	
Prov.2.10	Prov.2.10	same	
Prov.2.11	Prov.2.11	same	
Prov.2.12	Prov.2.12	same	
Prov.2.13	Prov.2.13	same	
Prov.2.14	Prov.2.14	same	
Prov.2.15	Prov.2.15	same	
Prov.2.16	Prov.2.16	same	
Prov.2.17	Prov.2.17	same	
Prov.2.18	Prov.2.18	same	
Prov.2.19	Prov.2.19	same	
Prov.2.20	Prov.2.20	same	
Prov.2.21	Prov.2.21	same	
Prov.2.22	Prov.2.22	same	
Prov.3.1	Prov.3.1	same	
Prov.3.2	Prov.3.2	same	
Prov.3.3	Prov.3.3	same	
Prov.3.4	Prov.3.4	same	
Prov.3.5	Prov.3.5	same	
Prov.3.6	Prov.3.6	same	
Prov.3.7	Prov.3.7	same	
Prov.3.8	Prov.3.8	same	
Prov.3.9	Prov.3.9	same	
Prov.3.10	Prov.3.10	same	
Prov.3.11	Prov.3.11	same	
Prov.3.12	Prov.3.12	same	
Prov.3.13	Prov.3.13	same	
Prov.3.14	Prov.3.14	same	
Prov.3.15	Prov.3.15	same	
Prov.3.16	Prov.3.16	same	
Prov.3.16a		not-in-kjv	
Prov.3.17	Prov.3.17	same	
Prov.3.18	Prov.3.18	same	
Prov.3.19	Prov.3.19	same	
Prov.3.20	Prov.3.20	same	
Prov.3.21	Prov.3.21	same	
Prov.3.22	Prov.3.22	same	
Prov.3.22a		not-in-kjv	
Prov.3.23	Prov.3.23	same	
Prov.3.24	Prov.3.24	same	
Prov.3.25	Prov.3.25	same	
Prov.3.26	Prov.3.26	same	
Prov.3.27	Prov.3.27	same	
Prov.3.28	Prov.3.28	same	
Prov.3.29	Prov.3.29	same	
Prov.3.30	Prov.3.30	same	
Prov.3.31	Prov.3.31	same	
Prov.3.32	Prov.3.32	same	
Prov.3.33	Prov.3.33	same	
Prov.3.34	Prov.3.34	same	
Prov.3.35	Prov.3.35	same	
Prov.4.1	Prov.4.1	same	
Prov.4.2	Prov.4.2	same	
Prov.4.3	Prov.4.3	same	
Prov.4.4	Prov.4.4	same	
Prov.4.5	Prov.4.5	same	
Prov.4.6	Prov.4.6	same	
Prov.4.8	Prov.4.8	same	
Prov.4.9	Prov.4.9	same	
Prov.4.10	Prov.4.10	same	
Prov.4.11	Prov.4.11	same	
Prov.4.12	Prov.4.12	same	
Prov.4.13	Prov.4.13	same	
Prov.4.14	Prov.4.14	same	
Prov.4.15	Prov.4.15	same	
Prov.4.16	Prov.4.16	same	
Prov.4.17	Prov.4.17	same	
Prov.4.18	Prov.4.18	same	
Prov.4.19	Prov.4.19	same	
Prov.4.20	Prov.4.20	same	
Prov.4.21	Prov.4.21	same	
Prov.4.22	Prov.4.22	same	
Prov.4.23	Prov.4.23	same	
Prov.4.24	Prov.4.24	same	
Prov.4.25	Prov.4.25	same	
Prov.4.26	Prov.4.26	same	
Prov.4.27	Prov.4.27	same	Keep verse
Prov.4.27a		not-in-kjv	
Prov.4.27b		not-in-kjv	
Prov.5.1	Prov.5.1	same	
Prov.5.2	Prov.5.2	same	
Prov.5.3	Prov.5.3	same	
Prov.5.4	Prov.5.4	same	
Prov.5.5	Prov.5.5	same	
Prov.5.6	Prov.5.6	same	
Prov.5.7	Prov.5.7	same	
Prov.5.8	Prov.5.8	same	
Prov.5.9	Prov.5.9	same	
Prov.5.10	Prov.5.10	same	
Prov.5.11	Prov.5.11	same	
Prov.5.12	Prov.5.12	same	
Prov.5.13	Prov.5.13	same	
Prov.5.14	Prov.5.14	same	
Prov.5.15	Prov.5.15	same	
Prov.5.16	Prov.5.16	same	
Prov.5.17	Prov.5.17	same	
Prov.5.18	Prov.5.18	same	
Prov.5.19	Prov.5.19	same	
Prov.5.20	Prov.5.20	same	
Prov.5.21	Prov.5.21	same	
Prov.5.22	Prov.5.22	same	
Prov.5.23	Prov.5.23	same	
Prov.6.1	Prov.6.1	same	
Prov.6.2	Prov.6.2	same	
Prov.6.3	Prov.6.3	same	
Prov.6.4	Prov.6.4	same	
Prov.6.5	Prov.6.5	same	
Prov.6.6	Prov.6.6	same	
Prov.6.7	Prov.6.7	same	
Prov.6.8	Prov.6.8	same	
Prov.6.8a		not-in-kjv	
Prov.6.8b		not-in-kjv	
Prov.6.8c		not-in-kjv	
Prov.6.9	Prov.6.9	same	
Prov.6.10	Prov.6.10	same	
Prov.6.11	Prov.6.11	same	
Prov.6.11a		not-in-kjv	
Prov.6.12	Prov.6.12	same	
Prov.6.13	Prov.6.13	same	
Prov.6.14	Prov.6.14	same	
Prov.6.15	Prov.6.15	same	
Prov.6.16	Prov.6.16	same	
Prov.6.17	Prov.6.17	same	
Prov.6.18	Prov.6.18	same	
Prov.6.19	Prov.6.19	same	
Prov.6.20	Prov.6.20	same	
Prov.6.21	Prov.6.21	same	
Prov.6.22	Prov.6.22	same	
Prov.6.23	Prov.6.23	same	
Prov.6.24	Prov.6.24	same	
Prov.6.25	Prov.6.25	same	
Prov.6.26	Prov.6.26	same	
Prov.6.27	Prov.6.27	same	
Prov.6.28	Prov.6.28	same	
Prov.6.29	Prov.6.29	same	
Prov.6.30	Prov.6.30	same	
Prov.6.31	Prov.6.31	same	
Prov.6.32	Prov.6.32	same	
Prov.6.33	Prov.6.33	same	
Prov.6.34	Prov.6.34	same	
Prov.6.35	Prov.6.35	same	
Prov.7.1	Prov.7.1	same	
Prov.7.1a		not-in-kjv	
Prov.7.2	Prov.7.2	same	
Prov.7.3	Prov.7.3	same	
Prov.7.4	Prov.7.4	same	
Prov.7.5	Prov.7.5	same	
Prov.7.6	Prov.7.6	same	
Prov.7.7	Prov.7.7	same	
Prov.7.8	Prov.7.8	same	
Prov.7.9	Prov.7.9	same	
Prov.7.10	Prov.7.10	same	
Prov.7.11	Prov.7.11	same	
Prov.7.12	Prov.7.12	same	
Prov.7.13	Prov.7.13	same	
Prov.7.14	Prov.7.14	same	
Prov.7.15	Prov.7.15	same	
Prov.7.16	Prov.7.16	same	
Prov.7.17	Prov.7.17	same	
Prov.7.19	Prov.7.19	same	
Prov.7.20	Prov.7.20	same	
Prov.7.21	Prov.7.21	same	
Prov.7.22	Prov.7.22	same	
Prov.7.23	Prov.7.23	same	
Prov.7.24	Prov.7.24	same	
Prov.7.25	Prov.7.25	same	
Prov.7.26	Prov.7.26	same	
Prov.7.27	Prov.7.27	same	
Prov.8.1	Prov.8.1	same	
Prov.8.2	Prov.8.2	same	
Prov.8.3	Prov.8.3	same	
Prov.8.4	Prov.8.4	same	
Prov.8.5	Prov.8.5	same	
Prov.8.6	Prov.8.6	same	
Prov.8.7	Prov.8.7	same	
Prov.8.8	Prov.8.8	same	
Prov.8.9	Prov.8.9	same	
Prov.8.10	Prov.8.10	same	
Prov.8.11	Prov.8.11	same	
Prov.8.12	Prov.8.12	same	
Prov.8.13	Prov.8.13	same	
Prov.8.14	Prov.8.14	same	
Prov.8.15	Prov.8.15	same	
Prov.8.16	Prov.8.16	same	
Prov.8.17	Prov.8.17	same	
Prov.8.18	Prov.8.18	same	
Prov.8.19	Prov.8.19	same	
Prov.8.20	Prov.8.20	same	
Prov.8.21	Prov.8.21	same	
Prov.8.21a		not-in-kjv	
Prov.8.22	Prov.8.22	same	
Prov.8.23	Prov.8.23	same	
Prov.8.24	Prov.8.24	same	
Prov.8.25	Prov.8.25	same	
Prov.8.26	Prov.8.26	same	
Prov.8.27	Prov.8.27	same	
Prov.8.28	Prov.8.28	same	
Prov.8.29	Prov.8.29	same	
Prov.8.30	Prov.8.30	same	
Prov.8.31	Prov.8.31	same	
Prov.8.32	Prov.8.32	same	
Prov.8.34	Prov.8.34	same	
Prov.8.35	Prov.8.35	same	
Prov.8.36	Prov.8.36	same	
Prov.9.1	Prov.9.1	same	
Prov.9.2	Prov.9.2	same	
Prov.9.3	Prov.9.3	same	
Prov.9.4	Prov.9.4	same	
Prov.9.5	Prov.9.5	same	
Prov.9.6	Prov.9.6	same	
Prov.9.7	Prov.9.7	same	
Prov.9.8	Prov.9.8	same	
Prov.9.9	Prov.9.9	same	
Prov.9.10	Prov.9.10	same	
Prov.9.11	Prov.9.11	same	
Prov.9.12	Prov.9.12	same	
Prov.9.12a		not-in-kjv	
Prov.9.12b		not-in-kjv	
Prov.9.12c		not-in-kjv	
Prov.9.13	Prov.9.13	same	
Prov.9.14	Prov.9.14	same	
Prov.9.15	Prov.9.15	same	
Prov.9.16	Prov.9.16	same	
Prov.9.17	Prov.9.17	same	
Prov.9.18	Prov.9.18	same	
Prov.9.18a		not-in-kjv	
Prov.9.18b		not-in-kjv	
Prov.9.18c		not-in-kjv	
Prov.10.1	Prov.10.1	same	
Prov.10.2	Prov.10.2	same	
Prov.10.3	Prov.10.3	same	
Prov.10.4	Prov.10.4	same	
Prov.10.4a		not-in-kjv	
Prov.10.5	Prov.10.5	same	
Prov.10.6	Prov.10.6	same	
Prov.10.7	Prov.10.7	same	
Prov.10.8	Prov.10.8	same	
Prov.10.9	Prov.10.9	same	
Prov.10.10	Prov.10.10	same	
Prov.10.11	Prov.10.11	same	
Prov.10.12	Prov.10.12	same	
Prov.10.13	Prov.10.13	same	
Prov.10.14	Prov.10.14	same	
Prov.10.15	Prov.10.15	same	
Prov.10.16	Prov.10.16	same	
Prov.10.17	Prov.10.17	same	
Prov.10.18	Prov.10.18	same	
Prov.10.19	Prov.10.19	same	
Prov.10.20	Prov.10.20	same	
Prov.10.21	Prov.10.21	same	
Prov.10.22	Prov.10.22	same	
Prov.10.23	Prov.10.23	same	
Prov.10.24	Prov.10.24	same	
Prov.10.25	Prov.10.25	same	
Prov.10.26	Prov.10.26	same	
Prov.10.27	Prov.10.27	same	
Prov.10.28	Prov.10.28	same	
Prov.10.29	Prov.10.29	same	
Prov.10.30	Prov.10.30	same	
Prov.10.31	Prov.10.31	same	
Prov.10.32	Prov.10.32	same	
Prov.11.1	Prov.11.1	same	
Prov.11.2	Prov.11.2	same	
Prov.11.3	Prov.11.3	same	
Prov.11.5	Prov.11.5	same	
Prov.11.6	Prov.11.6	same	
Prov.11.7	Prov.11.7	same	
Prov.11.8	Prov.11.8	same	
Prov.11.9	Prov.11.9	same	
Prov.11.10	Prov.11.10	same	
Prov.11.11	Prov.11.11	same	
Prov.11.12	Prov.11.12	same	
Prov.11.13	Prov.11.13	same	
Prov.11.14	Prov.11.14	same	
Prov.11.15	Prov.11.15	same	
Prov.11.16	Prov.11.16	same	
Prov.11.17	Prov.11.17	same	
Prov.11.18	Prov.11.18	same	
Prov.11.19	Prov.11.19	same	
Prov.11.20	Prov.11.20	same	
Prov.11.21	Prov.11.21	same	
Prov.11.22	Prov.11.22	same	
Prov.11.23	Prov.11.23	same	
Prov.11.24	Prov.11.24	same	
Prov.11.25	Prov.11.25	same	
Prov.11.26	Prov.11.26	same	
Prov.11.27	Prov.11.27	same	
Prov.11.28	Prov.11.28	same	
Prov.11.29	Prov.11.29	same	
Prov.11.30	Prov.11.30	same	
Prov.11.31	Prov.11.31	same	
Prov.12.1	Prov.12.1	same	
Prov.12.2	Prov.12.2	same	
Prov.12.3	Prov.12.3	same	
Prov.12.4	Prov.12.4	same	
Prov.12.5	Prov.12.5	same	
Prov.12.6	Prov.12.6	same	
Prov.12.7	Prov.12.7	same	
Prov.12.8	Prov.12.8	same	
Prov.12.9	Prov.12.9	same	
Prov.12.10	Prov.12.10	same	
Prov.12.11	Prov.12.11	same	
Prov.12.11a		not-in-kjv	
Prov.12.12	Prov.12.12	same	
Prov.12.13	Prov.12.13	same	
Prov.12.13a		not-in-kjv	
Prov.12.14	Prov.12.14	same	
Prov.12.15	Prov.12.15	same	
Prov.12.16	Prov.12.16	same	
Prov.12.17	Prov.12.17	same	
Prov.12.18	Prov.12.18	same	
Prov.12.19	Prov.12.19	same	
Prov.12.20	Prov.12.20	same	
Prov.12.21	Prov.12.21	same	
Prov.12.22	Prov.12.22	same	
Prov.12.23	Prov.12.23	same	
Prov.12.24	Prov.12.24	same	
Prov.12.25	Prov.12.25	same	
Prov.12.26	Prov.12.26	same	
Prov.12.27	Prov.12.27	same	
Prov.12.28	Prov.12.28	same	
Prov.13.1	Prov.13.1	same	
Prov.13.2	Prov.13.2	same	
Prov.13.3	Prov.13.3	same	
Prov.13.4	Prov.13.4	same	
Prov.13.5	Prov.13.5	same	
Prov.13.7	Prov.13.7	same	
Prov.13.8	Prov.13.8	same	
Prov.13.9	Prov.13.9	same	
Prov.13.9a		not-in-kjv	
Prov.13.10	Prov.13.10	same	
Prov.13.11	Prov.13.11	same	
Prov.13.12	Prov.13.12	same	
Prov.13.13	Prov.13.13	same	
Prov.13.13a		not-in-kjv	
Prov.13.14	Prov.13.14	same	
Prov.13.15	Prov.13.15	same	
Prov.13.16	Prov.13.16	same	
Prov.13.17	Prov.13.17	same	
Prov.13.18	Prov.13.18	same	
Prov.13.19	Prov.13.19	same	
Prov.13.20	Prov.13.20	same	
Prov.13.21	Prov.13.21	same	
Prov.13.22	Prov.13.22	same	
Prov.13.23	Prov.13.23	same	
Prov.13.24	Prov.13.24	same	
Prov.13.25	Prov.13.25	same	
Prov.14.1	Prov.14.1	same	
Prov.14.2	Prov.14.2	same	
Prov.14.3	Prov.14.3	same	
Prov.14.4	Prov.14.4	same	
Prov.14.5	Prov.14.5	same	
Prov.14.6	Prov.14.6	same	
Prov.14.7	Prov.14.7	same	
Prov.14.8	Prov.14.8	same	
Prov.14.9	Prov.14.9	same	
Prov.14.10	Prov.14.10	same	
Prov.14.11	Prov.14.11	same	
Prov.14.12	Prov.14.12	same	
Prov.14.13	Prov.14.13	same	
Prov.14.14	Prov.14.14	same	
Prov.14.15	Prov.14.15	same	
Prov.14.16	Prov.14.16	same	
Prov.14.17	Prov.14.17	same	
Prov.14.18	Prov.14.18	same	
Prov.14.19	Prov.14.19	same	
Prov.14.20	Prov.14.20	same	
Prov.14.21	Prov.14.21	same	
Prov.14.22	Prov.14.22	same	
Prov.14.23	Prov.14.23	same	
Prov.14.24	Prov.14.24	same	
Prov.14.25	Prov.14.25	same	
Prov.14.26	Prov.14.26	same	
Prov.14.27	Prov.14.27	same	
Prov.14.28	Prov.14.28	same	
Prov.14.29	Prov.14.29	same	
Prov.14.30	Prov.14.30	same	
Prov.14.31	Prov.14.31	same	
Prov.14.32	Prov.14.32	same	
Prov.14.33	Prov.14.33	same	
Prov.14.34	Prov.14.34	same	
Prov.14.35	Prov.14.35	same	
Prov.15.1	Prov.15.1	same	
Prov.15.2	Prov.15.2	same	
Prov.15.3	Prov.15.3	same	
Prov.15.4	Prov.15.4	same	
Prov.15.5	Prov.15.5	same	
Prov.15.6	Prov.15.6	same	
Prov.15.7	Prov.15.7	same	
Prov.15.8	Prov.15.8	same	
Prov.15.9	Prov.15.9	same	
Prov.15.10	Prov.15.10	same	
Prov.15.11	Prov.15.11	same	
Prov.15.12	Prov.15.12	same	
Prov.15.13	Prov.15.13	same	
Prov.15.14	Prov.15.14	same	
Prov.15.15	Prov.15.15	same	
Prov.15.16	Prov.15.16	same	
Prov.15.17	Prov.15.17	same	
Prov.15.18	Prov.15.18	same	
Prov.15.18a		not-in-kjv	
Prov.15.19	Prov.15.19	same	
Prov.15.20	Prov.15.20	same	
Prov.15.21	Prov.15.21	same	
Prov.15.22	Prov.15.22	same	
Prov.15.23	Prov.15.23	same	
Prov.15.24	Prov.15.24	same	
Prov.15.25	Prov.15.25	same	
Prov.15.26	Prov.15.26	same	
Prov.15.27	Prov.15.27	same	
Prov.15.28	Prov.15.28	same	
Prov.15.29	Prov.15.29	same	
Prov.16.1	Prov.16.1	same	
Prov.16.2	Prov.16.2	same	
Prov.16.3	Prov.16.3	same	
Prov.16.4	Prov.16.4	same	
Prov.16.5	Prov.16.5	same	
Prov.16.6	Prov.16.6	same	
Prov.16.7	Prov.16.7	same	
Prov.16.8	Prov.16.8	same	
Prov.16.9	Prov.16.9	same	
Prov.16.10	Prov.16.10	same	
Prov.16.11	Prov.16.11	same	
Prov.16.12	Prov.16.12	same	
Prov.16.13	Prov.16.13	same	
Prov.16.14	Prov.16.14	same	
Prov.16.15	Prov.16.15	same	
Prov.16.16	Prov.16.16	same	
Prov.16.17	Prov.16.17	same	
Prov.16.18	Prov.16.18	same	
Prov.16.19	Prov.16.19	same	
Prov.16.20	Prov.16.20	same	
Prov.16.21	Prov.16.21	same	
Prov.16.22	Prov.16.22	same	
Prov.16.23	Prov.16.23	same	
Prov.16.24	Prov.16.24	same	
Prov.16.25	Prov.16.25	same	
Prov.16.26	Prov.16.26	same	
Prov.16.27	Prov.16.27	same	
Prov.16.28	Prov.16.28	same	
Prov.16.29	Prov.16.29	same	
Prov.16.30	Prov.16.30	same	
Prov.16.31	Prov.16.31	same	
Prov.16.32	Prov.16.32	same	
Prov.16.33	Prov.16.33	same	
Prov.17.1	Prov.17.1	same	
Prov.17.2	Prov.17.2	same	
Prov.17.3	Prov.17.3	same	
Prov.17.4	Prov.17.4	same	
Prov.17.5	Prov.17.5	same	
Prov.17.6	Prov.17.6	same	
Prov.17.6a		not-in-kjv	
Prov.17.7	Prov.17.7	same	
Prov.17.8	Prov.17.8	same	
Prov.17.9	Prov.17.9	same	
Prov.17.10	Prov.17.10	same	
Prov.17.11	Prov.17.11	same	
Prov.17.12	Prov.17.12	same	
Prov.17.13	Prov.17.13	same	
Prov.17.14	Prov.17.14	same	
Prov.17.15	Prov.17.15	same	
Prov.17.16	Prov.17.16	same	
Prov.17.17	Prov.17.17	same	
Prov.17.18	Prov.17.18	same	
Prov.17.19	Prov.17.19	same	
Prov.17.20	Prov.17.20	same	
Prov.17.21	Prov.17.21	same	
Prov.17.22	Prov.17.22	same	
Prov.17.23	Prov.17.23	same	
Prov.17.24	Prov.17.24	same	
Prov.17.25	Prov.17.25	same	
Prov.17.26	Prov.17.26	same	
Prov.17.27	Prov.17.27	same	
Prov.17.28	Prov.17.28	same	
Prov.18.1	Prov.18.1	same	
Prov.18.2	Prov.18.2	same	
Prov.18.3	Prov.18.3	same	
Prov.18.4	Prov.18.4	same	
Prov.18.5	Prov.18.5	same	
Prov.18.6	Prov.18.6	same	
Prov.18.7	Prov.18.7	same	
Prov.18.8	Prov.18.8	unmatched	
Prov.18.9	Prov.18.9	unmatched	
Prov.18.10	Prov.18.10	unmatched	
Prov.18.11	Prov.18.11	unmatched	
Prov.18.12	Prov.18.12	unmatched	
Prov.18.13	Prov.18.13	unmatched	
Prov.18.14	Prov.18.14	unmatched	
Prov.18.15	Prov.18.15	unmatched	
Prov.18.16	Prov.18.16	unmatched	
Prov.18.17	Prov.18.17	unmatched	
Prov.18.18	Prov.18.18	unmatched	
Prov.18.19	Prov.18.19	unmatched	
Prov.18.20	Prov.18.20	unmatched	
Prov.18.21	Prov.18.21	unmatched	
Prov.18.22	Prov.18.22	part	Renumber verse (soft)
Prov.18.22a		not-in-kjv	
Prov.18.23	Prov.18.22	part	DividedPrev verse (soft)
Prov.19.1	Prov.19.1	same	
Prov.19.2	Prov.19.2	same	
Prov.19.3	Prov.19.3	same	
Prov.19.4	Prov.19.4	same	
Prov.19.5	Prov.19.5	same	
Prov.19.6	Prov.19.6	same	
Prov.19.7	Prov.19.7	same	
Prov.19.8	Prov.19.8	same	
Prov.19.9	Prov.19.9	same	
Prov.19.10	Prov.19.10	same	
Prov.19.11	Prov.19.11	same	
Prov.19.12	Prov.19.12	same	
Prov.19.13	Prov.19.13	same	
Prov.19.14	Prov.19.14	same	
Prov.19.15	Prov.19.15	same	
Prov.19.16	Prov.19.16	same	
Prov.19.17	Prov.19.17	same	
Prov.19.18	Prov.19.18	same	
Prov.19.19	Prov.19.19	same	
Prov.19.20	Prov.19.20	same	
Prov.19.21	Prov.19.21	same	
Prov.19.22	Prov.19.22	same	
Prov.19.23	Prov.19.23	same	
Prov.19.24	Prov.19.24	same	
Prov.19.25	Prov.19.25	same	
Prov.19.26	Prov.19.26	same	
Prov.20.1	Prov.20.1	same	
Prov.20.2	Prov.20.2	same	
Prov.20.3	Prov.20.3	same	
Prov.20.4	Prov.20.4	same	
Prov.20.5	Prov.20.5	same	
Prov.20.6	Prov.20.6	same	
Prov.20.7	Prov.20.7	same	
Prov.20.8	Prov.20.8	same	
Prov.20.9	Prov.20.9 Prov.20.20 Prov.20.21 Prov.20.22	several	Concatenation (soft)
Prov.20.10	Prov.20.10	same	
Prov.20.11	Prov.20.11	same	
Prov.20.12	Prov.20.12	same	
Prov.20.13	Prov.20.13	same	
Prov.20.14	Prov.20.14	same	IfEmpty verse (soft)
Prov.20.15	Prov.20.15	same	IfEmpty verse (soft)
Prov.20.16	Prov.20.16	same	IfEmpty verse (soft)
Prov.20.17	Prov.20.17	same	IfEmpty verse (soft)
Prov.20.18	Prov.20.18	same	IfEmpty verse (soft)
Prov.20.19	Prov.20.19	same	IfEmpty verse (soft)
Prov.20.20	Prov.20.9 Prov.20.20	several	Keep verse (another tradition's pattern)
Prov.20.21	Prov.20.9 Prov.20.21	several	Keep verse (another tradition's pattern)
Prov.20.22	Prov.20.9 Prov.20.22	several	Keep verse (another tradition's pattern)
Prov.20.23	Prov.20.23	same	
Prov.20.24	Prov.20.24	same	
Prov.21.1	Prov.21.1	same	
Prov.21.2	Prov.21.2	same	
Prov.21.3	Prov.21.3	same	
Prov.21.4	Prov.21.4	same	
Prov.21.6	Prov.21.6	same	
Prov.21.7	Prov.21.7	same	
Prov.21.8	Prov.21.8	same	
Prov.21.9	Prov.21.9	same	
Prov.21.10	Prov.21.10	same	
Prov.21.11	Prov.21.11	same	
Prov.21.12	Prov.21.12	same	
Prov.21.13	Prov.21.13	same	
Prov.21.14	Prov.21.14	same	
Prov.21.15	Prov.21.15	same	
Prov.21.16	Prov.21.16	same	
Prov.21.17	Prov.21.17	same	
Prov.21.18	Prov.21.18	same	
Prov.21.19	Prov.21.19	same	
Prov.21.20	Prov.21.20	same	
Prov.21.21	Prov.21.21	same	
Prov.21.22	Prov.21.22	same	
Prov.21.23	Prov.21.23	same	
Prov.21.24	Prov.21.24	same	
Prov.21.25	Prov.21.25	same	
Prov.21.26	Prov.21.26	same	
Prov.21.27	Prov.21.27	same	
Prov.21.28	Prov.21.28	same	
Prov.21.29	Prov.21.29	same	
Prov.21.30	Prov.21.30	same	
Prov.21.31	Prov.21.31	same	
Prov.22.1	Prov.22.1	same	
Prov.22.2	Prov.22.2	same	
Prov.22.3	Prov.22.3	same	
Prov.22.4	Prov.22.4	same	
Prov.22.5	Prov.22.5	same	
Prov.22.7	Prov.22.7	same	
Prov.22.8	Prov.22.8	same	
Prov.22.8a		not-in-kjv	
Prov.22.9	Prov.22.9	same	
Prov.22.9a		not-in-kjv	
Prov.22.10	Prov.22.10	same	
Prov.22.11	Prov.22.11	same	
Prov.22.12	Prov.22.12	same	
Prov.22.13	Prov.22.13	same	
Prov.22.14	Prov.22.14	same	
Prov.22.14a		not-in-kjv	
Prov.22.15	Prov.22.15	same	
Prov.22.16	Prov.22.16	same	
Prov.22.17	Prov.22.17	same	
Prov.22.18	Prov.22.18	same	
Prov.22.19	Prov.22.19	same	
Prov.22.20	Prov.22.20	same	
Prov.22.21	Prov.22.21	same	
Prov.22.22	Prov.22.22	same	
Prov.22.23	Prov.22.23	same	
Prov.22.24	Prov.22.24	same	
Prov.22.25	Prov.22.25	same	
Prov.22.26	Prov.22.26	same	
Prov.22.28	Prov.22.28	same	
Prov.23.1	Prov.23.1	same	
Prov.23.2	Prov.23.2	same	
Prov.23.3	Prov.23.3	same	
Prov.23.4	Prov.23.4	same	
Prov.23.5	Prov.23.5	same	
Prov.23.6	Prov.23.6	same	
Prov.23.7	Prov.23.7	same	
Prov.23.8	Prov.23.8	same	
Prov.23.9	Prov.23.9	same	
Prov.23.10	Prov.23.10	same	
Prov.23.11	Prov.23.11	same	
Prov.23.12	Prov.23.12	same	
Prov.23.13	Prov.23.13	same	
Prov.23.14	Prov.23.14	same	
Prov.23.15	Prov.23.15	same	
Prov.23.16	Prov.23.16	same	
Prov.23.17	Prov.23.17	same	
Prov.23.18	Prov.23.18	same	
Prov.23.19	Prov.23.19	same	
Prov.23.20	Prov.23.20	same	
Prov.23.21	Prov.23.21	same	
Prov.23.22	Prov.23.22	same	
Prov.23.24	Prov.23.24	same	
Prov.23.25	Prov.23.25	same	
Prov.23.26	Prov.23.26	same	
Prov.23.27	Prov.23.27	same	
Prov.23.28	Prov.23.28	same	
Prov.23.29	Prov.23.29	same	
Prov.23.30	Prov.23.30	same	
Prov.23.31	Prov.23.31	same	
Prov.23.32	Prov.23.32	same	
Prov.23.33	Prov.23.33	same	
Prov.23.34	Prov.23.34	same	
Prov.23.35	Prov.23.35	same	
Prov.24.1	Prov.24.1	same	
Prov.24.2	Prov.24.2	same	
Prov.24.3	Prov.24.3	same	
Prov.24.4	Prov.24.4	same	
Prov.24.5	Prov.24.5	same	
Prov.24.6	Prov.24.6	same	
Prov.24.7	Prov.24.7	same	
Prov.24.8	Prov.24.8	same	
Prov.24.9	Prov.24.9	same	
Prov.24.10	Prov.24.10	same	
Prov.24.11	Prov.24.11	same	
Prov.24.12	Prov.24.12	same	
Prov.24.13	Prov.24.13	same	
Prov.24.14	Prov.24.14	same	
Prov.24.15	Prov.24.15	same	
Prov.24.16	Prov.24.16	same	
Prov.24.17	Prov.24.17	same	
Prov.24.18	Prov.24.18	same	
Prov.24.19	Prov.24.19	same	
Prov.24.20	Prov.24.20	same	
Prov.24.21	Prov.24.21	same	
Prov.24.22	Prov.24.22	same	
Prov.24.22a		not-in-kjv	
Prov.24.22b		not-in-kjv	
Prov.24.22c		not-in-kjv	
Prov.24.22d		not-in-kjv	
Prov.24.22e		not-in-kjv	
Prov.24.24	Prov.24.24	same	
Prov.24.25	Prov.24.25	same	
Prov.24.26	Prov.24.26	same	
Prov.24.27	Prov.24.27	same	
Prov.24.28	Prov.24.28	same	
Prov.24.29	Prov.24.29	same	
Prov.24.30	Prov.24.30	same	
Prov.24.31	Prov.24.31	same	
Prov.24.32	Prov.24.32	same	
Prov.24.33	Prov.24.33	same	
Prov.24.34	Prov.24.34	same	
Prov.24.35		not-in-kjv	
Prov.24.36		not-in-kjv	
Prov.24.37		not-in-kjv	
Prov.24.38		not-in-kjv	
Prov.24.39		not-in-kjv	
Prov.24.40		not-in-kjv	
Prov.24.41		not-in-kjv	
Prov.24.42		not-in-kjv	
Prov.24.43		not-in-kjv	
Prov.24.44		not-in-kjv	
Prov.24.45		not-in-kjv	
Prov.24.46		not-in-kjv	
Prov.24.47		not-in-kjv	
Prov.24.48		not-in-kjv	
Prov.24.49		not-in-kjv	
Prov.24.50		not-in-kjv	
Prov.24.51		not-in-kjv	
Prov.24.52		not-in-kjv	
Prov.24.53		not-in-kjv	
Prov.24.54		not-in-kjv	
Prov.24.55		not-in-kjv	
Prov.24.56		not-in-kjv	
Prov.24.57		not-in-kjv	
Prov.24.58		not-in-kjv	
Prov.24.59		not-in-kjv	
Prov.24.60		not-in-kjv	
Prov.24.61		not-in-kjv	
Prov.24.62		not-in-kjv	
Prov.24.63		not-in-kjv	
Prov.24.64		not-in-kjv	
Prov.24.65		not-in-kjv	
Prov.24.66		not-in-kjv	
Prov.24.67		not-in-kjv	
Prov.24.68		not-in-kjv	
Prov.24.69		not-in-kjv	
Prov.24.70		not-in-kjv	
Prov.24.71		not-in-kjv	
Prov.24.72		not-in-kjv	
Prov.24.73		not-in-kjv	
Prov.24.74		not-in-kjv	
Prov.24.75		not-in-kjv	
Prov.24.76		not-in-kjv	
Prov.24.77		not-in-kjv	
Prov.25.1	Prov.25.1	same	
Prov.25.2	Prov.25.2	same	
Prov.25.3	Prov.25.3	same	
Prov.25.4	Prov.25.4	same	
Prov.25.5	Prov.25.5	same	
Prov.25.6	Prov.25.6	same	
Prov.25.7	Prov.25.7	same	
Prov.25.8	Prov.25.8	same	
Prov.25.9	Prov.25.9	same	
Prov.25.10	Prov.25.10	same	
Prov.25.10a		not-in-kjv	
Prov.25.11	Prov.25.11	same	
Prov.25.12	Prov.25.12	same	
Prov.25.13	Prov.25.13	same	
Prov.25.14	Prov.25.14	same	
Prov.25.15	Prov.25.15	same	
Prov.25.16	Prov.25.16	same	
Prov.25.17	Prov.25.17	same	
Prov.25.18	Prov.25.18	same	
Prov.25.19	Prov.25.19	same	
Prov.25.20	Prov.25.20	same	
Prov.25.29a		not-in-kjv	
Prov.25.21	Prov.25.21	same	
Prov.25.22	Prov.25.22	same	
Prov.25.23	Prov.25.23	same	
Prov.25.24	Prov.25.24	same	
Prov.25.25	Prov.25.25	same	
Prov.25.26	Prov.25.26	same	
Prov.25.27	Prov.25.27	same	
Prov.25.28	Prov.25.28	same	
Prov.26.1	Prov.26.1	same	
Prov.26.2	Prov.26.2	same	
Prov.26.3	Prov.26.3	same	
Prov.26.4	Prov.26.4	same	
Prov.26.5	Prov.26.5	same	
Prov.26.6	Prov.26.6	same	
Prov.26.7	Prov.26.7	same	
Prov.26.8	Prov.26.8	same	
Prov.26.9	Prov.26.9	same	
Prov.26.10	Prov.26.10	same	
Prov.26.11	Prov.26.11	same	
Prov.26.11a		not-in-kjv	
Prov.26.12	Prov.26.12	same	
Prov.26.13	Prov.26.13	same	
Prov.26.14	Prov.26.14	same	
Prov.26.15	Prov.26.15	same	
Prov.26.16	Prov.26.16	same	
Prov.26.17	Prov.26.17	same	
Prov.26.18	Prov.26.18	same	
Prov.26.19	Prov.26.19	same	
Prov.26.20	Prov.26.20	same	
Prov.26.21	Prov.26.21	same	
Prov.26.22	Prov.26.22	same	
Prov.26.23	Prov.26.23	same	
Prov.26.24	Prov.26.24	same	
Prov.26.25	Prov.26.25	same	
Prov.26.26	Prov.26.26	same	
Prov.26.27	Prov.26.27	same	
Prov.26.28	Prov.26.28	same	
Prov.27.1	Prov.27.1	same	
Prov.27.2	Prov.27.2	same	
Prov.27.3	Prov.27.3	same	
Prov.27.4	Prov.27.4	same	
Prov.27.5	Prov.27.5	same	
Prov.27.6	Prov.27.6	same	
Prov.27.7	Prov.27.7	same	
Prov.27.8	Prov.27.8	same	
Prov.27.9	Prov.27.9	same	
Prov.27.10	Prov.27.10	same	
Prov.27.11	Prov.27.11	same	
Prov.27.12	Prov.27.12	same	
Prov.27.13	Prov.27.13	same	
Prov.27.14	Prov.27.14	same	
Prov.27.15	Prov.27.15	same	
Prov.27.16	Prov.27.16	same	
Prov.27.17	Prov.27.17	same	
Prov.27.18	Prov.27.18	same	
Prov.27.19	Prov.27.19	same	
Prov.27.20	Prov.27.20	same	
Prov.27.20a		not-in-kjv	
Prov.27.21	Prov.27.21	same	
Prov.27.21a		not-in-kjv	
Prov.27.22	Prov.27.22	same	
Prov.27.23	Prov.27.23	same	
Prov.27.24	Prov.27.24	same	
Prov.27.25	Prov.27.25	same	
Prov.27.26	Prov.27.26	same	
Prov.27.27	Prov.27.27	same	
Prov.28.1	Prov.28.1	same	
Prov.28.2	Prov.28.2	same	
Prov.28.3	Prov.28.3	same	
Prov.28.4	Prov.28.4	same	
Prov.28.5	Prov.28.5	same	
Prov.28.6	Prov.28.6	same	
Prov.28.7	Prov.28.7	same	
Prov.28.8	Prov.28.8	same	
Prov.28.9	Prov.28.9	same	
Prov.28.10	Prov.28.10	same	
Prov.28.11	Prov.28.11	same	
Prov.28.12	Prov.28.12	same	
Prov.28.13	Prov.28.13	same	
Prov.28.14	Prov.28.14	same	
Prov.28.15	Prov.28.15	same	
Prov.28.16	Prov.28.16	same	
Prov.28.17	Prov.28.17	same	
Prov.28.17a		not-in-kjv	
Prov.28.18	Prov.28.18	same	
Prov.28.19	Prov.28.19	same	
Prov.28.20	Prov.28.20	same	
Prov.28.21	Prov.28.21	same	
Prov.28.22	Prov.28.22	same	
Prov.28.23	Prov.28.23	same	
Prov.28.24	Prov.28.24	same	
Prov.28.25	Prov.28.25	same	
Prov.28.26	Prov.28.26	same	
Prov.28.27	Prov.28.27	same	
Prov.28.28	Prov.28.28	same	
Prov.29.1	Prov.29.1	same	
Prov.29.2	Prov.29.2	same	
Prov.29.3	Prov.29.3	same	
Prov.29.4	Prov.29.4	same	
Prov.29.5	Prov.29.5	same	
Prov.29.6	Prov.29.6	same	
Prov.29.7	Prov.29.7	same	
Prov.29.8	Prov.29.8	same	
Prov.29.9	Prov.29.9	same	
Prov.29.10	Prov.29.10	same	
Prov.29.11	Prov.29.11	same	
Prov.29.12	Prov.29.12	same	
Prov.29.13	Prov.29.13	same	
Prov.29.14	Prov.29.14	same	
Prov.29.15	Prov.29.15	same	
Prov.29.16	Prov.29.16	same	
Prov.29.17	Prov.29.17	same	
Prov.29.18	Prov.29.18	same	
Prov.29.19	Prov.29.19	same	
Prov.29.20	Prov.29.20	same	
Prov.29.21	Prov.29.21	same	
Prov.29.22	Prov.29.22	same	
Prov.29.23	Prov.29.23	same	
Prov.29.24	Prov.29.24	same	
Prov.29.25	Prov.29.25	same	
Prov.29.26	Prov.29.26	same	
Prov.29.27	Prov.29.27	same	
Prov.29.28		not-in-kjv	
Prov.29.29		not-in-kjv	
Prov.29.30		not-in-kjv	
Prov.29.31		not-in-kjv	
Prov.29.32		not-in-kjv	
Prov.29.33		not-in-kjv	
Prov.29.34		not-in-kjv	
Prov.29.35		not-in-kjv	
Prov.29.36		not-in-kjv	
Prov.29.37		not-in-kjv	
Prov.29.38		not-in-kjv	
Prov.29.39		not-in-kjv	
Prov.29.40		not-in-kjv	
Prov.29.41		not-in-kjv	
Prov.29.42		not-in-kjv	
Prov.29.43		not-in-kjv	
Prov.29.44		not-in-kjv	
Prov.29.45		not-in-kjv	
Prov.29.46		not-in-kjv	
Prov.29.47		not-in-kjv	
Prov.29.48		not-in-kjv	
Prov.29.49		not-in-kjv	
Song.1.1	Song.1.1	same	IfEmpty verse
Song.1.2	Song.1.2	same	Keep verse
Song.1.3	Song.1.3	same	Keep verse
Song.1.4	Song.1.4	same	Keep verse
Song.1.5	Song.1.5	same	Keep verse
Song.1.6	Song.1.6	same	Keep verse
Song.1.7	Song.1.7	same	Keep verse
Song.1.8	Song.1.8	same	Keep verse
Song.1.9	Song.1.9	same	Keep verse
Song.1.10	Song.1.10	same	Keep verse
Song.1.11	Song.1.11	same	Keep verse
Song.1.12	Song.1.12	same	Keep verse
Song.1.13	Song.1.13	same	Keep verse
Song.1.14	Song.1.14	same	Keep verse
Song.1.15	Song.1.15	same	Keep verse
Song.1.16	Song.1.16	same	Keep verse
Song.1.17	Song.1.17	same	Keep verse
Song.2.1	Song.2.1	same	
Song.2.2	Song.2.2	same	
Song.2.3	Song.2.3	same	
Song.2.4	Song.2.4	same	
Song.2.5	Song.2.5	same	
Song.2.6	Song.2.6	same	
Song.2.7	Song.2.7	same	
Song.2.8	Song.2.8	same	
Song.2.9	Song.2.9	same	
Song.2.10	Song.2.10	same	
Song.2.11	Song.2.11	same	
Song.2.12	Song.2.12	same	
Song.2.13	Song.2.13	same	
Song.2.14	Song.2.14	same	
Song.2.15	Song.2.15	same	
Song.2.16	Song.2.16	same	
Song.2.17	Song.2.17	same	
Song.3.1	Song.3.1	same	
Song.3.2	Song.3.2	same	
Song.3.3	Song.3.3	same	
Song.3.4	Song.3.4	same	
Song.3.5	Song.3.5	same	
Song.3.6	Song.3.6	same	
Song.3.7	Song.3.7	same	
Song.3.8	Song.3.8	same	
Song.3.9	Song.3.9	same	
Song.3.10	Song.3.10	same	
Song.3.11	Song.3.11	same	
Song.4.1	Song.4.1	same	
Song.4.2	Song.4.2	same	
Song.4.3	Song.4.3	same	
Song.4.4	Song.4.4	same	
Song.4.5	Song.4.5	same	
Song.4.6	Song.4.6	same	
Song.4.7	Song.4.7	same	
Song.4.9	Song.4.9	same	
Song.4.10	Song.4.10	same	
Song.4.11	Song.4.11	same	
Song.4.12	Song.4.12	same	
Song.4.13	Song.4.13	same	
Song.4.14	Song.4.14	same	
Song.4.15	Song.4.15	same	
Song.4.16	Song.4.16	same	
Song.5.1	Song.5.1	same	
Song.5.2	Song.5.2	same	
Song.5.3	Song.5.3	same	
Song.5.4	Song.5.4	same	
Song.5.5	Song.5.5	same	
Song.5.6	Song.5.6	same	
Song.5.7	Song.5.7	same	
Song.5.8	Song.5.8	same	
Song.5.9	Song.5.9	same	
Song.5.10	Song.5.10	same	
Song.5.11	Song.5.11	same	
Song.5.12	Song.5.12	same	
Song.5.13	Song.5.13	same	
Song.5.14	Song.5.14	same	
Song.5.15	Song.5.15	same	
Song.5.16	Song.5.16	same	
Song.5.17	Song.6.1	renumbered	Renumber verse (another tradition's pattern)
Song.6.1	Song.6.2	renumbered	Renumber verse (another tradition's pattern)
Song.6.2	Song.6.3	renumbered	Renumber verse (another tradition's pattern)
Song.6.3	Song.6.4	renumbered	Renumber verse (another tradition's pattern)
Song.6.4	Song.6.5	renumbered	Renumber verse (another tradition's pattern)
Song.6.5	Song.6.6	renumbered	Renumber verse (another tradition's pattern)
Song.6.6	Song.6.7	renumbered	Renumber verse (another tradition's pattern)
Song.6.7	Song.6.8	renumbered	Renumber verse (another tradition's pattern)
Song.6.8	Song.6.9	renumbered	Renumber verse (another tradition's pattern)
Song.6.9	Song.6.10	renumbered	Renumber verse (another tradition's pattern)
Song.6.10	Song.6.11	renumbered	Renumber verse (another tradition's pattern)
Song.6.11	Song.6.12	renumbered	Renumber verse (another tradition's pattern)
Song.6.12	Song.6.13	renumbered	Renumber verse (another tradition's pattern)
Song.7.1	Song.7.1	same	Keep verse (another tradition's pattern)
Song.7.2	Song.7.2	same	Keep verse (another tradition's pattern)
Song.7.3	Song.7.3	same	Keep verse (another tradition's pattern)
Song.7.4	Song.7.4	same	Keep verse (another tradition's pattern)
Song.7.5	Song.7.5	same	Keep verse (another tradition's pattern)
Song.7.6	Song.7.6	same	Keep verse (another tradition's pattern)
Song.7.7	Song.7.7	same	Keep verse (another tradition's pattern)
Song.7.8	Song.7.8	same	Keep verse (another tradition's pattern)
Song.7.9	Song.7.9	same	Keep verse (another tradition's pattern)
Song.7.10	Song.7.10	same	Keep verse (another tradition's pattern)
Song.7.11	Song.7.11	same	Keep verse (another tradition's pattern)
Song.7.12	Song.7.12	same	Keep verse (another tradition's pattern)
Song.7.13	Song.7.13	same	Keep verse (another tradition's pattern)
Song.8.1	Song.8.1	same	
Song.8.2	Song.8.2	same	
Song.8.3	Song.8.3	same	
Song.8.4	Song.8.4	same	
Song.8.5	Song.8.5	same	
Song.8.6	Song.8.6	same	
Song.8.7	Song.8.7	same	
Song.8.8	Song.8.8	same	
Song.8.9	Song.8.9	same	
Song.8.10	Song.8.10	same	
Song.8.11	Song.8.11	same	
Song.8.12	Song.8.12	same	
Song.8.13	Song.8.13	same	
Song.8.14	Song.8.14	same	
Job.1.1	Job.1.1	same	
Job.1.2	Job.1.2	same	
Job.1.3	Job.1.3	same	
Job.1.4	Job.1.4	same	
Job.1.5	Job.1.5	same	
Job.1.6	Job.1.6	same	
Job.1.7	Job.1.7	same	
Job.1.8	Job.1.8	same	
Job.1.9	Job.1.9	same	
Job.1.10	Job.1.10	same	
Job.1.11	Job.1.11	same	
Job.1.12	Job.1.12	same	
Job.1.13	Job.1.13	same	
Job.1.14	Job.1.14	same	
Job.1.15	Job.1.15	same	
Job.1.16	Job.1.16	same	
Job.1.17	Job.1.17	same	
Job.1.18	Job.1.18	same	
Job.1.19	Job.1.19	same	
Job.1.20	Job.1.20	same	
Job.1.21	Job.1.21	same	
Job.1.22	Job.1.22	same	
Job.2.1	Job.2.1	same	
Job.2.2	Job.2.2	same	
Job.2.3	Job.2.3	same	
Job.2.4	Job.2.4	same	
Job.2.5	Job.2.5	same	
Job.2.6	Job.2.6	same	
Job.2.7	Job.2.7	same	
Job.2.8	Job.2.8	same	
Job.2.9	Job.2.9	same	
Job.2.9a		not-in-kjv	
Job.2.9b		not-in-kjv	
Job.2.9c		not-in-kjv	
Job.2.9d		not-in-kjv	
Job.2.10	Job.2.10	same	
Job.2.11	Job.2.11	same	
Job.2.12	Job.2.12	same	
Job.2.13	Job.2.13	same	
Job.3.1	Job.3.1	same	
Job.3.2	Job.3.2	same	
Job.3.3	Job.3.3	same	
Job.3.4	Job.3.4	same	
Job.3.5	Job.3.5	same	
Job.3.6	Job.3.6	same	
Job.3.7	Job.3.7	same	
Job.3.8	Job.3.8	same	
Job.3.9	Job.3.9	same	
Job.3.10	Job.3.10	same	
Job.3.11	Job.3.11	same	
Job.3.12	Job.3.12	same	
Job.3.13	Job.3.13	same	
Job.3.14	Job.3.14	same	
Job.3.15	Job.3.15	same	
Job.3.16	Job.3.16	same	
Job.3.17	Job.3.17	same	
Job.3.18	Job.3.18	same	
Job.3.19	Job.3.19	same	
Job.3.20	Job.3.20	same	
Job.3.21	Job.3.21	same	
Job.3.22	Job.3.22	same	
Job.3.23	Job.3.23	same	
Job.3.24	Job.3.24	same	
Job.3.25	Job.3.25	same	
Job.3.26	Job.3.26	same	
Job.4.1	Job.4.1	same	
Job.4.2	Job.4.2	same	
Job.4.3	Job.4.3	same	
Job.4.4	Job.4.4	same	
Job.4.5	Job.4.5	same	
Job.4.6	Job.4.6	same	
Job.4.7	Job.4.7	same	
Job.4.8	Job.4.8	same	
Job.4.9	Job.4.9	same	
Job.4.10	Job.4.10	same	
Job.4.11	Job.4.11	same	
Job.4.12	Job.4.12	same	
Job.4.13	Job.4.13	same	
Job.4.14	Job.4.14	same	
Job.4.15	Job.4.15	same	
Job.4.16	Job.4.16	same	
Job.4.17	Job.4.17	same	
Job.4.18	Job.4.18	same	
Job.4.19	Job.4.19	same	
Job.4.20	Job.4.20	same	
Job.4.21	Job.4.21	same	
Job.5.1	Job.5.1	same	
Job.5.2	Job.5.2	same	
Job.5.3	Job.5.3	same	
Job.5.4	Job.5.4	same	
Job.5.5	Job.5.5	same	
Job.5.6	Job.5.6	same	
Job.5.7	Job.5.7	same	
Job.5.8	Job.5.8	same	
Job.5.9	Job.5.9	same	
Job.5.10	Job.5.10	same	
Job.5.11	Job.5.11	same	
Job.5.12	Job.5.12	same	
Job.5.13	Job.5.13	same	
Job.5.14	Job.5.14	same	
Job.5.15	Job.5.15	same	
Job.5.16	Job.5.16	same	
Job.5.17	Job.5.17	same	
Job.5.18	Job.5.18	same	
Job.5.19	Job.5.19	same	
Job.5.20	Job.5.20	same	
Job.5.21	Job.5.21	same	
Job.5.22	Job.5.22	same	
Job.5.23	Job.5.23	same	
Job.5.24	Job.5.24	same	
Job.5.25	Job.5.25	same	
Job.5.26	Job.5.26	same	
Job.5.27	Job.5.27	same	
Job.6.1	Job.6.1	same	
Job.6.2	Job.6.2	same	
Job.6.3	Job.6.3	same	
Job.6.4	Job.6.4	same	
Job.6.5	Job.6.5	same	
Job.6.6	Job.6.6	same	
Job.6.7	Job.6.7	same	
Job.6.8	Job.6.8	same	
Job.6.9	Job.6.9	same	
Job.6.10	Job.6.10	same	
Job.6.11	Job.6.11	same	
Job.6.12	Job.6.12	same	
Job.6.13	Job.6.13	same	
Job.6.14	Job.6.14	same	
Job.6.15	Job.6.15	same	
Job.6.16	Job.6.16	same	
Job.6.17	Job.6.17	same	
Job.6.18	Job.6.18	same	
Job.6.19	Job.6.19	same	
Job.6.20	Job.6.20	same	
Job.6.21	Job.6.21	same	
Job.6.22	Job.6.22	same	
Job.6.23	Job.6.23	same	
Job.6.24	Job.6.24	same	
Job.6.25	Job.6.25	same	
Job.6.26	Job.6.26	same	
Job.6.27	Job.6.27	same	
Job.6.28	Job.6.28	same	
Job.6.29	Job.6.29	same	
Job.6.30	Job.6.30	same	
Job.7.1	Job.7.1	same	
Job.7.2	Job.7.2	same	
Job.7.3	Job.7.3	same	
Job.7.4	Job.7.4	same	
Job.7.5	Job.7.5	same	
Job.7.6	Job.7.6	same	
Job.7.7	Job.7.7	same	
Job.7.8	Job.7.8	same	
Job.7.9	Job.7.9	same	
Job.7.10	Job.7.10	same	
Job.7.11	Job.7.11	same	
Job.7.12	Job.7.12	same	
Job.7.13	Job.7.13	same	
Job.7.14	Job.7.14	same	
Job.7.16	Job.7.16	same	
Job.7.17	Job.7.17	same	
Job.7.18	Job.7.18	same	
Job.7.19	Job.7.19	same	
Job.7.20	Job.7.20	same	
Job.7.21	Job.7.21	same	
Job.8.1	Job.8.1	same	
Job.8.2	Job.8.2	same	
Job.8.3	Job.8.3	same	
Job.8.4	Job.8.4	same	
Job.8.5	Job.8.5	same	
Job.8.6	Job.8.6	same	
Job.8.7	Job.8.7	same	
Job.8.8	Job.8.8	same	
Job.8.9	Job.8.9	same	
Job.8.10	Job.8.10	same	
Job.8.11	Job.8.11	same	
Job.8.12	Job.8.12	same	
Job.8.13	Job.8.13	same	
Job.8.14	Job.8.14	same	
Job.8.15	Job.8.15	same	
Job.8.16	Job.8.16	same	
Job.8.17	Job.8.17	same	
Job.8.18	Job.8.18	same	
Job.8.19	Job.8.19	same	
Job.8.20	Job.8.20	same	
Job.8.21	Job.8.21	same	
Job.8.22	Job.8.22	same	
Job.9.1	Job.9.1	same	
Job.9.2	Job.9.2	same	
Job.9.3	Job.9.3	same	
Job.9.4	Job.9.4	same	
Job.9.5	Job.9.5	same	
Job.9.6	Job.9.6	same	
Job.9.7	Job.9.7	same	
Job.9.8	Job.9.8	same	
Job.9.9	Job.9.9	same	
Job.9.10	Job.9.10	same	
Job.9.11	Job.9.11	same	
Job.9.12	Job.9.12	same	
Job.9.13	Job.9.13	same	
Job.9.14	Job.9.14	same	
Job.9.15	Job.9.15	same	
Job.9.16	Job.9.16	same	
Job.9.17	Job.9.17	same	
Job.9.18	Job.9.18	same	
Job.9.19	Job.9.19	same	
Job.9.20	Job.9.20	same	
Job.9.21	Job.9.21	same	
Job.9.22	Job.9.22	same	
Job.9.23	Job.9.23	same	
Job.9.24	Job.9.24	same	
Job.9.25	Job.9.25	same	
Job.9.26	Job.9.26	same	
Job.9.27	Job.9.27	same	
Job.9.28	Job.9.28	same	
Job.9.29	Job.9.29	same	
Job.9.30	Job.9.30	same	
Job.9.31	Job.9.31	same	
Job.9.32	Job.9.32	same	
Job.9.33	Job.9.33	same	
Job.9.34	Job.9.34	same	
Job.9.35	Job.9.35	same	
Job.10.1	Job.10.1	same	
Job.10.2	Job.10.2	same	
Job.10.3	Job.10.3	same	
Job.10.4	Job.10.4	same	
Job.10.5	Job.10.5	same	
Job.10.6	Job.10.6	same	
Job.10.7	Job.10.7	same	
Job.10.8	Job.10.8	same	
Job.10.9	Job.10.9	same	
Job.10.10	Job.10.10	same	
Job.10.11	Job.10.11	same	
Job.10.12	Job.10.12	same	
Job.10.13	Job.10.13	same	
Job.10.14	Job.10.14	same	
Job.10.15	Job.10.15	same	
Job.10.16	Job.10.16	same	
Job.10.17	Job.10.17	same	
Job.10.18	Job.10.18	same	
Job.10.19	Job.10.19	same	
Job.10.20	Job.10.20	same	
Job.10.21	Job.10.21	same	
Job.11.1	Job.11.1	same	
Job.11.2	Job.11.2	same	
Job.11.3	Job.11.3	same	
Job.11.4	Job.11.4	same	
Job.11.5	Job.11.5	same	
Job.11.6	Job.11.6	same	
Job.11.7	Job.11.7	same	
Job.11.8	Job.11.8	same	
Job.11.9	Job.11.9	same	
Job.11.10	Job.11.10	same	
Job.11.11	Job.11.11	same	
Job.11.12	Job.11.12	same	
Job.11.13	Job.11.13	same	
Job.11.14	Job.11.14	same	
Job.11.15	Job.11.15	same	
Job.11.16	Job.11.16	same	
Job.11.17	Job.11.17	same	
Job.11.18	Job.11.18	same	
Job.11.19	Job.11.19	same	
Job.11.20	Job.11.20	same	
Job.12.1	Job.12.1	same	
Job.12.2	Job.12.2	same	
Job.12.3	Job.12.3	same	
Job.12.4	Job.12.4	same	
Job.12.5	Job.12.5	same	
Job.12.6	Job.12.6	same	
Job.12.7	Job.12.7	same	
Job.12.8	Job.12.8	same	
Job.12.9	Job.12.9	same	
Job.12.10	Job.12.10	same	
Job.12.11	Job.12.11	same	
Job.12.12	Job.12.12	same	
Job.12.13	Job.12.13	same	
Job.12.14	Job.12.14	same	
Job.12.15	Job.12.15	same	
Job.12.16	Job.12.16	same	
Job.12.17	Job.12.17	same	
Job.12.18	Job.12.18	same	
Job.12.19	Job.12.19	same	
Job.12.20	Job.12.20	same	
Job.12.21	Job.12.21	same	
Job.12.22	Job.12.22	same	
Job.12.23	Job.12.23	same	
Job.12.24	Job.12.24	same	
Job.12.25	Job.12.25	same	
Job.13.1	Job.13.1	same	
Job.13.2	Job.13.2	same	
Job.13.3	Job.13.3	same	
Job.13.4	Job.13.4	same	
Job.13.5	Job.13.5	same	
Job.13.6	Job.13.6	same	
Job.13.7	Job.13.7	same	
Job.13.8	Job.13.8	same	
Job.13.9	Job.13.9	same	
Job.13.10	Job.13.10	same	
Job.13.11	Job.13.11	same	
Job.13.12	Job.13.12	same	
Job.13.13	Job.13.13	same	
Job.13.14	Job.13.14	same	
Job.13.15	Job.13.15	same	
Job.13.16	Job.13.16	same	
Job.13.17	Job.13.17	same	
Job.13.18	Job.13.18	same	
Job.13.19	Job.13.19	same	
Job.13.20	Job.13.20	same	
Job.13.21	Job.13.21	same	
Job.13.22	Job.13.22	same	
Job.13.23	Job.13.23	same	
Job.13.24	Job.13.24	same	
Job.13.25	Job.13.25	same	
Job.13.26	Job.13.26	same	
Job.13.27	Job.13.27	same	
Job.13.28	Job.13.28	same	
Job.14.1	Job.14.1	same	
Job.14.2	Job.14.2	same	
Job.14.3	Job.14.3	same	
Job.14.4	Job.14.4	same	
Job.14.5	Job.14.5	same	
Job.14.6	Job.14.6	same	
Job.14.8	Job.14.8	same	
Job.14.9	Job.14.9	same	
Job.14.10	Job.14.10	same	
Job.14.11	Job.14.11	same	
Job.14.12	Job.14.12	same	
Job.14.13	Job.14.13	same	
Job.14.14	Job.14.14	same	
Job.14.15	Job.14.15	same	
Job.14.16	Job.14.16	same	
Job.14.17	Job.14.17	same	
Job.14.18	Job.14.18	same	
Job.14.19	Job.14.19	same	
Job.14.20	Job.14.20	same	
Job.14.21	Job.14.21	same	
Job.14.22	Job.14.22	same	
Job.15.1	Job.15.1	same	
Job.15.2	Job.15.2	same	
Job.15.3	Job.15.3	same	
Job.15.4	Job.15.4	same	
Job.15.5	Job.15.5	same	
Job.15.6	Job.15.6	same	
Job.15.7	Job.15.7	same	
Job.15.8	Job.15.8	same	
Job.15.9	Job.15.9	same	
Job.15.10	Job.15.10	same	
Job.15.11	Job.15.11	same	
Job.15.12	Job.15.12	same	
Job.15.13	Job.15.13	same	
Job.15.14	Job.15.14	same	
Job.15.15	Job.15.15	same	
Job.15.16	Job.15.16	same	
Job.15.17	Job.15.17	same	
Job.15.18	Job.15.18	same	
Job.15.19	Job.15.19	same	
Job.15.20	Job.15.20	same	
Job.15.21	Job.15.21	same	
Job.15.22	Job.15.22	same	
Job.15.23	Job.15.23	same	
Job.15.24	Job.15.24	same	
Job.15.25	Job.15.25	same	
Job.15.26	Job.15.26	same	
Job.15.27	Job.15.27	same	
Job.15.28	Job.15.28	same	
Job.15.29	Job.15.29	same	
Job.15.30	Job.15.30	same	
Job.15.31	Job.15.31	same	
Job.15.32	Job.15.32	same	
Job.15.33	Job.15.33	same	
Job.15.34	Job.15.34	same	
Job.15.35	Job.15.35	same	
Job.16.1	Job.16.1	same	
Job.16.2	Job.16.2	same	
Job.16.3	Job.16.3	same	
Job.16.4	Job.16.4	part	Renumber verse (another tradition's pattern)
Job.16.5	Job.16.4	part	DividedPrev verse (another tradition's pattern)
Job.16.6	Job.16.5	renumbered	Renumber verse (another tradition's pattern)
Job.16.7	Job.16.6	renumbered	Renumber verse (another tradition's pattern)
Job.16.8	Job.16.7	renumbered	Renumber verse (another tradition's pattern)
Job.16.9	Job.16.8	renumbered	Renumber verse (another tradition's pattern)
Job.16.10	Job.16.9	renumbered	Renumber verse (another tradition's pattern)
Job.16.11	Job.16.10	renumbered	Renumber verse (another tradition's pattern)
Job.16.12	Job.16.11	renumbered	Renumber verse (another tradition's pattern)
Job.16.13	Job.16.12	renumbered	Renumber verse (another tradition's pattern)
Job.16.14	Job.16.13	renumbered	Renumber verse (another tradition's pattern)
Job.16.15	Job.16.14	renumbered	Renumber verse (another tradition's pattern)
Job.16.16	Job.16.15	renumbered	Renumber verse (another tradition's pattern)
Job.16.17	Job.16.16	renumbered	Renumber verse (another tradition's pattern)
Job.16.18	Job.16.17	renumbered	Renumber verse (another tradition's pattern)
Job.16.19	Job.16.18	renumbered	Renumber verse (another tradition's pattern)
Job.16.20	Job.16.19	renumbered	Renumber verse (another tradition's pattern)
Job.16.21	Job.16.20	renumbered	Renumber verse (another tradition's pattern)
Job.16.22	Job.16.21	renumbered	Renumber verse (another tradition's pattern)
Job.16.23	Job.16.22	renumbered	Renumber verse (another tradition's pattern)
Job.17.1	Job.17.1	same	
Job.17.2	Job.17.2	same	
Job.17.3	Job.17.3	same	
Job.17.4	Job.17.4	same	
Job.17.5	Job.17.5	same	
Job.17.6	Job.17.6	same	
Job.17.7	Job.17.7	same	
Job.17.8	Job.17.8	same	
Job.17.9	Job.17.9	same	
Job.17.10	Job.17.10	same	
Job.17.11	Job.17.11	same	
Job.17.12	Job.17.12	same	
Job.17.13	Job.17.13	same	
Job.17.14	Job.17.14	same	
Job.17.15	Job.17.15	same	
Job.17.16	Job.17.16	same	
Job.18.1	Job.18.1	same	
Job.18.2	Job.18.2	same	
Job.18.3	Job.18.3	same	
Job.18.4	Job.18.4	same	
Job.18.5	Job.18.5	same	
Job.18.6	Job.18.6	same	
Job.18.7	Job.18.7	same	
Job.18.8	Job.18.8	same	
Job.18.9	Job.18.9	same	
Job.18.10	Job.18.10	same	
Job.18.11	Job.18.11	same	
Job.18.12	Job.18.12	same	
Job.18.13	Job.18.13	same	
Job.18.14	Job.18.14	same	
Job.18.15	Job.18.15	same	
Job.18.16	Job.18.16	same	
Job.18.17	Job.18.17	same	
Job.18.18	Job.18.18	same	
Job.18.19	Job.18.19	same	
Job.18.20	Job.18.20	same	
Job.18.21	Job.18.21	same	
Job.19.1	Job.19.1	same	
Job.19.2	Job.19.2	same	
Job.19.3	Job.19.3	same	
Job.19.4	Job.19.4	same	
Job.19.4a		not-in-kjv	
Job.19.5	Job.19.5	same	
Job.19.6	Job.19.6	same	
Job.19.7	Job.19.7	same	
Job.19.8	Job.19.8	same	
Job.19.9	Job.19.9	same	
Job.19.10	Job.19.10	same	
Job.19.11	Job.19.11	same	
Job.19.12	Job.19.12	same	
Job.19.13	Job.19.13	same	
Job.19.14	Job.19.14	same	
Job.19.15	Job.19.15	same	
Job.19.16	Job.19.16	same	
Job.19.17	Job.19.17	same	
Job.19.18	Job.19.18	same	
Job.19.19	Job.19.19	same	
Job.19.20	Job.19.20	same	
Job.19.21	Job.19.21	same	
Job.19.22	Job.19.22	same	
Job.19.23	Job.19.23	same	
Job.19.24	Job.19.24	same	
Job.19.25	Job.19.25	same	
Job.19.26	Job.19.26	same	
Job.19.27	Job.19.27	same	
Job.19.28	Job.19.28	same	
Job.19.29	Job.19.29	same	
Job.20.1	Job.20.1	same	
Job.20.2	Job.20.2	same	
Job.20.3	Job.20.3	same	
Job.20.4	Job.20.4	same	
Job.20.5	Job.20.5	same	
Job.20.6	Job.20.6	same	
Job.20.7	Job.20.7	same	
Job.20.8	Job.20.8	same	
Job.20.9	Job.20.9	same	
Job.20.10	Job.20.10	same	
Job.20.11	Job.20.11	same	
Job.20.12	Job.20.12	same	
Job.20.13	Job.20.13	same	
Job.20.14	Job.20.14	same	
Job.20.15	Job.20.15	same	
Job.20.16	Job.20.16	same	
Job.20.17	Job.20.17	same	
Job.20.18	Job.20.18	same	
Job.20.19	Job.20.19	same	
Job.20.20	Job.20.20	same	
Job.20.21	Job.20.21	same	
Job.20.22	Job.20.22	same	
Job.20.23	Job.20.23	same	
Job.20.24	Job.20.24	same	
Job.20.25	Job.20.25	same	
Job.20.26	Job.20.26	same	
Job.20.27	Job.20.27	same	
Job.20.28	Job.20.28	same	
Job.20.29	Job.20.29	same	
Job.21.1	Job.21.1	same	
Job.21.2	Job.21.2	same	
Job.21.3	Job.21.3	same	
Job.21.4	Job.21.4	same	
Job.21.5	Job.21.5	same	
Job.21.6	Job.21.6	same	
Job.21.7	Job.21.7	same	
Job.21.8	Job.21.8	same	
Job.21.9	Job.21.9	same	
Job.21.10	Job.21.10	same	
Job.21.11	Job.21.11	same	
Job.21.12	Job.21.12	same	
Job.21.13	Job.21.13	same	
Job.21.14	Job.21.14	same	
Job.21.15	Job.21.15	same	
Job.21.16	Job.21.16	same	
Job.21.17	Job.21.17	same	
Job.21.18	Job.21.18	same	
Job.21.19	Job.21.19	same	
Job.21.20	Job.21.20	same	
Job.21.21	Job.21.21	same	
Job.21.22	Job.21.22	same	
Job.21.23	Job.21.23	same	
Job.21.24	Job.21.24	same	
Job.21.25	Job.21.25	same	
Job.21.26	Job.21.26	same	
Job.21.27	Job.21.27	same	
Job.21.28	Job.21.28	same	
Job.21.29	Job.21.29	same	
Job.21.30	Job.21.30	same	
Job.21.31	Job.21.31	same	
Job.21.32	Job.21.32	same	
Job.21.33	Job.21.33	same	
Job.21.34	Job.21.34	same	
Job.22.1	Job.22.1	same	
Job.22.2	Job.22.2	same	
Job.22.3	Job.22.3	same	
Job.22.4	Job.22.4	same	
Job.22.5	Job.22.5	same	
Job.22.6	Job.22.6	same	
Job.22.7	Job.22.7	same	
Job.22.8	Job.22.8	same	
Job.22.9	Job.22.9	same	
Job.22.10	Job.22.10	same	
Job.22.11	Job.22.11	same	
Job.22.12	Job.22.12	same	
Job.22.13	Job.22.13	same	
Job.22.14	Job.22.14	same	
Job.22.15	Job.22.15	same	
Job.22.16	Job.22.16	same	
Job.22.17	Job.22.17	same	
Job.22.18	Job.22.18	same	
Job.22.19	Job.22.19	same	
Job.22.20	Job.22.20	same	
Job.22.21	Job.22.21	same	
Job.22.22	Job.22.22	same	
Job.22.23	Job.22.23	same	
Job.22.24	Job.22.24	same	
Job.22.25	Job.22.25	same	
Job.22.26	Job.22.26	same	
Job.22.27	Job.22.27	same	
Job.22.28	Job.22.28	same	
Job.22.29	Job.22.29	unmatched	
Job.22.30	Job.22.30	unmatched	
Job.23.1	Job.23.1	same	
Job.23.2	Job.23.2	same	
Job.23.3	Job.23.3	same	
Job.23.4	Job.23.4	same	
Job.23.5	Job.23.5	same	
Job.23.6	Job.23.6	same	
Job.23.7	Job.23.7	same	
Job.23.8	Job.23.8	same	
Job.23.9	Job.23.9	same	
Job.23.10	Job.23.10	same	
Job.23.11	Job.23.11	same	
Job.23.12	Job.23.12	same	
Job.23.13	Job.23.13	same	
Job.23.14	Job.23.14	same	
Job.23.15	Job.23.15	same	
Job.23.16	Job.23.16	same	
Job.23.17	Job.23.17	same	
Job.24.1	Job.24.1	same	
Job.24.2	Job.24.2	same	
Job.24.3	Job.24.3	same	
Job.24.4	Job.24.4	same	
Job.24.5	Job.24.5	same	
Job.24.6	Job.24.6	same	
Job.24.7	Job.24.7	same	
Job.24.8	Job.24.8	same	
Job.24.9	Job.24.9	same	
Job.24.10	Job.24.10	same	
Job.24.11	Job.24.11	same	
Job.24.12	Job.24.12	same	
Job.24.13	Job.24.13	same	
Job.24.14	Job.24.14	same	
Job.24.15	Job.24.15	same	
Job.24.16	Job.24.16	same	
Job.24.17	Job.24.17	same	
Job.24.18	Job.24.18	same	
Job.24.19	Job.24.19	same	
Job.24.20	Job.24.20	same	
Job.24.21	Job.24.21	same	
Job.24.22	Job.24.22	same	
Job.24.23	Job.24.23	same	
Job.24.24	Job.24.24	same	
Job.24.25	Job.24.25	same	
Job.25.1	Job.25.1	same	
Job.25.2	Job.25.2	same	
Job.25.3	Job.25.3	same	
Job.25.4	Job.25.4	same	
Job.25.5	Job.25.5	same	
Job.25.6	Job.25.6	same	
Job.26.1	Job.26.1	same	
Job.26.2	Job.26.2	same	
Job.26.3	Job.26.3	same	
Job.26.4	Job.26.4	same	
Job.26.5	Job.26.5	same	
Job.26.6	Job.26.6	same	
Job.26.7	Job.26.7	same	
Job.26.8	Job.26.8	same	
Job.26.9	Job.26.9	same	
Job.26.10	Job.26.10	same	
Job.26.11	Job.26.11	same	
Job.26.12	Job.26.12	same	
Job.26.13	Job.26.13	same	
Job.26.14	Job.26.14	same	
Job.27.1	Job.27.1	same	
Job.27.2	Job.27.2	same	
Job.27.3	Job.27.3	same	
Job.27.4	Job.27.4	same	
Job.27.5	Job.27.5	same	
Job.27.6	Job.27.6	same	
Job.27.7	Job.27.7	same	
Job.27.8	Job.27.8	same	
Job.27.9	Job.27.9	same	
Job.27.10	Job.27.10	same	
Job.27.11	Job.27.11	same	
Job.27.12	Job.27.12	same	
Job.27.13	Job.27.13	same	
Job.27.14	Job.27.14	same	
Job.27.15	Job.27.15	same	
Job.27.16	Job.27.16	same	
Job.27.17	Job.27.17	same	
Job.27.18	Job.27.18	same	
Job.27.19	Job.27.19	same	
Job.27.20	Job.27.20	same	
Job.27.21	Job.27.21	unmatched	
Job.27.22	Job.27.22	unmatched	
Job.27.23	Job.27.23	unmatched	
Job.28.1	Job.28.1	same	
Job.28.2	Job.28.2	same	
Job.28.3	Job.28.3	same	
Job.28.4	Job.28.4	same	
Job.28.5	Job.28.5	same	
Job.28.6	Job.28.6	same	
Job.28.7	Job.28.7	same	
Job.28.8	Job.28.8	same	
Job.28.9	Job.28.9	same	
Job.28.10	Job.28.10	same	
Job.28.11	Job.28.11	same	
Job.28.12	Job.28.12	same	
Job.28.13	Job.28.13	same	
Job.28.14	Job.28.14	same	
Job.28.15	Job.28.15	same	
Job.28.16	Job.28.16	same	
Job.28.17	Job.28.17	same	
Job.28.18	Job.28.18	same	
Job.28.19	Job.28.19	same	
Job.28.20	Job.28.20	same	
Job.28.21	Job.28.21	same	
Job.28.22	Job.28.22	same	
Job.28.23	Job.28.23	same	
Job.28.24	Job.28.24	same	
Job.28.25	Job.28.25	same	
Job.28.26	Job.28.26	same	
Job.28.27	Job.28.27	same	
Job.28.28	Job.28.28	same	
Job.29.1	Job.29.1	same	
Job.29.2	Job.29.2	same	
Job.29.3	Job.29.3	same	
Job.29.4	Job.29.4	same	
Job.29.5	Job.29.5	same	
Job.29.6	Job.29.6	same	
Job.29.7	Job.29.7	same	
Job.29.8	Job.29.8	same	
Job.29.9	Job.29.9	same	
Job.29.10	Job.29.10	same	
Job.29.11	Job.29.11	same	
Job.29.12	Job.29.12	same	
Job.29.13	Job.29.13	same	
Job.29.14	Job.29.14	same	
Job.29.15	Job.29.15	same	
Job.29.16	Job.29.16	same	
Job.29.17	Job.29.17	same	
Job.29.18	Job.29.18	same	
Job.29.19	Job.29.19	same	
Job.29.20	Job.29.20	same	
Job.29.21	Job.29.21	same	
Job.29.22	Job.29.22	same	
Job.29.23	Job.29.23	same	
Job.29.24	Job.29.24	same	
Job.29.25	Job.29.25	unmatched	
Job.30.1	Job.30.1	same	
Job.30.2	Job.30.2	same	
Job.30.3	Job.30.3	same	
Job.30.4	Job.30.4	same	
Job.30.5	Job.30.5	same	
Job.30.6	Job.30.6	same	
Job.30.7	Job.30.7	same	
Job.30.8	Job.30.8	same	
Job.30.9	Job.30.9	same	
Job.30.10	Job.30.10	same	
Job.30.11	Job.30.11	same	
Job.30.12	Job.30.12	same	
Job.30.13	Job.30.13	same	
Job.30.14	Job.30.14	same	
Job.30.15	Job.30.15	same	
Job.30.16	Job.30.16	same	
Job.30.17	Job.30.17	same	
Job.30.18	Job.30.18	same	
Job.30.19	Job.30.19	same	
Job.30.20	Job.30.20	same	
Job.30.21	Job.30.21	same	
Job.30.22	Job.30.22	same	
Job.30.23	Job.30.23	same	
Job.30.24	Job.30.24	same	
Job.30.25	Job.30.25	same	
Job.30.26	Job.30.26	same	
Job.30.27	Job.30.27	same	
Job.30.28	Job.30.28	same	
Job.30.29	Job.30.29	same	
Job.30.30	Job.30.30	same	
Job.30.31	Job.30.31	same	
Job.31.1	Job.31.1	same	
Job.31.2	Job.31.2	same	
Job.31.3	Job.31.3	same	
Job.31.4	Job.31.4	same	
Job.31.5	Job.31.5	same	
Job.31.6	Job.31.6	same	
Job.31.7	Job.31.7	same	
Job.31.8	Job.31.8	same	
Job.31.9	Job.31.9	same	
Job.31.10	Job.31.10	same	
Job.31.11	Job.31.11	same	
Job.31.12	Job.31.12	same	
Job.31.13	Job.31.13	same	
Job.31.14	Job.31.14	same	
Job.31.15	Job.31.15	same	
Job.31.16	Job.31.16	same	
Job.31.17	Job.31.17	same	
Job.31.18	Job.31.18	same	
Job.31.19	Job.31.19	same	
Job.31.20	Job.31.20	same	
Job.31.21	Job.31.21	same	
Job.31.22	Job.31.22	same	
Job.31.23	Job.31.23	same	
Job.31.24	Job.31.24	same	
Job.31.25	Job.31.25	same	
Job.31.26	Job.31.26	same	
Job.31.27	Job.31.27	same	
Job.31.28	Job.31.28	same	
Job.31.29	Job.31.29	same	
Job.31.30	Job.31.30	same	
Job.31.31	Job.31.31	same	
Job.31.32	Job.31.32	same	
Job.31.33	Job.31.33	same	
Job.31.34	Job.31.34	same	
Job.31.35	Job.31.35	same	
Job.31.36	Job.31.36	same	
Job.31.37	Job.31.37	same	
Job.31.38	Job.31.38	same	
Job.31.39	Job.31.39	same	
Job.31.40	Job.31.40	same	
Job.32.1	Job.32.1	same	
Job.32.2	Job.32.2	same	
Job.32.3	Job.32.3	same	
Job.32.4	Job.32.4	same	
Job.32.5	Job.32.5	same	
Job.32.6	Job.32.6	same	
Job.32.7	Job.32.7	same	
Job.32.8	Job.32.8	same	
Job.32.9	Job.32.9	same	
Job.32.10	Job.32.10	same	
Job.32.11	Job.32.11	same	
Job.32.12	Job.32.12	same	
Job.32.13	Job.32.13	same	
Job.32.14	Job.32.14	same	
Job.32.15	Job.32.15	same	
Job.32.16	Job.32.16	same	
Job.32.17	Job.32.17	same	
Job.32.18	Job.32.18	same	
Job.32.19	Job.32.19	same	
Job.32.20	Job.32.20	same	
Job.32.21	Job.32.21	same	
Job.32.22	Job.32.22	same	
Job.33.1	Job.33.1	same	
Job.33.2	Job.33.2	same	
Job.33.3	Job.33.3	same	
Job.33.4	Job.33.4	same	
Job.33.5	Job.33.5	same	
Job.33.6	Job.33.6	same	
Job.33.7	Job.33.7	same	
Job.33.8	Job.33.8	same	
Job.33.9	Job.33.9	same	
Job.33.10	Job.33.10	same	
Job.33.11	Job.33.11	same	
Job.33.12	Job.33.12	same	
Job.33.13	Job.33.13	same	
Job.33.14	Job.33.14	same	
Job.33.15	Job.33.15	same	
Job.33.16	Job.33.16	same	
Job.33.17	Job.33.17	same	
Job.33.18	Job.33.18	same	
Job.33.19	Job.33.19	same	
Job.33.20	Job.33.20	same	
Job.33.21	Job.33.21	same	
Job.33.22	Job.33.22	same	
Job.33.23	Job.33.23	same	
Job.33.24	Job.33.24	same	
Job.33.25	Job.33.25	same	
Job.33.26	Job.33.26	same	
Job.33.27	Job.33.27	same	
Job.33.28	Job.33.28	same	
Job.33.29	Job.33.29	same	
Job.33.30	Job.33.30	same	
Job.33.31	Job.33.31	same	
Job.33.33	Job.33.33	unmatched	
Job.34.1	Job.34.1	same	
Job.34.2	Job.34.2	same	
Job.34.3	Job.34.3	same	
Job.34.4	Job.34.4	same	
Job.34.5	Job.34.5	same	
Job.34.6	Job.34.6	same	
Job.34.7	Job.34.7	same	
Job.34.8	Job.34.8	same	
Job.34.9	Job.34.9	same	
Job.34.10	Job.34.10	same	
Job.34.11	Job.34.11	same	
Job.34.12	Job.34.12	same	
Job.34.13	Job.34.13	same	
Job.34.14	Job.34.14	same	
Job.34.15	Job.34.15	same	
Job.34.16	Job.34.16	same	
Job.34.17	Job.34.17	same	
Job.34.18	Job.34.18	same	
Job.34.19	Job.34.19	same	
Job.34.20	Job.34.20	same	
Job.34.21	Job.34.21	same	
Job.34.22	Job.34.22	same	
Job.34.23	Job.34.23	same	
Job.34.24	Job.34.24	same	
Job.34.25	Job.34.25	same	
Job.34.26	Job.34.26	same	
Job.34.27	Job.34.27	same	
Job.34.28	Job.34.28	same	
Job.34.29	Job.34.29	same	
Job.34.30	Job.34.30	same	
Job.34.31	Job.34.31	same	
Job.34.32	Job.34.32	same	
Job.34.33	Job.34.33	same	
Job.34.34	Job.34.34	same	
Job.34.35	Job.34.35	same	
Job.34.36	Job.34.36	same	
Job.34.37	Job.34.37	same	
Job.35.1	Job.35.1	same	
Job.35.2	Job.35.2	same	
Job.35.4	Job.35.4	same	
Job.35.5	Job.35.5	same	
Job.35.6	Job.35.6	same	
Job.35.7	Job.35.7	same	
Job.35.8	Job.35.8	same	
Job.35.9	Job.35.9	same	
Job.35.10	Job.35.10	same	
Job.35.11	Job.35.11	same	
Job.35.12	Job.35.12	same	
Job.35.13	Job.35.13	same	
Job.35.14	Job.35.14	same	
Job.35.15	Job.35.15	unmatched	
Job.35.16	Job.35.16	unmatched	
Job.36.1	Job.36.1	same	
Job.36.2	Job.36.2	same	
Job.36.3	Job.36.3	same	
Job.36.4	Job.36.4	same	
Job.36.5	Job.36.5	same	
Job.36.6	Job.36.6	same	
Job.36.7	Job.36.7	same	
Job.36.8	Job.36.8	same	
Job.36.9	Job.36.9	same	
Job.36.10	Job.36.10	same	
Job.36.11	Job.36.11	same	
Job.36.12	Job.36.12	same	
Job.36.13	Job.36.13	same	
Job.36.14	Job.36.14	same	
Job.36.15	Job.36.15	same	
Job.36.16	Job.36.16	same	
Job.36.17	Job.36.17	same	
Job.36.18	Job.36.18	same	
Job.36.19	Job.36.19	same	
Job.36.20	Job.36.20	same	
Job.36.21	Job.36.21	same	
Job.36.22	Job.36.22	same	
Job.36.23	Job.36.23	same	
Job.36.24	Job.36.24	same	
Job.36.25	Job.36.25	same	
Job.36.26	Job.36.26	same	
Job.36.27	Job.36.27	same	
Job.36.28	Job.36.28	same	
Job.36.28a		not-in-kjv	
Job.36.28b		not-in-kjv	
Job.36.29	Job.36.29	unmatched	
Job.36.30	Job.36.30	unmatched	
Job.36.31	Job.36.31	unmatched	
Job.36.32	Job.36.32	unmatched	
Job.36.33	Job.36.33	unmatched	
Job.37.1	Job.37.1	same	
Job.37.2	Job.37.2	same	
Job.37.3	Job.37.3	same	
Job.37.4	Job.37.4	same	
Job.37.5	Job.37.5	same	
Job.37.6	Job.37.6	same	
Job.37.7	Job.37.7	same	
Job.37.8	Job.37.8	same	
Job.37.9	Job.37.9	same	
Job.37.10	Job.37.10	same	
Job.37.11	Job.37.11	same	
Job.37.12	Job.37.12	same	
Job.37.13	Job.37.13	same	
Job.37.14	Job.37.14	same	
Job.37.15	Job.37.15	same	
Job.37.16	Job.37.16	same	
Job.37.17	Job.37.17	same	
Job.37.18	Job.37.18	same	
Job.37.19	Job.37.19	same	
Job.37.20	Job.37.20	same	
Job.37.21	Job.37.21	same	
Job.37.22	Job.37.22	same	
Job.37.23	Job.37.23	same	
Job.37.24	Job.37.24	same	
Job.38.1	Job.38.1	same	
Job.38.2	Job.38.2	same	
Job.38.3	Job.38.3	same	
Job.38.4	Job.38.4	same	
Job.38.5	Job.38.5	same	
Job.38.6	Job.38.6	same	
Job.38.7	Job.38.7	same	
Job.38.8	Job.38.8	same	
Job.38.9	Job.38.9	same	
Job.38.10	Job.38.10	same	
Job.38.11	Job.38.11	same	
Job.38.12	Job.38.12	same	
Job.38.13	Job.38.13	same	
Job.38.14	Job.38.14	same	
Job.38.15	Job.38.15	same	
Job.38.16	Job.38.16	same	
Job.38.17	Job.38.17	same	
Job.38.18	Job.38.18	same	
Job.38.19	Job.38.19	same	
Job.38.20	Job.38.20	same	
Job.38.21	Job.38.21	same	
Job.38.22	Job.38.22	same	
Job.38.23	Job.38.23	same	
Job.38.24	Job.38.24	same	
Job.38.25	Job.38.25	same	
Job.38.26	Job.38.26	same	
Job.38.27	Job.38.27	same	
Job.38.28	Job.38.28	same	
Job.38.29	Job.38.29	same	
Job.38.30	Job.38.30	same	
Job.38.31	Job.38.31	same	
Job.38.32	Job.38.32	same	
Job.38.33	Job.38.33	same	
Job.38.34	Job.38.34	same	
Job.38.35	Job.38.35	same	
Job.38.36	Job.38.36	same	
Job.38.37	Job.38.37	same	
Job.38.38	Job.38.38	same	
Job.38.39	Job.38.39	same	
Job.38.40	Job.38.40	same	
Job.38.41	Job.38.41	same	
Job.39.1	Job.39.1	unmatched	
Job.39.2	Job.39.2	unmatched	
Job.39.3	Job.39.3	unmatched	
Job.39.4	Job.39.4	unmatched	
Job.39.5	Job.39.5	unmatched	
Job.39.6	Job.39.6	unmatched	
Job.39.7	Job.39.7	unmatched	
Job.39.8	Job.39.8	unmatched	
Job.39.9	Job.39.9	unmatched	
Job.39.10	Job.39.10	unmatched	
Job.39.11	Job.39.11	unmatched	
Job.39.12	Job.39.12	unmatched	
Job.39.13	Job.39.13	unmatched	
Job.39.14	Job.39.14	unmatched	
Job.39.15	Job.39.15	unmatched	
Job.39.16	Job.39.16	unmatched	
Job.39.17	Job.39.17	unmatched	
Job.39.18	Job.39.18	unmatched	
Job.39.19	Job.39.19	unmatched	
Job.39.20	Job.39.20	unmatched	
Job.39.21	Job.39.21	unmatched	
Job.39.22	Job.39.22	unmatched	
Job.39.23	Job.39.23	unmatched	
Job.39.24	Job.39.24	unmatched	
Job.39.25	Job.39.25	unmatched	
Job.39.26	Job.39.26	unmatched	
Job.39.27	Job.39.27	unmatched	
Job.39.28	Job.39.28	unmatched	
Job.39.29	Job.39.29	unmatched	
Job.39.30	Job.39.30	unmatched	
Job.39.31	Job.40.1	renumbered	Renumber verse
Job.39.32	Job.40.2	renumbered	Renumber verse
Job.39.33	Job.40.3	renumbered	Renumber verse
Job.39.34	Job.40.4	renumbered	Renumber verse
Job.39.35	Job.40.5	renumbered	Renumber verse
Job.40.1	Job.40.6	renumbered	Renumber verse
Job.40.2	Job.40.7	renumbered	Renumber verse
Job.40.3	Job.40.8	renumbered	Renumber verse
Job.40.4	Job.40.9	renumbered	Renumber verse
Job.40.5	Job.40.10	renumbered	Renumber verse
Job.40.6	Job.40.11	renumbered	Renumber verse
Job.40.7	Job.40.12	renumbered	Renumber verse
Job.40.8	Job.40.13	renumbered	Renumber verse
Job.40.9	Job.40.14	renumbered	Renumber verse
Job.40.10	Job.40.15	renumbered	Renumber verse
Job.40.11	Job.40.16	renumbered	Renumber verse
Job.40.12	Job.40.17	renumbered	Renumber verse
Job.40.13	Job.40.18	renumbered	Renumber verse
Job.40.14	Job.40.19	renumbered	Renumber verse
Job.40.15	Job.40.20	renumbered	Renumber verse
Job.40.16	Job.40.21	renumbered	Renumber verse
Job.40.17	Job.40.22	renumbered	Renumber verse
Job.40.18	Job.40.23	renumbered	Renumber verse
Job.40.19	Job.40.24	renumbered	Renumber verse
Job.40.20	Job.41.1	renumbered	Renumber verse
Job.40.21	Job.41.2	renumbered	Renumber verse
Job.40.22	Job.41.3	renumbered	Renumber verse
Job.40.23	Job.41.4	renumbered	Renumber verse
Job.40.24	Job.41.5	renumbered	Renumber verse
Job.40.25	Job.41.6	renumbered	Renumber verse
Job.40.26	Job.41.7	renumbered	Renumber verse
Job.40.27	Job.41.8 Job.41.9	several	Concatenation
Job.41.1	Job.41.10	renumbered	Renumber verse
Job.41.2	Job.41.11	renumbered	Renumber verse
Job.41.3	Job.41.12	renumbered	Renumber verse
Job.41.4	Job.41.13	renumbered	Renumber verse
Job.41.5	Job.41.14	renumbered	Renumber verse
Job.41.6	Job.41.15	renumbered	Renumber verse
Job.41.7	Job.41.16	renumbered	Renumber verse
Job.41.8	Job.41.17	renumbered	Renumber verse
Job.41.9	Job.41.18	renumbered	Renumber verse
Job.41.10	Job.41.19	renumbered	Renumber verse
Job.41.11	Job.41.20	renumbered	Renumber verse
Job.41.12	Job.41.21	renumbered	Renumber verse
Job.41.13	Job.41.22	renumbered	Renumber verse
Job.41.14	Job.41.23	renumbered	Renumber verse
Job.41.15	Job.41.24	renumbered	Renumber verse
Job.41.16	Job.41.25	renumbered	Renumber verse
Job.41.17	Job.41.26	renumbered	Renumber verse
Job.41.18	Job.41.27	renumbered	Renumber verse
Job.41.19	Job.41.28	renumbered	Renumber verse
Job.41.20	Job.41.29	renumbered	Renumber verse
Job.41.21	Job.41.30	renumbered	Renumber verse
Job.41.22	Job.41.31	renumbered	Renumber verse
Job.41.23	Job.41.32	renumbered	Renumber verse
Job.41.24	Job.41.33	renumbered	Renumber verse
Job.41.25	Job.41.34	renumbered	Renumber verse
Job.42.1	Job.42.1	same	
Job.42.2	Job.42.2	same	
Job.42.3	Job.42.3	same	
Job.42.4	Job.42.4	same	
Job.42.5	Job.42.5	same	
Job.42.6	Job.42.6	same	
Job.42.7	Job.42.7	same	
Job.42.8	Job.42.8	same	
Job.42.9	Job.42.9	same	
Job.42.10	Job.42.10	same	
Job.42.11	Job.42.11	same	
Job.42.12	Job.42.12	same	
Job.42.13	Job.42.13	same	
Job.42.14	Job.42.14	same	
Job.42.15	Job.42.15	same	
Job.42.16	Job.42.16	same	Keep verse
Job.42.17	Job.42.17	same	Keep verse
Job.42.17a		not-in-kjv	
Job.42.17b		not-in-kjv	
Job.42.17c		not-in-kjv	
Job.42.17d		not-in-kjv	
Job.42.17e		not-in-kjv	
Wis.1.1	Wis.1.1	same	
Wis.1.2	Wis.1.2	same	
Wis.1.3	Wis.1.3	same	
Wis.1.4	Wis.1.4	same	
Wis.1.5	Wis.1.5	same	
Wis.1.6	Wis.1.6	same	
Wis.1.7	Wis.1.7	same	
Wis.1.8	Wis.1.8	same	
Wis.1.9	Wis.1.9	same	
Wis.1.10	Wis.1.10	same	
Wis.1.11	Wis.1.11	same	
Wis.1.12	Wis.1.12	same	
Wis.1.13	Wis.1.13	same	
Wis.1.14	Wis.1.14	same	
Wis.1.15	Wis.1.15	same	
Wis.2.1	Wis.2.1	same	
Wis.2.2	Wis.2.2	same	
Wis.2.3	Wis.2.3	same	
Wis.2.4	Wis.2.4	same	
Wis.2.5	Wis.2.5	same	
Wis.2.6	Wis.2.6	same	
Wis.2.7	Wis.2.7	same	
Wis.2.8	Wis.2.8	same	
Wis.2.9	Wis.2.9	same	
Wis.2.10	Wis.2.10	same	
Wis.2.11	Wis.2.11	same	
Wis.2.12	Wis.2.12	same	
Wis.2.13	Wis.2.13	same	
Wis.2.14	Wis.2.14	same	
Wis.2.15	Wis.2.15	same	
Wis.2.16	Wis.2.16	same	
Wis.2.17	Wis.2.17	same	
Wis.2.18	Wis.2.18	same	
Wis.2.19	Wis.2.19	same	
Wis.2.20	Wis.2.20	same	
Wis.2.21	Wis.2.21	same	
Wis.2.22	Wis.2.22	same	
Wis.2.23	Wis.2.23	same	
Wis.2.24	Wis.2.24	same	Keep verse
Wis.3.1	Wis.3.1	same	
Wis.3.2	Wis.3.2	same	
Wis.3.3	Wis.3.3	same	
Wis.3.4	Wis.3.4	same	
Wis.3.18	Wis.3.18	same	
Wis.3.19	Wis.3.19	same	
Wis.4.1	Wis.4.1	same	
Wis.4.2	Wis.4.2	same	
Wis.4.3	Wis.4.3	same	
Wis.4.4	Wis.4.4	same	
Wis.4.5	Wis.4.5	same	
Wis.4.6	Wis.4.6	same	
Wis.4.7	Wis.4.7	same	
Wis.4.8	Wis.4.8	same	
Wis.4.9	Wis.4.9	same	
Wis.4.10	Wis.4.10	same	
Wis.4.11	Wis.4.11	same	
Wis.4.12	Wis.4.12	same	
Wis.4.13	Wis.4.13	same	
Wis.4.14	Wis.4.14	same	
Wis.4.15	Wis.4.15	same	
Wis.4.16	Wis.4.16	same	
Wis.4.17	Wis.4.17	same	
Wis.4.18	Wis.4.18	same	
Wis.4.19	Wis.4.19	same	
Wis.4.20	Wis.4.20	same	
Wis.4.21		not-in-kjv	
Wis.5.1	Wis.5.1	same	
Wis.5.2	Wis.5.2	same	
Wis.5.3	Wis.5.3	same	
Wis.5.4	Wis.5.4	same	
Wis.5.5	Wis.5.5	same	
Wis.5.6	Wis.5.6	same	
Wis.5.7	Wis.5.7	same	
Wis.5.8	Wis.5.8	same	
Wis.5.9	Wis.5.9	same	
Wis.5.10	Wis.5.10	same	
Wis.5.11	Wis.5.11	same	
Wis.5.12	Wis.5.12	same	
Wis.5.13	Wis.5.13	unmatched	
Wis.5.14	Wis.5.14	same	Keep verse
Wis.5.15	Wis.5.15	same	Keep verse
Wis.5.16	Wis.5.16	same	Keep verse
Wis.5.17	Wis.5.17	same	Keep verse
Wis.5.18	Wis.5.18	same	Keep verse
Wis.5.19	Wis.5.19	same	Keep verse
Wis.5.20	Wis.5.20	same	Keep verse
Wis.5.21	Wis.5.21	same	Keep verse
Wis.5.22	Wis.5.22	same	Keep verse
Wis.5.23	Wis.5.23	same	Keep verse
Wis.6.1	Wis.6.1	same	Keep verse
Wis.6.2	Wis.6.2	same	Keep verse
Wis.6.3	Wis.6.3	same	Keep verse
Wis.6.4	Wis.6.4	same	Keep verse
Wis.6.5	Wis.6.5	same	Keep verse
Wis.6.6	Wis.6.6	same	Keep verse
Wis.6.7	Wis.6.7	same	Keep verse
Wis.6.8	Wis.6.8	same	Keep verse
Wis.6.9	Wis.6.9	same	Keep verse
Wis.6.10	Wis.6.10	same	Keep verse
Wis.6.11	Wis.6.11	same	Keep verse
Wis.6.12	Wis.6.12	same	Keep verse
Wis.6.13	Wis.6.13	same	Keep verse
Wis.6.14	Wis.6.14	same	Keep verse
Wis.6.15	Wis.6.15	same	Keep verse
Wis.6.16	Wis.6.16	same	Keep verse
Wis.6.17	Wis.6.17	same	Keep verse
Wis.6.18	Wis.6.18	same	Keep verse
Wis.6.19	Wis.6.19	same	Keep verse
Wis.6.20	Wis.6.20	same	Keep verse
Wis.6.21	Wis.6.21	same	Keep verse
Wis.6.22	Wis.6.22	same	Keep verse
Wis.6.23	Wis.6.23	same	Keep verse
Wis.6.24	Wis.6.24	same	Keep verse
Wis.6.25	Wis.6.25	same	Keep verse
Wis.7.1	Wis.7.1	same	
Wis.7.2	Wis.7.2	same	
Wis.7.3	Wis.7.3	same	
Wis.7.4	Wis.7.4	same	
Wis.7.5	Wis.7.5	same	
Wis.7.6	Wis.7.6	same	
Wis.7.7	Wis.7.7	same	
Wis.7.8	Wis.7.8	same	
Wis.7.9	Wis.7.9	same	
Wis.7.10	Wis.7.10	same	
Wis.7.11	Wis.7.11	same	
Wis.7.12	Wis.7.12	same	
Wis.7.13	Wis.7.13	same	
Wis.7.14	Wis.7.14	same	
Wis.7.15	Wis.7.15	same	
Wis.7.16	Wis.7.16	same	
Wis.7.17	Wis.7.17	same	
Wis.7.18	Wis.7.18	same	
Wis.7.19	Wis.7.19	same	
Wis.7.20	Wis.7.20	same	
Wis.7.21	Wis.7.21	same	
Wis.7.22	Wis.7.22	same	
Wis.7.23	Wis.7.23	same	
Wis.7.24	Wis.7.24	same	
Wis.7.25	Wis.7.25	same	
Wis.7.26	Wis.7.26	same	
Wis.7.27	Wis.7.27	same	
Wis.7.28	Wis.7.28	same	
Wis.7.29	Wis.7.29	same	
Wis.7.30	Wis.7.30	same	
Wis.8.1	Wis.8.1	same	
Wis.8.2	Wis.8.2	same	
Wis.8.3	Wis.8.3	same	
Wis.8.4	Wis.8.4	same	
Wis.8.5	Wis.8.5	same	
Wis.8.6	Wis.8.6	same	
Wis.8.7	Wis.8.7	same	
Wis.8.8	Wis.8.8	same	
Wis.8.9	Wis.8.9	same	
Wis.8.10	Wis.8.10	same	
Wis.8.11	Wis.8.11	same	
Wis.8.12	Wis.8.12	same	
Wis.8.13	Wis.8.13	same	
Wis.8.14	Wis.8.14	same	
Wis.8.15	Wis.8.15	same	
Wis.8.16	Wis.8.16	same	
Wis.8.17	Wis.8.17	same	
Wis.8.18	Wis.8.18	same	
Wis.8.19	Wis.8.19	same	
Wis.8.20	Wis.8.20	same	
Wis.8.21	Wis.8.21	same	
Wis.9.1	Wis.9.1	same	
Wis.9.2	Wis.9.2	same	
Wis.9.3	Wis.9.3	same	
Wis.9.4	Wis.9.4	same	
Wis.9.5	Wis.9.5	same	
Wis.9.6	Wis.9.6	same	
Wis.9.7	Wis.9.7	same	
Wis.9.8	Wis.9.8	same	
Wis.9.9	Wis.9.9	same	
Wis.9.10	Wis.9.10	same	
Wis.9.11	Wis.9.11	same	
Wis.9.12	Wis.9.12	same	
Wis.9.13	Wis.9.13	same	
Wis.9.14	Wis.9.14	same	
Wis.9.15	Wis.9.15	same	
Wis.9.16	Wis.9.16	same	
Wis.9.17	Wis.9.17	same	
Wis.9.18	Wis.9.18	part	Renumber verse (another tradition's pattern)
Wis.9.19	Wis.9.18	part	DividedPrev verse (another tradition's pattern)
Wis.10.1	Wis.10.1	same	
Wis.10.2	Wis.10.2	same	
Wis.10.3	Wis.10.3	same	
Wis.10.4	Wis.10.4	same	
Wis.10.5	Wis.10.5	same	
Wis.10.6	Wis.10.6	same	
Wis.10.7	Wis.10.7	same	
Wis.10.8	Wis.10.8	same	
Wis.10.9	Wis.10.9	same	
Wis.10.10	Wis.10.10	same	
Wis.10.11	Wis.10.11	same	
Wis.10.12	Wis.10.12	same	
Wis.10.13	Wis.10.13	same	
Wis.10.14	Wis.10.14	same	
Wis.10.15	Wis.10.15	same	
Wis.10.16	Wis.10.16	same	
Wis.10.17	Wis.10.17	same	
Wis.10.18	Wis.10.18	same	
Wis.10.19	Wis.10.19	same	
Wis.10.20	Wis.10.20	same	
Wis.10.21	Wis.10.21	same	
Wis.11.1	Wis.11.1	same	
Wis.11.2	Wis.11.2	same	
Wis.11.3	Wis.11.3	same	
Wis.11.4	Wis.11.4	same	
Wis.11.5	Wis.11.5	same	Keep verse
Wis.11.6	Wis.11.6	same	Keep verse
Wis.11.7	Wis.11.7	same	Keep verse
Wis.11.8	Wis.11.8	same	Keep verse
Wis.11.9	Wis.11.9	same	Keep verse
Wis.11.10	Wis.11.10	same	Keep verse
Wis.11.11	Wis.11.11	same	Keep verse
Wis.11.12	Wis.11.12	same	Keep verse
Wis.11.13	Wis.11.13	same	Keep verse
Wis.11.14	Wis.11.14	same	Keep verse
Wis.11.15	Wis.11.15	same	Keep verse
Wis.11.16	Wis.11.16	same	Keep verse
Wis.11.17	Wis.11.17	same	Keep verse
Wis.11.18	Wis.11.18	same	Keep verse
Wis.11.19	Wis.11.19	same	Keep verse
Wis.11.20	Wis.11.20	same	Keep verse
Wis.11.21	Wis.11.21	same	Keep verse
Wis.11.22	Wis.11.22	same	Keep verse
Wis.11.23	Wis.11.23	same	Keep verse
Wis.11.24	Wis.11.24	same	Keep verse
Wis.11.25	Wis.11.25	same	Keep verse
Wis.11.26	Wis.11.26	same	Keep verse
Wis.12.1	Wis.12.1	same	
Wis.12.2	Wis.12.2	same	
Wis.12.3	Wis.12.3	same	
Wis.12.4	Wis.12.4	same	
Wis.12.5	Wis.12.5	same	
Wis.12.6	Wis.12.6	same	
Wis.12.7	Wis.12.7	same	
Wis.12.8	Wis.12.8	same	
Wis.12.9	Wis.12.9	same	
Wis.12.10	Wis.12.10	same	
Wis.12.11	Wis.12.11	same	
Wis.12.12	Wis.12.12	same	
Wis.12.13	Wis.12.13	same	
Wis.12.14	Wis.12.14	same	
Wis.12.15	Wis.12.15	same	
Wis.12.16	Wis.12.16	same	
Wis.12.17	Wis.12.17	same	
Wis.12.18	Wis.12.18	same	
Wis.12.19	Wis.12.19	same	
Wis.12.20	Wis.12.20	same	
Wis.12.21	Wis.12.21	same	
Wis.12.22	Wis.12.22	same	
Wis.12.23	Wis.12.23	same	
Wis.12.24	Wis.12.24	same	
Wis.12.25	Wis.12.25	same	
Wis.12.26	Wis.12.26	same	
Wis.12.27	Wis.12.27	unmatched	
Wis.13.1	Wis.13.1	same	
Wis.13.2	Wis.13.2	same	
Wis.13.3	Wis.13.3	same	
Wis.13.4	Wis.13.4	same	
Wis.13.5	Wis.13.5	same	
Wis.13.6	Wis.13.6	same	
Wis.13.7	Wis.13.7	same	
Wis.13.8	Wis.13.8	same	
Wis.13.9	Wis.13.9	same	
Wis.13.10	Wis.13.10	same	
Wis.13.11	Wis.13.11	same	
Wis.13.12	Wis.13.12	same	
Wis.13.13	Wis.13.13	same	
Wis.13.14	Wis.13.14	same	
Wis.13.15	Wis.13.15	same	
Wis.13.16	Wis.13.16	same	
Wis.13.17	Wis.13.17	same	
Wis.13.18	Wis.13.18	same	
Wis.13.19	Wis.13.19	same	
Wis.14.1	Wis.14.1	same	
Wis.14.2	Wis.14.2	same	
Wis.14.3	Wis.14.3	same	
Wis.14.4	Wis.14.4	same	
Wis.14.5	Wis.14.5	same	
Wis.14.6	Wis.14.6	same	
Wis.14.7	Wis.14.7	same	
Wis.14.8	Wis.14.8	same	
Wis.14.9	Wis.14.9	same	
Wis.14.10	Wis.14.10	same	
Wis.14.11	Wis.14.11	same	
Wis.14.12	Wis.14.12	same	
Wis.14.13	Wis.14.13	same	
Wis.14.14	Wis.14.14	same	
Wis.14.15	Wis.14.15	same	
Wis.14.16	Wis.14.16	same	
Wis.14.17	Wis.14.17	same	
Wis.14.18	Wis.14.18	same	
Wis.14.19	Wis.14.19	same	
Wis.14.20	Wis.14.20	same	
Wis.14.21	Wis.14.21	same	
Wis.14.22	Wis.14.22	same	
Wis.14.23	Wis.14.23	same	
Wis.14.24	Wis.14.24	same	
Wis.14.25	Wis.14.25	same	
Wis.14.26	Wis.14.26	same	
Wis.14.27	Wis.14.27	same	
Wis.14.28	Wis.14.28	same	
Wis.14.29	Wis.14.29	same	
Wis.14.30	Wis.14.30	same	
Wis.14.31	Wis.14.31	same	
Wis.16.1	Wis.16.1	same	
Wis.16.2	Wis.16.2	same	
Wis.16.3	Wis.16.3	same	
Wis.16.4	Wis.16.4	same	
Wis.16.5	Wis.16.5	same	
Wis.16.6	Wis.16.6	same	
Wis.16.7	Wis.16.7	same	
Wis.16.8	Wis.16.8	same	
Wis.16.9	Wis.16.9	same	
Wis.16.10	Wis.16.10	same	
Wis.16.11	Wis.16.11	same	
Wis.16.12	Wis.16.12	same	
Wis.16.13	Wis.16.13	same	
Wis.16.14	Wis.16.14	same	
Wis.16.15	Wis.16.15	same	
Wis.16.16	Wis.16.16	same	
Wis.16.17	Wis.16.17	same	
Wis.16.18	Wis.16.18	same	
Wis.16.19	Wis.16.19	same	
Wis.17.1	Wis.17.1	same	
Wis.17.2	Wis.17.2	same	
Wis.17.3	Wis.17.3	same	
Wis.17.4	Wis.17.4	same	
Wis.17.5	Wis.17.5	same	
Wis.17.6	Wis.17.6	same	
Wis.17.7	Wis.17.7	same	
Wis.17.8	Wis.17.8	same	
Wis.17.9	Wis.17.9	unmatched	
Wis.17.10	Wis.17.10	unmatched	
Wis.17.11	Wis.17.11	unmatched	
Wis.17.12	Wis.17.12	unmatched	
Wis.17.13	Wis.17.13	unmatched	
Wis.17.14	Wis.17.14	unmatched	
Wis.17.15	Wis.17.15	unmatched	
Wis.17.16	Wis.17.16	unmatched	
Wis.17.17	Wis.17.17	unmatched	
Wis.17.18	Wis.17.18	unmatched	
Wis.17.19	Wis.17.19	unmatched	
Wis.17.20	Wis.17.20	unmatched	
Wis.17.21	Wis.17.21	unmatched	
Wis.17.22		not-in-kjv	
Wis.17.23		not-in-kjv	
Wis.17.24		not-in-kjv	
Wis.17.25		not-in-kjv	
Wis.17.26		not-in-kjv	
Wis.17.27		not-in-kjv	
Wis.17.28		not-in-kjv	
Wis.17.29		not-in-kjv	
Wis.18.1	Wis.18.1	same	
Wis.18.2	Wis.18.2	same	
Wis.18.3	Wis.18.3	same	
Wis.18.4	Wis.18.4	same	
Wis.18.5	Wis.18.5	same	
Wis.18.6	Wis.18.6	same	
Wis.18.7	Wis.18.7	same	
Wis.18.8	Wis.18.8	same	
Wis.18.9	Wis.18.9	same	
Wis.18.10	Wis.18.10	same	
Wis.18.11	Wis.18.11	same	
Wis.18.12	Wis.18.12	same	
Wis.18.13	Wis.18.13	same	
Wis.18.14	Wis.18.14	same	
Wis.18.15	Wis.18.15	same	
Wis.18.16	Wis.18.16	same	
Wis.18.17	Wis.18.17	same	
Wis.18.18	Wis.18.18	same	
Wis.18.19	Wis.18.19	same	
Wis.18.20	Wis.18.20	same	
Wis.18.21	Wis.18.21	same	
Wis.19.1	Wis.19.1	same	
Wis.19.2	Wis.19.2	same	
Wis.19.3	Wis.19.3	same	
Wis.19.4	Wis.19.4	same	
Wis.19.5	Wis.19.5	same	
Wis.19.6	Wis.19.6	same	
Wis.19.7	Wis.19.7	same	
Wis.19.8	Wis.19.8	same	
Wis.19.9	Wis.19.9	same	
Wis.19.10	Wis.19.10	same	
Wis.19.11	Wis.19.11	same	
Wis.19.12	Wis.19.12	unmatched	
Wis.19.13	Wis.19.13	unmatched	
Wis.19.14	Wis.19.14	unmatched	
Wis.19.15	Wis.19.15	unmatched	
Wis.19.16	Wis.19.16	unmatched	
Wis.19.17	Wis.19.17	unmatched	
Wis.19.18	Wis.19.18	unmatched	
Wis.19.19	Wis.19.19	unmatched	
Wis.19.20	Wis.19.20	unmatched	
Wis.19.21	Wis.19.21	unmatched	
Wis.19.22	Wis.19.22	unmatched	
Wis.19.23		not-in-kjv	
Wis.19.24		not-in-kjv	
Wis.19.25		not-in-kjv	
Wis.20.1		not-in-kjv	
Wis.20.2		not-in-kjv	
Wis.20.3		not-in-kjv	
Wis.20.4		not-in-kjv	
Wis.20.5		not-in-kjv	
Wis.20.6		not-in-kjv	
Wis.20.7		not-in-kjv	
Wis.20.8		not-in-kjv	
Wis.20.9		not-in-kjv	
Wis.20.10		not-in-kjv	
Wis.20.11		not-in-kjv	
Wis.20.12		not-in-kjv	
Wis.20.13		not-in-kjv	
Wis.20.14		not-in-kjv	
Wis.20.15		not-in-kjv	
Wis.20.16		not-in-kjv	
Wis.20.17		not-in-kjv	
Wis.20.18		not-in-kjv	
Wis.20.19		not-in-kjv	
Wis.20.20		not-in-kjv	
Wis.20.21		not-in-kjv	
Wis.20.22		not-in-kjv	
Sir.1.1	Sir.1.1	same	
Sir.1.2	Sir.1.2	same	
Sir.1.3	Sir.1.3	same	
Sir.1.4	Sir.1.4	same	
Sir.1.6	Sir.1.6	same	
Sir.1.7	Sir.1.7	same	
Sir.1.9	Sir.1.9	same	
Sir.1.10	Sir.1.10	same	
Sir.1.11	Sir.1.11	same	
Sir.1.12	Sir.1.12	same	
Sir.1.14	Sir.1.14	same	Keep verse
Sir.1.15	Sir.1.15	same	Keep verse
Sir.1.16	Sir.1.16	same	Keep verse
Sir.1.17	Sir.1.17	same	Keep verse
Sir.1.18	Sir.1.18	same	Keep verse
Sir.1.19	Sir.1.19	same	Keep verse
Sir.1.20	Sir.1.20	same	Keep verse
Sir.1.22	Sir.1.22	same	Keep verse
Sir.1.23	Sir.1.23	same	Keep verse
Sir.1.24	Sir.1.24	same	Keep verse
Sir.1.25	Sir.1.25	same	Keep verse
Sir.1.26	Sir.1.26	same	Keep verse
Sir.1.27	Sir.1.27	same	Keep verse
Sir.1.28	Sir.1.28	same	Keep verse
Sir.1.29	Sir.1.29	same	Keep verse
Sir.1.30	Sir.1.30	same	Keep verse
Sir.2.1	Sir.2.1	same	
Sir.2.2	Sir.2.2	same	
Sir.2.3	Sir.2.3	same	
Sir.2.4	Sir.2.4	same	
Sir.2.5	Sir.2.5	same	
Sir.2.6	Sir.2.6	same	
Sir.2.7	Sir.2.7	same	
Sir.2.8	Sir.2.8	same	
Sir.2.9	Sir.2.9	same	Keep verse
Sir.2.10	Sir.2.10	same	Keep verse
Sir.2.11	Sir.2.11	same	Keep verse
Sir.2.12	Sir.2.12	same	Keep verse
Sir.2.13	Sir.2.13	same	Keep verse
Sir.2.14	Sir.2.14	same	Keep verse
Sir.2.15	Sir.2.15	same	Keep verse
Sir.2.16	Sir.2.16	same	Keep verse
Sir.2.17	Sir.2.17	same	Keep verse
Sir.2.18	Sir.2.18	same	Keep verse
Sir.3.1	Sir.3.1	same	Keep verse
Sir.3.2	Sir.3.2	same	Keep verse
Sir.3.3	Sir.3.3	same	Keep verse
Sir.3.4	Sir.3.4	same	Keep verse
Sir.3.5	Sir.3.5	same	Keep verse
Sir.3.6	Sir.3.6	same	Keep verse
Sir.3.7	Sir.3.7	same	Keep verse
Sir.3.8	Sir.3.8	same	Keep verse
Sir.3.9	Sir.3.9	same	Keep verse
Sir.3.10	Sir.3.10	same	Keep verse
Sir.3.11	Sir.3.11	same	Keep verse
Sir.3.12	Sir.3.12	same	Keep verse
Sir.3.13	Sir.3.13	same	Keep verse
Sir.3.14	Sir.3.14	same	Keep verse
Sir.3.15	Sir.3.15	same	Keep verse
Sir.3.16	Sir.3.16	same	Keep verse
Sir.3.17	Sir.3.17	same	Keep verse
Sir.3.18	Sir.3.18	same	Keep verse
Sir.3.20	Sir.3.20	same	Keep verse
Sir.3.21	Sir.3.21	same	Keep verse
Sir.3.22	Sir.3.22	same	Keep verse
Sir.3.23	Sir.3.23	same	Keep verse
Sir.3.25	Sir.3.25	same	Keep verse
Sir.3.26	Sir.3.26	same	Keep verse
Sir.3.27	Sir.3.27	same	Keep verse
Sir.3.28	Sir.3.28	same	Keep verse
Sir.3.29	Sir.3.29	same	Keep verse
Sir.3.30	Sir.3.30	same	Keep verse
Sir.3.31	Sir.3.31	same	Keep verse
Sir.4.1	Sir.4.1	same	
Sir.4.2	Sir.4.2	same	
Sir.4.3	Sir.4.3	same	
Sir.4.4	Sir.4.4	same	
Sir.4.5	Sir.4.5	same	
Sir.4.6	Sir.4.6	same	
Sir.4.7	Sir.4.7	same	
Sir.4.8	Sir.4.8	same	
Sir.4.9	Sir.4.9	same	
Sir.4.10	Sir.4.10	same	Keep verse
Sir.4.11	Sir.4.11	same	Keep verse
Sir.4.12	Sir.4.12	same	Keep verse
Sir.4.13	Sir.4.13	same	Keep verse
Sir.4.14	Sir.4.14	same	Keep verse
Sir.4.15	Sir.4.15	same	Keep verse
Sir.4.16	Sir.4.16	same	Keep verse
Sir.4.17	Sir.4.17	same	Keep verse
Sir.4.18	Sir.4.18	same	Keep verse
Sir.4.19	Sir.4.19	same	Keep verse
Sir.4.20	Sir.4.20	same	Keep verse
Sir.4.21	Sir.4.21	same	Keep verse
Sir.4.22	Sir.4.22	same	Keep verse
Sir.4.23	Sir.4.23	same	Keep verse
Sir.4.24	Sir.4.24	same	Keep verse
Sir.4.25	Sir.4.25	same	Keep verse
Sir.4.26	Sir.4.26	same	Keep verse
Sir.4.27	Sir.4.27	same	Keep verse
Sir.4.28	Sir.4.28	same	Keep verse
Sir.4.29	Sir.4.29	same	Keep verse
Sir.4.30	Sir.4.30	same	Keep verse
Sir.4.31	Sir.4.31	same	Keep verse
Sir.5.1	Sir.5.1	same	
Sir.5.2	Sir.5.2	same	
Sir.5.3	Sir.5.3	same	
Sir.5.4	Sir.5.4	same	
Sir.5.5	Sir.5.5	same	
Sir.5.6	Sir.5.6	same	Keep verse
Sir.5.7	Sir.5.7	same	Keep verse
Sir.5.8	Sir.5.8	same	Keep verse
Sir.5.9	Sir.5.9	same	Keep verse
Sir.5.10	Sir.5.10	same	Keep verse
Sir.5.11	Sir.5.11	same	Keep verse
Sir.5.12	Sir.5.12	same	Keep verse
Sir.5.13	Sir.5.13	same	Keep verse
Sir.5.14	Sir.5.14	same	Keep verse
Sir.5.15	Sir.5.15	same	Keep verse
Sir.6.1	Sir.6.1	same	
Sir.6.2	Sir.6.2	same	
Sir.6.3	Sir.6.3	same	
Sir.6.4	Sir.6.4	same	
Sir.6.5	Sir.6.5	same	
Sir.6.6	Sir.6.6	same	
Sir.6.7	Sir.6.7	same	
Sir.6.8	Sir.6.8	same	
Sir.6.9	Sir.6.9	same	
Sir.6.10	Sir.6.10	same	
Sir.6.11	Sir.6.11	same	
Sir.6.12	Sir.6.12	same	
Sir.6.13	Sir.6.13	same	
Sir.6.14	Sir.6.14	same	
Sir.6.15	Sir.6.15	same	
Sir.6.16	Sir.6.16	same	
Sir.6.17	Sir.6.17	same	
Sir.6.18	Sir.6.18	same	
Sir.6.19	Sir.6.19	same	Keep verse
Sir.6.20	Sir.6.20	same	Keep verse
Sir.6.21	Sir.6.21	same	Keep verse
Sir.6.22	Sir.6.22	same	Keep verse
Sir.6.23	Sir.6.23	same	Keep verse
Sir.6.24	Sir.6.24	same	Keep verse
Sir.6.25	Sir.6.25	same	Keep verse
Sir.6.26	Sir.6.26	same	Keep verse
Sir.6.27	Sir.6.27	same	Keep verse
Sir.6.28	Sir.6.28	same	Keep verse
Sir.6.29	Sir.6.29	same	Keep verse
Sir.6.30	Sir.6.30	same	Keep verse
Sir.6.31	Sir.6.31	same	Keep verse
Sir.6.32	Sir.6.32	same	Keep verse
Sir.6.33	Sir.6.33	same	Keep verse
Sir.6.34	Sir.6.34	same	Keep verse
Sir.6.35	Sir.6.35	same	Keep verse
Sir.6.36	Sir.6.36	same	
Sir.6.37	Sir.6.37	same	
Sir.7.1	Sir.7.1	same	
Sir.7.2	Sir.7.2	same	
Sir.7.3	Sir.7.3	same	
Sir.7.4	Sir.7.4	same	
Sir.7.5	Sir.7.5	same	
Sir.7.6	Sir.7.6	same	
Sir.7.7	Sir.7.7	same	
Sir.7.8	Sir.7.8	same	
Sir.7.9	Sir.7.9	same	Keep verse
Sir.7.10	Sir.7.10	same	Keep verse
Sir.7.11	Sir.7.11	same	Keep verse
Sir.7.12	Sir.7.12	same	Keep verse
Sir.7.13	Sir.7.13	same	Keep verse
Sir.7.14	Sir.7.14	same	Keep verse
Sir.7.15	Sir.7.15	same	Keep verse
Sir.7.16a		not-in-kjv	
Sir.7.17a		not-in-kjv	
Sir.7.16b		not-in-kjv	
Sir.7.17b		not-in-kjv	
Sir.7.18	Sir.7.18	same	Keep verse
Sir.7.19	Sir.7.19	same	Keep verse
Sir.7.20	Sir.7.20	same	Keep verse
Sir.7.21	Sir.7.21	same	Keep verse
Sir.7.22	Sir.7.22	same	Keep verse
Sir.7.23	Sir.7.23	same	Keep verse
Sir.7.24	Sir.7.24	same	Keep verse
Sir.7.25	Sir.7.25	same	Keep verse
Sir.7.26	Sir.7.26	same	Keep verse
Sir.7.27	Sir.7.27	same	Keep verse
Sir.7.28	Sir.7.28	same	Keep verse
Sir.7.29	Sir.7.29	same	Keep verse
Sir.7.30	Sir.7.30	same	Keep verse
Sir.7.31	Sir.7.31	same	Keep verse
Sir.7.32	Sir.7.32	same	Keep verse
Sir.7.33	Sir.7.33	same	Keep verse
Sir.7.34	Sir.7.34	same	Keep verse
Sir.7.35	Sir.7.35	same	Keep verse
Sir.7.36	Sir.7.36	same	Keep verse
Sir.8.1	Sir.8.1	same	
Sir.8.2	Sir.8.2	same	Keep verse
Sir.8.3	Sir.8.3	same	Keep verse
Sir.8.4	Sir.8.4	same	Keep verse
Sir.8.5	Sir.8.5	same	Keep verse
Sir.8.6	Sir.8.6	same	Keep verse
Sir.8.7	Sir.8.7	same	Keep verse
Sir.8.8	Sir.8.8	same	Keep verse
Sir.8.9	Sir.8.9	same	Keep verse
Sir.8.10	Sir.8.10	same	Keep verse
Sir.8.11	Sir.8.11	same	Keep verse
Sir.8.12	Sir.8.12	same	Keep verse
Sir.8.13	Sir.8.13	same	Keep verse
Sir.8.14	Sir.8.14	same	Keep verse
Sir.8.15	Sir.8.15	same	Keep verse
Sir.8.16	Sir.8.16	same	Keep verse
Sir.8.17	Sir.8.17	same	Keep verse
Sir.8.18	Sir.8.18	same	Keep verse
Sir.8.19	Sir.8.19	same	Keep verse
Sir.9.1	Sir.9.1	same	
Sir.9.2	Sir.9.2	same	
Sir.9.3	Sir.9.3	same	
Sir.9.4	Sir.9.4	same	
Sir.9.5	Sir.9.5	same	
Sir.9.6	Sir.9.6	same	
Sir.9.7	Sir.9.7	same	
Sir.9.8	Sir.9.8	same	Keep verse
Sir.9.9	Sir.9.9	same	Keep verse
Sir.9.10	Sir.9.10	same	Keep verse
Sir.9.11	Sir.9.11	same	Keep verse
Sir.9.12	Sir.9.12	same	Keep verse
Sir.9.13	Sir.9.13	same	Keep verse
Sir.9.14	Sir.9.14	same	Keep verse
Sir.9.15	Sir.9.15	same	Keep verse
Sir.9.16	Sir.9.16	same	Keep verse
Sir.9.17	Sir.9.17	same	Keep verse
Sir.9.18	Sir.9.18	same	Keep verse
Sir.10.1	Sir.10.1	same	
Sir.10.2	Sir.10.2	same	
Sir.10.3	Sir.10.3	same	
Sir.10.4	Sir.10.4	same	
Sir.10.5	Sir.10.5	same	
Sir.10.6	Sir.10.6	same	
Sir.10.7	Sir.10.7	same	
Sir.10.8	Sir.10.8	same	
Sir.10.9	Sir.10.9	same	Keep verse
Sir.10.10	Sir.10.10	same	Keep verse
Sir.10.11	Sir.10.11	same	Keep verse
Sir.10.12	Sir.10.12	same	Keep verse
Sir.10.13	Sir.10.13	same	Keep verse
Sir.10.14	Sir.10.14	same	Keep verse
Sir.10.15	Sir.10.15	same	Keep verse
Sir.10.16	Sir.10.16	same	Keep verse
Sir.10.17	Sir.10.17	same	Keep verse
Sir.10.18	Sir.10.18	same	Keep verse
Sir.10.19	Sir.10.19	same	Keep verse
Sir.10.20	Sir.10.20	same	Keep verse
Sir.10.22	Sir.10.22	same	Keep verse
Sir.10.23	Sir.10.23	same	Keep verse
Sir.10.24	Sir.10.24	same	Keep verse
Sir.10.25	Sir.10.25	same	Keep verse
Sir.10.26	Sir.10.26	same	Keep verse
Sir.10.27	Sir.10.27	same	Keep verse
Sir.10.28	Sir.10.28	same	Keep verse
Sir.10.29	Sir.10.29	same	Keep verse
Sir.10.30	Sir.10.30	same	Keep verse
Sir.10.31	Sir.10.31	same	Keep verse
Sir.11.1	Sir.11.1	same	
Sir.11.2	Sir.11.2	same	
Sir.11.3	Sir.11.3	same	
Sir.11.4	Sir.11.4	same	
Sir.11.5	Sir.11.5	same	
Sir.11.6	Sir.11.6	same	
Sir.11.7	Sir.11.7	same	
Sir.11.8	Sir.11.8	same	
Sir.11.9	Sir.11.9	same	
Sir.11.10	Sir.11.10	same	
Sir.11.11	Sir.11.11	same	
Sir.11.12	Sir.11.12	same	
Sir.11.13	Sir.11.13	same	
Sir.11.14	Sir.11.14	same	
Sir.11.17	Sir.11.17	same	
Sir.11.18	Sir.11.18	same	
Sir.11.19	Sir.11.19	same	Keep verse
Sir.11.20	Sir.11.20	same	Keep verse
Sir.11.21	Sir.11.21	same	Keep verse
Sir.11.22	Sir.11.22	same	Keep verse
Sir.11.23	Sir.11.23	same	Keep verse
Sir.11.24	Sir.11.24	same	Keep verse
Sir.11.25	Sir.11.25	same	Keep verse
Sir.11.26	Sir.11.26	same	Keep verse
Sir.11.27	Sir.11.27	same	Keep verse
Sir.11.28	Sir.11.28	same	Keep verse
Sir.11.29	Sir.11.29	same	Keep verse
Sir.11.30	Sir.11.30	same	Keep verse
Sir.11.31	Sir.11.31	same	Keep verse
Sir.11.32	Sir.11.32	same	Keep verse
Sir.11.33	Sir.11.33	same	Keep verse
Sir.11.34	Sir.11.34	same	Keep verse
Sir.12.1	Sir.12.1	same	
Sir.12.2	Sir.12.2	same	
Sir.12.3	Sir.12.3	same	
Sir.12.4	Sir.12.4	same	
Sir.12.5	Sir.12.5	same	
Sir.12.6	Sir.12.6	same	
Sir.12.7	Sir.12.7	same	
Sir.12.8	Sir.12.8	same	
Sir.12.9	Sir.12.9	same	
Sir.12.10	Sir.12.10	same	
Sir.12.11	Sir.12.11	same	
Sir.12.12	Sir.12.12	same	
Sir.12.13	Sir.12.13	same	
Sir.12.14	Sir.12.14	same	
Sir.12.15	Sir.12.15	same	
Sir.12.16	Sir.12.16	same	
Sir.12.17	Sir.12.17	same	Keep verse
Sir.12.18	Sir.12.18	same	Keep verse
Sir.13.1	Sir.13.1	same	
Sir.13.2	Sir.13.2	same	Keep verse
Sir.13.3	Sir.13.3	same	Keep verse
Sir.13.4	Sir.13.4	same	Keep verse
Sir.13.5	Sir.13.5	same	Keep verse
Sir.13.6	Sir.13.6	same	Keep verse
Sir.13.7	Sir.13.7	same	Keep verse
Sir.13.8	Sir.13.8	same	Keep verse
Sir.13.9	Sir.13.9	same	Keep verse
Sir.13.10	Sir.13.10	same	Keep verse
Sir.13.11	Sir.13.11	same	Keep verse
Sir.13.12	Sir.13.12	same	Keep verse
Sir.13.13	Sir.13.13	same	Keep verse
Sir.13.15	Sir.13.15	same	Keep verse
Sir.13.16	Sir.13.16	same	Keep verse
Sir.13.17	Sir.13.17	same	Keep verse
Sir.13.18	Sir.13.18	same	Keep verse
Sir.13.19	Sir.13.19	same	Keep verse
Sir.13.20	Sir.13.20	same	Keep verse
Sir.13.21	Sir.13.21	same	Keep verse
Sir.13.22	Sir.13.22	same	Keep verse
Sir.13.23	Sir.13.23	same	Keep verse
Sir.13.24	Sir.13.24	same	Keep verse
Sir.13.25	Sir.13.25	same	Keep verse
Sir.13.26	Sir.13.26	same	Keep verse
Sir.14.1	Sir.14.1	same	
Sir.14.2	Sir.14.2	same	
Sir.14.3	Sir.14.3	same	
Sir.14.4	Sir.14.4	same	
Sir.14.5	Sir.14.5	same	
Sir.14.6	Sir.14.6	same	
Sir.14.7	Sir.14.7	same	
Sir.14.8	Sir.14.8	same	
Sir.14.9	Sir.14.9	same	
Sir.14.10	Sir.14.10	same	
Sir.14.11	Sir.14.11	same	
Sir.14.12	Sir.14.12	same	
Sir.14.13	Sir.14.13	same	
Sir.14.14	Sir.14.14	same	
Sir.14.15	Sir.14.15	same	
Sir.14.16	Sir.14.16	same	Keep verse
Sir.14.17	Sir.14.17	same	Keep verse
Sir.14.18	Sir.14.18	same	Keep verse
Sir.14.19	Sir.14.19	same	Keep verse
Sir.14.20	Sir.14.20	same	Keep verse
Sir.14.21	Sir.14.21	same	Keep verse
Sir.14.22	Sir.14.22	same	Keep verse
Sir.14.23	Sir.14.23	same	Keep verse
Sir.14.24	Sir.14.24	same	Keep verse
Sir.14.25	Sir.14.25	same	Keep verse
Sir.14.26	Sir.14.26	same	
Sir.14.27	Sir.14.27	same	
Sir.15.1	Sir.15.1	same	
Sir.15.2	Sir.15.2	same	
Sir.15.3	Sir.15.3	same	
Sir.15.4	Sir.15.4	same	
Sir.15.5	Sir.15.5	same	
Sir.15.6	Sir.15.6	same	
Sir.15.7	Sir.15.7	same	
Sir.15.8	Sir.15.8	same	
Sir.15.9	Sir.15.9	same	
Sir.15.10	Sir.15.10	same	
Sir.15.11	Sir.15.11	same	
Sir.15.12	Sir.15.12	same	
Sir.15.13	Sir.15.13	same	
Sir.15.14	Sir.15.14	same	
Sir.15.15	Sir.15.15	same	Keep verse
Sir.15.16	Sir.15.16	same	Keep verse
Sir.15.17	Sir.15.17	same	Keep verse
Sir.15.18	Sir.15.18	same	Keep verse
Sir.15.19	Sir.15.19	same	Keep verse
Sir.15.20	Sir.15.20	same	Keep verse
Sir.16.1	Sir.16.1	same	Keep verse
Sir.16.2	Sir.16.2	same	Keep verse
Sir.16.3	Sir.16.3	same	Keep verse
Sir.16.4	Sir.16.4	same	Keep verse
Sir.16.5	Sir.16.5	same	Keep verse
Sir.16.6	Sir.16.6	same	Keep verse
Sir.16.7	Sir.16.7	same	Keep verse
Sir.16.8	Sir.16.8	same	Keep verse
Sir.16.9	Sir.16.9	same	Keep verse
Sir.16.10	Sir.16.10	same	Keep verse
Sir.16.11	Sir.16.11	same	Keep verse
Sir.16.12	Sir.16.12	same	Keep verse
Sir.16.13	Sir.16.13	same	Keep verse
Sir.16.14	Sir.16.14	same	Keep verse
Sir.16.17	Sir.16.17	same	Keep verse
Sir.16.18	Sir.16.18	same	
Sir.16.19	Sir.16.19	same	
Sir.16.20	Sir.16.20	same	
Sir.16.21	Sir.16.21	same	
Sir.16.22	Sir.16.22	same	
Sir.16.23	Sir.16.23	same	
Sir.16.24	Sir.16.24	same	
Sir.16.25	Sir.16.25	same	
Sir.16.26	Sir.16.26	same	
Sir.16.27	Sir.16.27	same	
Sir.16.28	Sir.16.28	same	Keep verse
Sir.16.29	Sir.16.29	same	Keep verse
Sir.16.30	Sir.16.30	same	Keep verse
Sir.17.1	Sir.17.1	same	
Sir.17.2	Sir.17.2	same	Keep verse
Sir.17.3	Sir.17.3	same	Keep verse
Sir.17.4	Sir.17.4	same	
Sir.17.6	Sir.17.6	same	Keep verse
Sir.17.7	Sir.17.7	same	Keep verse
Sir.17.8	Sir.17.8	same	Keep verse
Sir.17.10	Sir.17.10	same	Keep verse
Sir.17.9	Sir.17.9	same	Keep verse
Sir.17.11	Sir.17.11	same	Keep verse
Sir.17.12	Sir.17.12	same	Keep verse
Sir.17.13	Sir.17.13	same	Keep verse
Sir.17.14	Sir.17.14	same	Keep verse
Sir.17.15	Sir.17.15	same	Keep verse
Sir.17.17	Sir.17.17	same	Keep verse
Sir.17.19	Sir.17.19	same	Keep verse
Sir.17.20	Sir.17.20	same	Keep verse
Sir.17.22	Sir.17.22	same	Keep verse
Sir.17.23	Sir.17.23	same	Keep verse
Sir.17.24	Sir.17.24	same	Keep verse
Sir.17.25	Sir.17.25	same	Keep verse
Sir.17.26	Sir.17.26	same	Keep verse
Sir.17.27	Sir.17.27	same	Keep verse
Sir.17.28	Sir.17.28	same	Keep verse
Sir.17.29	Sir.17.29	same	Keep verse
Sir.17.30	Sir.17.30	same	Keep verse
Sir.17.31	Sir.17.31	same	Keep verse
Sir.17.32	Sir.17.32	same	Keep verse
Sir.18.1	Sir.18.1	same	Keep verse
Sir.18.2	Sir.18.2	same	Keep verse
Sir.18.4	Sir.18.4	same	Keep verse
Sir.18.5	Sir.18.5	same	Keep verse
Sir.18.6	Sir.18.6	same	Keep verse
Sir.18.7	Sir.18.7	same	Keep verse
Sir.18.8	Sir.18.8	same	Keep verse
Sir.18.9	Sir.18.9	same	Keep verse
Sir.18.10	Sir.18.10	same	Keep verse
Sir.18.11	Sir.18.11	same	Keep verse
Sir.18.12	Sir.18.12	same	Keep verse
Sir.18.13	Sir.18.13	same	Keep verse
Sir.18.14	Sir.18.14	same	
Sir.18.15	Sir.18.15	same	
Sir.18.16	Sir.18.16	same	
Sir.18.17	Sir.18.17	same	
Sir.18.18	Sir.18.18	same	
Sir.18.19	Sir.18.19	same	
Sir.18.20	Sir.18.20	same	
Sir.18.21	Sir.18.21	same	
Sir.18.22	Sir.18.22	same	
Sir.18.23	Sir.18.23	same	
Sir.18.24	Sir.18.24	same	
Sir.18.25	Sir.18.25	same	
Sir.18.26	Sir.18.26	same	
Sir.18.27	Sir.18.27	same	
Sir.18.28	Sir.18.28	same	
Sir.18.29	Sir.18.29	same	
Sir.18.30	Sir.18.30	same	
Sir.18.31	Sir.18.31	same	
Sir.18.32	Sir.18.32	same	
Sir.18.33	Sir.18.33	same	
Sir.19.1	Sir.19.1	same	
Sir.19.2	Sir.19.2	same	
Sir.19.3	Sir.19.3	same	
Sir.19.4	Sir.19.4	same	
Sir.19.5	Sir.19.5	same	
Sir.19.6	Sir.19.6	same	
Sir.19.7	Sir.19.7	same	
Sir.19.8	Sir.19.8	same	
Sir.19.9	Sir.19.9	same	
Sir.19.10	Sir.19.10	same	
Sir.19.11	Sir.19.11	same	
Sir.19.12	Sir.19.12	same	
Sir.19.13	Sir.19.13	same	
Sir.19.14	Sir.19.14	same	
Sir.19.15	Sir.19.15	same	
Sir.19.16	Sir.19.16	same	
Sir.19.17	Sir.19.17	same	
Sir.19.20	Sir.19.20	same	Keep verse
Sir.19.22	Sir.19.22	same	Keep verse
Sir.19.23	Sir.19.23	same	Keep verse
Sir.19.24	Sir.19.24	same	Keep verse
Sir.19.25	Sir.19.25	same	Keep verse
Sir.19.26	Sir.19.26	same	Keep verse
Sir.19.27	Sir.19.27	same	Keep verse
Sir.19.28	Sir.19.28	same	Keep verse
Sir.19.29	Sir.19.29	same	Keep verse
Sir.19.30	Sir.19.30	same	Keep verse
Sir.20.1	Sir.20.1	unmatched	
Sir.20.2	Sir.20.2	unmatched	
Sir.20.4	Sir.20.4	unmatched	
Sir.20.5	Sir.20.5	unmatched	
Sir.20.6	Sir.20.6	same	
Sir.20.7	Sir.20.7	same	
Sir.20.8	Sir.20.8	same	
Sir.20.9	Sir.20.9	same	
Sir.20.10	Sir.20.10	same	
Sir.20.11	Sir.20.11	same	
Sir.20.12	Sir.20.12	same	
Sir.20.13	Sir.20.13	same	
Sir.20.14	Sir.20.14	same	
Sir.20.15	Sir.20.15	unmatched	
Sir.20.16	Sir.20.16 Sir.20.17	several	Concatenation
Sir.20.17	Sir.20.18	renumbered	Renumber verse
Sir.20.18	Sir.20.19	renumbered	Renumber verse
Sir.20.19	Sir.20.20	renumbered	Renumber verse
Sir.20.20	Sir.20.21	renumbered	Renumber verse
Sir.20.21	Sir.20.22	renumbered	Renumber verse
Sir.20.22	Sir.20.23	renumbered	Renumber verse
Sir.20.23	Sir.20.24	renumbered	Renumber verse
Sir.20.24	Sir.20.25	renumbered	Renumber verse
Sir.20.25	Sir.20.26	renumbered	Renumber verse
Sir.20.26	Sir.20.27	renumbered	Renumber verse
Sir.20.27	Sir.20.28	renumbered	Renumber verse
Sir.20.28	Sir.20.29	renumbered	Renumber verse
Sir.20.29	Sir.20.30	renumbered	Renumber verse
Sir.20.30	Sir.20.31	renumbered	Renumber verse
Sir.20.31	Sir.20.32	renumbered	Renumber verse
Sir.21.1	Sir.21.1	same	
Sir.21.2	Sir.21.2	same	Keep verse
Sir.21.3	Sir.21.3	same	Keep verse
Sir.21.4	Sir.21.4	same	Keep verse
Sir.21.5	Sir.21.5	same	Keep verse
Sir.21.6	Sir.21.6	same	Keep verse
Sir.21.7	Sir.21.7	same	Keep verse
Sir.21.8	Sir.21.8	same	Keep verse
Sir.21.9	Sir.21.9	same	Keep verse
Sir.21.10	Sir.21.10	same	Keep verse
Sir.21.11	Sir.21.11	same	Keep verse
Sir.21.12	Sir.21.12	same	Keep verse
Sir.21.13	Sir.21.13	same	Keep verse
Sir.21.14	Sir.21.14	same	Keep verse
Sir.21.15	Sir.21.15	same	Keep verse
Sir.21.16	Sir.21.16	same	Keep verse
Sir.21.17	Sir.21.17	same	Keep verse
Sir.21.18	Sir.21.18	same	Keep verse
Sir.21.19	Sir.21.19	same	Keep verse
Sir.21.20	Sir.21.20	same	Keep verse
Sir.21.21	Sir.21.21	same	Keep verse
Sir.21.22	Sir.21.22	same	Keep verse
Sir.21.23	Sir.21.23	same	Keep verse
Sir.21.24	Sir.21.24	same	Keep verse
Sir.21.25	Sir.21.25	same	Keep verse
Sir.21.26	Sir.21.26	same	Keep verse
Sir.21.27	Sir.21.27	same	Keep verse
Sir.21.28	Sir.21.28	same	Keep verse
Sir.22.1	Sir.22.1	same	
Sir.22.2	Sir.22.2	same	
Sir.22.3	Sir.22.3	same	
Sir.22.4	Sir.22.4	same	
Sir.22.5	Sir.22.5	same	
Sir.22.6	Sir.22.6	same	
Sir.22.7	Sir.22.7	same	IfEmpty verse
Sir.22.8	Sir.22.8	same	IfEmpty verse
Sir.22.11	Sir.22.11	same	Keep verse
Sir.22.12	Sir.22.12	same	Keep verse
Sir.22.13	Sir.22.13	same	Keep verse
Sir.22.14	Sir.22.14	same	Keep verse
Sir.22.15	Sir.22.15	same	Keep verse
Sir.22.16	Sir.22.16	same	Keep verse
Sir.22.17	Sir.22.17	same	Keep verse
Sir.22.18	Sir.22.18	same	Keep verse
Sir.22.19	Sir.22.19	same	Keep verse
Sir.22.20	Sir.22.20	same	Keep verse
Sir.22.21	Sir.22.21	same	Keep verse
Sir.22.22	Sir.22.22	same	Keep verse
Sir.22.23	Sir.22.23	same	Keep verse
Sir.22.24	Sir.22.24	same	Keep verse
Sir.22.25	Sir.22.25	same	Keep verse
Sir.22.26	Sir.22.26	same	Keep verse
Sir.22.27	Sir.22.27	same	Keep verse
Sir.23.1	Sir.23.1	same	
Sir.23.2	Sir.23.2	same	
Sir.23.3	Sir.23.3	same	
Sir.23.4	Sir.23.4	unmatched	
Sir.23.5	Sir.23.5	unmatched	
Sir.23.6	Sir.23.6	unmatched	
Sir.23.7	Sir.23.7	unmatched	
Sir.23.8	Sir.23.8	unmatched	
Sir.23.9	Sir.23.9	same	Keep verse
Sir.23.10	Sir.23.10	same	Keep verse
Sir.23.11	Sir.23.11	same	Keep verse
Sir.23.12	Sir.23.12	same	Keep verse
Sir.23.13	Sir.23.13	same	Keep verse
Sir.23.14	Sir.23.14	same	Keep verse
Sir.23.15	Sir.23.15	same	Keep verse
Sir.23.16	Sir.23.16 Sir.23.17	several	Concatenation
Sir.23.17	Sir.23.18	renumbered	Renumber verse
Sir.23.18	Sir.23.19	renumbered	Renumber verse
Sir.23.19	Sir.23.20	renumbered	Renumber verse
Sir.23.20	Sir.23.21	renumbered	Renumber verse
Sir.23.21	Sir.23.22	renumbered	Renumber verse
Sir.23.22	Sir.23.23	renumbered	Renumber verse
Sir.23.23	Sir.23.24	renumbered	Renumber verse
Sir.23.24	Sir.23.25	renumbered	Renumber verse
Sir.23.25	Sir.23.26	renumbered	Renumber verse
Sir.23.26	Sir.23.27	renumbered	Renumber verse
Sir.23.27	Sir.23.28	renumbered	Renumber verse
Sir.24.1	Sir.24.1	same	
Sir.24.2	Sir.24.2	same	Keep verse
Sir.24.3	Sir.24.3	same	Keep verse
Sir.24.4	Sir.24.4	same	Keep verse
Sir.24.5	Sir.24.5	same	Keep verse
Sir.24.6	Sir.24.6	same	Keep verse
Sir.24.7	Sir.24.7	same	Keep verse
Sir.24.8	Sir.24.8	same	Keep verse
Sir.24.9	Sir.24.9	same	Keep verse
Sir.24.10	Sir.24.10	same	Keep verse
Sir.24.11	Sir.24.11	same	Keep verse
Sir.24.12	Sir.24.12	same	Keep verse
Sir.24.13	Sir.24.13	same	Keep verse
Sir.24.14	Sir.24.14	same	Keep verse
Sir.24.15	Sir.24.15	same	Keep verse
Sir.24.16	Sir.24.16	same	Keep verse
Sir.24.17	Sir.24.17	same	Keep verse
Sir.24.19	Sir.24.19	same	Keep verse
Sir.24.20	Sir.24.20	same	Keep verse
Sir.24.21	Sir.24.21	same	Keep verse
Sir.24.22	Sir.24.22	same	Keep verse
Sir.24.23	Sir.24.23	same	Keep verse
Sir.24.25	Sir.24.25	same	Keep verse
Sir.24.26	Sir.24.26	same	Keep verse
Sir.24.27	Sir.24.27	same	Keep verse
Sir.24.28	Sir.24.28	same	Keep verse
Sir.24.29	Sir.24.29	same	Keep verse
Sir.24.30	Sir.24.30	same	Keep verse
Sir.24.31	Sir.24.31	same	Keep verse
Sir.24.32	Sir.24.32	same	Keep verse
Sir.24.33	Sir.24.33	same	Keep verse
Sir.24.34	Sir.24.34	same	Keep verse
Sir.25.1	Sir.25.1	same	Keep verse
Sir.25.2	Sir.25.2	same	Keep verse
Sir.25.3	Sir.25.3	same	Keep verse
Sir.25.4	Sir.25.4	same	Keep verse
Sir.25.5	Sir.25.5	same	Keep verse
Sir.25.6	Sir.25.6	same	Keep verse
Sir.25.7	Sir.25.7	same	Keep verse
Sir.25.8	Sir.25.8	same	Keep verse
Sir.25.9	Sir.25.9	same	Keep verse
Sir.25.10	Sir.25.10	same	Keep verse
Sir.25.11	Sir.25.11	same	Keep verse
Sir.25.13	Sir.25.13	same	Keep verse
Sir.25.14	Sir.25.14	same	Keep verse
Sir.25.15	Sir.25.15	same	Keep verse
Sir.25.16	Sir.25.16	same	Keep verse
Sir.25.17	Sir.25.17	same	Keep verse
Sir.25.18	Sir.25.18	same	Keep verse
Sir.25.19	Sir.25.19	same	Keep verse
Sir.25.20	Sir.25.20	same	Keep verse
Sir.25.21	Sir.25.21	same	Keep verse
Sir.25.22	Sir.25.22	same	Keep verse
Sir.25.23	Sir.25.23	same	Keep verse
Sir.25.24	Sir.25.24	same	Keep verse
Sir.25.25	Sir.25.25	same	Keep verse
Sir.25.26	Sir.25.26	same	Keep verse
Sir.26.1	Sir.26.1	same	
Sir.26.2	Sir.26.2	same	
Sir.26.3	Sir.26.3	same	
Sir.26.4	Sir.26.4	same	
Sir.26.5	Sir.26.5	same	Keep verse
Sir.26.6	Sir.26.6	same	Keep verse
Sir.26.7	Sir.26.7	same	Keep verse
Sir.26.8	Sir.26.8	same	Keep verse
Sir.26.9	Sir.26.9	same	Keep verse
Sir.26.10	Sir.26.10	same	Keep verse
Sir.26.11	Sir.26.11	same	Keep verse
Sir.26.12	Sir.26.12	same	Keep verse
Sir.26.13	Sir.26.13	same	Keep verse
Sir.26.14	Sir.26.14	same	Keep verse
Sir.26.15	Sir.26.15	same	Keep verse
Sir.26.16	Sir.26.16	same	Keep verse
Sir.26.17	Sir.26.17	same	Keep verse
Sir.26.18	Sir.26.18	same	Keep verse
Sir.26.28	Sir.26.28	same	Keep verse
Sir.26.29	Sir.26.29	same	Keep verse
Sir.27.1	Sir.27.1	same	
Sir.27.2	Sir.27.2	same	Keep verse
Sir.27.3	Sir.27.3	same	Keep verse
Sir.27.4	Sir.27.4	same	Keep verse
Sir.27.5	Sir.27.5	same	Keep verse
Sir.27.6	Sir.27.6	same	Keep verse
Sir.27.7	Sir.27.7	same	Keep verse
Sir.27.8	Sir.27.8	same	Keep verse
Sir.27.9	Sir.27.9	same	Keep verse
Sir.27.10	Sir.27.10	same	Keep verse
Sir.27.11	Sir.27.11	same	Keep verse
Sir.27.12	Sir.27.12	same	Keep verse
Sir.27.13	Sir.27.13	same	Keep verse
Sir.27.14	Sir.27.14	same	Keep verse
Sir.27.15	Sir.27.15	same	Keep verse
Sir.27.16	Sir.27.16	same	Keep verse
Sir.27.17	Sir.27.17	same	Keep verse
Sir.27.18	Sir.27.18	same	Keep verse
Sir.27.19	Sir.27.19	same	Keep verse
Sir.27.20	Sir.27.20	same	Keep verse
Sir.27.21	Sir.27.21	same	Keep verse
Sir.27.22	Sir.27.22	same	Keep verse
Sir.27.23	Sir.27.23	same	Keep verse
Sir.27.24	Sir.27.24	same	Keep verse
Sir.27.25	Sir.27.25	same	Keep verse
Sir.27.26	Sir.27.26	same	Keep verse
Sir.27.27	Sir.27.27	same	Keep verse
Sir.27.28	Sir.27.28	same	Keep verse
Sir.27.29	Sir.27.29	same	Keep verse
Sir.27.30	Sir.27.30	same	Keep verse
Sir.28.1	Sir.28.1	same	
Sir.28.2	Sir.28.2	same	
Sir.28.3	Sir.28.3	same	
Sir.28.4	Sir.28.4	same	
Sir.28.5	Sir.28.5	same	
Sir.28.6	Sir.28.6	same	Keep verse
Sir.28.7	Sir.28.7	same	Keep verse
Sir.28.8	Sir.28.8	same	Keep verse
Sir.28.9	Sir.28.9	same	Keep verse
Sir.28.10	Sir.28.10	same	Keep verse
Sir.28.11	Sir.28.11	same	Keep verse
Sir.28.12	Sir.28.12	same	Keep verse
Sir.28.13	Sir.28.13	same	Keep verse
Sir.28.14	Sir.28.14	same	Keep verse
Sir.28.15	Sir.28.15	same	Keep verse
Sir.28.16	Sir.28.16	same	Keep verse
Sir.28.17	Sir.28.17	same	Keep verse
Sir.28.18	Sir.28.18	same	Keep verse
Sir.28.19	Sir.28.19	same	Keep verse
Sir.28.20	Sir.28.20	same	Keep verse
Sir.28.21	Sir.28.21	same	Keep verse
Sir.28.22	Sir.28.22	same	Keep verse
Sir.28.23	Sir.28.23	same	Keep verse
Sir.28.24	Sir.28.24	same	Keep verse
Sir.28.25	Sir.28.25	same	Keep verse
Sir.28.26	Sir.28.26	same	Keep verse
Sir.29.1	Sir.29.1	same	
Sir.29.2	Sir.29.2	same	
Sir.29.3	Sir.29.3	same	
Sir.29.4	Sir.29.4	same	
Sir.29.5	Sir.29.5	same	Keep verse
Sir.29.6	Sir.29.6	same	Keep verse
Sir.29.7	Sir.29.7	same	Keep verse
Sir.29.8	Sir.29.8	same	Keep verse
Sir.29.9	Sir.29.9	same	Keep verse
Sir.29.10	Sir.29.10	same	Keep verse
Sir.29.11	Sir.29.11	same	Keep verse
Sir.29.12	Sir.29.12	same	Keep verse
Sir.29.13	Sir.29.13	same	Keep verse
Sir.29.14	Sir.29.14	same	Keep verse
Sir.29.15	Sir.29.15	same	Keep verse
Sir.29.16	Sir.29.16	same	Keep verse
Sir.29.18	Sir.29.18	same	Keep verse
Sir.29.19	Sir.29.19	same	Keep verse
Sir.29.20	Sir.29.20	same	Keep verse
Sir.29.21	Sir.29.21	same	Keep verse
Sir.29.22	Sir.29.22	same	Keep verse
Sir.29.23	Sir.29.23	same	Keep verse
Sir.29.24	Sir.29.24	same	Keep verse
Sir.29.25	Sir.29.25	same	Keep verse
Sir.29.26	Sir.29.26	same	Keep verse
Sir.29.27	Sir.29.27	same	Keep verse
Sir.29.28	Sir.29.28	same	Keep verse
Sir.30.1	Sir.30.1	same	
Sir.30.2	Sir.30.2	same	
Sir.30.3	Sir.30.3	same	
Sir.30.4	Sir.30.4	same	
Sir.30.5	Sir.30.5	same	
Sir.30.6	Sir.30.6	same	
Sir.30.7	Sir.30.7	same	
Sir.30.8	Sir.30.8	same	
Sir.30.9	Sir.30.9	same	
Sir.30.10	Sir.30.10	same	
Sir.30.11	Sir.30.11	same	
Sir.30.12	Sir.30.12	same	
Sir.30.13	Sir.30.13	same	
Sir.30.14	Sir.30.14	same	
Sir.30.15	Sir.30.15	same	
Sir.30.16	Sir.30.16	same	
Sir.30.17	Sir.30.17	same	
Sir.30.19	Sir.30.19	unmatched	
Sir.30.20	Sir.30.20	unmatched	
Sir.30.21	Sir.30.21	unmatched	
Sir.30.22	Sir.30.22	unmatched	
Sir.30.23	Sir.30.23	unmatched	
Sir.30.24	Sir.30.24	unmatched	
Sir.30.13b		not-in-kjv	
Sir.31.1	Sir.31.1	same	
Sir.31.2	Sir.31.2	same	
Sir.31.3	Sir.31.3	same	
Sir.31.4	Sir.31.4	same	
Sir.31.5	Sir.31.5	same	
Sir.31.6	Sir.31.6	same	
Sir.31.7	Sir.31.7	same	
Sir.31.8	Sir.31.8	same	
Sir.31.9	Sir.31.9	same	
Sir.31.10	Sir.31.10	unmatched	
Sir.31.11	Sir.31.11	unmatched	
Sir.31.12	Sir.31.12	same	Keep verse
Sir.31.13	Sir.31.13	same	Keep verse
Sir.31.14	Sir.31.14	same	Keep verse
Sir.31.15	Sir.31.15	same	Keep verse
Sir.31.16	Sir.31.16	same	Keep verse
Sir.31.17	Sir.31.17	same	Keep verse
Sir.31.18	Sir.31.18	same	Keep verse
Sir.31.19	Sir.31.19	same	Keep verse
Sir.31.20	Sir.31.20	same	Keep verse
Sir.31.21	Sir.31.21	same	Keep verse
Sir.31.22	Sir.31.22	same	Keep verse
Sir.31.23	Sir.31.23	same	Keep verse
Sir.31.24	Sir.31.24	same	Keep verse
Sir.31.25	Sir.31.25	same	Keep verse
Sir.31.26	Sir.31.26	same	Keep verse
Sir.31.27	Sir.31.27	same	Keep verse
Sir.31.28	Sir.31.28	same	Keep verse
Sir.31.29	Sir.31.29	same	Keep verse
Sir.31.30	Sir.31.30	same	Keep verse
Sir.31.31	Sir.31.31	same	Keep verse
Sir.32.1	Sir.32.1	same	
Sir.32.2	Sir.32.2	same	Keep verse
Sir.32.3	Sir.32.3	same	Keep verse
Sir.32.4	Sir.32.4	same	Keep verse
Sir.32.5	Sir.32.5	same	Keep verse
Sir.32.6	Sir.32.6	same	Keep verse
Sir.32.7	Sir.32.7	same	Keep verse
Sir.32.8	Sir.32.8	same	Keep verse
Sir.32.9	Sir.32.9	same	Keep verse
Sir.32.10	Sir.32.10	same	Keep verse
Sir.32.11	Sir.32.11	same	Keep verse
Sir.32.12	Sir.32.12	same	Keep verse
Sir.32.13	Sir.32.13	same	Keep verse
Sir.32.14	Sir.32.14	same	Keep verse
Sir.32.15	Sir.32.15	same	Keep verse
Sir.32.16	Sir.32.16	same	Keep verse
Sir.32.17	Sir.32.17	same	Keep verse
Sir.32.18	Sir.32.18	same	Keep verse
Sir.32.19	Sir.32.19	same	Keep verse
Sir.32.20	Sir.32.20	same	Keep verse
Sir.32.21	Sir.32.21	same	Keep verse
Sir.32.22	Sir.32.22	same	Keep verse
Sir.32.23	Sir.32.23	same	Keep verse
Sir.32.24	Sir.32.24	same	Keep verse
Sir.33.1	Sir.33.1	same	
Sir.33.2	Sir.33.2	same	
Sir.33.3	Sir.33.3	same	
Sir.33.4	Sir.33.4	same	
Sir.33.5	Sir.33.5	same	
Sir.33.6	Sir.33.6	same	
Sir.33.7	Sir.33.7	same	
Sir.33.8	Sir.33.8	same	
Sir.33.9	Sir.33.9	same	
Sir.33.10	Sir.33.10	same	
Sir.33.11	Sir.33.11	same	
Sir.33.12	Sir.33.12	same	
Sir.33.13	Sir.33.13	same	
Sir.33.14	Sir.33.14	same	
Sir.33.15	Sir.33.15	same	
Sir.33.16a		not-in-kjv	
Sir.33.25	Sir.33.25	same	
Sir.33.26	Sir.33.26	same	
Sir.33.27	Sir.33.27	same	
Sir.33.28	Sir.33.28	same	
Sir.33.29	Sir.33.29	same	
Sir.33.30	Sir.33.30	same	
Sir.33.31	Sir.33.31	unmatched	
Sir.33.32		not-in-kjv	
Sir.33.33		not-in-kjv	
Sir.33.34		not-in-kjv	
Sir.33.35		not-in-kjv	
Sir.33.36		not-in-kjv	
Sir.33.37		not-in-kjv	
Sir.33.38		not-in-kjv	
Sir.33.39		not-in-kjv	
Sir.33.40		not-in-kjv	
Sir.34.1	Sir.34.1	same	
Sir.34.2	Sir.34.2	same	
Sir.34.3	Sir.34.3	same	
Sir.34.4	Sir.34.4	same	
Sir.34.5	Sir.34.5	same	
Sir.34.6	Sir.34.6	same	
Sir.34.7	Sir.34.7	same	
Sir.34.8	Sir.34.8	same	
Sir.34.9	Sir.34.9	same	
Sir.34.10	Sir.34.10	part	Renumber verse (another tradition's pattern)
Sir.34.11	Sir.34.10	part	DividedPrev verse (another tradition's pattern)
Sir.34.12	Sir.34.11	renumbered	Renumber verse (another tradition's pattern)
Sir.34.13	Sir.34.12	renumbered	Renumber verse (another tradition's pattern)
Sir.34.14	Sir.34.13	part	Renumber verse (another tradition's pattern)
Sir.34.15	Sir.34.13	part	DividedPrev verse (another tradition's pattern)
Sir.34.16	Sir.34.14	renumbered	Renumber verse (another tradition's pattern)
Sir.34.17	Sir.34.15	part	Renumber verse (another tradition's pattern)
Sir.34.18	Sir.34.15	part	DividedPrev verse (another tradition's pattern)
Sir.34.19	Sir.34.16	renumbered	Renumber verse (another tradition's pattern)
Sir.34.20	Sir.34.17	renumbered	Renumber verse (another tradition's pattern)
Sir.34.21	Sir.34.18	part	Renumber verse (another tradition's pattern)
Sir.34.22	Sir.34.18	part	DividedPrev verse (another tradition's pattern)
Sir.34.23	Sir.34.19	renumbered	Renumber verse (another tradition's pattern)
Sir.34.24	Sir.34.20	renumbered	Renumber verse (another tradition's pattern)
Sir.34.25	Sir.34.21	renumbered	Renumber verse (another tradition's pattern)
Sir.34.26	Sir.34.22	part	Renumber verse (another tradition's pattern)
Sir.34.27	Sir.34.22	part	DividedPrev verse (another tradition's pattern)
Sir.34.28	Sir.34.23	renumbered	Renumber verse (another tradition's pattern)
Sir.34.29	Sir.34.24	renumbered	Renumber verse (another tradition's pattern)
Sir.34.30	Sir.34.25	renumbered	Renumber verse (another tradition's pattern)
Sir.34.31	Sir.34.26	renumbered	Renumber verse (another tradition's pattern)
Sir.35.1	Sir.35.1	part	Renumber verse (another tradition's pattern)
Sir.35.2	Sir.35.1	part	DividedPrev verse (another tradition's pattern)
Sir.35.3	Sir.35.2	part	Renumber verse (another tradition's pattern)
Sir.35.4	Sir.35.2	part	DividedPrev verse (another tradition's pattern)
Sir.35.5	Sir.35.3	renumbered	Renumber verse (another tradition's pattern)
Sir.35.6	Sir.35.4	renumbered	Renumber verse (another tradition's pattern)
Sir.35.7	Sir.35.5	renumbered	Renumber verse (another tradition's pattern)
Sir.35.8	Sir.35.6	renumbered	Renumber verse (another tradition's pattern)
Sir.35.9	Sir.35.7	renumbered	Renumber verse (another tradition's pattern)
Sir.35.10	Sir.35.8	renumbered	Renumber verse (another tradition's pattern)
Sir.35.11	Sir.35.9	renumbered	Renumber verse (another tradition's pattern)
Sir.35.12	Sir.35.10	renumbered	Renumber verse (another tradition's pattern)
Sir.35.13	Sir.35.11	renumbered	Renumber verse (another tradition's pattern)
Sir.35.14	Sir.35.12	part	Renumber verse (another tradition's pattern)
Sir.35.15	Sir.35.12	part	DividedPrev verse (another tradition's pattern)
Sir.35.16	Sir.35.13	renumbered	Renumber verse (another tradition's pattern)
Sir.35.17	Sir.35.14	renumbered	Renumber verse (another tradition's pattern)
Sir.35.18	Sir.35.15	part	Renumber verse (another tradition's pattern)
Sir.35.19	Sir.35.15	part	DividedPrev verse (another tradition's pattern)
Sir.35.20	Sir.35.16	renumbered	Renumber verse (another tradition's pattern)
Sir.35.21	Sir.35.17	renumbered	Renumber verse (another tradition's pattern)
Sir.35.22	Sir.35.18	part	Renumber verse (another tradition's pattern)
Sir.35.23	Sir.35.18	part	DividedPrev verse (another tradition's pattern)
Sir.35.24	Sir.35.19	part	Renumber verse (another tradition's pattern)
Sir.35.25	Sir.35.19	part	DividedPrev verse (another tradition's pattern)
Sir.35.26	Sir.35.20	renumbered	Renumber verse (another tradition's pattern)
Sir.36.1	Sir.36.1	unmatched	
Sir.36.2	Sir.36.2	unmatched	
Sir.36.3	Sir.36.3	unmatched	
Sir.36.4	Sir.36.4	unmatched	
Sir.36.5	Sir.36.5	unmatched	
Sir.36.6	Sir.36.6	part	Renumber verse (soft)
Sir.36.7	Sir.36.6	part	DividedPrev verse (soft)
Sir.36.8	Sir.36.7	part	Renumber verse (soft)
Sir.36.9	Sir.36.7	part	DividedPrev verse (soft)
Sir.36.10	Sir.36.8	renumbered	Renumber verse (soft)
Sir.36.11	Sir.36.9	renumbered	Renumber verse (soft)
Sir.36.12	Sir.36.10	renumbered	Renumber verse (soft)
Sir.36.13a		not-in-kjv	
Sir.36.16b		not-in-kjv	
Sir.36.17	Sir.36.12	renumbered	Renumber verse (soft)
Sir.36.18	Sir.36.13	renumbered	Renumber verse (soft)
Sir.36.19	Sir.36.14	renumbered	Renumber verse (soft)
Sir.36.20	Sir.36.15	renumbered	Renumber verse (soft)
Sir.36.21	Sir.36.16	renumbered	Renumber verse (soft)
Sir.36.22	Sir.36.17	renumbered	Renumber verse (soft)
Sir.36.23	Sir.36.18	renumbered	Renumber verse (soft)
Sir.36.24	Sir.36.19	renumbered	Renumber verse (soft)
Sir.36.25	Sir.36.20	renumbered	Renumber verse (soft)
Sir.36.26	Sir.36.21	renumbered	Renumber verse (soft)
Sir.36.27	Sir.36.22	renumbered	Renumber verse (soft)
Sir.36.28	Sir.36.23	renumbered	Renumber verse (soft)
Sir.36.29	Sir.36.24	renumbered	Renumber verse (soft)
Sir.36.30	Sir.36.25	renumbered	Renumber verse (soft)
Sir.36.31	Sir.36.26	renumbered	Renumber verse (soft)
Sir.37.1	Sir.37.1	same	
Sir.37.2	Sir.37.2	same	
Sir.37.3	Sir.37.3	same	
Sir.37.4	Sir.37.4	same	
Sir.37.5	Sir.37.5	same	
Sir.37.6	Sir.37.6	same	
Sir.37.7	Sir.37.7	same	Keep verse (soft)
Sir.37.8	Sir.37.8	same	Keep verse (soft)
Sir.37.9	Sir.37.9	same	Keep verse (soft)
Sir.37.10	Sir.37.10	same	Keep verse (soft)
Sir.37.11	Sir.37.11	same	Keep verse (soft)
Sir.37.12	Sir.37.12	same	Keep verse (soft)
Sir.37.13	Sir.37.13	same	Keep verse (soft)
Sir.37.14	Sir.37.14	same	Keep verse (soft)
Sir.37.15	Sir.37.15	same	Keep verse (soft)
Sir.37.16	Sir.37.16	same	Keep verse (soft)
Sir.37.17	Sir.37.17	same	Keep verse (soft)
Sir.37.18	Sir.37.18	same	Keep verse (soft)
Sir.37.19	Sir.37.19	same	Keep verse (soft)
Sir.37.20	Sir.37.20	same	Keep verse (soft)
Sir.37.21	Sir.37.21	same	Keep verse (soft)
Sir.37.22	Sir.37.22	same	Keep verse (soft)
Sir.37.23	Sir.37.23	same	Keep verse (soft)
Sir.37.24	Sir.37.24	same	Keep verse (soft)
Sir.37.25	Sir.37.25	same	Keep verse (soft)
Sir.37.26	Sir.37.26	same	Keep verse (soft)
Sir.37.27	Sir.37.27	same	Keep verse (soft)
Sir.37.28	Sir.37.28	same	Keep verse (soft)
Sir.37.29	Sir.37.29	same	Keep verse (soft)
Sir.37.30	Sir.37.30	same	Keep verse (soft)
Sir.37.31	Sir.37.31	same	Keep verse (soft)
Sir.38.1	Sir.38.1	same	
Sir.38.2	Sir.38.2	same	
Sir.38.3	Sir.38.3	same	
Sir.38.4	Sir.38.4	same	
Sir.38.5	Sir.38.5	same	
Sir.38.6	Sir.38.6	same	
Sir.38.7	Sir.38.7	same	
Sir.38.8	Sir.38.8	same	
Sir.38.9	Sir.38.9	same	
Sir.38.10	Sir.38.10	same	
Sir.38.11	Sir.38.11	same	
Sir.38.12	Sir.38.12	same	
Sir.38.13	Sir.38.13	same	
Sir.38.14	Sir.38.14	same	
Sir.38.15	Sir.38.15	same	
Sir.38.16	Sir.38.16	same	
Sir.38.17	Sir.38.17	same	
Sir.38.18	Sir.38.18	same	Keep verse
Sir.38.19	Sir.38.19	same	Keep verse
Sir.38.20	Sir.38.20	same	Keep verse
Sir.38.21	Sir.38.21	same	Keep verse
Sir.38.22	Sir.38.22	same	Keep verse
Sir.38.23	Sir.38.23	same	Keep verse
Sir.38.24	Sir.38.24	same	Keep verse
Sir.38.25	Sir.38.25	same	Keep verse
Sir.38.26	Sir.38.26	same	Keep verse
Sir.38.27	Sir.38.27	same	Keep verse
Sir.38.28	Sir.38.28	same	Keep verse
Sir.38.29	Sir.38.29	same	Keep verse
Sir.38.30	Sir.38.30	same	Keep verse
Sir.38.31	Sir.38.31	same	Keep verse
Sir.38.32	Sir.38.32	same	Keep verse
Sir.38.33	Sir.38.33	same	Keep verse
Sir.38.34	Sir.38.34	same	Keep verse
Sir.39.1	Sir.39.1	same	
Sir.39.2	Sir.39.2	same	
Sir.39.3	Sir.39.3	same	
Sir.39.4	Sir.39.4	same	Keep verse
Sir.39.5	Sir.39.5	same	Keep verse
Sir.39.6	Sir.39.6	same	Keep verse
Sir.39.7	Sir.39.7	same	Keep verse
Sir.39.8	Sir.39.8	same	Keep verse
Sir.39.9	Sir.39.9	same	Keep verse
Sir.39.10	Sir.39.10	same	Keep verse
Sir.39.11	Sir.39.11	same	Keep verse
Sir.39.12	Sir.39.12	same	Keep verse
Sir.39.13	Sir.39.13	same	Keep verse
Sir.39.14	Sir.39.14	same	Keep verse
Sir.39.15	Sir.39.15	same	Keep verse
Sir.39.16	Sir.39.16	same	Keep verse
Sir.39.17	Sir.39.17	same	Keep verse
Sir.39.18	Sir.39.18	same	Keep verse
Sir.39.19	Sir.39.19	same	Keep verse
Sir.39.20	Sir.39.20	same	Keep verse
Sir.39.21	Sir.39.21	same	Keep verse
Sir.39.22	Sir.39.22	same	Keep verse
Sir.39.23	Sir.39.23	same	Keep verse
Sir.39.24	Sir.39.24	same	Keep verse
Sir.39.25	Sir.39.25	same	Keep verse
Sir.39.26	Sir.39.26	same	Keep verse
Sir.39.27	Sir.39.27	same	Keep verse
Sir.39.28	Sir.39.28	same	Keep verse
Sir.39.29	Sir.39.29	same	Keep verse
Sir.39.30	Sir.39.30	same	Keep verse
Sir.39.31	Sir.39.31	same	Keep verse
Sir.39.32	Sir.39.32	same	Keep verse
Sir.39.33	Sir.39.33	same	Keep verse
Sir.39.34	Sir.39.34	same	Keep verse
Sir.39.35	Sir.39.35	same	Keep verse
Sir.40.1	Sir.40.1	same	
Sir.40.2	Sir.40.2	same	
Sir.40.3	Sir.40.3	same	
Sir.40.4	Sir.40.4	same	
Sir.40.5	Sir.40.5	same	
Sir.40.6	Sir.40.6	same	
Sir.40.7	Sir.40.7	same	
Sir.40.8	Sir.40.8	same	
Sir.40.9	Sir.40.9	same	
Sir.40.10	Sir.40.10	same	
Sir.40.11	Sir.40.11	same	
Sir.40.12	Sir.40.12	same	
Sir.40.13	Sir.40.13	same	
Sir.40.14	Sir.40.14	same	
Sir.40.15	Sir.40.15	same	
Sir.40.16	Sir.40.16	same	
Sir.40.17	Sir.40.17	same	
Sir.40.18	Sir.40.18	same	
Sir.40.19	Sir.40.19	same	
Sir.40.20	Sir.40.20	same	
Sir.40.21	Sir.40.21	same	
Sir.40.22	Sir.40.22	same	
Sir.40.23	Sir.40.23	same	
Sir.40.24	Sir.40.24	same	
Sir.40.25	Sir.40.25	same	
Sir.40.26	Sir.40.26	unmatched	
Sir.40.27	Sir.40.27	unmatched	
Sir.40.28	Sir.40.28	unmatched	
Sir.40.29	Sir.40.29	unmatched	
Sir.40.31		not-in-kjv	
Sir.41.1	Sir.41.1	same	Keep verse
Sir.41.2	Sir.41.2	same	Keep verse
Sir.41.3	Sir.41.3	same	Keep verse
Sir.41.4	Sir.41.4	same	Keep verse
Sir.41.5	Sir.41.5	same	Keep verse
Sir.41.6	Sir.41.6	same	Keep verse
Sir.41.7	Sir.41.7	same	Keep verse
Sir.41.8	Sir.41.8	same	Keep verse
Sir.41.9	Sir.41.9	same	Keep verse
Sir.41.10	Sir.41.10	same	Keep verse
Sir.41.11	Sir.41.11	same	Keep verse
Sir.41.12	Sir.41.12	same	Keep verse
Sir.41.13	Sir.41.13	same	Keep verse
Sir.41.14	Sir.41.14	same	Keep verse
Sir.41.15	Sir.41.15	same	Keep verse
Sir.41.16	Sir.41.16	same	Keep verse
Sir.41.17	Sir.41.17	same	Keep verse
Sir.41.18	Sir.41.18	same	Keep verse
Sir.41.19	Sir.41.19	same	Keep verse
Sir.41.20	Sir.41.20	same	Keep verse
Sir.41.21	Sir.41.21	same	Keep verse
Sir.41.22	Sir.41.22	same	Keep verse
Sir.42.1	Sir.41.23 Sir.41.24 Sir.42.1	several	Concatenation
Sir.42.2	Sir.42.2	same	
Sir.42.3	Sir.42.3	same	
Sir.42.4	Sir.42.4	same	
Sir.42.5	Sir.42.5	same	
Sir.42.6	Sir.42.6	same	
Sir.42.7	Sir.42.7	same	
Sir.42.8	Sir.42.8	same	
Sir.42.9	Sir.42.9	same	
Sir.42.10	Sir.42.10	same	
Sir.42.11	Sir.42.11	same	
Sir.42.12	Sir.42.12	same	
Sir.42.13	Sir.42.13	same	
Sir.42.14	Sir.42.14	same	
Sir.42.15	Sir.42.15	same	
Sir.42.16	Sir.42.16	same	
Sir.42.17	Sir.42.17	same	
Sir.42.18	Sir.42.18	same	
Sir.42.19	Sir.42.19	same	
Sir.42.20	Sir.42.20	same	
Sir.42.21	Sir.42.21	same	Keep verse
Sir.42.22	Sir.42.22	same	Keep verse
Sir.42.23	Sir.42.23	same	Keep verse
Sir.42.24	Sir.42.24	same	Keep verse
Sir.42.25	Sir.42.25	same	Keep verse
Sir.43.1	Sir.43.1	same	
Sir.43.2	Sir.43.2	same	
Sir.43.3	Sir.43.3	same	
Sir.43.4	Sir.43.4	same	
Sir.43.5	Sir.43.5	same	
Sir.43.6	Sir.43.6	same	
Sir.43.7	Sir.43.7	same	
Sir.43.8	Sir.43.8	same	Keep verse
Sir.43.9	Sir.43.9	same	Keep verse
Sir.43.10	Sir.43.10	same	Keep verse
Sir.43.11	Sir.43.11	same	Keep verse
Sir.43.12	Sir.43.12	same	Keep verse
Sir.43.13	Sir.43.13	same	Keep verse
Sir.43.14	Sir.43.14	same	Keep verse
Sir.43.15	Sir.43.15	same	Keep verse
Sir.43.16	Sir.43.16	same	Keep verse
Sir.43.17	Sir.43.17	same	Keep verse
Sir.43.18	Sir.43.18	same	Keep verse
Sir.43.19	Sir.43.19	same	Keep verse
Sir.43.20	Sir.43.20	same	Keep verse
Sir.43.21	Sir.43.21	same	Keep verse
Sir.43.22	Sir.43.22	same	Keep verse
Sir.43.23	Sir.43.23	same	Keep verse
Sir.43.24	Sir.43.24	same	Keep verse
Sir.43.25	Sir.43.25	same	Keep verse
Sir.43.26	Sir.43.26	same	Keep verse
Sir.43.27	Sir.43.27	same	Keep verse
Sir.43.28	Sir.43.28	same	Keep verse
Sir.43.29	Sir.43.29	same	Keep verse
Sir.43.30	Sir.43.30	same	Keep verse
Sir.43.31	Sir.43.31	same	Keep verse
Sir.43.32	Sir.43.32	same	Keep verse
Sir.43.33	Sir.43.33	same	Keep verse
Sir.44.1	Sir.44.1	same	
Sir.44.2	Sir.44.2	same	
Sir.44.3	Sir.44.3	same	
Sir.44.4	Sir.44.4	same	
Sir.44.5	Sir.44.5	same	
Sir.44.6	Sir.44.6	same	
Sir.44.7	Sir.44.7	same	
Sir.44.8	Sir.44.8	same	
Sir.44.9	Sir.44.9	same	
Sir.44.10	Sir.44.10	same	
Sir.44.11	Sir.44.11	same	
Sir.44.12	Sir.44.12	same	
Sir.44.13	Sir.44.13	same	
Sir.44.14	Sir.44.14	same	
Sir.44.15	Sir.44.15	same	
Sir.44.16	Sir.44.16	same	
Sir.44.17	Sir.44.17	same	Keep verse
Sir.44.18	Sir.44.18	same	Keep verse
Sir.44.19	Sir.44.19	same	Keep verse
Sir.44.20	Sir.44.20	same	Keep verse
Sir.44.21	Sir.44.21	same	Keep verse
Sir.44.22	Sir.44.22	part	Renumber verse
Sir.44.23	Sir.44.22	part	DividedPrev verse
Sir.45.1	Sir.45.1	same	
Sir.45.2	Sir.45.2	same	
Sir.45.3	Sir.45.3	same	
Sir.45.4	Sir.45.4	same	
Sir.45.5	Sir.45.5	same	Keep verse
Sir.45.6	Sir.45.6	same	Keep verse
Sir.45.7	Sir.45.7	same	Keep verse
Sir.45.8	Sir.45.8	same	Keep verse
Sir.45.9	Sir.45.9	same	Keep verse
Sir.45.10	Sir.45.10	same	Keep verse
Sir.45.11	Sir.45.11	same	Keep verse
Sir.45.12	Sir.45.12	same	Keep verse
Sir.45.13	Sir.45.13	same	Keep verse
Sir.45.14	Sir.45.14	same	Keep verse
Sir.45.15	Sir.45.15	same	Keep verse
Sir.45.16	Sir.45.16	same	Keep verse
Sir.45.17	Sir.45.17	same	Keep verse
Sir.45.18	Sir.45.18	same	Keep verse
Sir.45.19	Sir.45.19	same	Keep verse
Sir.45.20	Sir.45.20	same	Keep verse
Sir.45.21	Sir.45.21	same	Keep verse
Sir.45.22	Sir.45.22	same	Keep verse
Sir.45.23	Sir.45.23	same	Keep verse
Sir.45.24	Sir.45.24	same	Keep verse
Sir.45.25	Sir.45.25	same	Keep verse
Sir.45.26	Sir.45.26	same	Keep verse
Sir.46.1	Sir.46.1	same	Keep verse
Sir.46.2	Sir.46.2	same	Keep verse
Sir.46.3	Sir.46.3	same	Keep verse
Sir.46.4	Sir.46.4	same	Keep verse
Sir.46.5	Sir.46.5	same	Keep verse
Sir.46.6	Sir.46.6	same	Keep verse
Sir.46.7	Sir.46.7	same	Keep verse
Sir.46.8	Sir.46.8	same	Keep verse
Sir.46.9	Sir.46.9	same	Keep verse
Sir.46.10	Sir.46.10	same	Keep verse
Sir.46.11	Sir.46.11	same	Keep verse
Sir.46.12	Sir.46.12	same	Keep verse
Sir.46.13	Sir.46.13	same	Keep verse
Sir.46.14	Sir.46.14	same	Keep verse
Sir.46.15	Sir.46.15	same	Keep verse
Sir.46.16	Sir.46.16	same	Keep verse
Sir.46.17	Sir.46.17	same	Keep verse
Sir.46.18	Sir.46.18	same	Keep verse
Sir.46.19	Sir.46.19	same	Keep verse
Sir.46.20	Sir.46.20	same	Keep verse
Sir.47.1	Sir.47.1	same	
Sir.47.2	Sir.47.2	same	
Sir.47.3	Sir.47.3	same	
Sir.47.4	Sir.47.4	same	Keep verse
Sir.47.5	Sir.47.5	same	Keep verse
Sir.47.6	Sir.47.6	same	Keep verse
Sir.47.7	Sir.47.7	same	Keep verse
Sir.47.8	Sir.47.8	same	Keep verse
Sir.47.9	Sir.47.9	same	Keep verse
Sir.47.10	Sir.47.10	same	Keep verse
Sir.47.11	Sir.47.11	same	Keep verse
Sir.47.12	Sir.47.12	same	Keep verse
Sir.47.13	Sir.47.13	same	Keep verse
Sir.47.14	Sir.47.14	same	Keep verse
Sir.47.15	Sir.47.15	same	Keep verse
Sir.47.16	Sir.47.16	same	Keep verse
Sir.47.17	Sir.47.17	same	Keep verse
Sir.47.18	Sir.47.18	same	Keep verse
Sir.47.19	Sir.47.19	same	Keep verse
Sir.47.20	Sir.47.20	same	Keep verse
Sir.47.21	Sir.47.21	same	Keep verse
Sir.47.22	Sir.47.22	same	Keep verse
Sir.47.23	Sir.47.23	same	Keep verse
Sir.47.24	Sir.47.24	same	Keep verse
Sir.47.25	Sir.47.25	same	Keep verse
Sir.48.1	Sir.48.1	same	
Sir.48.2	Sir.48.2	same	
Sir.48.3	Sir.48.3	same	
Sir.48.4	Sir.48.4	same	
Sir.48.5	Sir.48.5	same	
Sir.48.6	Sir.48.6	same	
Sir.48.7	Sir.48.7	same	
Sir.48.8	Sir.48.8	same	
Sir.48.9	Sir.48.9	same	
Sir.48.10	Sir.48.10	same	
Sir.48.11	Sir.48.11	same	Keep verse
Sir.48.12	Sir.48.12	same	Keep verse
Sir.48.13	Sir.48.13	same	Keep verse
Sir.48.14	Sir.48.14	same	Keep verse
Sir.48.15	Sir.48.15	same	Keep verse
Sir.48.16	Sir.48.16	same	Keep verse
Sir.48.17	Sir.48.17	same	Keep verse
Sir.48.18	Sir.48.18	same	Keep verse
Sir.48.19	Sir.48.19	same	Keep verse
Sir.48.20	Sir.48.20	same	Keep verse
Sir.48.21	Sir.48.21	same	Keep verse
Sir.48.22	Sir.48.22	same	Keep verse
Sir.48.23	Sir.48.23	same	Keep verse
Sir.48.24	Sir.48.24	same	Keep verse
Sir.48.25	Sir.48.25	same	Keep verse
Sir.49.1	Sir.49.1	same	Keep verse
Sir.49.2	Sir.49.2	same	Keep verse
Sir.49.3	Sir.49.3	same	Keep verse
Sir.49.4	Sir.49.4	same	Keep verse
Sir.49.5	Sir.49.5	same	Keep verse
Sir.49.6	Sir.49.6	same	Keep verse
Sir.49.7	Sir.49.7	same	Keep verse
Sir.49.8	Sir.49.8	same	Keep verse
Sir.49.9	Sir.49.9	same	Keep verse
Sir.49.10	Sir.49.10	same	Keep verse
Sir.49.11	Sir.49.11	same	Keep verse
Sir.49.12	Sir.49.12	same	Keep verse
Sir.49.13	Sir.49.13	same	Keep verse
Sir.49.14	Sir.49.14	same	Keep verse
Sir.49.15	Sir.49.15	same	Keep verse
Sir.49.16	Sir.49.16	same	Keep verse
Sir.50.1	Sir.50.1	same	
Sir.50.2	Sir.50.2	same	
Sir.50.3	Sir.50.3	same	
Sir.50.4	Sir.50.4	same	
Sir.50.5	Sir.50.5	same	
Sir.50.6	Sir.50.6	same	
Sir.50.7	Sir.50.7	same	
Sir.50.8	Sir.50.8	same	
Sir.50.9	Sir.50.9	same	
Sir.50.10	Sir.50.10	same	
Sir.50.11	Sir.50.11	same	Keep verse
Sir.50.12	Sir.50.12	same	Keep verse
Sir.50.13	Sir.50.13	same	Keep verse
Sir.50.14	Sir.50.14	same	Keep verse
Sir.50.15	Sir.50.15	same	Keep verse
Sir.50.16	Sir.50.16	same	Keep verse
Sir.50.17	Sir.50.17	same	Keep verse
Sir.50.18	Sir.50.18	same	Keep verse
Sir.50.19	Sir.50.19	same	Keep verse
Sir.50.20	Sir.50.20	same	Keep verse
Sir.50.21	Sir.50.21	same	Keep verse
Sir.50.22	Sir.50.22	same	Keep verse
Sir.50.23	Sir.50.23	same	Keep verse
Sir.50.24	Sir.50.24	same	Keep verse
Sir.50.25	Sir.50.25	same	Keep verse
Sir.50.26	Sir.50.26	same	Keep verse
Sir.50.27	Sir.50.27	same	Keep verse
Sir.50.28	Sir.50.28	same	Keep verse
Sir.50.29	Sir.50.29	same	Keep verse
Sir.51.1	Sir.51.1	same	
Sir.51.2	Sir.51.2	same	
Sir.51.3	Sir.51.3	same	Keep verse
Sir.51.4	Sir.51.4	same	Keep verse
Sir.51.5	Sir.51.5	same	Keep verse
Sir.51.6	Sir.51.6	same	Keep verse
Sir.51.7	Sir.51.7	same	Keep verse
Sir.51.8	Sir.51.8	same	Keep verse
Sir.51.9	Sir.51.9	same	Keep verse
Sir.51.10	Sir.51.10	same	Keep verse
Sir.51.11	Sir.51.11	same	Keep verse
Sir.51.12	Sir.51.12	same	Keep verse
Sir.51.13	Sir.51.13	same	Keep verse
Sir.51.14	Sir.51.14	same	Keep verse
Sir.51.15	Sir.51.15	same	Keep verse
Sir.51.16	Sir.51.16	same	Keep verse
Sir.51.17	Sir.51.17	same	Keep verse
Sir.51.18	Sir.51.18	same	Keep verse
Sir.51.19	Sir.51.19	same	Keep verse
Sir.51.20	Sir.51.20	same	Keep verse
Sir.51.21	Sir.51.21	same	Keep verse
Sir.51.22	Sir.51.22	same	Keep verse
Sir.51.23	Sir.51.23	same	Keep verse
Sir.51.24	Sir.51.24	same	Keep verse
Sir.51.25	Sir.51.25	same	Keep verse
Sir.51.26	Sir.51.26	same	Keep verse
Sir.51.27	Sir.51.27	same	Keep verse
Sir.51.28	Sir.51.28	same	Keep verse
Sir.51.29	Sir.51.29	same	Keep verse
Sir.51.30	Sir.51.30	same	Keep verse
PsSol.1.1		not-in-kjv	
PsSol.1.2		not-in-kjv	
PsSol.1.3		not-in-kjv	
PsSol.1.4		not-in-kjv	
PsSol.1.5		not-in-kjv	
PsSol.1.6		not-in-kjv	
PsSol.1.7		not-in-kjv	
PsSol.1.8		not-in-kjv	
PsSol.2.1		not-in-kjv	
PsSol.2.2		not-in-kjv	
PsSol.2.3		not-in-kjv	
PsSol.2.4		not-in-kjv	
PsSol.2.5		not-in-kjv	
PsSol.2.6		not-in-kjv	
PsSol.2.7		not-in-kjv	
PsSol.2.8		not-in-kjv	
PsSol.2.9		not-in-kjv	
PsSol.2.10		not-in-kjv	
PsSol.2.11		not-in-kjv	
PsSol.2.12		not-in-kjv	
PsSol.2.13		not-in-kjv	
PsSol.2.14		not-in-kjv	
PsSol.2.15		not-in-kjv	
PsSol.2.16		not-in-kjv	
PsSol.2.17		not-in-kjv	
PsSol.2.18		not-in-kjv	
PsSol.2.19		not-in-kjv	
PsSol.2.20		not-in-kjv	
PsSol.2.21		not-in-kjv	
PsSol.2.22		not-in-kjv	
PsSol.2.23		not-in-kjv	
PsSol.2.24		not-in-kjv	
PsSol.2.25		not-in-kjv	
PsSol.2.26		not-in-kjv	
PsSol.2.27		not-in-kjv	
PsSol.2.28		not-in-kjv	
PsSol.2.29		not-in-kjv	
PsSol.2.30		not-in-kjv	
PsSol.2.31		not-in-kjv	
PsSol.2.32		not-in-kjv	
PsSol.2.33		not-in-kjv	
PsSol.2.34		not-in-kjv	
PsSol.2.35		not-in-kjv	
PsSol.2.36		not-in-kjv	
PsSol.2.37		not-in-kjv	
PsSol.2.38		not-in-kjv	
PsSol.2.39		not-in-kjv	
PsSol.2.40		not-in-kjv	
PsSol.2.41		not-in-kjv	
PsSol.3.1		not-in-kjv	
PsSol.3.2		not-in-kjv	
PsSol.3.3		not-in-kjv	
PsSol.3.4		not-in-kjv	
PsSol.3.5		not-in-kjv	
PsSol.3.6		not-in-kjv	
PsSol.3.7		not-in-kjv	
PsSol.3.8		not-in-kjv	
PsSol.3.9		not-in-kjv	
PsSol.3.10		not-in-kjv	
PsSol.3.11		not-in-kjv	
PsSol.3.12		not-in-kjv	
PsSol.3.13		not-in-kjv	
PsSol.3.14		not-in-kjv	
PsSol.3.15		not-in-kjv	
PsSol.3.16		not-in-kjv	
PsSol.4.1		not-in-kjv	
PsSol.4.2		not-in-kjv	
PsSol.4.3		not-in-kjv	
PsSol.4.4		not-in-kjv	
PsSol.4.5		not-in-kjv	
PsSol.4.6		not-in-kjv	
PsSol.4.7		not-in-kjv	
PsSol.4.8		not-in-kjv	
PsSol.4.9		not-in-kjv	
PsSol.4.10		not-in-kjv	
PsSol.4.11		not-in-kjv	
PsSol.4.12		not-in-kjv	
PsSol.4.13		not-in-kjv	
PsSol.4.14		not-in-kjv	
PsSol.4.15		not-in-kjv	
PsSol.4.16		not-in-kjv	
PsSol.4.17		not-in-kjv	
PsSol.4.18		not-in-kjv	
PsSol.4.19		not-in-kjv	
PsSol.4.20		not-in-kjv	
PsSol.4.21		not-in-kjv	
PsSol.4.22		not-in-kjv	
PsSol.4.23		not-in-kjv	
PsSol.4.24		not-in-kjv	
PsSol.4.25		not-in-kjv	
PsSol.4.26		not-in-kjv	
PsSol.4.27		not-in-kjv	
PsSol.4.28		not-in-kjv	
PsSol.4.29		not-in-kjv	
PsSol.5.1		not-in-kjv	
PsSol.5.2		not-in-kjv	
PsSol.5.3		not-in-kjv	
PsSol.5.4		not-in-kjv	
PsSol.5.5		not-in-kjv	
PsSol.5.6		not-in-kjv	
PsSol.5.7		not-in-kjv	
PsSol.5.8		not-in-kjv	
PsSol.5.9		not-in-kjv	
PsSol.5.10		not-in-kjv	
PsSol.5.11		not-in-kjv	
PsSol.5.12		not-in-kjv	
PsSol.5.13		not-in-kjv	
PsSol.5.14		not-in-kjv	
PsSol.5.15		not-in-kjv	
PsSol.5.16		not-in-kjv	
PsSol.5.17		not-in-kjv	
PsSol.5.18		not-in-kjv	
PsSol.5.19		not-in-kjv	
PsSol.5.20		not-in-kjv	
PsSol.5.21		not-in-kjv	
PsSol.5.22		not-in-kjv	
PsSol.6.1		not-in-kjv	
PsSol.6.2		not-in-kjv	
PsSol.6.3		not-in-kjv	
PsSol.6.4		not-in-kjv	
PsSol.6.5		not-in-kjv	
PsSol.6.6		not-in-kjv	
PsSol.6.7		not-in-kjv	
PsSol.6.8		not-in-kjv	
PsSol.6.9		not-in-kjv	
PsSol.7.1		not-in-kjv	
PsSol.7.2		not-in-kjv	
PsSol.7.3		not-in-kjv	
PsSol.7.4		not-in-kjv	
PsSol.7.5		not-in-kjv	
PsSol.7.6		not-in-kjv	
PsSol.7.7		not-in-kjv	
PsSol.7.8		not-in-kjv	
PsSol.7.9		not-in-kjv	
PsSol.8.1		not-in-kjv	
PsSol.8.2		not-in-kjv	
PsSol.8.3		not-in-kjv	
PsSol.8.4		not-in-kjv	
PsSol.8.5		not-in-kjv	
PsSol.8.6		not-in-kjv	
PsSol.8.7		not-in-kjv	
PsSol.8.8		not-in-kjv	
PsSol.8.9		not-in-kjv	
PsSol.8.10		not-in-kjv	
PsSol.8.11		not-in-kjv	
PsSol.8.12		not-in-kjv	
PsSol.8.13		not-in-kjv	
PsSol.8.14		not-in-kjv	
PsSol.8.15		not-in-kjv	
PsSol.8.16		not-in-kjv	
PsSol.8.17		not-in-kjv	
PsSol.8.18		not-in-kjv	
PsSol.8.19		not-in-kjv	
PsSol.8.20		not-in-kjv	
PsSol.8.21		not-in-kjv	
PsSol.8.22		not-in-kjv	
PsSol.8.23		not-in-kjv	
PsSol.8.24		not-in-kjv	
PsSol.8.25		not-in-kjv	
PsSol.8.26		not-in-kjv	
PsSol.8.27		not-in-kjv	
PsSol.8.28		not-in-kjv	
PsSol.8.29		not-in-kjv	
PsSol.8.30		not-in-kjv	
PsSol.8.31		not-in-kjv	
PsSol.8.32		not-in-kjv	
PsSol.8.33		not-in-kjv	
PsSol.8.34		not-in-kjv	
PsSol.8.35		not-in-kjv	
PsSol.8.36		not-in-kjv	
PsSol.8.37		not-in-kjv	
PsSol.8.38		not-in-kjv	
PsSol.8.39		not-in-kjv	
PsSol.8.40		not-in-kjv	
PsSol.9.1		not-in-kjv	
PsSol.9.2		not-in-kjv	
PsSol.9.3		not-in-kjv	
PsSol.9.4		not-in-kjv	
PsSol.9.5		not-in-kjv	
PsSol.9.6		not-in-kjv	
PsSol.9.7		not-in-kjv	
PsSol.9.8		not-in-kjv	
PsSol.9.9		not-in-kjv	
PsSol.9.10		not-in-kjv	
PsSol.9.11		not-in-kjv	
PsSol.9.12		not-in-kjv	
PsSol.9.13		not-in-kjv	
PsSol.9.14		not-in-kjv	
PsSol.9.15		not-in-kjv	
PsSol.9.16		not-in-kjv	
PsSol.9.17		not-in-kjv	
PsSol.9.18		not-in-kjv	
PsSol.9.19		not-in-kjv	
PsSol.9.20		not-in-kjv	
PsSol.10.1		not-in-kjv	
PsSol.10.2		not-in-kjv	
PsSol.10.3		not-in-kjv	
PsSol.10.4		not-in-kjv	
PsSol.10.5		not-in-kjv	
PsSol.10.6		not-in-kjv	
PsSol.10.7		not-in-kjv	
PsSol.10.8		not-in-kjv	
PsSol.10.9		not-in-kjv	
PsSol.11.1		not-in-kjv	
PsSol.11.2		not-in-kjv	
PsSol.11.3		not-in-kjv	
PsSol.11.4		not-in-kjv	
PsSol.11.5		not-in-kjv	
PsSol.11.6		not-in-kjv	
PsSol.11.7		not-in-kjv	
PsSol.11.8		not-in-kjv	
PsSol.11.9		not-in-kjv	
PsSol.12.1		not-in-kjv	
PsSol.12.2		not-in-kjv	
PsSol.12.3		not-in-kjv	
PsSol.12.4		not-in-kjv	
PsSol.12.5		not-in-kjv	
PsSol.12.6		not-in-kjv	
PsSol.12.7		not-in-kjv	
PsSol.12.8		not-in-kjv	
PsSol.13.1		not-in-kjv	
PsSol.13.2		not-in-kjv	
PsSol.13.3		not-in-kjv	
PsSol.13.4		not-in-kjv	
PsSol.13.5		not-in-kjv	
PsSol.13.6		not-in-kjv	
PsSol.13.7		not-in-kjv	
PsSol.13.8		not-in-kjv	
PsSol.13.9		not-in-kjv	
PsSol.13.10		not-in-kjv	
PsSol.13.11		not-in-kjv	
PsSol.14.1		not-in-kjv	
PsSol.14.2		not-in-kjv	
PsSol.14.3		not-in-kjv	
PsSol.14.4		not-in-kjv	
PsSol.14.5		not-in-kjv	
PsSol.14.6		not-in-kjv	
PsSol.15.1		not-in-kjv	
PsSol.15.2		not-in-kjv	
PsSol.15.3		not-in-kjv	
PsSol.15.4		not-in-kjv	
PsSol.15.5		not-in-kjv	
PsSol.15.6		not-in-kjv	
PsSol.15.7		not-in-kjv	
PsSol.15.8		not-in-kjv	
PsSol.15.9		not-in-kjv	
PsSol.15.10		not-in-kjv	
PsSol.15.11		not-in-kjv	
PsSol.15.12		not-in-kjv	
PsSol.15.13		not-in-kjv	
PsSol.15.14		not-in-kjv	
PsSol.15.15		not-in-kjv	
PsSol.16.1		not-in-kjv	
PsSol.16.2		not-in-kjv	
PsSol.16.3		not-in-kjv	
PsSol.16.4		not-in-kjv	
PsSol.16.5		not-in-kjv	
PsSol.16.6		not-in-kjv	
PsSol.16.7		not-in-kjv	
PsSol.16.8		not-in-kjv	
PsSol.16.9		not-in-kjv	
PsSol.16.10		not-in-kjv	
PsSol.16.11		not-in-kjv	
PsSol.16.12		not-in-kjv	
PsSol.16.13		not-in-kjv	
PsSol.16.14		not-in-kjv	
PsSol.16.15		not-in-kjv	
PsSol.17.1		not-in-kjv	
PsSol.17.2		not-in-kjv	
PsSol.17.3		not-in-kjv	
PsSol.17.4		not-in-kjv	
PsSol.17.5		not-in-kjv	
PsSol.17.6		not-in-kjv	
PsSol.17.7		not-in-kjv	
PsSol.17.8		not-in-kjv	
PsSol.17.9		not-in-kjv	
PsSol.17.10		not-in-kjv	
PsSol.17.11		not-in-kjv	
PsSol.17.12		not-in-kjv	
PsSol.17.13		not-in-kjv	
PsSol.17.14		not-in-kjv	
PsSol.17.15		not-in-kjv	
PsSol.17.16		not-in-kjv	
PsSol.17.17		not-in-kjv	
PsSol.17.18		not-in-kjv	
PsSol.17.19		not-in-kjv	
PsSol.17.20		not-in-kjv	
PsSol.17.21		not-in-kjv	
PsSol.17.22		not-in-kjv	
PsSol.17.23		not-in-kjv	
PsSol.17.24		not-in-kjv	
PsSol.17.25		not-in-kjv	
PsSol.17.26		not-in-kjv	
PsSol.17.27		not-in-kjv	
PsSol.17.28		not-in-kjv	
PsSol.17.29		not-in-kjv	
PsSol.17.30		not-in-kjv	
PsSol.17.31		not-in-kjv	
PsSol.17.32		not-in-kjv	
PsSol.17.33		not-in-kjv	
PsSol.17.34		not-in-kjv	
PsSol.17.35		not-in-kjv	
PsSol.17.36		not-in-kjv	
PsSol.17.37		not-in-kjv	
PsSol.17.38		not-in-kjv	
PsSol.17.39		not-in-kjv	
PsSol.17.40		not-in-kjv	
PsSol.17.41		not-in-kjv	
PsSol.17.42		not-in-kjv	
PsSol.17.43		not-in-kjv	
PsSol.17.44		not-in-kjv	
PsSol.17.45		not-in-kjv	
PsSol.17.46		not-in-kjv	
PsSol.17.47		not-in-kjv	
PsSol.17.48		not-in-kjv	
PsSol.17.49		not-in-kjv	
PsSol.17.50		not-in-kjv	
PsSol.17.51		not-in-kjv	
PsSol.18.1		not-in-kjv	
PsSol.18.2		not-in-kjv	
PsSol.18.3		not-in-kjv	
PsSol.18.4		not-in-kjv	
PsSol.18.5		not-in-kjv	
PsSol.18.6		not-in-kjv	
PsSol.18.7		not-in-kjv	
PsSol.18.8		not-in-kjv	
PsSol.18.9		not-in-kjv	
PsSol.18.10		not-in-kjv	
PsSol.18.11		not-in-kjv	
PsSol.18.12		not-in-kjv	
PsSol.18.13		not-in-kjv	
PsSol.18.14		not-in-kjv	
Hos.1.1	Hos.1.1	same	
Hos.1.2	Hos.1.2	same	
Hos.1.3	Hos.1.3	same	
Hos.1.4	Hos.1.4	same	
Hos.1.5	Hos.1.5	same	
Hos.1.6	Hos.1.6	same	
Hos.1.7	Hos.1.7	same	
Hos.1.8	Hos.1.8	same	
Hos.1.9	Hos.1.9	same	
Hos.1.10	Hos.1.10	same	Keep verse (another tradition's pattern)
Hos.1.11	Hos.1.11	same	Keep verse (another tradition's pattern)
Hos.2.1	Hos.2.1	same	Keep verse (another tradition's pattern)
Hos.2.2	Hos.2.2	same	Keep verse (another tradition's pattern)
Hos.2.3	Hos.2.3	same	Keep verse (another tradition's pattern)
Hos.2.4	Hos.2.4	same	Keep verse (another tradition's pattern)
Hos.2.5	Hos.2.5	same	Keep verse (another tradition's pattern)
Hos.2.6	Hos.2.6	same	Keep verse (another tradition's pattern)
Hos.2.7	Hos.2.7	same	Keep verse (another tradition's pattern)
Hos.2.8	Hos.2.8	same	Keep verse (another tradition's pattern)
Hos.2.9	Hos.2.9	same	Keep verse (another tradition's pattern)
Hos.2.10	Hos.2.10	same	Keep verse (another tradition's pattern)
Hos.2.11	Hos.2.11	same	Keep verse (another tradition's pattern)
Hos.2.12	Hos.2.12	same	Keep verse (another tradition's pattern)
Hos.2.13	Hos.2.13	same	Keep verse (another tradition's pattern)
Hos.2.14	Hos.2.14	same	Keep verse (another tradition's pattern)
Hos.2.15	Hos.2.15	same	Keep verse (another tradition's pattern)
Hos.2.16	Hos.2.16	same	Keep verse (another tradition's pattern)
Hos.2.17	Hos.2.17	same	Keep verse (another tradition's pattern)
Hos.2.18	Hos.2.18	same	Keep verse (another tradition's pattern)
Hos.2.19	Hos.2.19	same	Keep verse (another tradition's pattern)
Hos.2.20	Hos.2.20	same	Keep verse (another tradition's pattern)
Hos.2.21	Hos.2.21	same	Keep verse (another tradition's pattern)
Hos.2.22	Hos.2.22	same	Keep verse (another tradition's pattern)
Hos.2.23	Hos.2.23	same	Keep verse (another tradition's pattern)
Hos.3.1	Hos.3.1	same	
Hos.3.2	Hos.3.2	same	
Hos.3.3	Hos.3.3	same	
Hos.3.4	Hos.3.4	same	
Hos.3.5	Hos.3.5	same	
Hos.4.1	Hos.4.1	same	
Hos.4.2	Hos.4.2	same	
Hos.4.3	Hos.4.3	same	
Hos.4.4	Hos.4.4	same	
Hos.4.5	Hos.4.5	same	
Hos.4.6	Hos.4.6	same	
Hos.4.7	Hos.4.7	same	
Hos.4.8	Hos.4.8	same	
Hos.4.9	Hos.4.9	same	
Hos.4.10	Hos.4.10	same	
Hos.4.11	Hos.4.11	same	
Hos.4.12	Hos.4.12	same	
Hos.4.13	Hos.4.13	same	
Hos.4.14	Hos.4.14	same	
Hos.4.15	Hos.4.15	same	
Hos.4.16	Hos.4.16	same	
Hos.4.17	Hos.4.17	same	
Hos.4.18	Hos.4.18	same	
Hos.4.19	Hos.4.19	same	
Hos.5.1	Hos.5.1	same	
Hos.5.2	Hos.5.2	same	
Hos.5.3	Hos.5.3	same	
Hos.5.4	Hos.5.4	same	
Hos.5.5	Hos.5.5	same	
Hos.5.6	Hos.5.6	same	
Hos.5.7	Hos.5.7	same	
Hos.5.8	Hos.5.8	same	
Hos.5.9	Hos.5.9	same	
Hos.5.10	Hos.5.10	same	
Hos.5.11	Hos.5.11	same	
Hos.5.12	Hos.5.12	same	
Hos.5.13	Hos.5.13	same	
Hos.5.14	Hos.5.14	same	
Hos.5.15	Hos.5.15	same	
Hos.6.1	Hos.6.1	unmatched	
Hos.6.2	Hos.6.2	unmatched	
Hos.6.3	Hos.6.3	unmatched	
Hos.6.4	Hos.6.4	unmatched	
Hos.6.5	Hos.6.5	unmatched	
Hos.6.6	Hos.6.6	unmatched	
Hos.6.7	Hos.6.7	unmatched	
Hos.6.8	Hos.6.8	unmatched	
Hos.6.9	Hos.6.9	unmatched	
Hos.6.10	Hos.6.10	unmatched	
Hos.6.11	Hos.6.11	unmatched	
Hos.7.1	Hos.7.1	same	
Hos.7.2	Hos.7.2	same	
Hos.7.3	Hos.7.3	same	
Hos.7.4	Hos.7.4	same	
Hos.7.5	Hos.7.5	same	
Hos.7.6	Hos.7.6	same	
Hos.7.7	Hos.7.7	same	
Hos.7.8	Hos.7.8	same	
Hos.7.9	Hos.7.9	same	
Hos.7.10	Hos.7.10	same	
Hos.7.11	Hos.7.11	same	
Hos.7.12	Hos.7.12	same	
Hos.7.13	Hos.7.13	same	
Hos.7.14	Hos.7.14	same	
Hos.7.15	Hos.7.15	same	
Hos.7.16	Hos.7.16	same	
Hos.8.1	Hos.8.1	same	
Hos.8.2	Hos.8.2	same	
Hos.8.3	Hos.8.3	same	
Hos.8.4	Hos.8.4	same	
Hos.8.5	Hos.8.5	same	
Hos.8.6	Hos.8.6	same	
Hos.8.7	Hos.8.7	same	
Hos.8.8	Hos.8.8	same	
Hos.8.9	Hos.8.9	same	
Hos.8.10	Hos.8.10	same	
Hos.8.11	Hos.8.11	same	
Hos.8.12	Hos.8.12	same	
Hos.8.13	Hos.8.13	same	
Hos.8.14	Hos.8.14	same	
Hos.9.1	Hos.9.1	same	
Hos.9.2	Hos.9.2	same	
Hos.9.3	Hos.9.3	same	
Hos.9.4	Hos.9.4	same	
Hos.9.5	Hos.9.5	same	
Hos.9.6	Hos.9.6	same	
Hos.9.7	Hos.9.7	same	
Hos.9.8	Hos.9.8	same	
Hos.9.9	Hos.9.9	same	
Hos.9.10	Hos.9.10	same	
Hos.9.11	Hos.9.11	same	
Hos.9.12	Hos.9.12	same	
Hos.9.13	Hos.9.13	same	
Hos.9.14	Hos.9.14	same	
Hos.9.15	Hos.9.15	same	
Hos.9.16	Hos.9.16	same	
Hos.9.17	Hos.9.17	same	
Hos.10.1	Hos.10.1	same	
Hos.10.2	Hos.10.2	same	
Hos.10.3	Hos.10.3	same	
Hos.10.4	Hos.10.4	same	
Hos.10.5	Hos.10.5	same	
Hos.10.6	Hos.10.6	same	
Hos.10.7	Hos.10.7	same	
Hos.10.8	Hos.10.8	same	
Hos.10.9	Hos.10.9	same	
Hos.10.10	Hos.10.10	same	
Hos.10.11	Hos.10.11	same	
Hos.10.12	Hos.10.12	same	
Hos.10.13	Hos.10.13	same	
Hos.10.14	Hos.10.14	same	
Hos.10.15	Hos.10.15	same	
Hos.11.1	Hos.11.1	same	
Hos.11.2	Hos.11.2	same	
Hos.11.3	Hos.11.3	same	
Hos.11.4	Hos.11.4	same	
Hos.11.5	Hos.11.5	same	
Hos.11.6	Hos.11.6	same	
Hos.11.7	Hos.11.7	same	
Hos.11.8	Hos.11.8	same	
Hos.11.9	Hos.11.9	same	
Hos.11.10	Hos.11.10	same	
Hos.11.11	Hos.11.11	same	
Hos.11.12	Hos.11.12	same	Keep verse (another tradition's pattern)
Hos.12.1	Hos.12.1	same	Keep verse (another tradition's pattern)
Hos.12.2	Hos.12.2	same	Keep verse (another tradition's pattern)
Hos.12.3	Hos.12.3	same	Keep verse (another tradition's pattern)
Hos.12.4	Hos.12.4	same	Keep verse (another tradition's pattern)
Hos.12.5	Hos.12.5	same	Keep verse (another tradition's pattern)
Hos.12.6	Hos.12.6	same	Keep verse (another tradition's pattern)
Hos.12.7	Hos.12.7	same	Keep verse (another tradition's pattern)
Hos.12.8	Hos.12.8	same	Keep verse (another tradition's pattern)
Hos.12.9	Hos.12.9	same	Keep verse (another tradition's pattern)
Hos.12.10	Hos.12.10	same	Keep verse (another tradition's pattern)
Hos.12.11	Hos.12.11	same	Keep verse (another tradition's pattern)
Hos.12.12	Hos.12.12	same	Keep verse (another tradition's pattern)
Hos.12.13	Hos.12.13	same	Keep verse (another tradition's pattern)
Hos.12.14	Hos.12.14	same	Keep verse (another tradition's pattern)
Hos.13.1	Hos.13.1	same	
Hos.13.2	Hos.13.2	same	
Hos.13.3	Hos.13.3	same	
Hos.13.4	Hos.13.4	same	
Hos.13.5	Hos.13.5	same	
Hos.13.6	Hos.13.6	same	
Hos.13.7	Hos.13.7	same	
Hos.13.8	Hos.13.8	same	
Hos.13.9	Hos.13.9	same	
Hos.13.10	Hos.13.10	same	
Hos.13.11	Hos.13.11	same	
Hos.13.12	Hos.13.12	same	
Hos.13.13	Hos.13.13	same	
Hos.13.14	Hos.13.14	same	
Hos.13.15	Hos.13.15	same	
Hos.14.1	Hos.13.16	renumbered	Renumber verse
Hos.14.2	Hos.14.1	renumbered	Renumber verse
Hos.14.3	Hos.14.2	renumbered	Renumber verse
Hos.14.4	Hos.14.3	renumbered	Renumber verse
Hos.14.5	Hos.14.4	renumbered	Renumber verse
Hos.14.6	Hos.14.5	renumbered	Renumber verse
Hos.14.7	Hos.14.6	renumbered	Renumber verse
Hos.14.8	Hos.14.7	renumbered	Renumber verse
Hos.14.9	Hos.14.8	renumbered	Renumber verse
Hos.14.10	Hos.14.9	renumbered	Renumber verse
Amos.1.1	Amos.1.1	same	
Amos.1.2	Amos.1.2	same	
Amos.1.3	Amos.1.3	same	
Amos.1.4	Amos.1.4	same	
Amos.1.5	Amos.1.5	same	
Amos.1.6	Amos.1.6	same	
Amos.1.7	Amos.1.7	same	
Amos.1.8	Amos.1.8	same	
Amos.1.9	Amos.1.9	same	
Amos.1.10	Amos.1.10	same	
Amos.1.11	Amos.1.11	same	
Amos.1.12	Amos.1.12	same	
Amos.1.13	Amos.1.13	same	
Amos.1.14	Amos.1.14	same	
Amos.1.15	Amos.1.15	same	
Amos.2.1	Amos.2.1	same	
Amos.2.2	Amos.2.2	same	
Amos.2.3	Amos.2.3	same	
Amos.2.4	Amos.2.4	same	
Amos.2.5	Amos.2.5	same	
Amos.2.6	Amos.2.6	same	
Amos.2.7	Amos.2.7	same	
Amos.2.8	Amos.2.8	same	
Amos.2.9	Amos.2.9	same	
Amos.2.10	Amos.2.10	same	
Amos.2.11	Amos.2.11	same	
Amos.2.12	Amos.2.12	same	
Amos.2.13	Amos.2.13	same	
Amos.2.14	Amos.2.14	same	
Amos.2.15	Amos.2.15	same	
Amos.2.16	Amos.2.16	same	
Amos.3.1	Amos.3.1	same	
Amos.3.2	Amos.3.2	same	
Amos.3.3	Amos.3.3	same	
Amos.3.4	Amos.3.4	same	
Amos.3.5	Amos.3.5	same	
Amos.3.6	Amos.3.6	same	
Amos.3.7	Amos.3.7	same	
Amos.3.8	Amos.3.8	same	
Amos.3.9	Amos.3.9	same	
Amos.3.10	Amos.3.10	same	
Amos.3.11	Amos.3.11	same	
Amos.3.12	Amos.3.12	same	
Amos.3.13	Amos.3.13	same	
Amos.3.14	Amos.3.14	same	
Amos.3.15	Amos.3.15	same	
Amos.4.1	Amos.4.1	same	
Amos.4.2	Amos.4.2	same	
Amos.4.3	Amos.4.3	same	
Amos.4.4	Amos.4.4	same	
Amos.4.5	Amos.4.5	same	
Amos.4.6	Amos.4.6	same	
Amos.4.7	Amos.4.7	same	
Amos.4.8	Amos.4.8	same	
Amos.4.9	Amos.4.9	same	
Amos.4.10	Amos.4.10	same	
Amos.4.11	Amos.4.11	same	
Amos.4.12	Amos.4.12	same	
Amos.4.13	Amos.4.13	same	
Amos.5.1	Amos.5.1	same	
Amos.5.2	Amos.5.2	same	
Amos.5.3	Amos.5.3	same	
Amos.5.4	Amos.5.4	same	
Amos.5.5	Amos.5.5	same	
Amos.5.6	Amos.5.6	same	
Amos.5.7	Amos.5.7	same	
Amos.5.8	Amos.5.8	same	
Amos.5.9	Amos.5.9	same	
Amos.5.10	Amos.5.10	same	
Amos.5.11	Amos.5.11	same	
Amos.5.12	Amos.5.12	same	
Amos.5.13	Amos.5.13	same	
Amos.5.14	Amos.5.14	same	
Amos.5.15	Amos.5.15	same	
Amos.5.16	Amos.5.16	same	
Amos.5.17	Amos.5.17	same	
Amos.5.18	Amos.5.18	same	
Amos.5.19	Amos.5.19	same	
Amos.5.20	Amos.5.20	same	
Amos.5.21	Amos.5.21	same	
Amos.5.22	Amos.5.22	same	
Amos.5.23	Amos.5.23	same	
Amos.5.24	Amos.5.24	same	
Amos.5.25	Amos.5.25	same	
Amos.5.26	Amos.5.26	same	
Amos.5.27	Amos.5.27	same	
Amos.6.1	Amos.6.1	same	
Amos.6.2	Amos.6.2	same	
Amos.6.3	Amos.6.3	same	
Amos.6.4	Amos.6.4	same	
Amos.6.5	Amos.6.5	same	
Amos.6.6	Amos.6.6	same	
Amos.6.7	Amos.6.7	same	
Amos.6.8	Amos.6.8	same	
Amos.6.9	Amos.6.9	same	
Amos.6.10	Amos.6.10	same	Keep verse
Amos.6.11	Amos.6.11	same	Keep verse
Amos.6.12	Amos.6.12	same	Keep verse
Amos.6.13	Amos.6.13	same	Keep verse
Amos.6.14	Amos.6.14	same	Keep verse
Amos.7.1	Amos.7.1	same	
Amos.7.2	Amos.7.2	same	
Amos.7.3	Amos.7.3	same	
Amos.7.4	Amos.7.4	same	
Amos.7.5	Amos.7.5	same	
Amos.7.6	Amos.7.6	same	
Amos.7.7	Amos.7.7	same	
Amos.7.8	Amos.7.8	same	
Amos.7.9	Amos.7.9	same	
Amos.7.10	Amos.7.10	same	
Amos.7.11	Amos.7.11	same	
Amos.7.12	Amos.7.12	same	
Amos.7.13	Amos.7.13	same	
Amos.7.14	Amos.7.14	same	
Amos.7.15	Amos.7.15	same	
Amos.7.16	Amos.7.16	same	
Amos.7.17	Amos.7.17	same	
Amos.8.1	Amos.8.1	same	
Amos.8.2	Amos.8.2	same	
Amos.8.3	Amos.8.3	same	
Amos.8.4	Amos.8.4	same	
Amos.8.5	Amos.8.5	same	
Amos.8.6	Amos.8.6	same	
Amos.8.7	Amos.8.7	same	
Amos.8.8	Amos.8.8	same	
Amos.8.9	Amos.8.9	same	
Amos.8.10	Amos.8.10	same	
Amos.8.11	Amos.8.11	same	
Amos.8.12	Amos.8.12	same	
Amos.8.13	Amos.8.13	same	
Amos.8.14	Amos.8.14	same	
Amos.9.1	Amos.9.1	same	
Amos.9.2	Amos.9.2	same	
Amos.9.3	Amos.9.3	same	
Amos.9.4	Amos.9.4	same	
Amos.9.5	Amos.9.5	same	
Amos.9.6	Amos.9.6	same	
Amos.9.7	Amos.9.7	same	
Amos.9.8	Amos.9.8	same	
Amos.9.9	Amos.9.9	same	
Amos.9.10	Amos.9.10	same	
Amos.9.11	Amos.9.11	same	
Amos.9.12	Amos.9.12	same	
Amos.9.13	Amos.9.13	same	
Amos.9.14	Amos.9.14	same	
Amos.9.15	Amos.9.15	same	
Mic.1.1	Mic.1.1	same	
Mic.1.2	Mic.1.2	same	
Mic.1.3	Mic.1.3	same	
Mic.1.4	Mic.1.4	same	
Mic.1.5	Mic.1.5	same	
Mic.1.6	Mic.1.6	same	
Mic.1.7	Mic.1.7	same	
Mic.1.8	Mic.1.8	same	
Mic.1.9	Mic.1.9	same	
Mic.1.10	Mic.1.10	same	
Mic.1.11	Mic.1.11	same	
Mic.1.12	Mic.1.12	same	
Mic.1.13	Mic.1.13	same	
Mic.1.14	Mic.1.14	same	
Mic.1.15	Mic.1.15	same	
Mic.1.16	Mic.1.16	same	
Mic.2.1	Mic.2.1	same	
Mic.2.2	Mic.2.2	same	
Mic.2.3	Mic.2.3	same	
Mic.2.4	Mic.2.4	same	
Mic.2.5	Mic.2.5	same	
Mic.2.6	Mic.2.6	same	
Mic.2.7	Mic.2.7	same	
Mic.2.8	Mic.2.8	same	
Mic.2.9	Mic.2.9	same	
Mic.2.10	Mic.2.10	same	
Mic.2.11	Mic.2.11	same	
Mic.2.12	Mic.2.12	same	
Mic.2.13	Mic.2.13	same	
Mic.3.1	Mic.3.1	same	
Mic.3.2	Mic.3.2	same	
Mic.3.3	Mic.3.3	same	
Mic.3.4	Mic.3.4	same	
Mic.3.5	Mic.3.5	same	
Mic.3.6	Mic.3.6	same	
Mic.3.7	Mic.3.7	same	
Mic.3.8	Mic.3.8	same	
Mic.3.9	Mic.3.9	same	
Mic.3.10	Mic.3.10	same	
Mic.3.11	Mic.3.11	same	
Mic.3.12	Mic.3.12	same	
Mic.4.1	Mic.4.1	same	
Mic.4.2	Mic.4.2	same	
Mic.4.3	Mic.4.3	same	
Mic.4.4	Mic.4.4	same	
Mic.4.5	Mic.4.5	same	
Mic.4.6	Mic.4.6	same	
Mic.4.7	Mic.4.7	same	
Mic.4.8	Mic.4.8	same	
Mic.4.9	Mic.4.9	same	
Mic.4.10	Mic.4.10	same	
Mic.4.11	Mic.4.11	same	
Mic.4.12	Mic.4.12	same	
Mic.4.13	Mic.4.13	same	
Mic.5.1	Mic.5.1	same	Keep verse (another tradition's pattern)
Mic.5.2	Mic.5.2	same	Keep verse (another tradition's pattern)
Mic.5.3	Mic.5.3	same	Keep verse (another tradition's pattern)
Mic.5.4	Mic.5.4	same	Keep verse (another tradition's pattern)
Mic.5.5	Mic.5.5	same	Keep verse (another tradition's pattern)
Mic.5.6	Mic.5.6	same	Keep verse (another tradition's pattern)
Mic.5.7	Mic.5.7	same	Keep verse (another tradition's pattern)
Mic.5.8	Mic.5.8	same	Keep verse (another tradition's pattern)
Mic.5.9	Mic.5.9	same	Keep verse (another tradition's pattern)
Mic.5.10	Mic.5.10	same	Keep verse (another tradition's pattern)
Mic.5.11	Mic.5.11	same	Keep verse (another tradition's pattern)
Mic.5.12	Mic.5.12	same	Keep verse (another tradition's pattern)
Mic.5.13	Mic.5.13	same	Keep verse (another tradition's pattern)
Mic.5.14	Mic.5.14	same	Keep verse (another tradition's pattern)
Mic.5.15	Mic.5.15	same	Keep verse (another tradition's pattern)
Mic.6.1	Mic.6.1	same	
Mic.6.2	Mic.6.2	same	
Mic.6.3	Mic.6.3	same	
Mic.6.4	Mic.6.4	same	
Mic.6.5	Mic.6.5	same	
Mic.6.6	Mic.6.6	same	
Mic.6.7	Mic.6.7	same	
Mic.6.8	Mic.6.8	same	
Mic.6.9	Mic.6.9	same	
Mic.6.10	Mic.6.10	same	
Mic.6.11	Mic.6.11	same	
Mic.6.12	Mic.6.12	same	
Mic.6.13	Mic.6.13	same	
Mic.6.14	Mic.6.14	same	
Mic.6.15	Mic.6.15	same	
Mic.6.16	Mic.6.16	same	
Mic.7.1	Mic.7.1	same	
Mic.7.2	Mic.7.2	same	
Mic.7.3	Mic.7.3	same	
Mic.7.4	Mic.7.4	same	
Mic.7.5	Mic.7.5	same	
Mic.7.6	Mic.7.6	same	
Mic.7.7	Mic.7.7	same	
Mic.7.8	Mic.7.8	same	
Mic.7.9	Mic.7.9	same	
Mic.7.10	Mic.7.10	same	
Mic.7.11	Mic.7.11	same	
Mic.7.12	Mic.7.12	same	
Mic.7.13	Mic.7.13	same	
Mic.7.14	Mic.7.14	same	
Mic.7.15	Mic.7.15	same	
Mic.7.16	Mic.7.16	same	
Mic.7.17	Mic.7.17	same	
Mic.7.18	Mic.7.18	same	
Mic.7.19	Mic.7.19	same	
Mic.7.20	Mic.7.20	same	
Joel.1.1	Joel.1.1	same	
Joel.1.2	Joel.1.2	same	
Joel.1.3	Joel.1.3	same	
Joel.1.4	Joel.1.4	same	
Joel.1.5	Joel.1.5	same	
Joel.1.6	Joel.1.6	same	
Joel.1.7	Joel.1.7	same	
Joel.1.8	Joel.1.8	same	
Joel.1.9	Joel.1.9	same	
Joel.1.10	Joel.1.10	same	
Joel.1.11	Joel.1.11	same	
Joel.1.12	Joel.1.12	same	
Joel.1.13	Joel.1.13	same	
Joel.1.14	Joel.1.14	same	
Joel.1.15	Joel.1.15	same	
Joel.1.16	Joel.1.16	same	
Joel.1.17	Joel.1.17	same	
Joel.1.18	Joel.1.18	same	
Joel.1.19	Joel.1.19	same	
Joel.1.20	Joel.1.20	same	
Joel.2.1	Joel.2.1	same	
Joel.2.2	Joel.2.2	same	
Joel.2.3	Joel.2.3	same	
Joel.2.4	Joel.2.4	same	
Joel.2.5	Joel.2.5	same	
Joel.2.6	Joel.2.6	same	
Joel.2.7	Joel.2.7	same	
Joel.2.8	Joel.2.8	same	
Joel.2.9	Joel.2.9	same	
Joel.2.10	Joel.2.10	same	
Joel.2.11	Joel.2.11	same	
Joel.2.12	Joel.2.12	same	
Joel.2.13	Joel.2.13	same	
Joel.2.14	Joel.2.14	same	
Joel.2.15	Joel.2.15	same	
Joel.2.16	Joel.2.16	same	
Joel.2.17	Joel.2.17	same	
Joel.2.18	Joel.2.18	same	
Joel.2.19	Joel.2.19	same	
Joel.2.20	Joel.2.20	same	
Joel.2.21	Joel.2.21	same	
Joel.2.22	Joel.2.22	same	
Joel.2.23	Joel.2.23	same	
Joel.2.24	Joel.2.24	same	
Joel.2.25	Joel.2.25	same	
Joel.2.26	Joel.2.26	same	
Joel.2.27	Joel.2.27	same	
Joel.2.28	Joel.2.28	same	Keep verse (another tradition's pattern)
Joel.2.29	Joel.2.29	same	Keep verse (another tradition's pattern)
Joel.2.30	Joel.2.30	same	Keep verse (another tradition's pattern)
Joel.2.31	Joel.2.31	same	Keep verse (another tradition's pattern)
Joel.2.32	Joel.2.32	same	Keep verse (another tradition's pattern)
Joel.3.1	Joel.3.1	same	Keep verse (another tradition's pattern)
Joel.3.2	Joel.3.2	same	Keep verse (another tradition's pattern)
Joel.3.3	Joel.3.3	same	Keep verse (another tradition's pattern)
Joel.3.4	Joel.3.4	same	Keep verse (another tradition's pattern)
Joel.3.5	Joel.3.5	same	Keep verse (another tradition's pattern)
Joel.3.6	Joel.3.6	same	Keep verse (another tradition's pattern)
Joel.3.7	Joel.3.7	same	Keep verse (another tradition's pattern)
Joel.3.8	Joel.3.8	same	Keep verse (another tradition's pattern)
Joel.3.9	Joel.3.9	same	Keep verse (another tradition's pattern)
Joel.3.10	Joel.3.10	same	Keep verse (another tradition's pattern)
Joel.3.11	Joel.3.11	same	Keep verse (another tradition's pattern)
Joel.3.12	Joel.3.12	same	Keep verse (another tradition's pattern)
Joel.3.13	Joel.3.13	same	Keep verse (another tradition's pattern)
Joel.3.14	Joel.3.14	same	Keep verse (another tradition's pattern)
Joel.3.15	Joel.3.15	same	Keep verse (another tradition's pattern)
Joel.3.16	Joel.3.16	same	Keep verse (another tradition's pattern)
Joel.3.17	Joel.3.17	same	Keep verse (another tradition's pattern)
Joel.3.18	Joel.3.18	same	Keep verse (another tradition's pattern)
Joel.3.19	Joel.3.19	same	Keep verse (another tradition's pattern)
Joel.3.20	Joel.3.20	same	Keep verse (another tradition's pattern)
Joel.3.21	Joel.3.21	same	Keep verse (another tradition's pattern)
Obad.1.1	Obad.1.1	same	
Obad.1.2	Obad.1.2	same	
Obad.1.3	Obad.1.3	same	
Obad.1.4	Obad.1.4	same	
Obad.1.5	Obad.1.5	same	
Obad.1.6	Obad.1.6	same	
Obad.1.7	Obad.1.7	same	
Obad.1.8	Obad.1.8	same	
Obad.1.9	Obad.1.9	same	
Obad.1.10	Obad.1.10	same	
Obad.1.11	Obad.1.11	same	
Obad.1.12	Obad.1.12	same	
Obad.1.13	Obad.1.13	same	
Obad.1.14	Obad.1.14	same	
Obad.1.15	Obad.1.15	same	
Obad.1.16	Obad.1.16	same	
Obad.1.17	Obad.1.17	same	
Obad.1.18	Obad.1.18	same	
Obad.1.19	Obad.1.19	same	
Obad.1.20	Obad.1.20	same	
Obad.1.21	Obad.1.21	same	
Jonah.1.1	Jonah.1.1	same	
Jonah.1.2	Jonah.1.2	same	
Jonah.1.3	Jonah.1.3	same	
Jonah.1.4	Jonah.1.4	same	
Jonah.1.5	Jonah.1.5	same	
Jonah.1.6	Jonah.1.6	same	
Jonah.1.7	Jonah.1.7	same	
Jonah.1.8	Jonah.1.8	same	
Jonah.1.9	Jonah.1.9	same	
Jonah.1.10	Jonah.1.10	same	
Jonah.1.11	Jonah.1.11	same	
Jonah.1.12	Jonah.1.12	same	
Jonah.1.13	Jonah.1.13	same	
Jonah.1.14	Jonah.1.14	same	
Jonah.1.15	Jonah.1.15	same	
Jonah.1.16	Jonah.1.16	same	
Jonah.2.1	Jonah.1.17	renumbered	Renumber verse
Jonah.2.2	Jonah.2.1	renumbered	Renumber verse
Jonah.2.3	Jonah.2.2	renumbered	Renumber verse
Jonah.2.4	Jonah.2.3	renumbered	Renumber verse
Jonah.2.5	Jonah.2.4	renumbered	Renumber verse
Jonah.2.6	Jonah.2.5	renumbered	Renumber verse
Jonah.2.7	Jonah.2.6	renumbered	Renumber verse
Jonah.2.8	Jonah.2.7	renumbered	Renumber verse
Jonah.2.9	Jonah.2.8	renumbered	Renumber verse
Jonah.2.10	Jonah.2.9	renumbered	Renumber verse
Jonah.2.11	Jonah.2.10	renumbered	Renumber verse
Jonah.3.1	Jonah.3.1	same	
Jonah.3.2	Jonah.3.2	same	
Jonah.3.3	Jonah.3.3	same	
Jonah.3.4	Jonah.3.4	same	
Jonah.3.5	Jonah.3.5	same	
Jonah.3.6	Jonah.3.6	same	
Jonah.3.7	Jonah.3.7	same	
Jonah.3.8	Jonah.3.8	same	
Jonah.3.9	Jonah.3.9	same	
Jonah.3.10	Jonah.3.10	same	
Jonah.4.1	Jonah.4.1	same	
Jonah.4.2	Jonah.4.2	same	
Jonah.4.3	Jonah.4.3	same	
Jonah.4.4	Jonah.4.4	same	
Jonah.4.5	Jonah.4.5	same	
Jonah.4.6	Jonah.4.6	same	
Jonah.4.7	Jonah.4.7	same	
Jonah.4.8	Jonah.4.8	same	
Jonah.4.9	Jonah.4.9	same	
Jonah.4.10	Jonah.4.10	same	
Jonah.4.11	Jonah.4.11	same	
Nah.1.1	Nah.1.1	same	
Nah.1.2	Nah.1.2	same	
Nah.1.3	Nah.1.3	same	
Nah.1.4	Nah.1.4	same	
Nah.1.5	Nah.1.5	same	
Nah.1.6	Nah.1.6	same	
Nah.1.7	Nah.1.7	same	
Nah.1.8	Nah.1.8	same	
Nah.1.9	Nah.1.9	same	
Nah.1.10	Nah.1.10	same	
Nah.1.11	Nah.1.11	same	
Nah.1.12	Nah.1.12	same	
Nah.1.13	Nah.1.13	same	
Nah.1.14	Nah.1.14	same	
Nah.1.15	Nah.1.15	unmatched	
Nah.2.1	Nah.2.1	part	Renumber verse
Nah.2.2	Nah.2.1	part	DividedPrev verse
Nah.2.3	Nah.2.2	renumbered	Renumber verse
Nah.2.4	Nah.2.3	renumbered	Renumber verse
Nah.2.5	Nah.2.4	renumbered	Renumber verse
Nah.2.6	Nah.2.5	renumbered	Renumber verse
Nah.2.7	Nah.2.6	renumbered	Renumber verse
Nah.2.8	Nah.2.7	renumbered	Renumber verse
Nah.2.9	Nah.2.8	renumbered	Renumber verse
Nah.2.10	Nah.2.9	renumbered	Renumber verse
Nah.2.11	Nah.2.10	renumbered	Renumber verse
Nah.2.12	Nah.2.11	renumbered	Renumber verse
Nah.2.13	Nah.2.12	renumbered	Renumber verse
Nah.2.14	Nah.2.13	renumbered	Renumber verse
Nah.3.1	Nah.3.1	same	
Nah.3.2	Nah.3.2	same	
Nah.3.3	Nah.3.3	same	
Nah.3.4	Nah.3.4	same	
Nah.3.5	Nah.3.5	same	
Nah.3.6	Nah.3.6	same	
Nah.3.7	Nah.3.7	same	
Nah.3.8	Nah.3.8	same	
Nah.3.9	Nah.3.9	same	
Nah.3.10	Nah.3.10	same	
Nah.3.11	Nah.3.11	same	
Nah.3.12	Nah.3.12	same	
Nah.3.13	Nah.3.13	same	
Nah.3.14	Nah.3.14	same	
Nah.3.15	Nah.3.15	same	
Nah.3.16	Nah.3.16	same	
Nah.3.17	Nah.3.17	same	
Nah.3.18	Nah.3.18	same	
Nah.3.19	Nah.3.19	same	
Hab.1.1	Hab.1.1	same	
Hab.1.2	Hab.1.2	same	
Hab.1.3	Hab.1.3	same	
Hab.1.4	Hab.1.4	same	
Hab.1.5	Hab.1.5	same	
Hab.1.6	Hab.1.6	same	
Hab.1.7	Hab.1.7	same	
Hab.1.8	Hab.1.8	same	
Hab.1.9	Hab.1.9	same	
Hab.1.10	Hab.1.10	same	
Hab.1.11	Hab.1.11	same	
Hab.1.12	Hab.1.12	same	
Hab.1.13	Hab.1.13	same	
Hab.1.14	Hab.1.14	same	
Hab.1.15	Hab.1.15	same	
Hab.1.16	Hab.1.16	same	
Hab.1.17	Hab.1.17	same	
Hab.2.1	Hab.2.1	same	
Hab.2.2	Hab.2.2	same	
Hab.2.3	Hab.2.3	same	
Hab.2.4	Hab.2.4	same	
Hab.2.5	Hab.2.5	same	
Hab.2.6	Hab.2.6	same	
Hab.2.7	Hab.2.7	same	
Hab.2.8	Hab.2.8	same	
Hab.2.9	Hab.2.9	same	
Hab.2.10	Hab.2.10	same	
Hab.2.11	Hab.2.11	same	
Hab.2.12	Hab.2.12	same	
Hab.2.13	Hab.2.13	same	
Hab.2.14	Hab.2.14	same	
Hab.2.15	Hab.2.15	same	
Hab.2.16	Hab.2.16	same	
Hab.2.17	Hab.2.17	same	
Hab.2.18	Hab.2.18	same	
Hab.2.19	Hab.2.19	same	
Hab.2.20	Hab.2.20	same	
Hab.3.1	Hab.3.1	same	
Hab.3.2	Hab.3.2	same	
Hab.3.3	Hab.3.3	same	
Hab.3.4	Hab.3.4	same	
Hab.3.5	Hab.3.5	same	
Hab.3.6	Hab.3.6	same	
Hab.3.7	Hab.3.7	same	
Hab.3.8	Hab.3.8	same	
Hab.3.9	Hab.3.9	same	
Hab.3.10	Hab.3.10	same	
Hab.3.11	Hab.3.11	same	
Hab.3.12	Hab.3.12	same	
Hab.3.13	Hab.3.13	same	
Hab.3.14	Hab.3.14	same	
Hab.3.15	Hab.3.15	same	
Hab.3.16	Hab.3.16	same	
Hab.3.17	Hab.3.17	same	
Hab.3.18	Hab.3.18	same	
Hab.3.19	Hab.3.19	same	
Zeph.1.1	Zeph.1.1	same	
Zeph.1.2	Zeph.1.2	same	
Zeph.1.3	Zeph.1.3	same	
Zeph.1.4	Zeph.1.4	same	
Zeph.1.5	Zeph.1.5	same	
Zeph.1.6	Zeph.1.6	same	
Zeph.1.7	Zeph.1.7	same	
Zeph.1.8	Zeph.1.8	same	
Zeph.1.9	Zeph.1.9	same	
Zeph.1.10	Zeph.1.10	same	
Zeph.1.11	Zeph.1.11	same	
Zeph.1.12	Zeph.1.12	same	
Zeph.1.13	Zeph.1.13	same	
Zeph.1.14	Zeph.1.14	same	
Zeph.1.15	Zeph.1.15	same	
Zeph.1.16	Zeph.1.16	same	
Zeph.1.17	Zeph.1.17	same	
Zeph.1.18	Zeph.1.18	same	
Zeph.2.1	Zeph.2.1	same	
Zeph.2.2	Zeph.2.2	same	
Zeph.2.3	Zeph.2.3	same	
Zeph.2.4	Zeph.2.4	same	
Zeph.2.5	Zeph.2.5	same	
Zeph.2.6	Zeph.2.6	same	
Zeph.2.7	Zeph.2.7	same	
Zeph.2.8	Zeph.2.8	same	
Zeph.2.9	Zeph.2.9	same	
Zeph.2.10	Zeph.2.10	same	
Zeph.2.11	Zeph.2.11	same	
Zeph.2.12	Zeph.2.12	same	
Zeph.2.13	Zeph.2.13	same	
Zeph.2.14	Zeph.2.14	same	
Zeph.3.1	Zeph.2.15	renumbered	Renumber verse
Zeph.3.2	Zeph.3.1 Zeph.3.2	several	Concatenation
Zeph.3.3	Zeph.3.3	same	
Zeph.3.4	Zeph.3.4	same	
Zeph.3.5	Zeph.3.5	same	
Zeph.3.6	Zeph.3.6	same	
Zeph.3.7	Zeph.3.7	same	
Zeph.3.8	Zeph.3.8	same	
Zeph.3.9	Zeph.3.9	same	
Zeph.3.10	Zeph.3.10	same	
Zeph.3.11	Zeph.3.11	same	
Zeph.3.12	Zeph.3.12	same	
Zeph.3.14	Zeph.3.14	same	
Zeph.3.15	Zeph.3.15	same	
Zeph.3.16	Zeph.3.16	same	
Zeph.3.17	Zeph.3.17	same	
Zeph.3.18	Zeph.3.18	same	
Zeph.3.19	Zeph.3.19	same	
Zeph.3.20	Zeph.3.20	same	
Hag.1.1	Hag.1.1	same	
Hag.1.2	Hag.1.2	same	
Hag.1.3	Hag.1.3	same	
Hag.1.4	Hag.1.4	same	
Hag.1.5	Hag.1.5	same	
Hag.1.6	Hag.1.6	same	
Hag.1.7	Hag.1.7	same	
Hag.1.8	Hag.1.8	same	
Hag.1.9	Hag.1.9	same	
Hag.1.10	Hag.1.10	same	
Hag.1.11	Hag.1.11	same	
Hag.1.12	Hag.1.12	same	
Hag.1.13	Hag.1.13	same	
Hag.1.14	Hag.1.14	same	
Hag.2.1	Hag.1.15 Hag.2.1	several	Renumber verse; Keep verse
Hag.2.2	Hag.2.2	same	Keep verse
Hag.2.3	Hag.2.3	same	Keep verse
Hag.2.4	Hag.2.4	same	Keep verse
Hag.2.5	Hag.2.5	same	Keep verse
Hag.2.6	Hag.2.6	same	Keep verse
Hag.2.7	Hag.2.7	same	Keep verse
Hag.2.8	Hag.2.8	same	Keep verse
Hag.2.9	Hag.2.9	same	Keep verse
Hag.2.10	Hag.2.10	same	Keep verse
Hag.2.11	Hag.2.11	same	Keep verse
Hag.2.12	Hag.2.12	same	Keep verse
Hag.2.13	Hag.2.13	same	Keep verse
Hag.2.14	Hag.2.14	same	Keep verse
Hag.2.15	Hag.2.15	same	Keep verse
Hag.2.16	Hag.2.16	same	Keep verse
Hag.2.17	Hag.2.17	same	Keep verse
Hag.2.18	Hag.2.18	same	Keep verse
Hag.2.19	Hag.2.19	same	Keep verse
Hag.2.20	Hag.2.20	same	Keep verse
Hag.2.21	Hag.2.21	same	Keep verse
Hag.2.22	Hag.2.22	same	Keep verse
Hag.2.23	Hag.2.23	same	Keep verse
Zech.1.1	Zech.1.1	same	
Zech.1.2	Zech.1.2	same	
Zech.1.3	Zech.1.3	same	
Zech.1.4	Zech.1.4	same	
Zech.1.5	Zech.1.5	same	
Zech.1.6	Zech.1.6	same	
Zech.1.7	Zech.1.7	same	
Zech.1.8	Zech.1.8	same	
Zech.1.9	Zech.1.9	same	
Zech.1.10	Zech.1.10	same	
Zech.1.11	Zech.1.11	same	
Zech.1.12	Zech.1.12	same	
Zech.1.13	Zech.1.13	same	
Zech.1.14	Zech.1.14	same	
Zech.1.15	Zech.1.15	same	
Zech.1.16	Zech.1.16	same	
Zech.1.17	Zech.1.17	same	
Zech.1.18	Zech.1.18	same	Keep verse (another tradition's pattern)
Zech.1.19	Zech.1.19	same	Keep verse (another tradition's pattern)
Zech.1.20	Zech.1.20	same	Keep verse (another tradition's pattern)
Zech.1.21	Zech.1.21	same	Keep verse (another tradition's pattern)
Zech.2.1	Zech.2.1	same	Keep verse (another tradition's pattern)
Zech.2.2	Zech.2.2	same	Keep verse (another tradition's pattern)
Zech.2.3	Zech.2.3	same	Keep verse (another tradition's pattern)
Zech.2.4	Zech.2.4	same	Keep verse (another tradition's pattern)
Zech.2.5	Zech.2.5	same	Keep verse (another tradition's pattern)
Zech.2.6	Zech.2.6	same	Keep verse (another tradition's pattern)
Zech.2.7	Zech.2.7	same	Keep verse (another tradition's pattern)
Zech.2.8	Zech.2.8	same	Keep verse (another tradition's pattern)
Zech.2.9	Zech.2.9	same	Keep verse (another tradition's pattern)
Zech.2.10	Zech.2.10	same	Keep verse (another tradition's pattern)
Zech.2.11	Zech.2.11	same	Keep verse (another tradition's pattern)
Zech.2.12	Zech.2.12	same	Keep verse (another tradition's pattern)
Zech.2.13	Zech.2.13	same	Keep verse (another tradition's pattern)
Zech.3.1	Zech.3.1	same	
Zech.3.2	Zech.3.2	unmatched	
Zech.3.3	Zech.3.3	unmatched	
Zech.3.4	Zech.3.4	unmatched	
Zech.3.5	Zech.3.5	unmatched	
Zech.3.6	Zech.3.6	unmatched	
Zech.3.7	Zech.3.7	unmatched	
Zech.3.8	Zech.3.8	unmatched	
Zech.3.9	Zech.3.9	unmatched	
Zech.3.10	Zech.3.10	unmatched	
Zech.4.1	Zech.4.1	same	
Zech.4.2	Zech.4.2	same	
Zech.4.3	Zech.4.3	same	
Zech.4.4	Zech.4.4	same	
Zech.4.5	Zech.4.5	same	
Zech.4.6	Zech.4.6	same	
Zech.4.7	Zech.4.7	same	
Zech.4.8	Zech.4.8	same	
Zech.4.9	Zech.4.9	same	
Zech.4.10	Zech.4.10	same	
Zech.4.11	Zech.4.11	same	
Zech.4.12	Zech.4.12	same	
Zech.4.13	Zech.4.13	unmatched	
Zech.4.14	Zech.4.14	same	
Zech.5.1	Zech.5.1	same	
Zech.5.2	Zech.5.2	same	
Zech.5.3	Zech.5.3	same	
Zech.5.4	Zech.5.4	same	
Zech.5.5	Zech.5.5	same	
Zech.5.6	Zech.5.6	same	
Zech.5.7	Zech.5.7	same	
Zech.5.8	Zech.5.8	same	
Zech.5.9	Zech.5.9	same	
Zech.5.10	Zech.5.10	same	
Zech.5.11	Zech.5.11	same	
Zech.6.1	Zech.6.1	same	
Zech.6.2	Zech.6.2	same	
Zech.6.3	Zech.6.3	same	
Zech.6.4	Zech.6.4	same	
Zech.6.5	Zech.6.5	same	
Zech.6.6	Zech.6.6	same	
Zech.6.7	Zech.6.7	same	
Zech.6.8	Zech.6.8	same	
Zech.6.9	Zech.6.9	same	
Zech.6.10	Zech.6.10	same	
Zech.6.11	Zech.6.11	same	
Zech.6.12	Zech.6.12	same	
Zech.6.13	Zech.6.13	same	
Zech.6.14	Zech.6.14	same	
Zech.6.15	Zech.6.15	same	
Zech.7.1	Zech.7.1	same	
Zech.7.2	Zech.7.2	same	
Zech.7.3	Zech.7.3	same	
Zech.7.4	Zech.7.4	same	
Zech.7.5	Zech.7.5	same	
Zech.7.6	Zech.7.6	same	
Zech.7.7	Zech.7.7	same	
Zech.7.8	Zech.7.8	same	
Zech.7.9	Zech.7.9	same	
Zech.7.10	Zech.7.10	same	
Zech.7.11	Zech.7.11	same	
Zech.7.12	Zech.7.12	same	
Zech.7.13	Zech.7.13	same	
Zech.7.14	Zech.7.14	same	
Zech.8.1	Zech.8.1	same	
Zech.8.2	Zech.8.2	same	
Zech.8.3	Zech.8.3	same	
Zech.8.4	Zech.8.4	same	
Zech.8.5	Zech.8.5	same	
Zech.8.6	Zech.8.6	same	
Zech.8.7	Zech.8.7	same	
Zech.8.8	Zech.8.8	same	
Zech.8.9	Zech.8.9	same	
Zech.8.10	Zech.8.10	same	
Zech.8.11	Zech.8.11	same	
Zech.8.12	Zech.8.12	same	
Zech.8.13	Zech.8.13	same	
Zech.8.14	Zech.8.14	same	
Zech.8.15	Zech.8.15	same	
Zech.8.16	Zech.8.16	same	
Zech.8.17	Zech.8.17	same	
Zech.8.18	Zech.8.18	same	
Zech.8.19	Zech.8.19	same	
Zech.8.20	Zech.8.20	same	
Zech.8.21	Zech.8.21	same	
Zech.8.22	Zech.8.22	same	
Zech.8.23	Zech.8.23	same	
Zech.9.1	Zech.9.1	same	
Zech.9.2	Zech.9.2	same	
Zech.9.3	Zech.9.3	same	
Zech.9.4	Zech.9.4	same	
Zech.9.5	Zech.9.5	same	
Zech.9.6	Zech.9.6	same	
Zech.9.7	Zech.9.7	same	
Zech.9.8	Zech.9.8	same	
Zech.9.9	Zech.9.9	same	
Zech.9.10	Zech.9.10	same	
Zech.9.11	Zech.9.11	same	
Zech.9.12	Zech.9.12	same	
Zech.9.13	Zech.9.13	same	
Zech.9.14	Zech.9.14	same	
Zech.9.15	Zech.9.15	same	
Zech.9.16	Zech.9.16	same	
Zech.9.17	Zech.9.17	same	
Zech.10.1	Zech.10.1	same	
Zech.10.2	Zech.10.2	same	
Zech.10.3	Zech.10.3	same	
Zech.10.4	Zech.10.4	same	
Zech.10.5	Zech.10.5	same	
Zech.10.6	Zech.10.6	same	
Zech.10.7	Zech.10.7	same	
Zech.10.8	Zech.10.8	same	
Zech.10.9	Zech.10.9	same	
Zech.10.10	Zech.10.10	same	
Zech.10.11	Zech.10.11	same	
Zech.10.12	Zech.10.12	same	
Zech.11.1	Zech.11.1	same	
Zech.11.2	Zech.11.2	same	
Zech.11.3	Zech.11.3	same	
Zech.11.4	Zech.11.4	same	
Zech.11.5	Zech.11.5	same	
Zech.11.6	Zech.11.6	same	
Zech.11.7	Zech.11.7	same	
Zech.11.8	Zech.11.8	same	
Zech.11.9	Zech.11.9	same	
Zech.11.10	Zech.11.10	same	
Zech.11.11	Zech.11.11	same	
Zech.11.12	Zech.11.12	same	
Zech.11.13	Zech.11.13	same	
Zech.11.14	Zech.11.14	same	
Zech.11.15	Zech.11.15	same	
Zech.11.16	Zech.11.16	same	
Zech.11.18		not-in-kjv	
Zech.12.1	Zech.12.1	same	
Zech.12.2	Zech.12.2	same	
Zech.12.3	Zech.12.3	same	
Zech.12.4	Zech.12.4	same	
Zech.12.5	Zech.12.5	same	
Zech.12.6	Zech.12.6	same	
Zech.12.7	Zech.12.7	same	
Zech.12.8	Zech.12.8	same	
Zech.12.9	Zech.12.9	same	
Zech.12.10	Zech.12.10	same	
Zech.12.11	Zech.12.11	same	
Zech.12.13	Zech.12.13	same	
Zech.12.14	Zech.12.14	same	
Zech.13.1	Zech.13.1	same	
Zech.13.2	Zech.13.2	same	
Zech.13.3	Zech.13.3	same	
Zech.13.4	Zech.13.4	same	
Zech.13.5	Zech.13.5	same	
Zech.13.6	Zech.13.6	same	
Zech.13.7	Zech.13.7	same	
Zech.13.8	Zech.13.8	same	
Zech.13.9	Zech.13.9	same	
Zech.14.1	Zech.14.1	same	
Zech.14.2	Zech.14.2	same	
Zech.14.3	Zech.14.3	same	
Zech.14.4	Zech.14.4	same	
Zech.14.5	Zech.14.5	same	
Zech.14.6	Zech.14.6	same	
Zech.14.7	Zech.14.7	same	
Zech.14.8	Zech.14.8	same	
Zech.14.9	Zech.14.9	same	
Zech.14.10	Zech.14.10	same	
Zech.14.11	Zech.14.11	same	
Zech.14.12	Zech.14.12	same	
Zech.14.13	Zech.14.13	same	
Zech.14.14	Zech.14.14	same	
Zech.14.15	Zech.14.15	same	
Zech.14.16	Zech.14.16	same	
Zech.14.17	Zech.14.17	same	
Zech.14.18	Zech.14.18	same	
Zech.14.19	Zech.14.19	same	
Zech.14.20	Zech.14.20	same	
Zech.14.21	Zech.14.21	same	
Mal.1.1	Mal.1.1	same	
Mal.1.2	Mal.1.2	same	
Mal.1.3	Mal.1.3	same	
Mal.1.4	Mal.1.4	same	
Mal.1.5	Mal.1.5	same	
Mal.1.6	Mal.1.6	same	
Mal.1.7	Mal.1.7	same	
Mal.1.8	Mal.1.8	same	
Mal.1.9	Mal.1.9	same	
Mal.1.10	Mal.1.10	same	
Mal.1.11	Mal.1.11	same	
Mal.1.12	Mal.1.12	same	
Mal.1.13	Mal.1.13	same	
Mal.1.14	Mal.1.14	same	
Mal.2.1	Mal.2.1	same	
Mal.2.2	Mal.2.2	same	
Mal.2.3	Mal.2.3	same	
Mal.2.4	Mal.2.4	same	
Mal.2.5	Mal.2.5	same	
Mal.2.6	Mal.2.6	same	
Mal.2.7	Mal.2.7	same	
Mal.2.8	Mal.2.8	same	
Mal.2.9	Mal.2.9	same	
Mal.2.10	Mal.2.10	same	
Mal.2.11	Mal.2.11	same	
Mal.2.12	Mal.2.12	same	
Mal.2.13	Mal.2.13	same	
Mal.2.14	Mal.2.14	same	
Mal.2.15	Mal.2.15	same	
Mal.2.16	Mal.2.16	same	
Mal.2.17	Mal.2.17	same	
Mal.3.1	Mal.3.1	same	
Mal.3.2	Mal.3.2	same	
Mal.3.3	Mal.3.3	same	
Mal.3.4	Mal.3.4	same	
Mal.3.5	Mal.3.5	same	
Mal.3.6	Mal.3.6	same	
Mal.3.7	Mal.3.7	same	
Mal.3.8	Mal.3.8	same	
Mal.3.9	Mal.3.9	same	
Mal.3.10	Mal.3.10	same	
Mal.3.11	Mal.3.11	same	
Mal.3.12	Mal.3.12	same	
Mal.3.13	Mal.3.13	same	
Mal.3.14	Mal.3.14	same	
Mal.3.15	Mal.3.15	same	
Mal.3.16	Mal.3.16	same	
Mal.3.17	Mal.3.17	same	
Mal.3.18	Mal.3.18	same	
Mal.4.1	Mal.4.1	same	Keep verse (soft)
Mal.4.2	Mal.4.2	same	Keep verse (soft)
Mal.4.3	Mal.4.3	same	Keep verse (soft)
Mal.4.4	Mal.4.4	same	Renumber verse* (soft)
Mal.4.5	Mal.4.5	same	Renumber verse* (soft)
Mal.4.6	Mal.4.6	same	Renumber verse* (soft)
Isa.1.1	Isa.1.1	same	
Isa.1.2	Isa.1.2	same	
Isa.1.3	Isa.1.3	same	
Isa.1.4	Isa.1.4	same	
Isa.1.5	Isa.1.5	same	
Isa.1.6	Isa.1.6	same	
Isa.1.7	Isa.1.7	same	
Isa.1.8	Isa.1.8	same	
Isa.1.9	Isa.1.9	same	
Isa.1.10	Isa.1.10	same	
Isa.1.11	Isa.1.11	same	
Isa.1.12	Isa.1.12	same	
Isa.1.13	Isa.1.13	same	
Isa.1.14	Isa.1.14	same	
Isa.1.15	Isa.1.15	same	
Isa.1.16	Isa.1.16	same	
Isa.1.17	Isa.1.17	same	
Isa.1.18	Isa.1.18	same	
Isa.1.19	Isa.1.19	same	
Isa.1.20	Isa.1.20	same	
Isa.1.21	Isa.1.21	same	
Isa.1.22	Isa.1.22	same	
Isa.1.23	Isa.1.23	same	
Isa.1.24	Isa.1.24	same	
Isa.1.25	Isa.1.25	same	
Isa.1.26	Isa.1.26	same	
Isa.1.27	Isa.1.27	same	
Isa.1.28	Isa.1.28	same	
Isa.1.29	Isa.1.29	same	
Isa.1.30	Isa.1.30	same	
Isa.1.31	Isa.1.31	same	
Isa.2.1	Isa.2.1	same	
Isa.2.2	Isa.2.2	same	
Isa.2.3	Isa.2.3	same	
Isa.2.4	Isa.2.4	same	
Isa.2.5	Isa.2.5	same	
Isa.2.6	Isa.2.6	same	
Isa.2.7	Isa.2.7	same	
Isa.2.8	Isa.2.8	same	
Isa.2.9	Isa.2.9	same	
Isa.2.10	Isa.2.10	same	
Isa.2.11	Isa.2.11	same	
Isa.2.12	Isa.2.12	same	
Isa.2.13	Isa.2.13	same	
Isa.2.14	Isa.2.14	same	
Isa.2.15	Isa.2.15	same	
Isa.2.16	Isa.2.16	same	
Isa.2.17	Isa.2.17	same	
Isa.2.18	Isa.2.18	same	
Isa.2.19	Isa.2.19	same	
Isa.2.20	Isa.2.20	same	
Isa.2.21	Isa.2.21	same	
Isa.3.1	Isa.3.1	same	
Isa.3.2	Isa.3.2	same	
Isa.3.3	Isa.3.3	same	
Isa.3.4	Isa.3.4	same	
Isa.3.5	Isa.3.5	same	
Isa.3.6	Isa.3.6	same	
Isa.3.7	Isa.3.7	same	
Isa.3.8	Isa.3.8	same	
Isa.3.9	Isa.3.9	same	
Isa.3.10	Isa.3.10	same	
Isa.3.11	Isa.3.11	same	
Isa.3.12	Isa.3.12	same	
Isa.3.13	Isa.3.13	same	
Isa.3.14	Isa.3.14	same	
Isa.3.15	Isa.3.15	same	
Isa.3.16	Isa.3.16	same	
Isa.3.17	Isa.3.17	same	
Isa.3.18	Isa.3.18	same	
Isa.3.19	Isa.3.19	same	
Isa.3.20	Isa.3.20	same	
Isa.3.21	Isa.3.21	same	
Isa.3.22	Isa.3.22	same	
Isa.3.23	Isa.3.23	same	
Isa.3.24	Isa.3.24	same	
Isa.3.25	Isa.3.25	same	
Isa.3.26	Isa.3.26	same	
Isa.4.1	Isa.4.1	same	
Isa.4.2	Isa.4.2	same	
Isa.4.3	Isa.4.3	same	
Isa.4.4	Isa.4.4	same	
Isa.4.5	Isa.4.5	same	
Isa.4.6	Isa.4.6	same	
Isa.5.1	Isa.5.1	same	
Isa.5.2	Isa.5.2	same	
Isa.5.3	Isa.5.3	same	
Isa.5.4	Isa.5.4	same	
Isa.5.5	Isa.5.5	same	
Isa.5.6	Isa.5.6	same	
Isa.5.7	Isa.5.7	same	
Isa.5.8	Isa.5.8	same	
Isa.5.9	Isa.5.9	same	
Isa.5.10	Isa.5.10	same	
Isa.5.11	Isa.5.11	same	
Isa.5.12	Isa.5.12	same	
Isa.5.13	Isa.5.13	same	
Isa.5.14	Isa.5.14	same	
Isa.5.15	Isa.5.15	same	
Isa.5.16	Isa.5.16	same	
Isa.5.17	Isa.5.17	same	
Isa.5.18	Isa.5.18	same	
Isa.5.19	Isa.5.19	same	
Isa.5.20	Isa.5.20	same	
Isa.5.21	Isa.5.21	same	
Isa.5.22	Isa.5.22	same	
Isa.5.23	Isa.5.23	same	
Isa.5.24	Isa.5.24	same	
Isa.5.25	Isa.5.25	same	
Isa.5.26	Isa.5.26	same	
Isa.5.27	Isa.5.27	same	
Isa.5.28	Isa.5.28	same	
Isa.5.29	Isa.5.29	same	
Isa.5.30	Isa.5.30	same	
Isa.6.1	Isa.6.1	same	
Isa.6.2	Isa.6.2	same	
Isa.6.3	Isa.6.3	same	
Isa.6.4	Isa.6.4	same	
Isa.6.5	Isa.6.5	same	
Isa.6.6	Isa.6.6	same	
Isa.6.7	Isa.6.7	same	
Isa.6.8	Isa.6.8	same	
Isa.6.9	Isa.6.9	same	
Isa.6.10	Isa.6.10	same	
Isa.6.11	Isa.6.11	same	
Isa.6.12	Isa.6.12	same	
Isa.6.13	Isa.6.13	same	
Isa.7.1	Isa.7.1	same	
Isa.7.2	Isa.7.2	same	
Isa.7.3	Isa.7.3	same	
Isa.7.4	Isa.7.4	same	
Isa.7.5	Isa.7.5	same	
Isa.7.6	Isa.7.6	same	
Isa.7.7	Isa.7.7	same	
Isa.7.8	Isa.7.8	same	
Isa.7.9	Isa.7.9	same	
Isa.7.10	Isa.7.10	same	
Isa.7.11	Isa.7.11	same	
Isa.7.12	Isa.7.12	same	
Isa.7.13	Isa.7.13	same	
Isa.7.14	Isa.7.14	same	
Isa.7.15	Isa.7.15	same	
Isa.7.16	Isa.7.16	same	
Isa.7.17	Isa.7.17	same	
Isa.7.18	Isa.7.18	same	
Isa.7.19	Isa.7.19	same	
Isa.7.20	Isa.7.20	same	
Isa.7.21	Isa.7.21	same	
Isa.7.22	Isa.7.22	same	
Isa.7.23	Isa.7.23	same	
Isa.7.24	Isa.7.24	same	
Isa.7.25	Isa.7.25	same	
Isa.8.1	Isa.8.1	same	
Isa.8.2	Isa.8.2	same	
Isa.8.3	Isa.8.3	same	
Isa.8.4	Isa.8.4	same	
Isa.8.5	Isa.8.5	same	
Isa.8.6	Isa.8.6	same	
Isa.8.7	Isa.8.7	same	
Isa.8.8	Isa.8.8	same	
Isa.8.9	Isa.8.9	same	
Isa.8.10	Isa.8.10	same	
Isa.8.11	Isa.8.11	same	
Isa.8.12	Isa.8.12	same	
Isa.8.13	Isa.8.13	same	
Isa.8.14	Isa.8.14	same	
Isa.8.15	Isa.8.15	same	
Isa.8.16	Isa.8.16	same	
Isa.8.17	Isa.8.17	same	
Isa.8.18	Isa.8.18	same	
Isa.8.19	Isa.8.19	same	
Isa.8.20	Isa.8.20	same	
Isa.8.21	Isa.8.21	same	
Isa.8.22	Isa.8.22	same	
Isa.9.1	Isa.9.1	same	Keep verse (another tradition's pattern)
Isa.9.2	Isa.9.2	same	Keep verse (another tradition's pattern)
Isa.9.3	Isa.9.3	same	Keep verse (another tradition's pattern)
Isa.9.4	Isa.9.4	same	Keep verse (another tradition's pattern)
Isa.9.5	Isa.9.5	same	Keep verse (another tradition's pattern)
Isa.9.6	Isa.9.6	same	Keep verse (another tradition's pattern)
Isa.9.7	Isa.9.7	same	Keep verse (another tradition's pattern)
Isa.9.8	Isa.9.8	same	Keep verse (another tradition's pattern)
Isa.9.9	Isa.9.9	same	Keep verse (another tradition's pattern)
Isa.9.11	Isa.9.11	same	Keep verse (another tradition's pattern)
Isa.9.12	Isa.9.12	same	Keep verse (another tradition's pattern)
Isa.9.13	Isa.9.13	same	Keep verse (another tradition's pattern)
Isa.9.14	Isa.9.14	same	Keep verse (another tradition's pattern)
Isa.9.15	Isa.9.15	same	Keep verse (another tradition's pattern)
Isa.9.16	Isa.9.16	same	Keep verse (another tradition's pattern)
Isa.9.17	Isa.9.17	same	Keep verse (another tradition's pattern)
Isa.9.18	Isa.9.18	same	Keep verse (another tradition's pattern)
Isa.9.19	Isa.9.19	same	Keep verse (another tradition's pattern)
Isa.9.20	Isa.9.20	same	Keep verse (another tradition's pattern)
Isa.9.21	Isa.9.21	same	Keep verse (another tradition's pattern)
Isa.10.1	Isa.10.1	same	
Isa.10.2	Isa.10.2	same	
Isa.10.3	Isa.10.3	same	
Isa.10.4	Isa.10.4	same	
Isa.10.5	Isa.10.5	same	
Isa.10.6	Isa.10.6	same	
Isa.10.7	Isa.10.7	same	
Isa.10.8	Isa.10.8	same	
Isa.10.9	Isa.10.9	same	
Isa.10.10	Isa.10.10	same	
Isa.10.11	Isa.10.11	same	
Isa.10.12	Isa.10.12	same	
Isa.10.13	Isa.10.13	same	
Isa.10.14	Isa.10.14	same	
Isa.10.15	Isa.10.15	same	
Isa.10.16	Isa.10.16	same	
Isa.10.17	Isa.10.17	same	
Isa.10.18	Isa.10.18	same	
Isa.10.19	Isa.10.19	same	
Isa.10.20	Isa.10.20	same	
Isa.10.21	Isa.10.21	same	
Isa.10.22	Isa.10.22	same	
Isa.10.23	Isa.10.23	same	
Isa.10.24	Isa.10.24	same	
Isa.10.25	Isa.10.25	same	
Isa.10.26	Isa.10.26	same	
Isa.10.27	Isa.10.27	same	
Isa.10.28	Isa.10.28	same	
Isa.10.29	Isa.10.29	same	
Isa.10.30	Isa.10.30	same	
Isa.10.31	Isa.10.31	same	
Isa.10.32	Isa.10.32	same	
Isa.10.33	Isa.10.33	same	
Isa.10.34	Isa.10.34	same	
Isa.11.1	Isa.11.1	same	
Isa.11.2	Isa.11.2	same	
Isa.11.3	Isa.11.3	same	
Isa.11.4	Isa.11.4	same	
Isa.11.5	Isa.11.5	same	
Isa.11.6	Isa.11.6	same	
Isa.11.7	Isa.11.7	same	
Isa.11.8	Isa.11.8	same	
Isa.11.9	Isa.11.9	same	
Isa.11.10	Isa.11.10	same	
Isa.11.11	Isa.11.11	same	
Isa.11.12	Isa.11.12	same	
Isa.11.13	Isa.11.13	same	
Isa.11.14	Isa.11.14	same	
Isa.11.15	Isa.11.15	same	
Isa.11.16	Isa.11.16	same	
Isa.12.1	Isa.12.1	same	
Isa.12.2	Isa.12.2	same	
Isa.12.3	Isa.12.3	same	
Isa.12.4	Isa.12.4	same	
Isa.12.5	Isa.12.5	same	
Isa.12.6	Isa.12.6	same	
Isa.13.1	Isa.13.1	same	
Isa.13.2	Isa.13.2	same	
Isa.13.3	Isa.13.3	same	
Isa.13.4	Isa.13.4	same	
Isa.13.5	Isa.13.5	same	
Isa.13.6	Isa.13.6	same	
Isa.13.7	Isa.13.7	same	
Isa.13.8	Isa.13.8	same	
Isa.13.9	Isa.13.9	same	
Isa.13.10	Isa.13.10	same	
Isa.13.11	Isa.13.11	same	
Isa.13.12	Isa.13.12	same	
Isa.13.13	Isa.13.13	same	
Isa.13.14	Isa.13.14	same	
Isa.13.15	Isa.13.15	same	
Isa.13.16	Isa.13.16	same	
Isa.13.17	Isa.13.17	same	
Isa.13.18	Isa.13.18	same	
Isa.13.19	Isa.13.19	same	
Isa.13.21	Isa.13.21	same	
Isa.13.22	Isa.13.22	same	
Isa.14.1	Isa.14.1	same	
Isa.14.2	Isa.14.2	same	
Isa.14.3	Isa.14.3	same	
Isa.14.4	Isa.14.4	same	
Isa.14.5	Isa.14.5	same	
Isa.14.6	Isa.14.6	same	
Isa.14.7	Isa.14.7	same	
Isa.14.8	Isa.14.8	same	
Isa.14.9	Isa.14.9	same	
Isa.14.10	Isa.14.10	same	
Isa.14.11	Isa.14.11	same	
Isa.14.12	Isa.14.12	same	
Isa.14.13	Isa.14.13	same	
Isa.14.14	Isa.14.14	same	
Isa.14.15	Isa.14.15	same	
Isa.14.16	Isa.14.16	same	
Isa.14.17	Isa.14.17	same	
Isa.14.18	Isa.14.18	same	
Isa.14.19	Isa.14.19	same	
Isa.14.20	Isa.14.20	same	
Isa.14.21	Isa.14.21	same	
Isa.14.22	Isa.14.22	same	
Isa.14.23	Isa.14.23	same	
Isa.14.24	Isa.14.24	same	
Isa.14.25	Isa.14.25	same	
Isa.14.26	Isa.14.26	same	
Isa.14.27	Isa.14.27	same	
Isa.14.28	Isa.14.28	same	
Isa.14.29	Isa.14.29	same	
Isa.14.30	Isa.14.30	same	
Isa.14.31	Isa.14.31	same	
Isa.14.32	Isa.14.32	same	
Isa.15.1	Isa.15.1	same	
Isa.15.2	Isa.15.2	same	
Isa.15.3	Isa.15.3	same	
Isa.15.4	Isa.15.4	same	
Isa.15.5	Isa.15.5	same	
Isa.15.6	Isa.15.6	same	
Isa.15.7	Isa.15.7	same	
Isa.15.8	Isa.15.8	same	
Isa.15.9	Isa.15.9	same	
Isa.16.1	Isa.16.1	same	
Isa.16.2	Isa.16.2	same	
Isa.16.3	Isa.16.3	same	
Isa.16.4	Isa.16.4	same	
Isa.16.5	Isa.16.5	same	
Isa.16.6	Isa.16.6	same	
Isa.16.7	Isa.16.7	same	
Isa.16.8	Isa.16.8	same	
Isa.16.9	Isa.16.9	same	
Isa.16.10	Isa.16.10	same	
Isa.16.11	Isa.16.11	same	
Isa.16.12	Isa.16.12	same	
Isa.16.13	Isa.16.13	same	
Isa.16.14	Isa.16.14	same	
Isa.17.1	Isa.17.1	same	
Isa.17.2	Isa.17.2	same	
Isa.17.3	Isa.17.3	same	
Isa.17.4	Isa.17.4	same	
Isa.17.5	Isa.17.5	same	
Isa.17.6	Isa.17.6	same	
Isa.17.7	Isa.17.7	same	
Isa.17.8	Isa.17.8	same	
Isa.17.9	Isa.17.9	same	
Isa.17.10	Isa.17.10	same	
Isa.17.11	Isa.17.11	same	
Isa.17.12	Isa.17.12	same	
Isa.17.13	Isa.17.13	same	
Isa.17.14	Isa.17.14	same	
Isa.18.1	Isa.18.1	same	
Isa.18.2	Isa.18.2	same	
Isa.18.3	Isa.18.3	same	
Isa.18.4	Isa.18.4	same	
Isa.18.5	Isa.18.5	same	
Isa.18.6	Isa.18.6	same	
Isa.18.7	Isa.18.7	same	
Isa.19.1	Isa.19.1	same	
Isa.19.2	Isa.19.2	same	
Isa.19.3	Isa.19.3	same	
Isa.19.4	Isa.19.4	same	
Isa.19.5	Isa.19.5	same	
Isa.19.6	Isa.19.6	same	
Isa.19.7	Isa.19.7	same	
Isa.19.8	Isa.19.8	same	
Isa.19.9	Isa.19.9	same	
Isa.19.10	Isa.19.10	same	
Isa.19.11	Isa.19.11	same	
Isa.19.12	Isa.19.12	same	
Isa.19.13	Isa.19.13	same	
Isa.19.14	Isa.19.14	same	
Isa.19.15	Isa.19.15	same	
Isa.19.16	Isa.19.16	same	
Isa.19.17	Isa.19.17	same	
Isa.19.18	Isa.19.18	same	
Isa.19.19	Isa.19.19	same	
Isa.19.20	Isa.19.20	same	
Isa.19.21	Isa.19.21	same	
Isa.19.22	Isa.19.22	same	
Isa.19.23	Isa.19.23	same	
Isa.19.24	Isa.19.24	same	
Isa.19.25	Isa.19.25	same	
Isa.20.1	Isa.20.1	same	
Isa.20.2	Isa.20.2	same	
Isa.20.3	Isa.20.3	same	
Isa.20.4	Isa.20.4	same	
Isa.20.5	Isa.20.5	same	
Isa.20.6	Isa.20.6	same	
Isa.21.1	Isa.21.1	same	
Isa.21.2	Isa.21.2	same	
Isa.21.3	Isa.21.3	same	
Isa.21.4	Isa.21.4	same	
Isa.21.5	Isa.21.5	same	
Isa.21.6	Isa.21.6	same	
Isa.21.7	Isa.21.7	same	
Isa.21.8	Isa.21.8	same	
Isa.21.9	Isa.21.9	same	
Isa.21.10	Isa.21.10	same	
Isa.21.11	Isa.21.11	same	
Isa.21.12	Isa.21.12	same	
Isa.21.13	Isa.21.13	same	
Isa.21.14	Isa.21.14	same	
Isa.21.15	Isa.21.15	same	
Isa.21.16	Isa.21.16	same	
Isa.21.17	Isa.21.17	same	
Isa.22.1	Isa.22.1	same	
Isa.22.2	Isa.22.2	same	
Isa.22.3	Isa.22.3	same	
Isa.22.4	Isa.22.4	same	
Isa.22.5	Isa.22.5	same	
Isa.22.6	Isa.22.6	same	
Isa.22.7	Isa.22.7	same	
Isa.22.8	Isa.22.8	same	
Isa.22.9	Isa.22.9	same	
Isa.22.10	Isa.22.10	same	
Isa.22.11	Isa.22.11	same	
Isa.22.12	Isa.22.12	same	
Isa.22.13	Isa.22.13	same	
Isa.22.14	Isa.22.14	same	
Isa.22.15	Isa.22.15	same	
Isa.22.16	Isa.22.16	same	
Isa.22.17	Isa.22.17	same	
Isa.22.18	Isa.22.18	same	
Isa.22.19	Isa.22.19	same	
Isa.22.20	Isa.22.20	same	
Isa.22.21	Isa.22.21	same	
Isa.22.22	Isa.22.22	same	
Isa.22.23	Isa.22.23	same	
Isa.23.1	Isa.23.1	same	
Isa.23.2	Isa.23.2	same	
Isa.23.3	Isa.23.3	same	
Isa.23.4	Isa.23.4	same	
Isa.23.5	Isa.23.5	same	
Isa.23.6	Isa.23.6	same	
Isa.23.7	Isa.23.7	same	
Isa.23.8	Isa.23.8	same	
Isa.23.9	Isa.23.9	same	
Isa.23.10	Isa.23.10	same	
Isa.23.11	Isa.23.11	same	
Isa.23.12	Isa.23.12	same	
Isa.23.13	Isa.23.13	same	
Isa.23.14	Isa.23.14	same	
Isa.23.15	Isa.23.15	same	
Isa.23.16	Isa.23.16	same	
Isa.23.17	Isa.23.17	same	
Isa.23.18	Isa.23.18	same	
Isa.24.1	Isa.24.1	same	
Isa.24.2	Isa.24.2	same	
Isa.24.3	Isa.24.3	same	
Isa.24.4	Isa.24.4	same	
Isa.24.5	Isa.24.5	same	
Isa.24.6	Isa.24.6	same	
Isa.24.7	Isa.24.7	same	
Isa.24.8	Isa.24.8	same	
Isa.24.9	Isa.24.9	same	
Isa.24.10	Isa.24.10	same	
Isa.24.11	Isa.24.11	same	
Isa.24.12	Isa.24.12	same	
Isa.24.13	Isa.24.13	same	
Isa.24.14	Isa.24.14	same	
Isa.24.15	Isa.24.15	same	
Isa.24.16	Isa.24.16	same	
Isa.24.17	Isa.24.17	same	
Isa.24.18	Isa.24.18	same	
Isa.24.19	Isa.24.19	same	
Isa.24.20	Isa.24.20	same	
Isa.24.21	Isa.24.21	same	
Isa.24.22	Isa.24.22	same	
Isa.24.23	Isa.24.23	same	
Isa.25.1	Isa.25.1	same	
Isa.25.2	Isa.25.2	same	
Isa.25.3	Isa.25.3	same	
Isa.25.4	Isa.25.4	same	
Isa.25.5	Isa.25.5	same	
Isa.25.6	Isa.25.6	same	
Isa.25.7	Isa.25.7	same	
Isa.25.8	Isa.25.8	same	
Isa.25.9	Isa.25.9	same	
Isa.25.10	Isa.25.10	same	
Isa.25.11	Isa.25.11	same	
Isa.25.12	Isa.25.12	same	
Isa.26.1	Isa.26.1	same	
Isa.26.2	Isa.26.2	same	
Isa.26.3	Isa.26.3	same	
Isa.26.4	Isa.26.4	same	
Isa.26.5	Isa.26.5	same	
Isa.26.6	Isa.26.6	same	
Isa.26.7	Isa.26.7	same	
Isa.26.8	Isa.26.8	same	
Isa.26.9	Isa.26.9	same	
Isa.26.10	Isa.26.10	same	
Isa.26.11	Isa.26.11	same	
Isa.26.12	Isa.26.12	same	
Isa.26.13	Isa.26.13	same	
Isa.26.14	Isa.26.14	same	
Isa.26.15	Isa.26.15	same	
Isa.26.16	Isa.26.16	same	
Isa.26.17	Isa.26.17	same	
Isa.26.18	Isa.26.18	same	
Isa.26.19	Isa.26.19	same	
Isa.26.20	Isa.26.20	same	
Isa.26.21	Isa.26.21	same	
Isa.27.1	Isa.27.1	same	
Isa.27.2	Isa.27.2	same	
Isa.27.3	Isa.27.3	same	
Isa.27.4	Isa.27.4	same	
Isa.27.5	Isa.27.5	same	
Isa.27.6	Isa.27.6	same	
Isa.27.7	Isa.27.7	same	
Isa.27.8	Isa.27.8	same	
Isa.27.9	Isa.27.9	same	
Isa.27.10	Isa.27.10	same	
Isa.27.11	Isa.27.11	same	
Isa.27.12	Isa.27.12	same	
Isa.27.13	Isa.27.13	same	
Isa.28.1	Isa.28.1	same	
Isa.28.2	Isa.28.2	same	
Isa.28.3	Isa.28.3	same	
Isa.28.4	Isa.28.4	same	
Isa.28.5	Isa.28.5	same	
Isa.28.6	Isa.28.6	same	
Isa.28.7	Isa.28.7	same	
Isa.28.8	Isa.28.8	same	
Isa.28.9	Isa.28.9	same	
Isa.28.10	Isa.28.10	same	
Isa.28.11	Isa.28.11	same	
Isa.28.12	Isa.28.12	same	
Isa.28.13	Isa.28.13	same	
Isa.28.14	Isa.28.14	same	
Isa.28.15	Isa.28.15	same	
Isa.28.16	Isa.28.16	same	
Isa.28.17	Isa.28.17	same	
Isa.28.18	Isa.28.18	same	
Isa.28.19	Isa.28.19	same	
Isa.28.20	Isa.28.20	same	
Isa.28.21	Isa.28.21	same	
Isa.28.22	Isa.28.22	same	
Isa.28.23	Isa.28.23	same	
Isa.28.24	Isa.28.24	same	
Isa.28.25	Isa.28.25	same	
Isa.28.26	Isa.28.26	same	
Isa.28.27	Isa.28.27	same	
Isa.28.28	Isa.28.28	same	
Isa.28.29	Isa.28.29	same	
Isa.29.1	Isa.29.1	same	
Isa.29.2	Isa.29.2	same	
Isa.29.3	Isa.29.3	same	
Isa.29.4	Isa.29.4	same	
Isa.29.5	Isa.29.5	same	
Isa.29.6	Isa.29.6	same	
Isa.29.7	Isa.29.7	same	
Isa.29.8	Isa.29.8	same	
Isa.29.9	Isa.29.9	same	
Isa.29.10	Isa.29.10	same	
Isa.29.11	Isa.29.11	same	
Isa.29.12	Isa.29.12	same	
Isa.29.13	Isa.29.13	same	
Isa.29.14	Isa.29.14	same	
Isa.29.15	Isa.29.15	same	
Isa.29.16	Isa.29.16	same	
Isa.29.17	Isa.29.17	same	
Isa.29.18	Isa.29.18	same	
Isa.29.19	Isa.29.19	same	
Isa.29.20	Isa.29.20	same	
Isa.29.21	Isa.29.21	same	
Isa.29.22	Isa.29.22	same	
Isa.29.23	Isa.29.23	same	
Isa.29.24	Isa.29.24	same	
Isa.30.1	Isa.30.1	same	
Isa.30.2	Isa.30.2	same	
Isa.30.3	Isa.30.3	same	
Isa.30.4	Isa.30.4	same	
Isa.30.5	Isa.30.5	same	
Isa.30.6	Isa.30.6	same	
Isa.30.7	Isa.30.7	same	
Isa.30.8	Isa.30.8	same	
Isa.30.9	Isa.30.9	same	
Isa.30.10	Isa.30.10	same	
Isa.30.11	Isa.30.11	same	
Isa.30.12	Isa.30.12	same	
Isa.30.13	Isa.30.13	same	
Isa.30.14	Isa.30.14	same	
Isa.30.15	Isa.30.15	same	
Isa.30.16	Isa.30.16	same	
Isa.30.17	Isa.30.17	same	
Isa.30.18	Isa.30.18	same	
Isa.30.19	Isa.30.19	same	
Isa.30.20	Isa.30.20	same	
Isa.30.21	Isa.30.21	same	
Isa.30.22	Isa.30.22	same	
Isa.30.23	Isa.30.23	same	
Isa.30.24	Isa.30.24	same	
Isa.30.25	Isa.30.25	same	
Isa.30.26	Isa.30.26	same	
Isa.30.27	Isa.30.27	same	
Isa.30.28	Isa.30.28	same	
Isa.30.29	Isa.30.29	same	
Isa.30.30	Isa.30.30	same	
Isa.30.31	Isa.30.31	same	
Isa.30.32	Isa.30.32	same	
Isa.30.33	Isa.30.33	same	
Isa.31.1	Isa.31.1	same	
Isa.31.2	Isa.31.2	same	
Isa.31.3	Isa.31.3	same	
Isa.31.4	Isa.31.4	same	
Isa.31.5	Isa.31.5	same	
Isa.31.6	Isa.31.6	same	
Isa.31.7	Isa.31.7	same	
Isa.31.8	Isa.31.8	same	
Isa.31.9	Isa.31.9	same	
Isa.32.head		not-in-kjv	
Isa.32.1	Isa.32.1	same	
Isa.32.2	Isa.32.2	same	
Isa.32.3	Isa.32.3	same	
Isa.32.4	Isa.32.4	same	
Isa.32.5	Isa.32.5	same	
Isa.32.6	Isa.32.6	same	
Isa.32.7	Isa.32.7	same	
Isa.32.8	Isa.32.8	same	
Isa.32.9	Isa.32.9	same	
Isa.32.10	Isa.32.10	same	
Isa.32.11	Isa.32.11	same	
Isa.32.12	Isa.32.12	same	
Isa.32.13	Isa.32.13	same	
Isa.32.14	Isa.32.14	same	
Isa.32.15	Isa.32.15	same	
Isa.32.16	Isa.32.16	same	
Isa.32.17	Isa.32.17	same	
Isa.32.18	Isa.32.18	same	
Isa.32.19	Isa.32.19	same	
Isa.32.20	Isa.32.20	same	
Isa.33.1	Isa.33.1	same	
Isa.33.2	Isa.33.2	same	
Isa.33.3	Isa.33.3	same	
Isa.33.4	Isa.33.4	same	
Isa.33.5	Isa.33.5	same	
Isa.33.6	Isa.33.6	same	
Isa.33.7	Isa.33.7	same	
Isa.33.8	Isa.33.8	same	
Isa.33.9	Isa.33.9	same	
Isa.33.10	Isa.33.10	same	
Isa.33.11	Isa.33.11	same	
Isa.33.12	Isa.33.12	same	
Isa.33.13	Isa.33.13	same	
Isa.33.14	Isa.33.14	same	
Isa.33.15	Isa.33.15	same	
Isa.33.16	Isa.33.16	same	
Isa.33.17	Isa.33.17	same	
Isa.33.18	Isa.33.18	same	
Isa.33.19	Isa.33.19	same	
Isa.33.20	Isa.33.20	same	
Isa.33.21	Isa.33.21	same	
Isa.33.22	Isa.33.22	same	
Isa.33.23	Isa.33.23	same	
Isa.33.24	Isa.33.24	same	
Isa.34.1	Isa.34.1	same	
Isa.34.2	Isa.34.2	same	
Isa.34.3	Isa.34.3	same	
Isa.34.4	Isa.34.4	same	
Isa.34.5	Isa.34.5	same	
Isa.34.6	Isa.34.6	same	
Isa.34.7	Isa.34.7	same	
Isa.34.8	Isa.34.8	same	
Isa.34.9	Isa.34.9	same	
Isa.34.10	Isa.34.10	same	
Isa.34.11	Isa.34.11	same	
Isa.34.12	Isa.34.12	same	
Isa.34.13	Isa.34.13	same	
Isa.34.14	Isa.34.14	same	
Isa.34.15	Isa.34.15	same	
Isa.34.16	Isa.34.16	same	
Isa.34.17	Isa.34.17	same	
Isa.35.1	Isa.35.1	same	
Isa.35.2	Isa.35.2	same	
Isa.35.3	Isa.35.3	same	
Isa.35.5	Isa.35.5	same	
Isa.35.6	Isa.35.6	same	
Isa.35.7	Isa.35.7	same	
Isa.35.8	Isa.35.8	same	
Isa.35.9	Isa.35.9	same	
Isa.35.10	Isa.35.10	same	
Isa.36.1	Isa.36.1	same	
Isa.36.2	Isa.36.2	same	
Isa.36.3	Isa.36.3	same	
Isa.36.4	Isa.36.4	same	
Isa.36.5	Isa.36.5	same	
Isa.36.6	Isa.36.6	same	
Isa.36.7	Isa.36.7	same	
Isa.36.8	Isa.36.8	same	
Isa.36.9	Isa.36.9	same	
Isa.36.10	Isa.36.10	same	
Isa.36.11	Isa.36.11	same	
Isa.36.12	Isa.36.12	same	
Isa.36.13	Isa.36.13	same	
Isa.36.14	Isa.36.14	same	
Isa.36.15	Isa.36.15	same	
Isa.36.16	Isa.36.16	same	
Isa.36.17	Isa.36.17	same	
Isa.36.18	Isa.36.18	same	
Isa.36.19	Isa.36.19	same	
Isa.36.20	Isa.36.20	same	
Isa.36.21	Isa.36.21	same	
Isa.36.22	Isa.36.22	same	
Isa.37.1	Isa.37.1	same	
Isa.37.2	Isa.37.2	same	
Isa.37.3	Isa.37.3	same	
Isa.37.4	Isa.37.4	same	
Isa.37.5	Isa.37.5	same	
Isa.37.6	Isa.37.6	same	
Isa.37.7	Isa.37.7	same	
Isa.37.8	Isa.37.8	same	
Isa.37.9	Isa.37.9	same	
Isa.37.10	Isa.37.10	same	
Isa.37.12	Isa.37.12	same	
Isa.37.13	Isa.37.13	same	
Isa.37.14	Isa.37.14	same	
Isa.37.16	Isa.37.16	same	
Isa.37.17	Isa.37.17	same	
Isa.37.18	Isa.37.18	same	
Isa.37.19	Isa.37.19	same	
Isa.37.20	Isa.37.20	same	
Isa.37.21	Isa.37.21	same	
Isa.37.22	Isa.37.22	same	
Isa.37.23	Isa.37.23	same	
Isa.37.24	Isa.37.24	same	
Isa.37.25	Isa.37.25	same	
Isa.37.26	Isa.37.26	same	
Isa.37.27	Isa.37.27	same	
Isa.37.28	Isa.37.28	same	
Isa.37.29	Isa.37.29	same	
Isa.37.30	Isa.37.30	same	
Isa.37.31	Isa.37.31	same	
Isa.37.32	Isa.37.32	same	
Isa.37.33	Isa.37.33	same	
Isa.37.34	Isa.37.34	same	
Isa.37.35	Isa.37.35	same	
Isa.37.36	Isa.37.36	same	
Isa.37.37	Isa.37.37	same	
Isa.37.38	Isa.37.38	same	
Isa.38.1	Isa.38.1	same	
Isa.38.2	Isa.38.2	same	
Isa.38.3	Isa.38.3	same	
Isa.38.4	Isa.38.4	same	
Isa.38.5	Isa.38.5	same	
Isa.38.6	Isa.38.6	same	
Isa.38.7	Isa.38.7	same	
Isa.38.8	Isa.38.8	same	
Isa.38.9	Isa.38.9	same	
Isa.38.10	Isa.38.10	same	
Isa.38.11	Isa.38.11	same	
Isa.38.12	Isa.38.12	same	
Isa.38.13	Isa.38.13	same	
Isa.38.14	Isa.38.14	same	
Isa.38.15	Isa.38.15	same	
Isa.38.16	Isa.38.16	same	
Isa.38.18	Isa.38.18	same	
Isa.38.19	Isa.38.19	same	
Isa.38.20	Isa.38.20	same	
Isa.38.21	Isa.38.21	same	
Isa.38.22	Isa.38.22	same	
Isa.39.1	Isa.39.1	same	
Isa.39.2	Isa.39.2	same	
Isa.39.3	Isa.39.3	same	
Isa.39.4	Isa.39.4	same	
Isa.39.5	Isa.39.5	same	
Isa.39.6	Isa.39.6	same	
Isa.39.7	Isa.39.7	same	
Isa.39.8	Isa.39.8	same	
Isa.40.1	Isa.40.1	same	
Isa.40.2	Isa.40.2	same	
Isa.40.3	Isa.40.3	same	
Isa.40.4	Isa.40.4	same	
Isa.40.5	Isa.40.5	same	
Isa.40.6	Isa.40.6	same	
Isa.40.7	Isa.40.7	same	
Isa.40.8	Isa.40.8	same	
Isa.40.9	Isa.40.9	same	
Isa.40.10	Isa.40.10	same	
Isa.40.11	Isa.40.11	same	
Isa.40.12	Isa.40.12	same	
Isa.40.13	Isa.40.13	same	
Isa.40.14	Isa.40.14	same	
Isa.40.15	Isa.40.15	same	
Isa.40.16	Isa.40.16	same	
Isa.40.17	Isa.40.17	same	
Isa.40.18	Isa.40.18	same	
Isa.40.19	Isa.40.19	same	
Isa.40.20	Isa.40.20	same	
Isa.40.21	Isa.40.21	same	
Isa.40.22	Isa.40.22	same	
Isa.40.23	Isa.40.23	same	
Isa.40.24	Isa.40.24	same	
Isa.40.25	Isa.40.25	same	
Isa.40.26	Isa.40.26	same	
Isa.40.27	Isa.40.27	same	
Isa.40.28	Isa.40.28	same	
Isa.40.29	Isa.40.29	same	
Isa.40.30	Isa.40.30	same	
Isa.40.31	Isa.40.31	same	
Isa.41.1	Isa.41.1	same	
Isa.41.2	Isa.41.2	same	
Isa.41.3	Isa.41.3	same	
Isa.41.4	Isa.41.4	same	
Isa.41.5	Isa.41.5	same	
Isa.41.6	Isa.41.6	same	
Isa.41.7	Isa.41.7	same	
Isa.41.8	Isa.41.8	same	
Isa.41.9	Isa.41.9	same	
Isa.41.10	Isa.41.10	same	
Isa.41.11	Isa.41.11	same	
Isa.41.12	Isa.41.12	same	
Isa.41.13	Isa.41.13	same	
Isa.41.14	Isa.41.14	same	
Isa.41.15	Isa.41.15	same	
Isa.41.16	Isa.41.16	same	
Isa.41.17	Isa.41.17	same	
Isa.41.18	Isa.41.18	same	
Isa.41.19	Isa.41.19	same	
Isa.41.20	Isa.41.20	same	
Isa.41.21	Isa.41.21	same	
Isa.41.22	Isa.41.22	same	
Isa.41.23	Isa.41.23	same	
Isa.41.24	Isa.41.24	same	
Isa.41.25	Isa.41.25	same	
Isa.41.26	Isa.41.26	same	
Isa.41.27	Isa.41.27	same	
Isa.41.28	Isa.41.28	same	
Isa.41.29	Isa.41.29	same	
Isa.42.1	Isa.42.1	same	
Isa.42.2	Isa.42.2	same	
Isa.42.3	Isa.42.3	same	
Isa.42.4	Isa.42.4	same	
Isa.42.5	Isa.42.5	same	
Isa.42.6	Isa.42.6	same	
Isa.42.7	Isa.42.7	same	
Isa.42.8	Isa.42.8	same	
Isa.42.9	Isa.42.9	same	
Isa.42.10	Isa.42.10	same	
Isa.42.11	Isa.42.11	same	
Isa.42.12	Isa.42.12	same	
Isa.42.13	Isa.42.13	same	
Isa.42.14	Isa.42.14	same	
Isa.42.15	Isa.42.15	same	
Isa.42.16	Isa.42.16	same	
Isa.42.17	Isa.42.17	same	
Isa.42.18	Isa.42.18	same	
Isa.42.19	Isa.42.19	same	
Isa.42.20	Isa.42.20	same	
Isa.42.21	Isa.42.21	same	
Isa.42.22	Isa.42.22	same	
Isa.42.23	Isa.42.23	same	
Isa.42.24	Isa.42.24	same	
Isa.42.25	Isa.42.25	same	
Isa.43.1	Isa.43.1	same	
Isa.43.2	Isa.43.2	same	
Isa.43.3	Isa.43.3	same	
Isa.43.4	Isa.43.4	same	
Isa.43.5	Isa.43.5	same	
Isa.43.6	Isa.43.6	same	
Isa.43.7	Isa.43.7	same	
Isa.43.8	Isa.43.8	same	
Isa.43.9	Isa.43.9	same	
Isa.43.10	Isa.43.10	same	
Isa.43.11	Isa.43.11	same	
Isa.43.12	Isa.43.12	same	
Isa.43.13	Isa.43.13	same	
Isa.43.14	Isa.43.14	same	
Isa.43.15	Isa.43.15	same	
Isa.43.16	Isa.43.16	same	
Isa.43.17	Isa.43.17	same	
Isa.43.18	Isa.43.18	same	
Isa.43.20	Isa.43.20	same	
Isa.43.21	Isa.43.21	same	
Isa.43.22	Isa.43.22	same	
Isa.43.23	Isa.43.23	same	
Isa.43.24	Isa.43.24	same	
Isa.43.25	Isa.43.25	same	
Isa.43.26	Isa.43.26	same	
Isa.43.27	Isa.43.27	same	
Isa.43.28	Isa.43.28	same	
Isa.44.1	Isa.44.1	same	
Isa.44.2	Isa.44.2	same	
Isa.44.3	Isa.44.3	same	
Isa.44.4	Isa.44.4	same	
Isa.44.5	Isa.44.5	same	
Isa.44.6	Isa.44.6	same	
Isa.44.7	Isa.44.7	same	
Isa.44.8	Isa.44.8	same	
Isa.44.9	Isa.44.9	same	
Isa.44.10	Isa.44.10	same	
Isa.44.11	Isa.44.11	same	
Isa.44.12	Isa.44.12	same	
Isa.44.13	Isa.44.13	same	
Isa.44.14	Isa.44.14	same	
Isa.44.15	Isa.44.15	same	
Isa.44.16	Isa.44.16	same	
Isa.44.17	Isa.44.17	same	
Isa.44.18	Isa.44.18	same	
Isa.44.19	Isa.44.19	same	
Isa.44.20	Isa.44.20	same	
Isa.44.21	Isa.44.21	same	
Isa.44.22	Isa.44.22	same	
Isa.44.23	Isa.44.23	same	
Isa.44.24	Isa.44.24	same	
Isa.44.25	Isa.44.25	same	
Isa.44.26	Isa.44.26	same	
Isa.44.27	Isa.44.27	same	
Isa.44.28	Isa.44.28	same	
Isa.45.1	Isa.45.1	same	
Isa.45.2	Isa.45.2	same	
Isa.45.3	Isa.45.3	same	
Isa.45.4	Isa.45.4	same	
Isa.45.5	Isa.45.5	same	
Isa.45.6	Isa.45.6	same	
Isa.45.7	Isa.45.7	same	
Isa.45.8	Isa.45.8	same	
Isa.45.9	Isa.45.9	same	
Isa.45.10	Isa.45.10	same	
Isa.45.11	Isa.45.11	same	
Isa.45.12	Isa.45.12	same	
Isa.45.13	Isa.45.13	same	
Isa.45.14	Isa.45.14	same	
Isa.45.15	Isa.45.15	same	
Isa.45.16	Isa.45.16	same	
Isa.45.17	Isa.45.17	same	
Isa.45.18	Isa.45.18	same	
Isa.45.19	Isa.45.19	same	
Isa.45.20	Isa.45.20	same	
Isa.45.21	Isa.45.21	same	
Isa.45.22	Isa.45.22	same	
Isa.45.23	Isa.45.23	same	Keep verse
Isa.45.24	Isa.45.24	same	Keep verse
Isa.45.25	Isa.45.25	same	Keep verse
Isa.46.1	Isa.46.1	same	
Isa.46.2	Isa.46.2	same	
Isa.46.3	Isa.46.3	same	
Isa.46.4	Isa.46.4	same	
Isa.46.5	Isa.46.5	same	
Isa.46.6	Isa.46.6	same	
Isa.46.7	Isa.46.7	same	
Isa.46.8	Isa.46.8	same	
Isa.46.9	Isa.46.9	same	
Isa.46.10	Isa.46.10	same	
Isa.46.11	Isa.46.11	same	
Isa.46.12	Isa.46.12	same	
Isa.46.13	Isa.46.13	same	
Isa.47.1	Isa.47.1	same	
Isa.47.2	Isa.47.2	same	
Isa.47.3	Isa.47.3	same	
Isa.47.4	Isa.47.4	same	
Isa.47.5	Isa.47.5	same	
Isa.47.6	Isa.47.6	same	
Isa.47.7	Isa.47.7	same	
Isa.47.9	Isa.47.9	same	
Isa.47.10	Isa.47.10	same	
Isa.47.11	Isa.47.11	same	
Isa.47.12	Isa.47.12	same	
Isa.47.13	Isa.47.13	same	
Isa.47.14	Isa.47.14	same	
Isa.47.15	Isa.47.15	same	
Isa.48.1	Isa.48.1	same	
Isa.48.2	Isa.48.2	same	
Isa.48.3	Isa.48.3	same	
Isa.48.4	Isa.48.4	same	
Isa.48.5	Isa.48.5	same	
Isa.48.6	Isa.48.6	same	
Isa.48.7	Isa.48.7	same	
Isa.48.8	Isa.48.8	same	
Isa.48.9	Isa.48.9	same	
Isa.48.10	Isa.48.10	same	
Isa.48.11	Isa.48.11	same	
Isa.48.12	Isa.48.12	same	
Isa.48.13	Isa.48.13	same	
Isa.48.14	Isa.48.14	same	
Isa.48.15	Isa.48.15	same	
Isa.48.16	Isa.48.16	same	
Isa.48.17	Isa.48.17	same	
Isa.48.18	Isa.48.18	same	
Isa.48.19	Isa.48.19	same	
Isa.48.20	Isa.48.20	same	
Isa.48.21	Isa.48.21	same	
Isa.48.22	Isa.48.22	same	
Isa.49.1	Isa.49.1	same	
Isa.49.2	Isa.49.2	same	
Isa.49.3	Isa.49.3	same	
Isa.49.4	Isa.49.4	same	
Isa.49.5	Isa.49.5	same	
Isa.49.6	Isa.49.6	same	
Isa.49.7	Isa.49.7	same	
Isa.49.8	Isa.49.8	same	
Isa.49.9	Isa.49.9	same	
Isa.49.10	Isa.49.10	same	
Isa.49.11	Isa.49.11	same	
Isa.49.12	Isa.49.12	same	
Isa.49.14	Isa.49.14	same	
Isa.49.15	Isa.49.15	same	
Isa.49.16	Isa.49.16	same	
Isa.49.17	Isa.49.17	same	
Isa.49.18	Isa.49.18	same	
Isa.49.19	Isa.49.19	same	
Isa.49.20	Isa.49.20	same	
Isa.49.21	Isa.49.21	same	
Isa.49.22	Isa.49.22	same	
Isa.49.23	Isa.49.23	same	
Isa.49.24	Isa.49.24	same	
Isa.49.25	Isa.49.25	same	
Isa.49.26	Isa.49.26	same	
Isa.50.1	Isa.50.1	same	
Isa.50.2	Isa.50.2	same	
Isa.50.3	Isa.50.3	same	
Isa.50.4	Isa.50.4	same	
Isa.50.5	Isa.50.5	same	
Isa.50.6	Isa.50.6	same	
Isa.50.7	Isa.50.7	same	
Isa.50.8	Isa.50.8	same	
Isa.50.9	Isa.50.9	same	
Isa.50.10	Isa.50.10	same	
Isa.50.11	Isa.50.11	same	
Isa.51.1	Isa.51.1	same	
Isa.51.2	Isa.51.2	same	
Isa.51.3	Isa.51.3	same	
Isa.51.4	Isa.51.4	same	
Isa.51.5	Isa.51.5	same	
Isa.51.6	Isa.51.6	same	
Isa.51.7	Isa.51.7	same	
Isa.51.8	Isa.51.8	same	
Isa.51.9	Isa.51.9	same	
Isa.51.10	Isa.51.10	same	
Isa.51.11	Isa.51.11	same	
Isa.51.12	Isa.51.12	same	
Isa.51.13	Isa.51.13	same	
Isa.51.14	Isa.51.14	same	
Isa.51.15	Isa.51.15	same	
Isa.51.16	Isa.51.16	same	
Isa.51.17	Isa.51.17	same	
Isa.51.18	Isa.51.18	same	
Isa.51.19	Isa.51.19	same	
Isa.51.20	Isa.51.20	same	
Isa.51.21	Isa.51.21	same	
Isa.51.22	Isa.51.22	same	
Isa.51.23	Isa.51.23	same	
Isa.52.1	Isa.52.1	same	
Isa.52.2	Isa.52.2	same	
Isa.52.4	Isa.52.4	same	
Isa.52.5	Isa.52.5	same	
Isa.52.6	Isa.52.6	same	
Isa.52.7	Isa.52.7	same	
Isa.52.8	Isa.52.8	same	
Isa.52.9	Isa.52.9	same	
Isa.52.10	Isa.52.10	same	
Isa.52.11	Isa.52.11	same	
Isa.52.12	Isa.52.12	same	
Isa.52.13	Isa.52.13	same	
Isa.52.14	Isa.52.14	same	
Isa.52.15	Isa.52.15	same	
Isa.53.1	Isa.53.1	same	
Isa.53.2	Isa.53.2	same	
Isa.53.3	Isa.53.3	same	
Isa.53.4	Isa.53.4	same	
Isa.53.5	Isa.53.5	same	
Isa.53.6	Isa.53.6	same	
Isa.53.7	Isa.53.7	same	
Isa.53.8	Isa.53.8	same	
Isa.53.9	Isa.53.9	same	
Isa.53.10	Isa.53.10	same	
Isa.53.11	Isa.53.11	same	
Isa.53.12	Isa.53.12	same	
Isa.54.1	Isa.54.1	same	
Isa.54.2	Isa.54.2	same	
Isa.54.3	Isa.54.3	same	
Isa.54.4	Isa.54.4	same	
Isa.54.5	Isa.54.5	same	
Isa.54.6	Isa.54.6	same	
Isa.54.7	Isa.54.7	same	
Isa.54.8	Isa.54.8	same	
Isa.54.9	Isa.54.9	same	
Isa.54.10	Isa.54.10	same	
Isa.54.11	Isa.54.11	same	
Isa.54.12	Isa.54.12	same	
Isa.54.13	Isa.54.13	same	
Isa.54.14	Isa.54.14	same	
Isa.54.15	Isa.54.15	same	
Isa.54.16	Isa.54.16	same	
Isa.54.17	Isa.54.17	same	
Isa.55.1	Isa.55.1	same	
Isa.55.2	Isa.55.2	same	
Isa.55.3	Isa.55.3	same	
Isa.55.4	Isa.55.4	same	
Isa.55.5	Isa.55.5	same	
Isa.55.6	Isa.55.6	same	
Isa.55.7	Isa.55.7	same	
Isa.55.8	Isa.55.8	same	
Isa.55.9	Isa.55.9	same	
Isa.55.10	Isa.55.10	same	
Isa.55.11	Isa.55.11	same	
Isa.55.12	Isa.55.12	same	
Isa.55.13	Isa.55.13	same	
Isa.56.1	Isa.56.1	same	
Isa.56.2	Isa.56.2	same	
Isa.56.3	Isa.56.3	same	
Isa.56.4	Isa.56.4	same	
Isa.56.5	Isa.56.5	same	
Isa.56.6	Isa.56.6	same	
Isa.56.7	Isa.56.7	same	
Isa.56.8	Isa.56.8	same	
Isa.56.9	Isa.56.9	same	
Isa.56.10	Isa.56.10	same	
Isa.56.11	Isa.56.11	same	
Isa.57.1	Isa.57.1	same	
Isa.57.2	Isa.57.2	same	
Isa.57.3	Isa.57.3	same	
Isa.57.4	Isa.57.4	same	
Isa.57.5	Isa.57.5	same	
Isa.57.6	Isa.57.6	same	
Isa.57.7	Isa.57.7	same	
Isa.57.8	Isa.57.8	same	
Isa.57.9	Isa.57.9	same	
Isa.57.10	Isa.57.10	same	
Isa.57.11	Isa.57.11	same	
Isa.57.12	Isa.57.12	same	
Isa.57.13	Isa.57.13	same	
Isa.57.14	Isa.57.14	same	
Isa.57.15	Isa.57.15	same	
Isa.57.16	Isa.57.16	same	
Isa.57.17	Isa.57.17	same	
Isa.57.18	Isa.57.18	same	
Isa.57.19	Isa.57.19	same	
Isa.57.20	Isa.57.20	same	
Isa.57.21	Isa.57.21	same	
Isa.58.1	Isa.58.1	same	
Isa.58.2	Isa.58.2	same	
Isa.58.3	Isa.58.3	same	
Isa.58.4	Isa.58.4	same	
Isa.58.5	Isa.58.5	same	
Isa.58.6	Isa.58.6	same	
Isa.58.7	Isa.58.7	same	
Isa.58.8	Isa.58.8	same	
Isa.58.9	Isa.58.9	same	
Isa.58.10	Isa.58.10	same	
Isa.58.11	Isa.58.11	same	
Isa.58.12	Isa.58.12	same	
Isa.58.13	Isa.58.13	same	
Isa.58.14	Isa.58.14	same	
Isa.59.1	Isa.59.1	same	
Isa.59.2	Isa.59.2	same	
Isa.59.3	Isa.59.3	same	
Isa.59.4	Isa.59.4	same	
Isa.59.5	Isa.59.5	same	
Isa.59.6	Isa.59.6	same	
Isa.59.7	Isa.59.7	same	
Isa.59.8	Isa.59.8	same	
Isa.59.9	Isa.59.9	same	
Isa.59.10	Isa.59.10	same	
Isa.59.11	Isa.59.11	same	
Isa.59.12	Isa.59.12	same	
Isa.59.13	Isa.59.13	same	
Isa.59.14	Isa.59.14	same	
Isa.59.15	Isa.59.15	same	
Isa.59.16	Isa.59.16	same	
Isa.59.17	Isa.59.17	same	
Isa.59.18	Isa.59.18	same	
Isa.59.19	Isa.59.19	same	
Isa.59.20	Isa.59.20	same	
Isa.59.21	Isa.59.21	same	
Isa.60.1	Isa.60.1	same	
Isa.60.2	Isa.60.2	same	
Isa.60.3	Isa.60.3	same	
Isa.60.4	Isa.60.4	same	
Isa.60.5	Isa.60.5	same	
Isa.60.6	Isa.60.6	same	
Isa.60.7	Isa.60.7	same	
Isa.60.8	Isa.60.8	same	
Isa.60.9	Isa.60.9	same	
Isa.60.10	Isa.60.10	same	
Isa.60.11	Isa.60.11	same	
Isa.60.12	Isa.60.12	same	
Isa.60.13	Isa.60.13	same	
Isa.60.14	Isa.60.14	same	
Isa.60.15	Isa.60.15	same	
Isa.60.16	Isa.60.16	same	
Isa.60.17	Isa.60.17	same	
Isa.60.18	Isa.60.18	same	
Isa.60.19	Isa.60.19	same	
Isa.60.20	Isa.60.20	same	
Isa.60.21	Isa.60.21	same	
Isa.60.22	Isa.60.22	same	
Isa.61.1	Isa.61.1	same	
Isa.61.2	Isa.61.2	same	
Isa.61.3	Isa.61.3	same	
Isa.61.4	Isa.61.4	same	
Isa.61.5	Isa.61.5	same	
Isa.61.6	Isa.61.6	same	
Isa.61.7	Isa.61.7	same	
Isa.61.8	Isa.61.8	same	
Isa.61.9	Isa.61.9	same	
Isa.61.10	Isa.61.10	same	
Isa.61.11	Isa.61.11	same	
Isa.62.1	Isa.62.1	same	
Isa.62.2	Isa.62.2	same	
Isa.62.3	Isa.62.3	same	
Isa.62.4	Isa.62.4	same	
Isa.62.5	Isa.62.5	same	
Isa.62.6	Isa.62.6	same	
Isa.62.7	Isa.62.7	same	
Isa.62.8	Isa.62.8	same	
Isa.62.9	Isa.62.9	same	
Isa.62.10	Isa.62.10	same	
Isa.62.11	Isa.62.11	same	
Isa.62.12	Isa.62.12	same	
Isa.63.1	Isa.63.1	same	
Isa.63.2	Isa.63.2	same	
Isa.63.3	Isa.63.3	same	
Isa.63.4	Isa.63.4	same	
Isa.63.5	Isa.63.5	same	
Isa.63.6	Isa.63.6	same	
Isa.63.7	Isa.63.7	same	
Isa.63.8	Isa.63.8	same	
Isa.63.9	Isa.63.9	same	
Isa.63.10	Isa.63.10	same	
Isa.63.11	Isa.63.11	same	
Isa.63.12	Isa.63.12	same	
Isa.63.13	Isa.63.13	same	
Isa.63.14	Isa.63.14	same	
Isa.63.15	Isa.63.15	same	
Isa.63.16	Isa.63.16	same	
Isa.63.17	Isa.63.17	same	
Isa.63.18	Isa.63.18	unmatched	
Isa.63.19	Isa.63.19	same	Keep verse (another tradition's pattern)
Isa.64.1	Isa.64.1	same	Keep verse (another tradition's pattern)
Isa.64.2	Isa.64.2	same	Keep verse (another tradition's pattern)
Isa.64.3	Isa.64.3	same	Keep verse (another tradition's pattern)
Isa.64.4	Isa.64.4	same	Keep verse (another tradition's pattern)
Isa.64.5	Isa.64.5	same	Keep verse (another tradition's pattern)
Isa.64.6	Isa.64.6	same	Keep verse (another tradition's pattern)
Isa.64.7	Isa.64.7	same	Keep verse (another tradition's pattern)
Isa.64.8	Isa.64.8	same	Keep verse (another tradition's pattern)
Isa.64.9	Isa.64.9	same	Keep verse (another tradition's pattern)
Isa.64.10	Isa.64.10	same	Keep verse (another tradition's pattern)
Isa.64.11	Isa.64.11	same	Keep verse (another tradition's pattern)
Isa.64.12	Isa.64.12	same	Keep verse (another tradition's pattern)
Isa.65.1	Isa.65.1	same	
Isa.65.2	Isa.65.2	same	
Isa.65.3	Isa.65.3	same	
Isa.65.4	Isa.65.4	same	
Isa.65.5	Isa.65.5	same	
Isa.65.6	Isa.65.6	same	
Isa.65.7	Isa.65.7	same	
Isa.65.8	Isa.65.8	same	
Isa.65.9	Isa.65.9	same	
Isa.65.10	Isa.65.10	same	
Isa.65.11	Isa.65.11	same	
Isa.65.12	Isa.65.12	same	
Isa.65.13	Isa.65.13	same	
Isa.65.14	Isa.65.14	same	
Isa.65.15	Isa.65.15	same	
Isa.65.16	Isa.65.16	same	
Isa.65.17	Isa.65.17	same	
Isa.65.18	Isa.65.18	same	
Isa.65.19	Isa.65.19	same	
Isa.65.20	Isa.65.20	same	
Isa.65.23	Isa.65.23	same	
Isa.65.24	Isa.65.24	same	
Isa.65.25	Isa.65.25	same	
Isa.66.1	Isa.66.1	same	
Isa.66.2	Isa.66.2	same	
Isa.66.3	Isa.66.3	same	
Isa.66.4	Isa.66.4	same	
Isa.66.5	Isa.66.5	same	
Isa.66.6	Isa.66.6	same	
Isa.66.7	Isa.66.7	same	
Isa.66.8	Isa.66.8	same	
Isa.66.9	Isa.66.9	same	
Isa.66.10	Isa.66.10	same	
Isa.66.11	Isa.66.11	same	
Isa.66.12	Isa.66.12	same	
Isa.66.13	Isa.66.13	same	
Isa.66.14	Isa.66.14	same	
Isa.66.15	Isa.66.15	same	
Isa.66.16	Isa.66.16	same	
Isa.66.17	Isa.66.17	same	
Isa.66.18	Isa.66.18	same	
Isa.66.19	Isa.66.19	same	
Isa.66.20	Isa.66.20	same	
Isa.66.21	Isa.66.21	same	
Isa.66.22	Isa.66.22	same	
Isa.66.23	Isa.66.23	same	
Isa.66.24	Isa.66.24	same	
Jer.1.1	Jer.1.1	same	
Jer.1.2	Jer.1.2	same	
Jer.1.3	Jer.1.3	same	
Jer.1.4	Jer.1.4	same	
Jer.1.5	Jer.1.5	same	
Jer.1.6	Jer.1.6	same	
Jer.1.7	Jer.1.7	same	
Jer.1.8	Jer.1.8	same	
Jer.1.9	Jer.1.9	same	
Jer.1.10	Jer.1.10	same	
Jer.1.11	Jer.1.11	same	
Jer.1.12	Jer.1.12	same	
Jer.1.13	Jer.1.13	same	
Jer.1.14	Jer.1.14	same	
Jer.1.15	Jer.1.15	same	
Jer.1.16	Jer.1.16	same	
Jer.1.17	Jer.1.17	same	
Jer.1.18	Jer.1.18	same	
Jer.1.19	Jer.1.19	same	
Jer.2.2	Jer.2.2	same	
Jer.2.3	Jer.2.3	same	
Jer.2.4	Jer.2.4	same	
Jer.2.5	Jer.2.5	same	
Jer.2.7	Jer.2.7	same	
Jer.2.8	Jer.2.8	same	
Jer.2.9	Jer.2.9	same	
Jer.2.10	Jer.2.10	same	
Jer.2.11	Jer.2.11	same	
Jer.2.12	Jer.2.12	same	
Jer.2.13	Jer.2.13	same	
Jer.2.14	Jer.2.14	same	
Jer.2.15	Jer.2.15	same	
Jer.2.16	Jer.2.16	same	
Jer.2.17	Jer.2.17	same	
Jer.2.18	Jer.2.18	same	
Jer.2.19	Jer.2.19	same	
Jer.2.20	Jer.2.20	same	
Jer.2.21	Jer.2.21	same	
Jer.2.22	Jer.2.22	same	
Jer.2.23	Jer.2.23	same	
Jer.2.24	Jer.2.24	same	
Jer.2.25	Jer.2.25	same	
Jer.2.26	Jer.2.26	same	
Jer.2.27	Jer.2.27	same	
Jer.2.28	Jer.2.28	same	
Jer.2.29	Jer.2.29	same	
Jer.2.30	Jer.2.30	same	
Jer.2.31	Jer.2.31	same	
Jer.2.32	Jer.2.32	same	
Jer.2.33	Jer.2.33	same	
Jer.2.34	Jer.2.34	same	
Jer.2.35	Jer.2.35	same	
Jer.2.36	Jer.2.36	same	
Jer.3.1	Jer.3.1	same	
Jer.3.2	Jer.3.2	same	
Jer.3.3	Jer.3.3	same	
Jer.3.4	Jer.3.4	same	
Jer.3.5	Jer.3.5	same	
Jer.3.6	Jer.3.6	same	
Jer.3.7	Jer.3.7	same	
Jer.3.8	Jer.3.8	same	
Jer.3.9	Jer.3.9	same	
Jer.3.10	Jer.3.10	same	
Jer.3.11	Jer.3.11	same	
Jer.3.12	Jer.3.12	same	
Jer.3.13	Jer.3.13	same	
Jer.3.14	Jer.3.14	same	
Jer.3.15	Jer.3.15	same	
Jer.3.16	Jer.3.16	same	
Jer.3.17	Jer.3.17	same	
Jer.3.18	Jer.3.18	same	
Jer.3.19	Jer.3.19	same	
Jer.3.20	Jer.3.20	same	
Jer.3.21	Jer.3.21	same	
Jer.3.22	Jer.3.22	same	
Jer.3.23	Jer.3.23	same	
Jer.3.24	Jer.3.24	same	
Jer.3.25	Jer.3.25	same	
Jer.4.1	Jer.4.1	same	
Jer.4.2	Jer.4.2	same	
Jer.4.3	Jer.4.3	same	
Jer.4.4	Jer.4.4	same	
Jer.4.5	Jer.4.5	same	
Jer.4.6	Jer.4.6	same	
Jer.4.7	Jer.4.7	same	
Jer.4.8	Jer.4.8	same	
Jer.4.9	Jer.4.9	same	
Jer.4.10	Jer.4.10	same	
Jer.4.11	Jer.4.11	same	
Jer.4.12	Jer.4.12	same	
Jer.4.13	Jer.4.13	same	
Jer.4.14	Jer.4.14	same	
Jer.4.15	Jer.4.15	same	
Jer.4.16	Jer.4.16	same	
Jer.4.17	Jer.4.17	same	
Jer.4.18	Jer.4.18	same	
Jer.4.19	Jer.4.19	same	
Jer.4.20	Jer.4.20	same	
Jer.4.21	Jer.4.21	same	
Jer.4.22	Jer.4.22	same	
Jer.4.23	Jer.4.23	same	
Jer.4.24	Jer.4.24	same	
Jer.4.25	Jer.4.25	same	
Jer.4.26	Jer.4.26	same	
Jer.4.27	Jer.4.27	same	
Jer.4.28	Jer.4.28	same	
Jer.4.29	Jer.4.29	same	
Jer.4.30	Jer.4.30	same	
Jer.4.31	Jer.4.31	same	
Jer.5.1	Jer.5.1	same	
Jer.5.2	Jer.5.2	same	
Jer.5.3	Jer.5.3	same	
Jer.5.4	Jer.5.4	same	
Jer.5.5	Jer.5.5	same	
Jer.5.6	Jer.5.6	same	
Jer.5.7	Jer.5.7	same	
Jer.5.8	Jer.5.8	same	
Jer.5.9	Jer.5.9	same	
Jer.5.10	Jer.5.10	same	
Jer.5.11	Jer.5.11	same	
Jer.5.12	Jer.5.12	same	
Jer.5.13	Jer.5.13	same	
Jer.5.14	Jer.5.14	same	
Jer.5.15	Jer.5.15	same	
Jer.5.16	Jer.5.16	same	
Jer.5.17	Jer.5.17	same	
Jer.5.18	Jer.5.18	same	
Jer.5.19	Jer.5.19	same	
Jer.5.20	Jer.5.20	same	
Jer.5.21	Jer.5.21	same	
Jer.5.22	Jer.5.22	same	
Jer.5.23	Jer.5.23	same	
Jer.5.24	Jer.5.24	same	
Jer.5.25	Jer.5.25	same	
Jer.5.26	Jer.5.26	same	
Jer.5.27	Jer.5.27	same	
Jer.5.28	Jer.5.28	same	
Jer.5.29	Jer.5.29	same	
Jer.5.30	Jer.5.30	same	
Jer.5.31	Jer.5.31	same	
Jer.6.1	Jer.6.1	same	
Jer.6.2	Jer.6.2	same	
Jer.6.3	Jer.6.3	same	
Jer.6.4	Jer.6.4	same	
Jer.6.5	Jer.6.5	same	
Jer.6.6	Jer.6.6	same	
Jer.6.7	Jer.6.7	same	
Jer.6.8	Jer.6.8	same	
Jer.6.9	Jer.6.9	same	
Jer.6.10	Jer.6.10	same	
Jer.6.11	Jer.6.11	same	
Jer.6.12	Jer.6.12	same	
Jer.6.13	Jer.6.13	same	
Jer.6.14	Jer.6.14	same	
Jer.6.15	Jer.6.15	same	
Jer.6.16	Jer.6.16	same	
Jer.6.17	Jer.6.17	same	
Jer.6.18	Jer.6.18	same	
Jer.6.19	Jer.6.19	same	
Jer.6.20	Jer.6.20	same	
Jer.6.21	Jer.6.21	same	
Jer.6.22	Jer.6.22	same	
Jer.6.23	Jer.6.23	same	
Jer.6.24	Jer.6.24	same	
Jer.6.25	Jer.6.25	same	
Jer.6.26	Jer.6.26	same	
Jer.6.27	Jer.6.27	same	
Jer.6.28	Jer.6.28	same	
Jer.6.29	Jer.6.29	same	
Jer.6.30	Jer.6.30	same	
Jer.7.2	Jer.7.2	same	
Jer.7.3	Jer.7.3	same	
Jer.7.4	Jer.7.4	same	
Jer.7.5	Jer.7.5	same	
Jer.7.6	Jer.7.6	same	
Jer.7.7	Jer.7.7	same	
Jer.7.8	Jer.7.8	same	
Jer.7.9	Jer.7.9	same	
Jer.7.10	Jer.7.10	same	
Jer.7.11	Jer.7.11	same	
Jer.7.12	Jer.7.12	same	
Jer.7.13	Jer.7.13	same	
Jer.7.14	Jer.7.14	same	
Jer.7.15	Jer.7.15	same	
Jer.7.16	Jer.7.16	same	
Jer.7.17	Jer.7.17	same	
Jer.7.18	Jer.7.18	same	
Jer.7.19	Jer.7.19	same	
Jer.7.20	Jer.7.20	same	
Jer.7.21	Jer.7.21	same	
Jer.7.22	Jer.7.22	same	
Jer.7.23	Jer.7.23	same	
Jer.7.24	Jer.7.24	same	
Jer.7.25	Jer.7.25	same	
Jer.7.26	Jer.7.26	same	
Jer.7.28	Jer.7.28	same	
Jer.7.29	Jer.7.29	same	
Jer.7.30	Jer.7.30	same	
Jer.7.31	Jer.7.31	same	
Jer.7.32	Jer.7.32	same	
Jer.7.33	Jer.7.33	same	
Jer.7.34	Jer.7.34	same	
Jer.8.1	Jer.8.1	same	
Jer.8.2	Jer.8.2	same	
Jer.8.3	Jer.8.3	same	
Jer.8.4	Jer.8.4	same	
Jer.8.5	Jer.8.5	same	
Jer.8.6	Jer.8.6	same	
Jer.8.7	Jer.8.7	same	
Jer.8.8	Jer.8.8	same	
Jer.8.9	Jer.8.9	same	
Jer.8.10	Jer.8.10	same	
Jer.8.13	Jer.8.13	same	
Jer.8.14	Jer.8.14	same	
Jer.8.15	Jer.8.15	same	
Jer.8.16	Jer.8.16	same	
Jer.8.17	Jer.8.17	same	
Jer.8.18	Jer.8.18	same	
Jer.8.19	Jer.8.19	same	
Jer.8.20	Jer.8.20	same	
Jer.8.21	Jer.8.21	same	
Jer.8.22	Jer.8.22	same	
Jer.9.1	Jer.9.1	same	Keep verse (another tradition's pattern)
Jer.9.2	Jer.9.2	same	Keep verse (another tradition's pattern)
Jer.9.3	Jer.9.3	same	Keep verse (another tradition's pattern)
Jer.9.4	Jer.9.4	same	Keep verse (another tradition's pattern)
Jer.9.5	Jer.9.5	same	Keep verse (another tradition's pattern)
Jer.9.6	Jer.9.6	same	Keep verse (another tradition's pattern)
Jer.9.7	Jer.9.7	same	Keep verse (another tradition's pattern)
Jer.9.8	Jer.9.8	same	Keep verse (another tradition's pattern)
Jer.9.9	Jer.9.9	same	Keep verse (another tradition's pattern)
Jer.9.10	Jer.9.10	same	Keep verse (another tradition's pattern)
Jer.9.11	Jer.9.11	same	Keep verse (another tradition's pattern)
Jer.9.12	Jer.9.12	same	Keep verse (another tradition's pattern)
Jer.9.13	Jer.9.13	same	Keep verse (another tradition's pattern)
Jer.9.14	Jer.9.14	same	Keep verse (another tradition's pattern)
Jer.9.15	Jer.9.15	same	Keep verse (another tradition's pattern)
Jer.9.16	Jer.9.16	same	Keep verse (another tradition's pattern)
Jer.9.17	Jer.9.17	same	Keep verse (another tradition's pattern)
Jer.9.18	Jer.9.18	same	Keep verse (another tradition's pattern)
Jer.9.19	Jer.9.19	same	Keep verse (another tradition's pattern)
Jer.9.20	Jer.9.20	same	Keep verse (another tradition's pattern)
Jer.9.21	Jer.9.21	same	Keep verse (another tradition's pattern)
Jer.9.22	Jer.9.22	same	Keep verse (another tradition's pattern)
Jer.9.23	Jer.9.23	same	Keep verse (another tradition's pattern)
Jer.9.24	Jer.9.24	same	Keep verse (another tradition's pattern)
Jer.9.25	Jer.9.25	same	Keep verse (another tradition's pattern)
Jer.9.26	Jer.9.26	same	Keep verse (another tradition's pattern)
Jer.10.1	Jer.10.1	same	
Jer.10.2	Jer.10.2	same	
Jer.10.3	Jer.10.3	same	
Jer.10.4	Jer.10.4	same	
Jer.10.5a		not-in-kjv	
Jer.10.9	Jer.10.9	same	
Jer.10.5b		not-in-kjv	
Jer.10.11	Jer.10.11	same	
Jer.10.12	Jer.10.12	same	
Jer.10.13	Jer.10.13	same	
Jer.10.14	Jer.10.14	same	
Jer.10.15	Jer.10.15	same	
Jer.10.16	Jer.10.16	same	
Jer.10.17	Jer.10.17	same	
Jer.10.18	Jer.10.18	same	
Jer.10.19	Jer.10.19	same	
Jer.10.20	Jer.10.20	same	
Jer.10.21	Jer.10.21	same	
Jer.10.22	Jer.10.22	same	
Jer.10.23	Jer.10.23	same	
Jer.10.24	Jer.10.24	same	
Jer.10.25	Jer.10.25	same	
Jer.11.1	Jer.11.1	same	
Jer.11.2	Jer.11.2	same	
Jer.11.3	Jer.11.3	same	
Jer.11.4	Jer.11.4	same	
Jer.11.5	Jer.11.5	same	
Jer.11.6	Jer.11.6	same	
Jer.11.8	Jer.11.8	same	
Jer.11.9	Jer.11.9	same	
Jer.11.10	Jer.11.10	same	
Jer.11.11	Jer.11.11	same	
Jer.11.12	Jer.11.12	same	
Jer.11.13	Jer.11.13	same	
Jer.11.14	Jer.11.14	same	
Jer.11.15	Jer.11.15	same	
Jer.11.16	Jer.11.16	same	
Jer.11.17	Jer.11.17	same	
Jer.11.18	Jer.11.18	same	
Jer.11.19	Jer.11.19	same	
Jer.11.20	Jer.11.20	same	
Jer.11.21	Jer.11.21	same	
Jer.11.22	Jer.11.22	same	
Jer.11.23	Jer.11.23	same	
Jer.12.1	Jer.12.1	same	
Jer.12.2	Jer.12.2	same	
Jer.12.3	Jer.12.3	same	
Jer.12.4	Jer.12.4	same	
Jer.12.5	Jer.12.5	same	
Jer.12.6	Jer.12.6	same	
Jer.12.7	Jer.12.7	same	
Jer.12.8	Jer.12.8	same	
Jer.12.9	Jer.12.9	same	
Jer.12.10	Jer.12.10	same	
Jer.12.11	Jer.12.11	same	
Jer.12.12	Jer.12.12	same	
Jer.12.13	Jer.12.13	same	
Jer.12.14	Jer.12.14	same	
Jer.12.15	Jer.12.15	same	
Jer.12.16	Jer.12.16	same	
Jer.12.17	Jer.12.17	same	
Jer.13.1	Jer.13.1	same	
Jer.13.2	Jer.13.2	same	
Jer.13.3	Jer.13.3	same	
Jer.13.4	Jer.13.4	same	
Jer.13.5	Jer.13.5	same	
Jer.13.6	Jer.13.6	same	
Jer.13.7	Jer.13.7	same	
Jer.13.8	Jer.13.8	same	
Jer.13.9	Jer.13.9	same	
Jer.13.10	Jer.13.10	same	
Jer.13.11	Jer.13.11	same	
Jer.13.12	Jer.13.12	same	
Jer.13.13	Jer.13.13	same	
Jer.13.14	Jer.13.14	same	
Jer.13.15	Jer.13.15	same	
Jer.13.16	Jer.13.16	same	
Jer.13.17	Jer.13.17	same	
Jer.13.18	Jer.13.18	same	
Jer.13.19	Jer.13.19	same	
Jer.13.20	Jer.13.20	same	
Jer.13.21	Jer.13.21	same	
Jer.13.22	Jer.13.22	same	
Jer.13.23	Jer.13.23	same	
Jer.13.24	Jer.13.24	same	
Jer.13.25	Jer.13.25	same	
Jer.13.26	Jer.13.26	same	
Jer.13.27	Jer.13.27	same	
Jer.14.1	Jer.14.1	same	
Jer.14.2	Jer.14.2	same	
Jer.14.3	Jer.14.3	same	
Jer.14.4	Jer.14.4	same	
Jer.14.5	Jer.14.5	same	
Jer.14.6	Jer.14.6	same	
Jer.14.7	Jer.14.7	same	
Jer.14.8	Jer.14.8	same	
Jer.14.9	Jer.14.9	same	
Jer.14.10	Jer.14.10	same	
Jer.14.11	Jer.14.11	same	
Jer.14.12	Jer.14.12	same	
Jer.14.13	Jer.14.13	same	
Jer.14.14	Jer.14.14	same	
Jer.14.15	Jer.14.15	same	
Jer.14.16	Jer.14.16	same	
Jer.14.17	Jer.14.17	same	
Jer.14.18	Jer.14.18	same	
Jer.14.19	Jer.14.19	same	
Jer.14.20	Jer.14.20	same	
Jer.14.21	Jer.14.21	same	
Jer.14.22	Jer.14.22	same	
Jer.15.1	Jer.15.1	same	
Jer.15.2	Jer.15.2	same	
Jer.15.3	Jer.15.3	same	
Jer.15.4	Jer.15.4	same	
Jer.15.5	Jer.15.5	same	
Jer.15.6	Jer.15.6	same	
Jer.15.7	Jer.15.7	same	
Jer.15.8	Jer.15.8	same	
Jer.15.9	Jer.15.9	same	
Jer.15.10	Jer.15.10	same	
Jer.15.11	Jer.15.11	same	
Jer.15.12	Jer.15.12	same	
Jer.15.13	Jer.15.13	same	
Jer.15.14	Jer.15.14	same	
Jer.15.15	Jer.15.15	same	
Jer.15.16	Jer.15.16	same	
Jer.15.17	Jer.15.17	same	
Jer.15.18	Jer.15.18	same	
Jer.15.19	Jer.15.19	same	
Jer.15.20	Jer.15.20	same	
Jer.15.21	Jer.15.21	same	
Jer.16.1	Jer.16.1	same	
Jer.16.2	Jer.16.2	same	
Jer.16.3	Jer.16.3	same	
Jer.16.4	Jer.16.4	same	
Jer.16.5	Jer.16.5	same	
Jer.16.6	Jer.16.6	same	
Jer.16.7	Jer.16.7	same	
Jer.16.8	Jer.16.8	same	
Jer.16.9	Jer.16.9	same	
Jer.16.10	Jer.16.10	same	
Jer.16.11	Jer.16.11	same	
Jer.16.12	Jer.16.12	same	
Jer.16.13	Jer.16.13	same	
Jer.16.14	Jer.16.14	same	
Jer.16.15	Jer.16.15	same	
Jer.16.16	Jer.16.16	same	
Jer.16.17	Jer.16.17	same	
Jer.16.18	Jer.16.18	same	
Jer.16.19	Jer.16.19	same	
Jer.16.20	Jer.16.20	same	
Jer.16.21	Jer.16.21	same	
Jer.17.5	Jer.17.5	same	
Jer.17.6	Jer.17.6	same	
Jer.17.7	Jer.17.7	same	
Jer.17.8	Jer.17.8	same	
Jer.17.9	Jer.17.9	same	
Jer.17.10	Jer.17.10	same	
Jer.17.11	Jer.17.11	same	
Jer.17.12	Jer.17.12	same	
Jer.17.13	Jer.17.13	same	
Jer.17.14	Jer.17.14	same	
Jer.17.15	Jer.17.15	same	
Jer.17.16	Jer.17.16	same	
Jer.17.17	Jer.17.17	same	
Jer.17.18	Jer.17.18	same	
Jer.17.19	Jer.17.19	same	
Jer.17.20	Jer.17.20	same	
Jer.17.21	Jer.17.21	same	
Jer.17.22	Jer.17.22	same	
Jer.17.23	Jer.17.23	same	
Jer.17.24	Jer.17.24	same	
Jer.17.25	Jer.17.25	same	
Jer.17.26	Jer.17.26	same	
Jer.17.27	Jer.17.27	same	
Jer.18.1	Jer.18.1	same	
Jer.18.2	Jer.18.2	same	
Jer.18.3	Jer.18.3	same	
Jer.18.4	Jer.18.4	same	
Jer.18.5	Jer.18.5	same	
Jer.18.6	Jer.18.6	same	
Jer.18.7	Jer.18.7	same	
Jer.18.8	Jer.18.8	same	
Jer.18.9	Jer.18.9	same	
Jer.18.10	Jer.18.10	same	
Jer.18.11	Jer.18.11	same	
Jer.18.12	Jer.18.12	same	
Jer.18.13	Jer.18.13	same	
Jer.18.14	Jer.18.14	same	
Jer.18.15	Jer.18.15	same	
Jer.18.16	Jer.18.16	same	
Jer.18.17	Jer.18.17	same	
Jer.18.18	Jer.18.18	same	
Jer.18.19	Jer.18.19	same	
Jer.18.20	Jer.18.20	same	
Jer.18.21	Jer.18.21	same	
Jer.18.22	Jer.18.22	same	
Jer.18.23	Jer.18.23	same	
Jer.19.1	Jer.19.1	same	
Jer.19.2	Jer.19.2	same	
Jer.19.3	Jer.19.3	same	
Jer.19.4	Jer.19.4	same	
Jer.19.5	Jer.19.5	same	
Jer.19.6	Jer.19.6	same	
Jer.19.7	Jer.19.7	same	
Jer.19.8	Jer.19.8	same	
Jer.19.9	Jer.19.9	same	
Jer.19.10	Jer.19.10	same	
Jer.19.11	Jer.19.11	same	
Jer.19.12	Jer.19.12	same	
Jer.19.13	Jer.19.13	same	
Jer.19.14	Jer.19.14	same	
Jer.19.15	Jer.19.15	same	
Jer.20.1	Jer.20.1	same	
Jer.20.2	Jer.20.2	same	
Jer.20.3	Jer.20.3	same	
Jer.20.4	Jer.20.4	same	
Jer.20.5	Jer.20.5	same	
Jer.20.6	Jer.20.6	same	
Jer.20.7	Jer.20.7	same	
Jer.20.8	Jer.20.8	same	
Jer.20.9	Jer.20.9	same	
Jer.20.10	Jer.20.10	same	
Jer.20.11	Jer.20.11	same	
Jer.20.12	Jer.20.12	same	
Jer.20.13	Jer.20.13	same	
Jer.20.14	Jer.20.14	same	
Jer.20.15	Jer.20.15	same	
Jer.20.16	Jer.20.16	same	
Jer.20.17	Jer.20.17	same	
Jer.20.18	Jer.20.18	same	
Jer.21.1	Jer.21.1	same	
Jer.21.2	Jer.21.2	same	
Jer.21.3	Jer.21.3	same	
Jer.21.4	Jer.21.4	same	
Jer.21.5	Jer.21.5	same	
Jer.21.6	Jer.21.6	same	
Jer.21.7	Jer.21.7	same	
Jer.21.8	Jer.21.8	same	
Jer.21.9	Jer.21.9	same	
Jer.21.10	Jer.21.10	same	
Jer.21.11	Jer.21.11	same	
Jer.21.12	Jer.21.12	same	
Jer.21.13	Jer.21.13	same	
Jer.21.14	Jer.21.14	same	
Jer.22.1	Jer.22.1	same	
Jer.22.2	Jer.22.2	same	
Jer.22.3	Jer.22.3	same	
Jer.22.4	Jer.22.4	same	
Jer.22.5	Jer.22.5	same	
Jer.22.6	Jer.22.6	same	
Jer.22.7	Jer.22.7	same	
Jer.22.8	Jer.22.8	same	
Jer.22.9	Jer.22.9	same	
Jer.22.10	Jer.22.10	same	
Jer.22.11	Jer.22.11	same	
Jer.22.12	Jer.22.12	same	
Jer.22.13	Jer.22.13	same	
Jer.22.14	Jer.22.14	same	
Jer.22.15	Jer.22.15	same	
Jer.22.16	Jer.22.16	same	
Jer.22.17	Jer.22.17	same	
Jer.22.18	Jer.22.18	same	
Jer.22.19	Jer.22.19	same	
Jer.22.20	Jer.22.20	same	
Jer.22.21	Jer.22.21	same	
Jer.22.22	Jer.22.22	same	
Jer.22.23	Jer.22.23	same	
Jer.22.24	Jer.22.24	same	
Jer.22.25	Jer.22.25	same	
Jer.22.26	Jer.22.26	same	
Jer.22.27	Jer.22.27	same	
Jer.22.28	Jer.22.28	same	
Jer.22.29	Jer.22.29	same	
Jer.22.30	Jer.22.30	same	
Jer.23.1	Jer.23.1	same	
Jer.23.2	Jer.23.2	same	
Jer.23.3	Jer.23.3	same	
Jer.23.4	Jer.23.4	same	
Jer.23.5	Jer.23.5	same	
Jer.23.6	Jer.23.6	same	
Jer.23.9	Jer.23.9	same	
Jer.23.10	Jer.23.10	same	
Jer.23.11	Jer.23.11	same	
Jer.23.12	Jer.23.12	same	
Jer.23.13	Jer.23.13	same	
Jer.23.14	Jer.23.14	same	
Jer.23.15	Jer.23.15	same	
Jer.23.16	Jer.23.16	same	
Jer.23.17	Jer.23.17	same	
Jer.23.18	Jer.23.18	same	
Jer.23.19	Jer.23.19	same	
Jer.23.20	Jer.23.20	same	
Jer.23.21	Jer.23.21	same	
Jer.23.22	Jer.23.22	same	
Jer.23.23	Jer.23.23	same	
Jer.23.24	Jer.23.24	same	
Jer.23.25	Jer.23.25	same	
Jer.23.26	Jer.23.26	same	
Jer.23.27	Jer.23.27	same	
Jer.23.28	Jer.23.28	same	
Jer.23.29	Jer.23.29	same	
Jer.23.32	Jer.23.32	same	
Jer.23.33	Jer.23.33	same	
Jer.23.34	Jer.23.34	same	
Jer.23.35	Jer.23.35	same	
Jer.23.36	Jer.23.36	same	
Jer.23.37	Jer.23.37	same	
Jer.23.38	Jer.23.38	same	
Jer.23.39	Jer.23.39	same	
Jer.23.40	Jer.23.40	same	
Jer.23.7	Jer.23.7	same	
Jer.23.8	Jer.23.8	same	
Jer.24.1	Jer.24.1	same	
Jer.24.2	Jer.24.2	same	
Jer.24.3	Jer.24.3	same	
Jer.24.4	Jer.24.4	same	
Jer.24.5	Jer.24.5	same	
Jer.24.6	Jer.24.6	same	
Jer.24.7	Jer.24.7	same	
Jer.24.8	Jer.24.8	same	
Jer.24.9	Jer.24.9	same	
Jer.24.10	Jer.24.10	same	
Jer.25.1	Jer.25.1	same	
Jer.25.2	Jer.25.2	same	
Jer.25.3	Jer.25.3	same	
Jer.25.4	Jer.25.4	same	
Jer.25.5	Jer.25.5	same	
Jer.25.6	Jer.25.6	same	
Jer.25.7	Jer.25.7	same	
Jer.25.8	Jer.25.8	same	
Jer.25.9	Jer.25.9	same	
Jer.25.10	Jer.25.10	same	
Jer.25.11	Jer.25.11	same	
Jer.25.12	Jer.25.12	same	
Jer.25.13	Jer.25.13	same	
Jer.25.14	Jer.49.34	renumbered	Renumber verse*
Jer.25.15	Jer.49.35	renumbered	Renumber verse*
Jer.25.16	Jer.49.36	renumbered	Renumber verse*
Jer.25.17	Jer.49.37	renumbered	Renumber verse*
Jer.25.18	Jer.49.38	renumbered	Renumber verse*
Jer.25.19	Jer.49.39	renumbered	Renumber verse*
Jer.26.1	Jer.46.1	renumbered	Renumber verse*
Jer.26.2	Jer.46.2	renumbered	Renumber verse*
Jer.26.3	Jer.46.3	renumbered	Renumber verse*
Jer.26.4	Jer.46.4	renumbered	Renumber verse*
Jer.26.5	Jer.46.5	renumbered	Renumber verse*
Jer.26.6	Jer.46.6	renumbered	Renumber verse*
Jer.26.8	Jer.46.8	renumbered	Renumber verse*
Jer.26.9	Jer.46.9	renumbered	Renumber verse*
Jer.26.10	Jer.46.10	renumbered	Renumber verse*
Jer.26.11	Jer.46.11	renumbered	Renumber verse*
Jer.26.12	Jer.46.12	renumbered	Renumber verse*
Jer.26.13	Jer.46.13	renumbered	Renumber verse*
Jer.26.14	Jer.46.14	renumbered	Renumber verse*
Jer.26.15	Jer.46.15	renumbered	Renumber verse*
Jer.26.16	Jer.46.16	renumbered	Renumber verse*
Jer.26.17	Jer.46.17	renumbered	Renumber verse*
Jer.26.18	Jer.46.18	renumbered	Renumber verse*
Jer.26.19	Jer.46.19	renumbered	Renumber verse*
Jer.26.20	Jer.46.20	renumbered	Renumber verse*
Jer.26.21	Jer.46.21	renumbered	Renumber verse*
Jer.26.22	Jer.46.22	renumbered	Renumber verse*
Jer.26.23	Jer.46.23	renumbered	Renumber verse*
Jer.26.24	Jer.46.24	renumbered	Renumber verse*
Jer.26.25	Jer.46.25	renumbered	Renumber verse*
Jer.26.27	Jer.46.27	renumbered	Renumber verse*
Jer.26.28	Jer.46.28	renumbered	Renumber verse*
Jer.27.1	Jer.27.1 Jer.50.1	several	IfEmpty verse; Renumber verse*
Jer.27.2	Jer.50.2	renumbered	Renumber verse*
Jer.27.3	Jer.50.3	renumbered	Renumber verse*
Jer.27.4	Jer.50.4	renumbered	Renumber verse*
Jer.27.5	Jer.50.5	renumbered	Renumber verse*
Jer.27.6	Jer.50.6	renumbered	Renumber verse*
Jer.27.7	Jer.27.7 Jer.50.7	several	IfEmpty verse; Renumber verse*
Jer.27.8	Jer.50.8	renumbered	Renumber verse*
Jer.27.9	Jer.50.9	renumbered	Renumber verse*
Jer.27.10	Jer.50.10	renumbered	Renumber verse*
Jer.27.11	Jer.50.11	renumbered	Renumber verse*
Jer.27.12	Jer.50.12	renumbered	Renumber verse*
Jer.27.13	Jer.27.13 Jer.50.13	several	IfEmpty verse; Renumber verse*
Jer.27.14	Jer.50.14	renumbered	Renumber verse*
Jer.27.15	Jer.50.15	renumbered	Renumber verse*
Jer.27.16	Jer.50.16	renumbered	Renumber verse*
Jer.27.17	Jer.50.17	renumbered	Renumber verse*
Jer.27.18	Jer.50.18	renumbered	Renumber verse*
Jer.27.19	Jer.50.19	renumbered	Renumber verse*
Jer.27.20	Jer.50.20	renumbered	Renumber verse*
Jer.27.21	Jer.27.21 Jer.50.21	several	IfEmpty verse; Renumber verse*
Jer.27.22	Jer.50.22	renumbered	Renumber verse*
Jer.27.23	Jer.50.23	renumbered	Renumber verse*
Jer.27.24	Jer.50.24	renumbered	Renumber verse*
Jer.27.25	Jer.50.25	renumbered	Renumber verse*
Jer.27.26	Jer.50.26	renumbered	Renumber verse*
Jer.27.27	Jer.50.27	renumbered	Renumber verse*
Jer.27.28	Jer.50.28	renumbered	Renumber verse*
Jer.27.29	Jer.50.29	renumbered	Renumber verse*
Jer.27.30	Jer.50.30	renumbered	Renumber verse*
Jer.27.31	Jer.50.31	renumbered	Renumber verse*
Jer.27.32	Jer.50.32	renumbered	Renumber verse*
Jer.27.33	Jer.50.33	renumbered	Renumber verse*
Jer.27.34	Jer.50.34	renumbered	Renumber verse*
Jer.27.35	Jer.50.35	renumbered	Renumber verse*
Jer.27.36	Jer.50.36	renumbered	Renumber verse*
Jer.27.37	Jer.50.37	renumbered	Renumber verse*
Jer.27.38	Jer.50.38	renumbered	Renumber verse*
Jer.27.39	Jer.50.39	renumbered	Renumber verse*
Jer.27.40	Jer.50.40	renumbered	Renumber verse*
Jer.27.41	Jer.50.41	renumbered	Renumber verse*
Jer.27.42	Jer.50.42	renumbered	Renumber verse*
Jer.27.43	Jer.50.43	renumbered	Renumber verse*
Jer.27.44	Jer.50.44	renumbered	Renumber verse*
Jer.27.45	Jer.50.45	renumbered	Renumber verse*
Jer.27.46	Jer.50.46	renumbered	Renumber verse*
Jer.28.1	Jer.51.1	renumbered	Renumber verse*
Jer.28.2	Jer.51.2	renumbered	Renumber verse*
Jer.28.3	Jer.51.3	renumbered	Renumber verse*
Jer.28.4	Jer.51.4	renumbered	Renumber verse*
Jer.28.5	Jer.51.5	renumbered	Renumber verse*
Jer.28.6	Jer.51.6	renumbered	Renumber verse*
Jer.28.7	Jer.51.7	renumbered	Renumber verse*
Jer.28.8	Jer.51.8	renumbered	Renumber verse*
Jer.28.9	Jer.51.9	renumbered	Renumber verse*
Jer.28.10	Jer.51.10	renumbered	Renumber verse*
Jer.28.11	Jer.51.11	renumbered	Renumber verse*
Jer.28.12	Jer.51.12	renumbered	Renumber verse*
Jer.28.13	Jer.51.13	renumbered	Renumber verse*
Jer.28.14	Jer.51.14	renumbered	Renumber verse*
Jer.28.15	Jer.51.15	renumbered	Renumber verse*
Jer.28.16	Jer.51.16	renumbered	Renumber verse*
Jer.28.17	Jer.51.17	renumbered	Renumber verse*
Jer.28.18	Jer.51.18	renumbered	Renumber verse*
Jer.28.19	Jer.51.19	renumbered	Renumber verse*
Jer.28.20	Jer.51.20	renumbered	Renumber verse*
Jer.28.21	Jer.51.21	renumbered	Renumber verse*
Jer.28.22	Jer.51.22	renumbered	Renumber verse*
Jer.28.23	Jer.51.23	renumbered	Renumber verse*
Jer.28.24	Jer.51.24	renumbered	Renumber verse*
Jer.28.25	Jer.51.25	renumbered	Renumber verse*
Jer.28.26	Jer.51.26	renumbered	Renumber verse*
Jer.28.27	Jer.51.27	renumbered	Renumber verse*
Jer.28.28	Jer.51.28	renumbered	Renumber verse*
Jer.28.29	Jer.51.29	renumbered	Renumber verse*
Jer.28.30	Jer.51.30	renumbered	Renumber verse*
Jer.28.31	Jer.51.31	renumbered	Renumber verse*
Jer.28.32	Jer.51.32	renumbered	Renumber verse*
Jer.28.33	Jer.51.33	renumbered	Renumber verse*
Jer.28.34	Jer.51.34	renumbered	Renumber verse*
Jer.28.35	Jer.51.35	renumbered	Renumber verse*
Jer.28.36	Jer.51.36	renumbered	Renumber verse*
Jer.28.37	Jer.51.37	renumbered	Renumber verse*
Jer.28.38	Jer.51.38	renumbered	Renumber verse*
Jer.28.39	Jer.51.39	renumbered	Renumber verse*
Jer.28.40	Jer.51.40	renumbered	Renumber verse*
Jer.28.41	Jer.51.41	renumbered	Renumber verse*
Jer.28.42	Jer.51.42	renumbered	Renumber verse*
Jer.28.43	Jer.51.43	renumbered	Renumber verse*
Jer.28.44	Jer.51.44	renumbered	Renumber verse*
Jer.28.49	Jer.51.49	renumbered	Renumber verse*
Jer.28.50	Jer.51.50	renumbered	Renumber verse*
Jer.28.51	Jer.51.51	renumbered	Renumber verse*
Jer.28.52	Jer.51.52	renumbered	Renumber verse*
Jer.28.53	Jer.51.53	renumbered	Renumber verse*
Jer.28.54	Jer.51.54	renumbered	Renumber verse*
Jer.28.55	Jer.51.55	renumbered	Renumber verse*
Jer.28.56	Jer.51.56	renumbered	Renumber verse*
Jer.28.57	Jer.51.57	renumbered	Renumber verse*
Jer.28.58	Jer.51.58	renumbered	Renumber verse*
Jer.28.59	Jer.51.59	renumbered	Renumber verse*
Jer.28.60	Jer.51.60	renumbered	Renumber verse*
Jer.28.61	Jer.51.61	renumbered	Renumber verse*
Jer.28.62	Jer.51.62	renumbered	Renumber verse*
Jer.28.63	Jer.51.63	renumbered	Renumber verse*
Jer.28.64	Jer.51.64	renumbered	Renumber verse*
Jer.29.1	Jer.47.1	renumbered	Renumber verse*
Jer.29.2	Jer.47.2	renumbered	Renumber verse*
Jer.29.3	Jer.47.3	renumbered	Renumber verse*
Jer.29.4	Jer.47.4	renumbered	Renumber verse*
Jer.29.5	Jer.47.5	renumbered	Renumber verse*
Jer.29.6	Jer.47.6	renumbered	Renumber verse*
Jer.29.7	Jer.47.7	renumbered	Renumber verse*
Jer.29.8	Jer.49.7	renumbered	Renumber verse*
Jer.29.9	Jer.49.8	renumbered	Renumber verse*
Jer.29.10	Jer.49.9	renumbered	Renumber verse*
Jer.29.11	Jer.49.10	renumbered	Renumber verse*
Jer.29.12	Jer.49.11	renumbered	Renumber verse*
Jer.29.13	Jer.49.12	renumbered	Renumber verse*
Jer.29.14	Jer.49.13	renumbered	Renumber verse*
Jer.29.15	Jer.49.14	renumbered	Renumber verse*
Jer.29.16	Jer.49.15	renumbered	Renumber verse*
Jer.29.17	Jer.49.16	renumbered	Renumber verse*
Jer.29.18	Jer.49.17	renumbered	Renumber verse*
Jer.29.19	Jer.49.18	renumbered	Renumber verse*
Jer.29.20	Jer.49.19	renumbered	Renumber verse*
Jer.29.21	Jer.49.20	renumbered	Renumber verse*
Jer.29.22	Jer.49.21	renumbered	Renumber verse*
Jer.29.23	Jer.49.22	renumbered	Renumber verse*
Jer.30.1	Jer.30.1	unmatched	
Jer.30.2	Jer.30.2	unmatched	
Jer.30.3	Jer.30.3	unmatched	
Jer.30.4	Jer.30.4	unmatched	
Jer.30.5	Jer.30.5	unmatched	
Jer.30.6	Jer.49.28	renumbered	Renumber verse*
Jer.30.7	Jer.49.29	renumbered	Renumber verse*
Jer.30.8	Jer.49.30	renumbered	Renumber verse*
Jer.30.9	Jer.49.31	renumbered	Renumber verse*
Jer.30.10	Jer.49.32	renumbered	Renumber verse*
Jer.30.11	Jer.49.33	renumbered	Renumber verse*
Jer.30.12	Jer.49.23	renumbered	Renumber verse*
Jer.30.13	Jer.49.24	renumbered	Renumber verse*
Jer.30.14	Jer.49.25	renumbered	Renumber verse*
Jer.30.15	Jer.49.26	renumbered	Renumber verse*
Jer.30.16	Jer.49.27	renumbered	Renumber verse*
Jer.31.1	Jer.48.1	renumbered	Renumber verse*
Jer.31.2	Jer.48.2	renumbered	Renumber verse*
Jer.31.3	Jer.48.3	renumbered	Renumber verse*
Jer.31.4	Jer.48.4	renumbered	Renumber verse*
Jer.31.5	Jer.48.5	renumbered	Renumber verse*
Jer.31.6	Jer.48.6	renumbered	Renumber verse*
Jer.31.7	Jer.48.7	renumbered	Renumber verse*
Jer.31.8	Jer.48.8	renumbered	Renumber verse*
Jer.31.9	Jer.48.9	renumbered	Renumber verse*
Jer.31.10	Jer.48.10	renumbered	Renumber verse*
Jer.31.11	Jer.48.11	renumbered	Renumber verse*
Jer.31.12	Jer.48.12	renumbered	Renumber verse*
Jer.31.13	Jer.48.13	renumbered	Renumber verse*
Jer.31.14	Jer.48.14	renumbered	Renumber verse*
Jer.31.15	Jer.48.15	renumbered	Renumber verse*
Jer.31.16	Jer.48.16	renumbered	Renumber verse*
Jer.31.17	Jer.48.17	renumbered	Renumber verse*
Jer.31.18	Jer.48.18	renumbered	Renumber verse*
Jer.31.19	Jer.48.19	renumbered	Renumber verse*
Jer.31.20	Jer.48.20	renumbered	Renumber verse*
Jer.31.21	Jer.48.21	renumbered	Renumber verse*
Jer.31.22	Jer.48.22	renumbered	Renumber verse*
Jer.31.23	Jer.48.23	renumbered	Renumber verse*
Jer.31.24	Jer.48.24	renumbered	Renumber verse*
Jer.31.25	Jer.48.25	renumbered	Renumber verse*
Jer.31.26	Jer.48.26	renumbered	Renumber verse*
Jer.31.27	Jer.48.27	renumbered	Renumber verse*
Jer.31.28	Jer.48.28	renumbered	Renumber verse*
Jer.31.29	Jer.48.29	renumbered	Renumber verse*
Jer.31.30	Jer.48.30	renumbered	Renumber verse*
Jer.31.31	Jer.48.31	renumbered	Renumber verse*
Jer.31.32	Jer.48.32	renumbered	Renumber verse*
Jer.31.33	Jer.48.33	renumbered	Renumber verse*
Jer.31.34	Jer.48.34	renumbered	Renumber verse*
Jer.31.35	Jer.48.35	renumbered	Renumber verse*
Jer.31.36	Jer.48.36	renumbered	Renumber verse*
Jer.31.37	Jer.48.37	renumbered	Renumber verse*
Jer.31.38	Jer.48.38	renumbered	Renumber verse*
Jer.31.39	Jer.48.39	renumbered	Renumber verse*
Jer.31.40	Jer.48.40	renumbered	Renumber verse*
Jer.31.41	Jer.48.41	renumbered	Renumber verse*
Jer.31.42	Jer.48.42	renumbered	Renumber verse*
Jer.31.43	Jer.48.43	renumbered	Renumber verse*
Jer.31.44	Jer.48.44	renumbered	Renumber verse*
Jer.32.1	Jer.25.15	renumbered	Renumber verse*
Jer.32.2	Jer.25.16	renumbered	Renumber verse*
Jer.32.3	Jer.25.17	renumbered	Renumber verse*
Jer.32.4	Jer.25.18	renumbered	Renumber verse*
Jer.32.5	Jer.25.19	renumbered	Renumber verse*
Jer.32.6	Jer.25.20	renumbered	Renumber verse*
Jer.32.7	Jer.25.21	renumbered	Renumber verse*
Jer.32.8	Jer.25.22	renumbered	Renumber verse*
Jer.32.9	Jer.25.23	renumbered	Renumber verse*
Jer.32.10	Jer.25.24	renumbered	Renumber verse*
Jer.32.11	Jer.25.25	renumbered	Renumber verse*
Jer.32.12	Jer.25.26	renumbered	Renumber verse*
Jer.32.13	Jer.25.27	renumbered	Renumber verse*
Jer.32.14	Jer.25.28	renumbered	Renumber verse*
Jer.32.15	Jer.25.29	renumbered	Renumber verse*
Jer.32.16	Jer.25.30	renumbered	Renumber verse*
Jer.32.17	Jer.25.31	renumbered	Renumber verse*
Jer.32.18	Jer.25.32	renumbered	Renumber verse*
Jer.32.19	Jer.25.33	renumbered	Renumber verse*
Jer.32.20	Jer.25.34	renumbered	Renumber verse*
Jer.32.21	Jer.25.35	renumbered	Renumber verse*
Jer.32.22	Jer.25.36	renumbered	Renumber verse*
Jer.32.23	Jer.25.37	renumbered	Renumber verse*
Jer.32.24	Jer.25.38	renumbered	Renumber verse*
Jer.33.1	Jer.26.1	renumbered	Renumber verse*
Jer.33.2	Jer.26.2	renumbered	Renumber verse*
Jer.33.3	Jer.26.3	renumbered	Renumber verse*
Jer.33.4	Jer.26.4	renumbered	Renumber verse*
Jer.33.5	Jer.26.5	renumbered	Renumber verse*
Jer.33.6	Jer.26.6	renumbered	Renumber verse*
Jer.33.7	Jer.26.7	renumbered	Renumber verse*
Jer.33.8	Jer.26.8	renumbered	Renumber verse*
Jer.33.9	Jer.26.9	renumbered	Renumber verse*
Jer.33.10	Jer.26.10	renumbered	Renumber verse*
Jer.33.11	Jer.26.11	renumbered	Renumber verse*
Jer.33.12	Jer.26.12	renumbered	Renumber verse*
Jer.33.13	Jer.26.13	renumbered	Renumber verse*
Jer.33.14	Jer.26.14 Jer.33.14	several	Renumber verse*; IfEmpty verse
Jer.33.15	Jer.26.15 Jer.33.15	several	Renumber verse*; IfEmpty verse
Jer.33.16	Jer.26.16 Jer.33.16	several	Renumber verse*; IfEmpty verse
Jer.33.17	Jer.26.17 Jer.33.17	several	Renumber verse*; IfEmpty verse
Jer.33.18	Jer.26.18 Jer.33.18	several	Renumber verse*; IfEmpty verse
Jer.33.19	Jer.26.19 Jer.33.19	several	Renumber verse*; IfEmpty verse
Jer.33.20	Jer.26.20 Jer.33.20	several	Renumber verse*; IfEmpty verse
Jer.33.21	Jer.26.21 Jer.33.21	several	Renumber verse*; IfEmpty verse
Jer.33.22	Jer.26.22 Jer.33.22	several	Renumber verse*; IfEmpty verse
Jer.33.23	Jer.26.23 Jer.33.23	several	Renumber verse*; IfEmpty verse
Jer.33.24	Jer.26.24 Jer.33.24	several	Renumber verse*; IfEmpty verse
Jer.34.1	Jer.27.2	renumbered	Renumber verse*
Jer.34.2	Jer.27.3	renumbered	Renumber verse*
Jer.34.3	Jer.27.4	renumbered	Renumber verse*
Jer.34.4	Jer.27.5	renumbered	Renumber verse*
Jer.34.5	Jer.27.6	renumbered	Renumber verse*
Jer.34.6	Jer.27.8	renumbered	Renumber verse*
Jer.34.7	Jer.27.9	renumbered	Renumber verse*
Jer.34.8	Jer.27.10	renumbered	Renumber verse*
Jer.34.9	Jer.27.11	renumbered	Renumber verse*
Jer.34.10	Jer.27.12	renumbered	Renumber verse*
Jer.34.11	Jer.27.14	renumbered	Renumber verse*
Jer.34.12	Jer.27.15	renumbered	Renumber verse*
Jer.34.13	Jer.27.16	renumbered	Renumber verse*
Jer.34.14	Jer.27.17	renumbered	Renumber verse*
Jer.34.15	Jer.27.18	renumbered	Renumber verse*
Jer.34.16	Jer.27.19	renumbered	Renumber verse*
Jer.34.17	Jer.27.20	renumbered	Renumber verse*
Jer.34.18	Jer.27.22	renumbered	Renumber verse*
Jer.35.1	Jer.28.1	renumbered	Renumber verse*
Jer.35.2	Jer.28.2	renumbered	Renumber verse*
Jer.35.3	Jer.28.3	renumbered	Renumber verse*
Jer.35.4	Jer.28.4	renumbered	Renumber verse*
Jer.35.5	Jer.28.5	renumbered	Renumber verse*
Jer.35.6	Jer.28.6	renumbered	Renumber verse*
Jer.35.7	Jer.28.7	renumbered	Renumber verse*
Jer.35.8	Jer.28.8	renumbered	Renumber verse*
Jer.35.9	Jer.28.9	renumbered	Renumber verse*
Jer.35.10	Jer.28.10	renumbered	Renumber verse*
Jer.35.11	Jer.28.11	renumbered	Renumber verse*
Jer.35.12	Jer.28.12	renumbered	Renumber verse*
Jer.35.13	Jer.28.13	renumbered	Renumber verse*
Jer.35.14	Jer.28.14	renumbered	Renumber verse*
Jer.35.15	Jer.28.15	renumbered	Renumber verse*
Jer.35.16	Jer.28.16	renumbered	Renumber verse*
Jer.35.17	Jer.28.17	renumbered	Renumber verse*
Jer.36.1	Jer.29.1	renumbered	Renumber verse*
Jer.36.2	Jer.29.2	renumbered	Renumber verse*
Jer.36.3	Jer.29.3	renumbered	Renumber verse*
Jer.36.4	Jer.29.4	renumbered	Renumber verse*
Jer.36.5	Jer.29.5	renumbered	Renumber verse*
Jer.36.6	Jer.29.6	renumbered	Renumber verse*
Jer.36.7	Jer.29.7	renumbered	Renumber verse*
Jer.36.8	Jer.29.8	renumbered	Renumber verse*
Jer.36.9	Jer.29.9	renumbered	Renumber verse*
Jer.36.10	Jer.29.10	renumbered	Renumber verse*
Jer.36.11	Jer.29.11	renumbered	Renumber verse*
Jer.36.12	Jer.29.12	renumbered	Renumber verse*
Jer.36.13	Jer.29.13	renumbered	Renumber verse*
Jer.36.14	Jer.29.14	renumbered	Renumber verse*
Jer.36.15	Jer.29.15	renumbered	Renumber verse*
Jer.36.21	Jer.29.21	renumbered	Renumber verse*
Jer.36.22	Jer.29.22	renumbered	Renumber verse*
Jer.36.23	Jer.29.23	renumbered	Renumber verse*
Jer.36.24	Jer.29.24	renumbered	Renumber verse*
Jer.36.25	Jer.29.25	renumbered	Renumber verse*
Jer.36.26	Jer.29.26	renumbered	Renumber verse*
Jer.36.27	Jer.29.27	renumbered	Renumber verse*
Jer.36.28	Jer.29.28	renumbered	Renumber verse*
Jer.36.29	Jer.29.29	renumbered	Renumber verse*
Jer.36.30	Jer.29.30	renumbered	Renumber verse*
Jer.36.31	Jer.29.31	renumbered	Renumber verse*
Jer.36.32	Jer.29.32	renumbered	Renumber verse*
Jer.37.1	Jer.30.1	renumbered	Renumber verse*
Jer.37.2	Jer.30.2	renumbered	Renumber verse*
Jer.37.3	Jer.30.3	renumbered	Renumber verse*
Jer.37.4	Jer.30.4	renumbered	Renumber verse*
Jer.37.5	Jer.30.5	renumbered	Renumber verse*
Jer.37.6	Jer.30.6	renumbered	Renumber verse*
Jer.37.7	Jer.30.7	renumbered	Renumber verse*
Jer.37.8	Jer.30.8	renumbered	Renumber verse*
Jer.37.9	Jer.30.9	renumbered	Renumber verse*
Jer.37.12	Jer.30.12	renumbered	Renumber verse*
Jer.37.13	Jer.30.13	renumbered	Renumber verse*
Jer.37.14	Jer.30.14	renumbered	Renumber verse*
Jer.37.16	Jer.30.16	renumbered	Renumber verse*
Jer.37.17	Jer.30.17	renumbered	Renumber verse*
Jer.37.18	Jer.30.18	renumbered	Renumber verse*
Jer.37.19	Jer.30.19	renumbered	Renumber verse*
Jer.37.20	Jer.30.20	renumbered	Renumber verse*
Jer.37.21	Jer.30.21	renumbered	Renumber verse*
Jer.37.23	Jer.30.23	renumbered	Renumber verse*
Jer.37.24	Jer.30.24	renumbered	Renumber verse*
Jer.38.1	Jer.31.1	renumbered	Renumber verse*
Jer.38.2	Jer.31.2	renumbered	Renumber verse*
Jer.38.3	Jer.31.3	renumbered	Renumber verse*
Jer.38.4	Jer.31.4	renumbered	Renumber verse*
Jer.38.5	Jer.31.5	renumbered	Renumber verse*
Jer.38.6	Jer.31.6	renumbered	Renumber verse*
Jer.38.7	Jer.31.7	renumbered	Renumber verse*
Jer.38.8	Jer.31.8	renumbered	Renumber verse*
Jer.38.9	Jer.31.9	renumbered	Renumber verse*
Jer.38.10	Jer.31.10	renumbered	Renumber verse*
Jer.38.11	Jer.31.11	renumbered	Renumber verse*
Jer.38.12	Jer.31.12	renumbered	Renumber verse*
Jer.38.13	Jer.31.13	renumbered	Renumber verse*
Jer.38.14	Jer.31.14	renumbered	Renumber verse*
Jer.38.15	Jer.31.15	renumbered	Renumber verse*
Jer.38.16	Jer.31.16	renumbered	Renumber verse*
Jer.38.17	Jer.31.17	renumbered	Renumber verse*
Jer.38.18	Jer.31.18	renumbered	Renumber verse*
Jer.38.19	Jer.31.19	renumbered	Renumber verse*
Jer.38.20	Jer.31.20	renumbered	Renumber verse*
Jer.38.21	Jer.31.21	renumbered	Renumber verse*
Jer.38.22	Jer.31.22	renumbered	Renumber verse*
Jer.38.23	Jer.31.23	renumbered	Renumber verse*
Jer.38.24	Jer.31.24	renumbered	Renumber verse*
Jer.38.25	Jer.31.25	renumbered	Renumber verse*
Jer.38.26	Jer.31.26	renumbered	Renumber verse*
Jer.38.27	Jer.31.27	renumbered	Renumber verse*
Jer.38.28	Jer.31.28	renumbered	Renumber verse*
Jer.38.29	Jer.31.29	renumbered	Renumber verse*
Jer.38.30	Jer.31.30	renumbered	Renumber verse*
Jer.38.31	Jer.31.31	renumbered	Renumber verse*
Jer.38.32	Jer.31.32	renumbered	Renumber verse*
Jer.38.33	Jer.31.33	renumbered	Renumber verse*
Jer.38.34	Jer.31.34	renumbered	Renumber verse*
Jer.38.35	Jer.31.37	renumbered	Renumber verse*
Jer.38.36	Jer.31.35	renumbered	Renumber verse*
Jer.38.37	Jer.31.36	renumbered	Renumber verse*
Jer.38.38	Jer.31.38	renumbered	Renumber verse*
Jer.38.39	Jer.31.39	renumbered	Renumber verse*
Jer.38.40	Jer.31.40	renumbered	Renumber verse*
Jer.39.1	Jer.32.1	renumbered	Renumber verse*
Jer.39.2	Jer.32.2	renumbered	Renumber verse*
Jer.39.3	Jer.32.3	renumbered	Renumber verse*
Jer.39.4	Jer.32.4	renumbered	Renumber verse*
Jer.39.5	Jer.32.5	renumbered	Renumber verse*
Jer.39.6	Jer.32.6	renumbered	Renumber verse*
Jer.39.7	Jer.32.7	renumbered	Renumber verse*
Jer.39.8	Jer.32.8	renumbered	Renumber verse*
Jer.39.9	Jer.32.9	renumbered	Renumber verse*
Jer.39.10	Jer.32.10	renumbered	Renumber verse*
Jer.39.11	Jer.32.11	renumbered	Renumber verse*
Jer.39.12	Jer.32.12	renumbered	Renumber verse*
Jer.39.13	Jer.32.13	renumbered	Renumber verse*
Jer.39.14	Jer.32.14	renumbered	Renumber verse*
Jer.39.15	Jer.32.15	renumbered	Renumber verse*
Jer.39.16	Jer.32.16	renumbered	Renumber verse*
Jer.39.17	Jer.32.17	renumbered	Renumber verse*
Jer.39.18	Jer.32.18	renumbered	Renumber verse*
Jer.39.19	Jer.32.19	renumbered	Renumber verse*
Jer.39.20	Jer.32.20	renumbered	Renumber verse*
Jer.39.21	Jer.32.21	renumbered	Renumber verse*
Jer.39.22	Jer.32.22	renumbered	Renumber verse*
Jer.39.23	Jer.32.23	renumbered	Renumber verse*
Jer.39.24	Jer.32.24	renumbered	Renumber verse*
Jer.39.25	Jer.32.25	renumbered	Renumber verse*
Jer.39.26	Jer.32.26	renumbered	Renumber verse*
Jer.39.27	Jer.32.27	renumbered	Renumber verse*
Jer.39.28	Jer.32.28	renumbered	Renumber verse*
Jer.39.29	Jer.32.29	renumbered	Renumber verse*
Jer.39.30	Jer.32.30	renumbered	Renumber verse*
Jer.39.31	Jer.32.31	renumbered	Renumber verse*
Jer.39.32	Jer.32.32	renumbered	Renumber verse*
Jer.39.33	Jer.32.33	renumbered	Renumber verse*
Jer.39.34	Jer.32.34	renumbered	Renumber verse*
Jer.39.35	Jer.32.35	renumbered	Renumber verse*
Jer.39.36	Jer.32.36	renumbered	Renumber verse*
Jer.39.37	Jer.32.37	renumbered	Renumber verse*
Jer.39.38	Jer.32.38	renumbered	Renumber verse*
Jer.39.39	Jer.32.39	renumbered	Renumber verse*
Jer.39.40	Jer.32.40	renumbered	Renumber verse*
Jer.39.41	Jer.32.41	renumbered	Renumber verse*
Jer.39.42	Jer.32.42	renumbered	Renumber verse*
Jer.39.43	Jer.32.43	renumbered	Renumber verse*
Jer.39.44	Jer.32.44	renumbered	Renumber verse*
Jer.40.1	Jer.33.1	renumbered	Renumber verse*
Jer.40.2	Jer.33.2	renumbered	Renumber verse*
Jer.40.3	Jer.33.3	renumbered	Renumber verse*
Jer.40.4	Jer.33.4	renumbered	Renumber verse*
Jer.40.5	Jer.33.5	renumbered	Renumber verse*
Jer.40.6	Jer.33.6	renumbered	Renumber verse*
Jer.40.7	Jer.33.7	renumbered	Renumber verse*
Jer.40.8	Jer.33.8	renumbered	Renumber verse*
Jer.40.9	Jer.33.9	renumbered	Renumber verse*
Jer.40.10	Jer.33.10	renumbered	Renumber verse*
Jer.40.11	Jer.33.11	renumbered	Renumber verse*
Jer.40.12	Jer.33.12	renumbered	Renumber verse*
Jer.40.13	Jer.33.13	renumbered	Renumber verse*
Jer.41.1	Jer.34.1	renumbered	Renumber verse*
Jer.41.2	Jer.34.2	renumbered	Renumber verse*
Jer.41.3	Jer.34.3	renumbered	Renumber verse*
Jer.41.4	Jer.34.4	renumbered	Renumber verse*
Jer.41.5	Jer.34.5	renumbered	Renumber verse*
Jer.41.6	Jer.34.6	renumbered	Renumber verse*
Jer.41.7	Jer.34.7	renumbered	Renumber verse*
Jer.41.8	Jer.34.8	renumbered	Renumber verse*
Jer.41.9	Jer.34.9	renumbered	Renumber verse*
Jer.41.10	Jer.34.10	renumbered	Renumber verse*
Jer.41.11	Jer.34.11	renumbered	Renumber verse*
Jer.41.12	Jer.34.12	renumbered	Renumber verse*
Jer.41.13	Jer.34.13	renumbered	Renumber verse*
Jer.41.14	Jer.34.14	renumbered	Renumber verse*
Jer.41.15	Jer.34.15	renumbered	Renumber verse*
Jer.41.16	Jer.34.16	renumbered	Renumber verse*
Jer.41.17	Jer.34.17	renumbered	Renumber verse*
Jer.41.18	Jer.34.18	renumbered	Renumber verse*
Jer.41.19	Jer.34.19	renumbered	Renumber verse*
Jer.41.20	Jer.34.20	renumbered	Renumber verse*
Jer.41.21	Jer.34.21	renumbered	Renumber verse*
Jer.41.22	Jer.34.22	renumbered	Renumber verse*
Jer.42.1	Jer.35.1	renumbered	Renumber verse*
Jer.42.2	Jer.35.2	renumbered	Renumber verse*
Jer.42.3	Jer.35.3	renumbered	Renumber verse*
Jer.42.4	Jer.35.4	renumbered	Renumber verse*
Jer.42.5	Jer.35.5	renumbered	Renumber verse*
Jer.42.6	Jer.35.6	renumbered	Renumber verse*
Jer.42.7	Jer.35.7	renumbered	Renumber verse*
Jer.42.8	Jer.35.8	renumbered	Renumber verse*
Jer.42.9	Jer.35.9	renumbered	Renumber verse*
Jer.42.10	Jer.35.10	renumbered	Renumber verse*
Jer.42.11	Jer.35.11	renumbered	Renumber verse*
Jer.42.12	Jer.35.12	renumbered	Renumber verse*
Jer.42.13	Jer.35.13	renumbered	Renumber verse*
Jer.42.14	Jer.35.14	renumbered	Renumber verse*
Jer.42.15	Jer.35.15	renumbered	Renumber verse*
Jer.42.16	Jer.35.16	renumbered	Renumber verse*
Jer.42.17	Jer.35.17	renumbered	Renumber verse*
Jer.42.18	Jer.35.18	renumbered	Renumber verse*
Jer.42.19	Jer.35.19	renumbered	Renumber verse*
Jer.43.1	Jer.36.1	renumbered	Renumber verse*
Jer.43.2	Jer.36.2	renumbered	Renumber verse*
Jer.43.3	Jer.36.3	renumbered	Renumber verse*
Jer.43.4	Jer.36.4	renumbered	Renumber verse*
Jer.43.5	Jer.36.5	renumbered	Renumber verse*
Jer.43.6	Jer.36.6	renumbered	Renumber verse*
Jer.43.7	Jer.36.7	renumbered	Renumber verse*
Jer.43.8	Jer.36.8	renumbered	Renumber verse*
Jer.43.9	Jer.36.9	renumbered	Renumber verse*
Jer.43.10	Jer.36.10	renumbered	Renumber verse*
Jer.43.11	Jer.36.11	renumbered	Renumber verse*
Jer.43.12	Jer.36.12	renumbered	Renumber verse*
Jer.43.13	Jer.36.13	renumbered	Renumber verse*
Jer.43.14	Jer.36.14	renumbered	Renumber verse*
Jer.43.15	Jer.36.15	renumbered	Renumber verse*
Jer.43.16	Jer.36.16	renumbered	Renumber verse*
Jer.43.17	Jer.36.17	renumbered	Renumber verse*
Jer.43.18	Jer.36.18	renumbered	Renumber verse*
Jer.43.19	Jer.36.19	renumbered	Renumber verse*
Jer.43.20	Jer.36.20	renumbered	Renumber verse*
Jer.43.21	Jer.36.21	renumbered	Renumber verse*
Jer.43.22	Jer.36.22	renumbered	Renumber verse*
Jer.43.23	Jer.36.23	renumbered	Renumber verse*
Jer.43.24	Jer.36.24	renumbered	Renumber verse*
Jer.43.25	Jer.36.25	renumbered	Renumber verse*
Jer.43.26	Jer.36.26	renumbered	Renumber verse*
Jer.43.27	Jer.36.27	renumbered	Renumber verse*
Jer.43.28	Jer.36.28	renumbered	Renumber verse*
Jer.43.29	Jer.36.29	renumbered	Renumber verse*
Jer.43.30	Jer.36.30	renumbered	Renumber verse*
Jer.43.31	Jer.36.31	renumbered	Renumber verse*
Jer.43.32	Jer.36.32	renumbered	Renumber verse*
Jer.44.1	Jer.37.1	renumbered	Renumber verse*
Jer.44.2	Jer.37.2	renumbered	Renumber verse*
Jer.44.3	Jer.37.3	renumbered	Renumber verse*
Jer.44.4	Jer.37.4	renumbered	Renumber verse*
Jer.44.5	Jer.37.5	renumbered	Renumber verse*
Jer.44.6	Jer.37.6	renumbered	Renumber verse*
Jer.44.7	Jer.37.7	renumbered	Renumber verse*
Jer.44.8	Jer.37.8	renumbered	Renumber verse*
Jer.44.9	Jer.37.9	renumbered	Renumber verse*
Jer.44.10	Jer.37.10	renumbered	Renumber verse*
Jer.44.11	Jer.37.11	renumbered	Renumber verse*
Jer.44.12	Jer.37.12	renumbered	Renumber verse*
Jer.44.13	Jer.37.13	renumbered	Renumber verse*
Jer.44.14	Jer.37.14	renumbered	Renumber verse*
Jer.44.15	Jer.37.15	renumbered	Renumber verse*
Jer.44.16	Jer.37.16	renumbered	Renumber verse*
Jer.44.17	Jer.37.17	renumbered	Renumber verse*
Jer.44.18	Jer.37.18	renumbered	Renumber verse*
Jer.44.19	Jer.37.19	renumbered	Renumber verse*
Jer.44.20	Jer.37.20	renumbered	Renumber verse*
Jer.44.21	Jer.37.21	renumbered	Renumber verse*
Jer.45.1	Jer.38.1	renumbered	Renumber verse*
Jer.45.2	Jer.38.2	renumbered	Renumber verse*
Jer.45.3	Jer.38.3	renumbered	Renumber verse*
Jer.45.4	Jer.38.4	renumbered	Renumber verse*
Jer.45.5	Jer.38.5	renumbered	Renumber verse*
Jer.45.6	Jer.38.6	renumbered	Renumber verse*
Jer.45.7	Jer.38.7	renumbered	Renumber verse*
Jer.45.8	Jer.38.8	renumbered	Renumber verse*
Jer.45.9	Jer.38.9	renumbered	Renumber verse*
Jer.45.10	Jer.38.10	renumbered	Renumber verse*
Jer.45.11	Jer.38.11	renumbered	Renumber verse*
Jer.45.12	Jer.38.12	renumbered	Renumber verse*
Jer.45.13	Jer.38.13	renumbered	Renumber verse*
Jer.45.14	Jer.38.14	renumbered	Renumber verse*
Jer.45.15	Jer.38.15	renumbered	Renumber verse*
Jer.45.16	Jer.38.16	renumbered	Renumber verse*
Jer.45.17	Jer.38.17	renumbered	Renumber verse*
Jer.45.18	Jer.38.18	renumbered	Renumber verse*
Jer.45.19	Jer.38.19	renumbered	Renumber verse*
Jer.45.20	Jer.38.20	renumbered	Renumber verse*
Jer.45.21	Jer.38.21	renumbered	Renumber verse*
Jer.45.22	Jer.38.22	renumbered	Renumber verse*
Jer.45.23	Jer.38.23	renumbered	Renumber verse*
Jer.45.24	Jer.38.24	renumbered	Renumber verse*
Jer.45.25	Jer.38.25	renumbered	Renumber verse*
Jer.45.26	Jer.38.26	renumbered	Renumber verse*
Jer.45.27	Jer.38.27	renumbered	Renumber verse*
Jer.45.28	Jer.38.28	renumbered	Renumber verse*
Jer.46.1	Jer.39.1	renumbered	Renumber verse*
Jer.46.2	Jer.39.2	renumbered	Renumber verse*
Jer.46.3	Jer.39.3	renumbered	Renumber verse*
Jer.46.14	Jer.39.14	renumbered	Renumber verse*
Jer.46.15	Jer.39.15	renumbered	Renumber verse*
Jer.46.16	Jer.39.16	renumbered	Renumber verse*
Jer.46.17	Jer.39.17	renumbered	Renumber verse*
Jer.46.18	Jer.39.18	renumbered	Renumber verse*
Jer.47.1	Jer.40.1	renumbered	Renumber verse*
Jer.47.2	Jer.40.2	renumbered	Renumber verse*
Jer.47.3	Jer.40.3	renumbered	Renumber verse*
Jer.47.4	Jer.40.4	renumbered	Renumber verse*
Jer.47.5	Jer.40.5	renumbered	Renumber verse*
Jer.47.6	Jer.40.6	renumbered	Renumber verse*
Jer.47.7	Jer.40.7	renumbered	Renumber verse*
Jer.47.8	Jer.40.8	renumbered	Renumber verse*
Jer.47.9	Jer.40.9	renumbered	Renumber verse*
Jer.47.10	Jer.40.10	renumbered	Renumber verse*
Jer.47.11	Jer.40.11	renumbered	Renumber verse*
Jer.47.12	Jer.40.12	renumbered	Renumber verse*
Jer.47.13	Jer.40.13	renumbered	Renumber verse*
Jer.47.14	Jer.40.14	renumbered	Renumber verse*
Jer.47.15	Jer.40.15	renumbered	Renumber verse*
Jer.47.16	Jer.40.16	renumbered	Renumber verse*
Jer.48.1	Jer.41.1	renumbered	Renumber verse*
Jer.48.2	Jer.41.2	renumbered	Renumber verse*
Jer.48.3	Jer.41.3	renumbered	Renumber verse*
Jer.48.4	Jer.41.4	renumbered	Renumber verse*
Jer.48.5	Jer.41.5	renumbered	Renumber verse*
Jer.48.6	Jer.41.6	renumbered	Renumber verse*
Jer.48.7	Jer.41.7	renumbered	Renumber verse*
Jer.48.8	Jer.41.8	renumbered	Renumber verse*
Jer.48.9	Jer.41.9	renumbered	Renumber verse*
Jer.48.10	Jer.41.10	renumbered	Renumber verse*
Jer.48.11s		not-in-kjv	
Jer.48.12	Jer.41.12	renumbered	Renumber verse*
Jer.48.13	Jer.41.13	renumbered	Renumber verse*
Jer.48.14	Jer.41.14	renumbered	Renumber verse*
Jer.48.15	Jer.41.15	renumbered	Renumber verse*
Jer.48.16	Jer.41.16	renumbered	Renumber verse*
Jer.48.17	Jer.41.17	renumbered	Renumber verse*
Jer.48.18	Jer.41.18	renumbered	Renumber verse*
Jer.49.1	Jer.42.1	renumbered	Renumber verse*
Jer.49.2	Jer.42.2	renumbered	Renumber verse*
Jer.49.3	Jer.42.3	renumbered	Renumber verse*
Jer.49.4	Jer.42.4	renumbered	Renumber verse*
Jer.49.5	Jer.42.5	renumbered	Renumber verse*
Jer.49.6	Jer.42.6	renumbered	Renumber verse*
Jer.49.7	Jer.42.7	renumbered	Renumber verse*
Jer.49.8	Jer.42.8	renumbered	Renumber verse*
Jer.49.9	Jer.42.9	renumbered	Renumber verse*
Jer.49.10	Jer.42.10	renumbered	Renumber verse*
Jer.49.11	Jer.42.11	renumbered	Renumber verse*
Jer.49.12	Jer.42.12	renumbered	Renumber verse*
Jer.49.13	Jer.42.13	renumbered	Renumber verse*
Jer.49.14	Jer.42.14	renumbered	Renumber verse*
Jer.49.15	Jer.42.15	renumbered	Renumber verse*
Jer.49.16	Jer.42.16	renumbered	Renumber verse*
Jer.49.17	Jer.42.17	renumbered	Renumber verse*
Jer.49.18	Jer.42.18	renumbered	Renumber verse*
Jer.49.19	Jer.42.19	renumbered	Renumber verse*
Jer.49.20	Jer.42.20	renumbered	Renumber verse*
Jer.49.21	Jer.42.21	renumbered	Renumber verse*
Jer.49.22	Jer.42.22	renumbered	Renumber verse*
Jer.50.1	Jer.43.1	renumbered	Renumber verse*
Jer.50.2	Jer.43.2	renumbered	Renumber verse*
Jer.50.3	Jer.43.3	renumbered	Renumber verse*
Jer.50.4	Jer.43.4	renumbered	Renumber verse*
Jer.50.5	Jer.43.5	renumbered	Renumber verse*
Jer.50.6	Jer.43.6	renumbered	Renumber verse*
Jer.50.7	Jer.43.7	renumbered	Renumber verse*
Jer.50.8	Jer.43.8	renumbered	Renumber verse*
Jer.50.9	Jer.43.9	renumbered	Renumber verse*
Jer.50.10	Jer.43.10	renumbered	Renumber verse*
Jer.50.11	Jer.43.11	renumbered	Renumber verse*
Jer.50.12	Jer.43.12	renumbered	Renumber verse*
Jer.50.13	Jer.43.13	renumbered	Renumber verse*
Jer.51.1	Jer.44.1	renumbered	Renumber verse*
Jer.51.2	Jer.44.2	renumbered	Renumber verse*
Jer.51.3	Jer.44.3	renumbered	Renumber verse*
Jer.51.4	Jer.44.4	renumbered	Renumber verse*
Jer.51.5	Jer.44.5	renumbered	Renumber verse*
Jer.51.6	Jer.44.6	renumbered	Renumber verse*
Jer.51.7	Jer.44.7	renumbered	Renumber verse*
Jer.51.8	Jer.44.8	renumbered	Renumber verse*
Jer.51.9	Jer.44.9	renumbered	Renumber verse*
Jer.51.10	Jer.44.10	renumbered	Renumber verse*
Jer.51.11	Jer.44.11	renumbered	Renumber verse*
Jer.51.12	Jer.44.12	renumbered	Renumber verse*
Jer.51.13	Jer.44.13	renumbered	Renumber verse*
Jer.51.14	Jer.44.14	renumbered	Renumber verse*
Jer.51.15	Jer.44.15	renumbered	Renumber verse*
Jer.51.16	Jer.44.16	renumbered	Renumber verse*
Jer.51.17	Jer.44.17	renumbered	Renumber verse*
Jer.51.18	Jer.44.18	renumbered	Renumber verse*
Jer.51.19	Jer.44.19	renumbered	Renumber verse*
Jer.51.20	Jer.44.20	renumbered	Renumber verse*
Jer.51.21	Jer.44.21	renumbered	Renumber verse*
Jer.51.22	Jer.44.22	renumbered	Renumber verse*
Jer.51.23	Jer.44.23	renumbered	Renumber verse*
Jer.51.24	Jer.44.24	renumbered	Renumber verse*
Jer.51.25	Jer.44.25	renumbered	Renumber verse*
Jer.51.26	Jer.44.26	renumbered	Renumber verse*
Jer.51.27	Jer.44.27	renumbered	Renumber verse*
Jer.51.28	Jer.44.28	renumbered	Renumber verse*
Jer.51.29	Jer.44.29	renumbered	Renumber verse*
Jer.51.30	Jer.44.30	renumbered	Renumber verse*
Jer.51.31	Jer.45.1	renumbered	Renumber verse*
Jer.51.32	Jer.45.2	renumbered	Renumber verse*
Jer.51.33	Jer.45.3	renumbered	Renumber verse*
Jer.51.34	Jer.45.4	renumbered	Renumber verse*
Jer.51.35	Jer.45.5	renumbered	Renumber verse*
Jer.52.1	Jer.52.1	same	
Jer.52.4	Jer.52.4	same	
Jer.52.5	Jer.52.5	same	
Jer.52.6	Jer.52.6	same	
Jer.52.7	Jer.52.7	same	
Jer.52.8	Jer.52.8	same	
Jer.52.10	Jer.52.10	same	
Jer.52.11	Jer.52.11	same	
Jer.52.12	Jer.52.12	same	
Jer.52.13	Jer.52.13	same	
Jer.52.14	Jer.52.14	same	
Jer.52.16	Jer.52.16	same	
Jer.52.17	Jer.52.17	same	
Jer.52.18	Jer.52.18	same	
Jer.52.19	Jer.52.19	same	
Jer.52.20	Jer.52.20	same	
Jer.52.21	Jer.52.21	same	
Jer.52.22	Jer.52.22	same	
Jer.52.23	Jer.52.23	same	
Jer.52.24	Jer.52.24	same	
Jer.52.25	Jer.52.25	same	
Jer.52.26	Jer.52.26	same	
Jer.52.27	Jer.52.27	same	
Jer.52.31	Jer.52.31	same	
Jer.52.32	Jer.52.32	same	
Jer.52.33	Jer.52.33	same	
Jer.52.34	Jer.52.34	same	
Bar.1.1	Bar.1.1	same	
Bar.1.2	Bar.1.2	same	
Bar.1.3	Bar.1.3	same	
Bar.1.4	Bar.1.4	same	
Bar.1.5	Bar.1.5	same	
Bar.1.6	Bar.1.6	same	
Bar.1.7	Bar.1.7	same	
Bar.1.8	Bar.1.8	same	
Bar.1.9	Bar.1.9	same	
Bar.1.10	Bar.1.10	same	
Bar.1.11	Bar.1.11	same	
Bar.1.12	Bar.1.12	same	
Bar.1.13	Bar.1.13	same	
Bar.1.14	Bar.1.14	same	
Bar.1.15	Bar.1.15	same	
Bar.1.16	Bar.1.16	same	
Bar.1.17	Bar.1.17	same	
Bar.1.18	Bar.1.18	same	
Bar.1.19	Bar.1.19	same	
Bar.1.20	Bar.1.20	same	
Bar.1.21	Bar.1.21	same	
Bar.1.22	Bar.1.22	same	
Bar.2.1	Bar.2.1	same	
Bar.2.2	Bar.2.2	same	
Bar.2.3	Bar.2.3	same	
Bar.2.4	Bar.2.4	same	
Bar.2.5	Bar.2.5	same	
Bar.2.6	Bar.2.6	same	
Bar.2.7	Bar.2.7	same	
Bar.2.8	Bar.2.8	same	
Bar.2.9	Bar.2.9	same	
Bar.2.10	Bar.2.10	same	
Bar.2.11	Bar.2.11	same	
Bar.2.12	Bar.2.12	same	
Bar.2.13	Bar.2.13	same	
Bar.2.14	Bar.2.14	same	
Bar.2.15	Bar.2.15	same	
Bar.2.16	Bar.2.16	same	
Bar.2.17	Bar.2.17	same	
Bar.2.18	Bar.2.18	same	
Bar.2.19	Bar.2.19	same	
Bar.2.20	Bar.2.20	same	
Bar.2.21	Bar.2.21	same	
Bar.2.22	Bar.2.22	same	
Bar.2.23	Bar.2.23	same	
Bar.2.24	Bar.2.24	same	
Bar.2.25	Bar.2.25	same	
Bar.2.26	Bar.2.26	same	
Bar.2.27	Bar.2.27	same	
Bar.2.28	Bar.2.28	same	
Bar.2.29	Bar.2.29	same	
Bar.2.30	Bar.2.30	same	
Bar.2.31	Bar.2.31	same	
Bar.2.32	Bar.2.32	same	
Bar.2.33	Bar.2.33	same	
Bar.2.34	Bar.2.34	same	
Bar.2.35	Bar.2.35	same	
Bar.3.1	Bar.3.1	same	
Bar.3.2	Bar.3.2	same	
Bar.3.3	Bar.3.3	same	
Bar.3.4	Bar.3.4	same	
Bar.3.5	Bar.3.5	same	
Bar.3.6	Bar.3.6	same	
Bar.3.7	Bar.3.7	same	
Bar.3.8	Bar.3.8	same	
Bar.3.9	Bar.3.9	same	
Bar.3.10	Bar.3.10	same	
Bar.3.11	Bar.3.11	same	
Bar.3.12	Bar.3.12	same	
Bar.3.13	Bar.3.13	same	
Bar.3.14	Bar.3.14	same	
Bar.3.15	Bar.3.15	same	
Bar.3.16	Bar.3.16	same	
Bar.3.17	Bar.3.17	same	
Bar.3.18	Bar.3.18	same	
Bar.3.19	Bar.3.19	same	
Bar.3.20	Bar.3.20	same	
Bar.3.21	Bar.3.21	same	
Bar.3.22	Bar.3.22	same	
Bar.3.23	Bar.3.23	same	
Bar.3.24	Bar.3.24	same	
Bar.3.25	Bar.3.25	same	
Bar.3.26	Bar.3.26	same	
Bar.3.27	Bar.3.27	same	
Bar.3.28	Bar.3.28	same	
Bar.3.29	Bar.3.29	same	
Bar.3.30	Bar.3.30	same	
Bar.3.31	Bar.3.31	same	
Bar.3.32	Bar.3.32	same	
Bar.3.33	Bar.3.33	same	
Bar.3.34	Bar.3.34	part	Renumber verse
Bar.3.35	Bar.3.34	part	DividedPrev verse
Bar.3.36	Bar.3.35	renumbered	Renumber verse
Bar.3.37	Bar.3.36	renumbered	Renumber verse
Bar.3.38	Bar.3.37	renumbered	Renumber verse
Bar.4.1	Bar.4.1	same	
Bar.4.2	Bar.4.2	same	
Bar.4.3	Bar.4.3	same	
Bar.4.4	Bar.4.4	same	
Bar.4.5	Bar.4.5	same	
Bar.4.6	Bar.4.6	same	
Bar.4.7	Bar.4.7	same	
Bar.4.8	Bar.4.8	same	
Bar.4.9	Bar.4.9	same	
Bar.4.10	Bar.4.10	same	
Bar.4.11	Bar.4.11	same	
Bar.4.12	Bar.4.12	same	
Bar.4.13	Bar.4.13	same	
Bar.4.14	Bar.4.14	same	
Bar.4.15	Bar.4.15	same	
Bar.4.16	Bar.4.16	same	
Bar.4.17	Bar.4.17	same	
Bar.4.18	Bar.4.18	same	
Bar.4.19	Bar.4.19	same	
Bar.4.20	Bar.4.20	same	
Bar.4.21	Bar.4.21	same	
Bar.4.22	Bar.4.22	same	
Bar.4.23	Bar.4.23	same	
Bar.4.24	Bar.4.24	same	
Bar.4.25	Bar.4.25	same	
Bar.4.26	Bar.4.26	same	
Bar.4.27	Bar.4.27	same	
Bar.4.28	Bar.4.28	same	
Bar.4.29	Bar.4.29	same	
Bar.4.30	Bar.4.30	same	
Bar.4.31	Bar.4.31	same	
Bar.4.32	Bar.4.32	same	
Bar.4.33	Bar.4.33	same	
Bar.4.34	Bar.4.34	same	
Bar.4.35	Bar.4.35	same	
Bar.4.36	Bar.4.36	same	
Bar.4.37	Bar.4.37	same	
Bar.5.1	Bar.5.1	same	
Bar.5.2	Bar.5.2	same	
Bar.5.3	Bar.5.3	same	
Bar.5.4	Bar.5.4	same	
Bar.5.5	Bar.5.5	same	
Bar.5.6	Bar.5.6	same	
Bar.5.7	Bar.5.7	same	
Bar.5.8	Bar.5.8	same	
Bar.5.9	Bar.5.9	same	
Lam.1.1	Lam.1.1	same	
Lam.1.2	Lam.1.2	same	
Lam.1.3	Lam.1.3	same	
Lam.1.4	Lam.1.4	same	
Lam.1.5	Lam.1.5	same	
Lam.1.6	Lam.1.6	same	
Lam.1.7	Lam.1.7	same	
Lam.1.8	Lam.1.8	same	
Lam.1.9	Lam.1.9	same	
Lam.1.10	Lam.1.10	same	
Lam.1.11	Lam.1.11	same	
Lam.1.12	Lam.1.12	same	
Lam.1.13	Lam.1.13	same	
Lam.1.14	Lam.1.14	same	
Lam.1.15	Lam.1.15	same	
Lam.1.16	Lam.1.16	same	
Lam.1.17	Lam.1.17	same	
Lam.1.18	Lam.1.18	same	
Lam.1.19	Lam.1.19	same	
Lam.1.20	Lam.1.20	same	
Lam.1.21	Lam.1.21	same	
Lam.1.22	Lam.1.22	same	
Lam.2.1	Lam.2.1	same	
Lam.2.2	Lam.2.2	same	
Lam.2.3	Lam.2.3	same	
Lam.2.4	Lam.2.4	same	
Lam.2.5	Lam.2.5	same	
Lam.2.6	Lam.2.6	same	
Lam.2.7	Lam.2.7	same	
Lam.2.8	Lam.2.8	same	
Lam.2.9	Lam.2.9	same	
Lam.2.10	Lam.2.10	same	
Lam.2.11	Lam.2.11	same	
Lam.2.12	Lam.2.12	same	
Lam.2.13	Lam.2.13	same	
Lam.2.14	Lam.2.14	same	
Lam.2.15	Lam.2.15	same	
Lam.2.16	Lam.2.16	same	
Lam.2.17	Lam.2.17	same	
Lam.2.18	Lam.2.18	same	
Lam.2.19	Lam.2.19	same	
Lam.2.20	Lam.2.20	same	
Lam.2.21	Lam.2.21	same	
Lam.2.22	Lam.2.22	same	
Lam.3.1	Lam.3.1	same	
Lam.3.2	Lam.3.2	same	
Lam.3.3	Lam.3.3	same	
Lam.3.4	Lam.3.4	same	
Lam.3.5	Lam.3.5	same	
Lam.3.6	Lam.3.6	same	
Lam.3.7	Lam.3.7	same	
Lam.3.8	Lam.3.8	same	
Lam.3.9	Lam.3.9	same	
Lam.3.10	Lam.3.10	same	
Lam.3.11	Lam.3.11	same	
Lam.3.12	Lam.3.12	same	
Lam.3.13	Lam.3.13	same	
Lam.3.14	Lam.3.14	same	
Lam.3.15	Lam.3.15	same	
Lam.3.16	Lam.3.16	same	
Lam.3.17	Lam.3.17	same	
Lam.3.18	Lam.3.18	same	
Lam.3.19	Lam.3.19	same	
Lam.3.20	Lam.3.20	same	
Lam.3.21	Lam.3.21	same	
Lam.3.25	Lam.3.25	same	
Lam.3.26	Lam.3.26	same	
Lam.3.27	Lam.3.27	same	
Lam.3.28	Lam.3.28	same	
Lam.3.30	Lam.3.30	same	
Lam.3.31	Lam.3.31	same	
Lam.3.32	Lam.3.32	same	
Lam.3.33	Lam.3.33	same	
Lam.3.34	Lam.3.34	same	
Lam.3.35	Lam.3.35	same	
Lam.3.36	Lam.3.36	same	
Lam.3.37	Lam.3.37	same	
Lam.3.38	Lam.3.38	same	
Lam.3.39	Lam.3.39	same	
Lam.3.40	Lam.3.40	same	
Lam.3.41	Lam.3.41	same	
Lam.3.42	Lam.3.42	same	
Lam.3.43	Lam.3.43	same	
Lam.3.44	Lam.3.44	same	
Lam.3.45	Lam.3.45	same	
Lam.3.46	Lam.3.46	same	
Lam.3.47	Lam.3.47	same	
Lam.3.48	Lam.3.48	same	
Lam.3.49	Lam.3.49	same	
Lam.3.50	Lam.3.50	same	
Lam.3.51	Lam.3.51	same	
Lam.3.52	Lam.3.52	same	
Lam.3.53	Lam.3.53	same	
Lam.3.54	Lam.3.54	same	
Lam.3.55	Lam.3.55	same	
Lam.3.56	Lam.3.56	same	
Lam.3.57	Lam.3.57	same	
Lam.3.58	Lam.3.58	same	
Lam.3.59	Lam.3.59	same	
Lam.3.60	Lam.3.60	same	
Lam.3.61	Lam.3.61	same	
Lam.3.62	Lam.3.62	same	
Lam.3.63	Lam.3.63	same	
Lam.3.64	Lam.3.64	same	
Lam.3.65	Lam.3.65	same	
Lam.3.66	Lam.3.66	same	
Lam.4.1	Lam.4.1	same	
Lam.4.2	Lam.4.2	same	
Lam.4.3	Lam.4.3	same	
Lam.4.4	Lam.4.4	same	
Lam.4.5	Lam.4.5	same	
Lam.4.6	Lam.4.6	same	
Lam.4.7	Lam.4.7	same	
Lam.4.8	Lam.4.8	same	
Lam.4.9	Lam.4.9	same	
Lam.4.10	Lam.4.10	same	
Lam.4.11	Lam.4.11	same	
Lam.4.12	Lam.4.12	same	
Lam.4.13	Lam.4.13	same	
Lam.4.14	Lam.4.14	same	
Lam.4.15	Lam.4.15	same	
Lam.4.16	Lam.4.16	same	
Lam.4.17	Lam.4.17	same	
Lam.4.18	Lam.4.18	same	
Lam.4.19	Lam.4.19	same	
Lam.4.20	Lam.4.20	same	
Lam.4.21	Lam.4.21	same	
Lam.4.22	Lam.4.22	same	
Lam.5.1	Lam.5.1	same	
Lam.5.2	Lam.5.2	same	
Lam.5.3	Lam.5.3	same	
Lam.5.4	Lam.5.4	same	
Lam.5.5	Lam.5.5	same	
Lam.5.6	Lam.5.6	same	
Lam.5.7	Lam.5.7	same	
Lam.5.8	Lam.5.8	same	
Lam.5.9	Lam.5.9	same	
Lam.5.10	Lam.5.10	same	
Lam.5.11	Lam.5.11	same	
Lam.5.12	Lam.5.12	same	
Lam.5.13	Lam.5.13	same	
Lam.5.14	Lam.5.14	same	
Lam.5.15	Lam.5.15	same	
Lam.5.16	Lam.5.16	same	
Lam.5.17	Lam.5.17	same	
Lam.5.18	Lam.5.18	same	
Lam.5.19	Lam.5.19	same	
Lam.5.20	Lam.5.20	same	
Lam.5.21	Lam.5.21	same	
Lam.5.22	Lam.5.22	same	
EpJer.1.1	Bar.6.1	unmatched	
EpJer.1.2	Bar.6.2	unmatched	
EpJer.1.3	Bar.6.3	unmatched	
EpJer.1.4	Bar.6.4	unmatched	
EpJer.1.5	Bar.6.5	unmatched	
EpJer.1.6	Bar.6.6	unmatched	
EpJer.1.7	Bar.6.7	unmatched	
EpJer.1.8	Bar.6.8	unmatched	
EpJer.1.9	Bar.6.9	unmatched	
EpJer.1.10	Bar.6.10	unmatched	
EpJer.1.11	Bar.6.11	unmatched	
EpJer.1.12	Bar.6.12	unmatched	
EpJer.1.13	Bar.6.13	unmatched	
EpJer.1.14	Bar.6.14	unmatched	
EpJer.1.15	Bar.6.15	unmatched	
EpJer.1.16	Bar.6.16	unmatched	
EpJer.1.17	Bar.6.17	unmatched	
EpJer.1.18	Bar.6.18	unmatched	
EpJer.1.19	Bar.6.19	unmatched	
EpJer.1.20	Bar.6.20	unmatched	
EpJer.1.21	Bar.6.21	unmatched	
EpJer.1.22	Bar.6.22	unmatched	
EpJer.1.23	Bar.6.23	unmatched	
EpJer.1.24	Bar.6.24	unmatched	
EpJer.1.25	Bar.6.25	unmatched	
EpJer.1.26	Bar.6.26	unmatched	
EpJer.1.27	Bar.6.27	unmatched	
EpJer.1.28	Bar.6.28	unmatched	
EpJer.1.29	Bar.6.29	unmatched	
EpJer.1.30	Bar.6.30	unmatched	
EpJer.1.31	Bar.6.31	unmatched	
EpJer.1.32	Bar.6.32	unmatched	
EpJer.1.33	Bar.6.33	unmatched	
EpJer.1.34	Bar.6.34	unmatched	
EpJer.1.35	Bar.6.35	unmatched	
EpJer.1.36	Bar.6.36	unmatched	
EpJer.1.37	Bar.6.37	unmatched	
EpJer.1.38	Bar.6.38	unmatched	
EpJer.1.39	Bar.6.39	unmatched	
EpJer.1.40	Bar.6.40	unmatched	
EpJer.1.41	Bar.6.41	unmatched	
EpJer.1.42	Bar.6.42	unmatched	
EpJer.1.43	Bar.6.43	unmatched	
EpJer.1.44	Bar.6.44	unmatched	
EpJer.1.45	Bar.6.45	unmatched	
EpJer.1.46	Bar.6.46	unmatched	
EpJer.1.47	Bar.6.47	unmatched	
EpJer.1.48	Bar.6.48	unmatched	
EpJer.1.49	Bar.6.49	unmatched	
EpJer.1.50	Bar.6.50	unmatched	
EpJer.1.51	Bar.6.51	unmatched	
EpJer.1.52	Bar.6.52	unmatched	
EpJer.1.53	Bar.6.53	unmatched	
EpJer.1.54	Bar.6.54	unmatched	
EpJer.1.55	Bar.6.55	unmatched	
EpJer.1.56	Bar.6.56	unmatched	
EpJer.1.57	Bar.6.57	unmatched	
EpJer.1.58	Bar.6.58	unmatched	
EpJer.1.59	Bar.6.59	unmatched	
EpJer.1.60	Bar.6.60	unmatched	
EpJer.1.61	Bar.6.61	unmatched	
EpJer.1.62	Bar.6.62	unmatched	
EpJer.1.63	Bar.6.63	unmatched	
EpJer.1.64	Bar.6.64	unmatched	
EpJer.1.65	Bar.6.65	unmatched	
EpJer.1.66	Bar.6.66	unmatched	
EpJer.1.67	Bar.6.67	unmatched	
EpJer.1.68	Bar.6.68	unmatched	
EpJer.1.69	Bar.6.69	unmatched	
EpJer.1.70	Bar.6.70	unmatched	
EpJer.1.71	Bar.6.71	unmatched	
EpJer.1.72	Bar.6.72	unmatched	
Ezek.1.1	Ezek.1.1	same	
Ezek.1.2	Ezek.1.2	same	
Ezek.1.3	Ezek.1.3	same	
Ezek.1.4	Ezek.1.4	same	
Ezek.1.5	Ezek.1.5	same	
Ezek.1.6	Ezek.1.6	same	
Ezek.1.7	Ezek.1.7	same	
Ezek.1.8	Ezek.1.8	same	
Ezek.1.9	Ezek.1.9	same	
Ezek.1.10	Ezek.1.10	same	
Ezek.1.11	Ezek.1.11	same	
Ezek.1.12	Ezek.1.12	same	
Ezek.1.13	Ezek.1.13	same	
Ezek.1.15	Ezek.1.15	same	
Ezek.1.16	Ezek.1.16	same	
Ezek.1.17	Ezek.1.17	same	
Ezek.1.18	Ezek.1.18	same	
Ezek.1.19	Ezek.1.19	same	
Ezek.1.20	Ezek.1.20	same	
Ezek.1.21	Ezek.1.21	same	
Ezek.1.22	Ezek.1.22	same	
Ezek.1.23	Ezek.1.23	same	
Ezek.1.24	Ezek.1.24	same	
Ezek.1.25	Ezek.1.25	same	
Ezek.1.26	Ezek.1.26	same	
Ezek.1.27	Ezek.1.27	same	
Ezek.1.28	Ezek.1.28	same	
Ezek.2.1	Ezek.2.1	same	
Ezek.2.2	Ezek.2.2	same	
Ezek.2.3	Ezek.2.3	same	
Ezek.2.4	Ezek.2.4	same	
Ezek.2.5	Ezek.2.5	same	
Ezek.2.6	Ezek.2.6	same	
Ezek.2.7	Ezek.2.7	same	
Ezek.2.8	Ezek.2.8	same	
Ezek.2.9	Ezek.2.9	same	Keep verse
Ezek.2.10	Ezek.2.10	same	Keep verse
Ezek.3.1	Ezek.3.1	same	
Ezek.3.2	Ezek.3.2	same	
Ezek.3.3	Ezek.3.3	same	
Ezek.3.4	Ezek.3.4	same	
Ezek.3.5	Ezek.3.5	same	
Ezek.3.6	Ezek.3.6	same	
Ezek.3.7	Ezek.3.7	same	
Ezek.3.8	Ezek.3.8	same	
Ezek.3.9	Ezek.3.9	same	
Ezek.3.10	Ezek.3.10	same	
Ezek.3.11	Ezek.3.11	same	
Ezek.3.12	Ezek.3.12	same	
Ezek.3.13	Ezek.3.13	same	
Ezek.3.14	Ezek.3.14	same	
Ezek.3.15	Ezek.3.15	same	
Ezek.3.16	Ezek.3.16	same	
Ezek.3.17	Ezek.3.17	same	
Ezek.3.18	Ezek.3.18	same	
Ezek.3.19	Ezek.3.19	same	
Ezek.3.20	Ezek.3.20	same	
Ezek.3.21	Ezek.3.21	same	
Ezek.3.22	Ezek.3.22	same	
Ezek.3.23	Ezek.3.23	same	
Ezek.3.24	Ezek.3.24	same	
Ezek.3.25	Ezek.3.25	same	
Ezek.3.26	Ezek.3.26	same	
Ezek.3.27	Ezek.3.27	same	
Ezek.4.1	Ezek.4.1	same	
Ezek.4.2	Ezek.4.2	same	
Ezek.4.3	Ezek.4.3	same	
Ezek.4.4	Ezek.4.4	same	
Ezek.4.5	Ezek.4.5	same	
Ezek.4.6	Ezek.4.6	same	
Ezek.4.7	Ezek.4.7	same	
Ezek.4.8	Ezek.4.8	same	
Ezek.4.9	Ezek.4.9	same	
Ezek.4.10	Ezek.4.10	same	
Ezek.4.11	Ezek.4.11	same	
Ezek.4.12	Ezek.4.12	same	
Ezek.4.13	Ezek.4.13	same	
Ezek.4.14	Ezek.4.14	same	
Ezek.4.15	Ezek.4.15	same	
Ezek.4.16	Ezek.4.16	same	
Ezek.4.17	Ezek.4.17	same	
Ezek.5.1	Ezek.5.1	same	
Ezek.5.2	Ezek.5.2	same	
Ezek.5.3	Ezek.5.3	same	
Ezek.5.4	Ezek.5.4	same	
Ezek.5.5	Ezek.5.5	same	
Ezek.5.6	Ezek.5.6	same	
Ezek.5.7	Ezek.5.7	same	
Ezek.5.8	Ezek.5.8	same	
Ezek.5.9	Ezek.5.9	same	
Ezek.5.10	Ezek.5.10	same	
Ezek.5.11	Ezek.5.11	same	
Ezek.5.12	Ezek.5.12	same	
Ezek.5.13	Ezek.5.13	same	
Ezek.5.14	Ezek.5.14	same	
Ezek.5.15	Ezek.5.15	same	
Ezek.5.16	Ezek.5.16	same	
Ezek.5.17	Ezek.5.17	same	
Ezek.6.1	Ezek.6.1	same	
Ezek.6.2	Ezek.6.2	same	
Ezek.6.3	Ezek.6.3	same	
Ezek.6.4	Ezek.6.4	same	
Ezek.6.5	Ezek.6.5	same	
Ezek.6.6	Ezek.6.6	same	
Ezek.6.7	Ezek.6.7	same	
Ezek.6.8	Ezek.6.8	same	
Ezek.6.9	Ezek.6.9	same	
Ezek.6.10	Ezek.6.10	same	
Ezek.6.11	Ezek.6.11	same	
Ezek.6.12	Ezek.6.12	same	
Ezek.6.13	Ezek.6.13	same	
Ezek.6.14	Ezek.6.14	same	
Ezek.7.1	Ezek.7.1	same	
Ezek.7.2	Ezek.7.2	same	
Ezek.7.3	Ezek.7.6	renumbered	Renumber verse*
Ezek.7.4	Ezek.7.7	renumbered	Renumber verse*
Ezek.7.5	Ezek.7.8	renumbered	Renumber verse*
Ezek.7.6	Ezek.7.9	renumbered	Renumber verse*
Ezek.7.7	Ezek.7.3	renumbered	Renumber verse*
Ezek.7.8	Ezek.7.4	renumbered	Renumber verse*
Ezek.7.9	Ezek.7.5	renumbered	Renumber verse*
Ezek.7.11s		not-in-kjv	
Ezek.7.12	Ezek.7.12	same	
Ezek.7.13	Ezek.7.13	same	
Ezek.7.14	Ezek.7.14	same	
Ezek.7.15	Ezek.7.15	same	
Ezek.7.16	Ezek.7.16	same	
Ezek.7.17	Ezek.7.17	same	
Ezek.7.18	Ezek.7.18	same	
Ezek.7.19	Ezek.7.19	same	
Ezek.7.20	Ezek.7.20	same	
Ezek.7.21	Ezek.7.21	same	
Ezek.7.22	Ezek.7.22	same	
Ezek.7.23	Ezek.7.23	same	
Ezek.7.24	Ezek.7.24	same	
Ezek.7.25	Ezek.7.25	same	
Ezek.7.26	Ezek.7.26	same	
Ezek.7.27	Ezek.7.27	same	
Ezek.8.1	Ezek.8.1	same	
Ezek.8.3	Ezek.8.3	same	
Ezek.8.4	Ezek.8.4	same	
Ezek.8.5	Ezek.8.5	same	
Ezek.8.6	Ezek.8.6	same	
Ezek.8.7	Ezek.8.7	same	
Ezek.8.8	Ezek.8.8	same	
Ezek.8.9	Ezek.8.9	same	
Ezek.8.10	Ezek.8.10	same	
Ezek.8.11	Ezek.8.11	same	
Ezek.8.12	Ezek.8.12	same	
Ezek.8.13	Ezek.8.13	same	
Ezek.8.14	Ezek.8.14	same	
Ezek.8.15	Ezek.8.15	same	
Ezek.8.16	Ezek.8.16	same	
Ezek.8.17	Ezek.8.17	same	
Ezek.8.18	Ezek.8.18	same	
Ezek.9.1	Ezek.9.1	same	
Ezek.9.2	Ezek.9.2	same	
Ezek.9.3	Ezek.9.3	same	
Ezek.9.4	Ezek.9.4	same	
Ezek.9.5	Ezek.9.5	same	
Ezek.9.6	Ezek.9.6	same	
Ezek.9.7	Ezek.9.7	same	
Ezek.9.8	Ezek.9.8	same	
Ezek.9.9	Ezek.9.9	same	
Ezek.9.10	Ezek.9.10	same	
Ezek.9.11	Ezek.9.11	same	
Ezek.10.1	Ezek.10.1	same	
Ezek.10.2	Ezek.10.2	same	
Ezek.10.3	Ezek.10.3	same	
Ezek.10.4	Ezek.10.4	same	
Ezek.10.5	Ezek.10.5	same	
Ezek.10.6	Ezek.10.6	same	
Ezek.10.7	Ezek.10.7	same	
Ezek.10.8	Ezek.10.8	same	
Ezek.10.9	Ezek.10.9	same	
Ezek.10.10	Ezek.10.10	same	
Ezek.10.11	Ezek.10.11	same	
Ezek.10.12	Ezek.10.12	same	
Ezek.10.13	Ezek.10.13	same	
Ezek.10.15	Ezek.10.15	same	
Ezek.10.16	Ezek.10.16	same	
Ezek.10.17	Ezek.10.17	same	
Ezek.10.18	Ezek.10.18	same	
Ezek.10.19	Ezek.10.19	same	
Ezek.10.20	Ezek.10.20	same	
Ezek.10.21	Ezek.10.21	same	
Ezek.10.22	Ezek.10.22	same	
Ezek.11.1	Ezek.11.1	same	
Ezek.11.2	Ezek.11.2	same	
Ezek.11.3	Ezek.11.3	same	
Ezek.11.4	Ezek.11.4	same	
Ezek.11.5	Ezek.11.5	same	
Ezek.11.6	Ezek.11.6	same	
Ezek.11.7	Ezek.11.7	same	
Ezek.11.8	Ezek.11.8	same	
Ezek.11.9	Ezek.11.9	same	
Ezek.11.10	Ezek.11.10	same	
Ezek.11.13	Ezek.11.13	same	
Ezek.11.14	Ezek.11.14	same	
Ezek.11.15	Ezek.11.15	same	
Ezek.11.16	Ezek.11.16	same	
Ezek.11.17	Ezek.11.17	same	
Ezek.11.18	Ezek.11.18	same	
Ezek.11.19	Ezek.11.19	same	
Ezek.11.20	Ezek.11.20	same	
Ezek.11.21	Ezek.11.21	same	
Ezek.11.22	Ezek.11.22	same	
Ezek.11.23	Ezek.11.23	same	
Ezek.11.24	Ezek.11.24	same	
Ezek.11.25	Ezek.11.25	same	
Ezek.12.1	Ezek.12.1	same	
Ezek.12.2	Ezek.12.2	same	
Ezek.12.3	Ezek.12.3	same	
Ezek.12.4	Ezek.12.4	same	
Ezek.12.5	Ezek.12.5	same	
Ezek.12.6	Ezek.12.6	same	
Ezek.12.7	Ezek.12.7	same	
Ezek.12.8	Ezek.12.8	same	
Ezek.12.9	Ezek.12.9	same	
Ezek.12.10	Ezek.12.10	same	
Ezek.12.11	Ezek.12.11	same	
Ezek.12.12	Ezek.12.12	same	
Ezek.12.13	Ezek.12.13	same	
Ezek.12.14	Ezek.12.14	same	
Ezek.12.15	Ezek.12.15	same	
Ezek.12.16	Ezek.12.16	same	
Ezek.12.17	Ezek.12.17	same	
Ezek.12.18	Ezek.12.18	same	
Ezek.12.19	Ezek.12.19	same	
Ezek.12.20	Ezek.12.20	same	
Ezek.12.21	Ezek.12.21	same	
Ezek.12.22	Ezek.12.22	same	
Ezek.12.23	Ezek.12.23	same	
Ezek.12.24	Ezek.12.24	same	
Ezek.12.25	Ezek.12.25	same	
Ezek.12.26	Ezek.12.26	same	
Ezek.12.27	Ezek.12.27	same	
Ezek.12.28	Ezek.12.28	same	
Ezek.13.1	Ezek.13.1	same	
Ezek.13.2	Ezek.13.2	same	
Ezek.13.3	Ezek.13.3	same	
Ezek.13.4	Ezek.13.4	same	
Ezek.13.5	Ezek.13.5	same	
Ezek.13.6	Ezek.13.6	same	
Ezek.13.7	Ezek.13.7	same	
Ezek.13.8	Ezek.13.8	same	
Ezek.13.9	Ezek.13.9	same	
Ezek.13.10	Ezek.13.10	same	
Ezek.13.11	Ezek.13.11	same	
Ezek.13.12	Ezek.13.12	same	
Ezek.13.13	Ezek.13.13	same	
Ezek.13.14	Ezek.13.14	same	
Ezek.13.15	Ezek.13.15	same	
Ezek.13.16	Ezek.13.16	same	
Ezek.13.17	Ezek.13.17	same	
Ezek.13.18	Ezek.13.18	same	
Ezek.13.19	Ezek.13.19	same	
Ezek.13.20	Ezek.13.20	same	
Ezek.13.21	Ezek.13.21	same	
Ezek.13.22	Ezek.13.22	same	
Ezek.13.23	Ezek.13.23	same	
Ezek.14.1	Ezek.14.1	same	
Ezek.14.2	Ezek.14.2	same	
Ezek.14.3	Ezek.14.3	same	
Ezek.14.4	Ezek.14.4	same	
Ezek.14.5	Ezek.14.5	same	
Ezek.14.6	Ezek.14.6	same	
Ezek.14.7	Ezek.14.7	same	
Ezek.14.8	Ezek.14.8	same	
Ezek.14.9	Ezek.14.9	same	
Ezek.14.10	Ezek.14.10	same	
Ezek.14.11	Ezek.14.11	same	
Ezek.14.12	Ezek.14.12	same	
Ezek.14.13	Ezek.14.13	same	
Ezek.14.14	Ezek.14.14	same	
Ezek.14.15	Ezek.14.15	same	
Ezek.14.16	Ezek.14.16	same	
Ezek.14.17	Ezek.14.17	same	
Ezek.14.18	Ezek.14.18	same	
Ezek.14.19	Ezek.14.19	same	
Ezek.14.20	Ezek.14.20	same	
Ezek.14.21	Ezek.14.21	same	
Ezek.14.22	Ezek.14.22	same	
Ezek.14.23	Ezek.14.23	same	
Ezek.15.1	Ezek.15.1	same	
Ezek.15.2	Ezek.15.2	same	
Ezek.15.3	Ezek.15.3	same	
Ezek.15.4	Ezek.15.4	same	
Ezek.15.5	Ezek.15.5	same	
Ezek.15.6	Ezek.15.6	same	
Ezek.15.7	Ezek.15.7	same	
Ezek.15.8	Ezek.15.8	same	
Ezek.16.1	Ezek.16.1	same	
Ezek.16.2	Ezek.16.2	same	
Ezek.16.3	Ezek.16.3	same	
Ezek.16.4	Ezek.16.4	same	
Ezek.16.5	Ezek.16.5	same	
Ezek.16.6	Ezek.16.6	same	
Ezek.16.7	Ezek.16.7	same	
Ezek.16.8	Ezek.16.8	same	
Ezek.16.9	Ezek.16.9	same	
Ezek.16.10	Ezek.16.10	same	
Ezek.16.11	Ezek.16.11	same	
Ezek.16.12	Ezek.16.12	same	
Ezek.16.13	Ezek.16.13	same	
Ezek.16.14	Ezek.16.14	same	
Ezek.16.15	Ezek.16.15	same	
Ezek.16.16	Ezek.16.16	same	
Ezek.16.17	Ezek.16.17	same	
Ezek.16.18	Ezek.16.18	same	
Ezek.16.19	Ezek.16.19	same	
Ezek.16.20	Ezek.16.20	same	
Ezek.16.21	Ezek.16.21	same	
Ezek.16.22	Ezek.16.22	same	
Ezek.16.23	Ezek.16.23	same	
Ezek.16.24	Ezek.16.24	same	
Ezek.16.25	Ezek.16.25	same	
Ezek.16.26	Ezek.16.26	same	
Ezek.16.27	Ezek.16.27	same	
Ezek.16.28	Ezek.16.28	same	
Ezek.16.29	Ezek.16.29	same	
Ezek.16.30	Ezek.16.30	same	
Ezek.16.31	Ezek.16.31	same	
Ezek.16.32	Ezek.16.32	same	
Ezek.16.33	Ezek.16.33	same	
Ezek.16.34	Ezek.16.34	same	
Ezek.16.35	Ezek.16.35	same	
Ezek.16.36	Ezek.16.36	same	
Ezek.16.37	Ezek.16.37	same	
Ezek.16.38	Ezek.16.38	same	
Ezek.16.39	Ezek.16.39	same	
Ezek.16.40	Ezek.16.40	same	
Ezek.16.41	Ezek.16.41	same	
Ezek.16.42	Ezek.16.42	same	
Ezek.16.43	Ezek.16.43	same	
Ezek.16.44	Ezek.16.44	same	
Ezek.16.45	Ezek.16.45	same	
Ezek.16.46	Ezek.16.46	same	
Ezek.16.47	Ezek.16.47	same	
Ezek.16.48	Ezek.16.48	same	
Ezek.16.49	Ezek.16.49	same	
Ezek.16.50	Ezek.16.50	same	
Ezek.16.51	Ezek.16.51	same	
Ezek.16.52	Ezek.16.52	same	
Ezek.16.53	Ezek.16.53	same	
Ezek.16.54	Ezek.16.54	same	
Ezek.16.55	Ezek.16.55	same	
Ezek.16.56	Ezek.16.56	same	
Ezek.16.57	Ezek.16.57	same	
Ezek.16.58	Ezek.16.58	same	
Ezek.16.59	Ezek.16.59	same	
Ezek.16.60	Ezek.16.60	same	
Ezek.16.61	Ezek.16.61	same	
Ezek.16.62	Ezek.16.62	same	
Ezek.16.63	Ezek.16.63	same	
Ezek.17.1	Ezek.17.1	same	
Ezek.17.2	Ezek.17.2	same	
Ezek.17.3	Ezek.17.3	same	
Ezek.17.4	Ezek.17.4	same	
Ezek.17.5	Ezek.17.5	same	
Ezek.17.6	Ezek.17.6	same	
Ezek.17.7	Ezek.17.7	same	
Ezek.17.8	Ezek.17.8	same	
Ezek.17.9	Ezek.17.9	same	
Ezek.17.10	Ezek.17.10	same	
Ezek.17.11	Ezek.17.11	same	
Ezek.17.12	Ezek.17.12	same	
Ezek.17.13	Ezek.17.13	same	
Ezek.17.14	Ezek.17.14	same	
Ezek.17.15	Ezek.17.15	same	
Ezek.17.16	Ezek.17.16	same	
Ezek.17.17	Ezek.17.17	same	
Ezek.17.18	Ezek.17.18	same	
Ezek.17.19	Ezek.17.19	same	
Ezek.17.20	Ezek.17.20	same	
Ezek.17.21	Ezek.17.21	same	
Ezek.17.22	Ezek.17.22	same	
Ezek.17.23	Ezek.17.23	same	
Ezek.17.24	Ezek.17.24	same	
Ezek.18.1	Ezek.18.1	same	
Ezek.18.2	Ezek.18.2	same	
Ezek.18.3	Ezek.18.3	same	
Ezek.18.4	Ezek.18.4	same	
Ezek.18.5	Ezek.18.5	same	
Ezek.18.6	Ezek.18.6	same	
Ezek.18.7	Ezek.18.7	same	
Ezek.18.8	Ezek.18.8	same	
Ezek.18.9	Ezek.18.9	same	
Ezek.18.10	Ezek.18.10	same	
Ezek.18.11	Ezek.18.11	same	
Ezek.18.12	Ezek.18.12	same	
Ezek.18.13	Ezek.18.13	same	
Ezek.18.14	Ezek.18.14	same	
Ezek.18.15	Ezek.18.15	same	
Ezek.18.16	Ezek.18.16	same	
Ezek.18.17	Ezek.18.17	same	
Ezek.18.18	Ezek.18.18	same	
Ezek.18.19	Ezek.18.19	same	
Ezek.18.20	Ezek.18.20	same	
Ezek.18.21	Ezek.18.21	same	
Ezek.18.22	Ezek.18.22	same	
Ezek.18.23	Ezek.18.23	same	
Ezek.18.24	Ezek.18.24	same	
Ezek.18.25	Ezek.18.25	same	
Ezek.18.26	Ezek.18.26	same	
Ezek.18.27	Ezek.18.27	same	
Ezek.18.28	Ezek.18.28	same	
Ezek.18.29	Ezek.18.29	same	
Ezek.18.30	Ezek.18.30	same	
Ezek.18.31	Ezek.18.31	same	
Ezek.18.32	Ezek.18.32	same	
Ezek.19.1	Ezek.19.1	same	
Ezek.19.2	Ezek.19.2	same	
Ezek.19.3	Ezek.19.3	same	
Ezek.19.4	Ezek.19.4	same	
Ezek.19.5	Ezek.19.5	same	
Ezek.19.6	Ezek.19.6	same	
Ezek.19.7	Ezek.19.7	same	
Ezek.19.8	Ezek.19.8	same	
Ezek.19.9	Ezek.19.9	same	
Ezek.19.10	Ezek.19.10	same	
Ezek.19.11	Ezek.19.11	same	
Ezek.19.12	Ezek.19.12	same	
Ezek.19.13	Ezek.19.13	same	
Ezek.19.14	Ezek.19.14	same	
Ezek.20.1	Ezek.20.1	same	
Ezek.20.2	Ezek.20.2	same	
Ezek.20.3	Ezek.20.3	same	
Ezek.20.4	Ezek.20.4	same	
Ezek.20.5	Ezek.20.5	same	
Ezek.20.6	Ezek.20.6	same	
Ezek.20.7	Ezek.20.7	same	
Ezek.20.8	Ezek.20.8	same	
Ezek.20.9	Ezek.20.9	same	
Ezek.20.10	Ezek.20.10	same	
Ezek.20.11	Ezek.20.11	same	
Ezek.20.12	Ezek.20.12	same	
Ezek.20.13	Ezek.20.13	same	
Ezek.20.14	Ezek.20.14	same	
Ezek.20.15	Ezek.20.15	same	
Ezek.20.16	Ezek.20.16	same	
Ezek.20.17	Ezek.20.17	same	
Ezek.20.18	Ezek.20.18	same	
Ezek.20.19	Ezek.20.19	same	
Ezek.20.20	Ezek.20.20	same	
Ezek.20.21	Ezek.20.21	same	
Ezek.20.22	Ezek.20.22	same	
Ezek.20.23	Ezek.20.23	same	
Ezek.20.24	Ezek.20.24	same	
Ezek.20.25	Ezek.20.25	same	
Ezek.20.26	Ezek.20.26	same	
Ezek.20.27	Ezek.20.27	same	
Ezek.20.28	Ezek.20.28	same	
Ezek.20.29	Ezek.20.29	same	
Ezek.20.30	Ezek.20.30	same	
Ezek.20.31	Ezek.20.31	same	
Ezek.20.32	Ezek.20.32	same	
Ezek.20.33	Ezek.20.33	same	
Ezek.20.34	Ezek.20.34	same	
Ezek.20.35	Ezek.20.35	same	
Ezek.20.36	Ezek.20.36	same	
Ezek.20.37	Ezek.20.37	same	
Ezek.20.38	Ezek.20.38	same	
Ezek.20.39	Ezek.20.39	same	
Ezek.20.40	Ezek.20.40	same	
Ezek.20.41	Ezek.20.41	same	
Ezek.20.42	Ezek.20.42	same	
Ezek.20.43	Ezek.20.43	same	
Ezek.20.44	Ezek.20.44	same	
Ezek.20.45	Ezek.20.45	same	Keep verse (another tradition's pattern)
Ezek.20.46	Ezek.20.46	same	Keep verse (another tradition's pattern)
Ezek.20.47	Ezek.20.47	same	Keep verse (another tradition's pattern)
Ezek.20.48	Ezek.20.48	same	Keep verse (another tradition's pattern)
Ezek.20.49	Ezek.20.49	same	Keep verse (another tradition's pattern)
Ezek.21.1	Ezek.21.1	same	Keep verse (another tradition's pattern)
Ezek.21.2	Ezek.21.2	same	Keep verse (another tradition's pattern)
Ezek.21.3	Ezek.21.3	same	Keep verse (another tradition's pattern)
Ezek.21.4	Ezek.21.4	same	Keep verse (another tradition's pattern)
Ezek.21.5	Ezek.21.5	same	Keep verse (another tradition's pattern)
Ezek.21.6	Ezek.21.6	same	Keep verse (another tradition's pattern)
Ezek.21.7	Ezek.21.7	same	Keep verse (another tradition's pattern)
Ezek.21.8	Ezek.21.8	same	Keep verse (another tradition's pattern)
Ezek.21.9	Ezek.21.9	same	Keep verse (another tradition's pattern)
Ezek.21.10	Ezek.21.10	same	Keep verse (another tradition's pattern)
Ezek.21.11	Ezek.21.11	same	Keep verse (another tradition's pattern)
Ezek.21.12	Ezek.21.12	same	Keep verse (another tradition's pattern)
Ezek.21.13	Ezek.21.13	same	Keep verse (another tradition's pattern)
Ezek.21.14	Ezek.21.14	same	Keep verse (another tradition's pattern)
Ezek.21.15	Ezek.21.15	same	Keep verse (another tradition's pattern)
Ezek.21.16	Ezek.21.16	same	Keep verse (another tradition's pattern)
Ezek.21.17	Ezek.21.17	same	Keep verse (another tradition's pattern)
Ezek.21.18	Ezek.21.18	same	Keep verse (another tradition's pattern)
Ezek.21.19	Ezek.21.19	same	Keep verse (another tradition's pattern)
Ezek.21.20	Ezek.21.20	same	Keep verse (another tradition's pattern)
Ezek.21.21	Ezek.21.21	same	Keep verse (another tradition's pattern)
Ezek.21.22	Ezek.21.22	same	Keep verse (another tradition's pattern)
Ezek.21.23	Ezek.21.23	same	Keep verse (another tradition's pattern)
Ezek.21.24	Ezek.21.24	same	Keep verse (another tradition's pattern)
Ezek.21.25	Ezek.21.25	same	Keep verse (another tradition's pattern)
Ezek.21.26	Ezek.21.26	same	Keep verse (another tradition's pattern)
Ezek.21.27	Ezek.21.27	same	Keep verse (another tradition's pattern)
Ezek.21.28	Ezek.21.28	same	Keep verse (another tradition's pattern)
Ezek.21.29	Ezek.21.29	same	Keep verse (another tradition's pattern)
Ezek.21.30	Ezek.21.30	same	Keep verse (another tradition's pattern)
Ezek.21.31	Ezek.21.31	same	Keep verse (another tradition's pattern)
Ezek.21.32	Ezek.21.32	same	Keep verse (another tradition's pattern)
Ezek.22.1	Ezek.22.1	same	
Ezek.22.2	Ezek.22.2	same	
Ezek.22.3	Ezek.22.3	same	
Ezek.22.4	Ezek.22.4	same	
Ezek.22.5	Ezek.22.5	same	
Ezek.22.6	Ezek.22.6	same	
Ezek.22.7	Ezek.22.7	same	
Ezek.22.8	Ezek.22.8	same	
Ezek.22.9	Ezek.22.9	same	
Ezek.22.10	Ezek.22.10	same	
Ezek.22.11	Ezek.22.11	same	
Ezek.22.12	Ezek.22.12	same	
Ezek.22.13	Ezek.22.13	same	
Ezek.22.14	Ezek.22.14	same	
Ezek.22.15	Ezek.22.15	same	
Ezek.22.16	Ezek.22.16	same	
Ezek.22.17	Ezek.22.17	same	
Ezek.22.18	Ezek.22.18	same	
Ezek.22.19	Ezek.22.19	same	
Ezek.22.20	Ezek.22.20	same	
Ezek.22.21	Ezek.22.21	same	
Ezek.22.22	Ezek.22.22	same	
Ezek.22.23	Ezek.22.23	same	
Ezek.22.24	Ezek.22.24	same	
Ezek.22.25	Ezek.22.25	same	
Ezek.22.26	Ezek.22.26	same	
Ezek.22.27	Ezek.22.27	same	
Ezek.22.28	Ezek.22.28	same	
Ezek.22.29	Ezek.22.29	same	
Ezek.22.30	Ezek.22.30	same	
Ezek.22.31	Ezek.22.31	same	
Ezek.23.1	Ezek.23.1	same	
Ezek.23.2	Ezek.23.2	same	
Ezek.23.4	Ezek.23.4	same	
Ezek.23.5	Ezek.23.5	same	
Ezek.23.6	Ezek.23.6	same	
Ezek.23.7	Ezek.23.7	same	
Ezek.23.8	Ezek.23.8	same	
Ezek.23.9	Ezek.23.9	same	
Ezek.23.10	Ezek.23.10	same	
Ezek.23.11	Ezek.23.11	same	
Ezek.23.12	Ezek.23.12	same	
Ezek.23.13	Ezek.23.13	same	
Ezek.23.14	Ezek.23.14	same	
Ezek.23.15	Ezek.23.15	same	
Ezek.23.16	Ezek.23.16	same	
Ezek.23.17	Ezek.23.17	same	
Ezek.23.18	Ezek.23.18	same	
Ezek.23.19	Ezek.23.19	same	
Ezek.23.20	Ezek.23.20	same	
Ezek.23.21	Ezek.23.21	same	
Ezek.23.22	Ezek.23.22	same	
Ezek.23.23	Ezek.23.23	same	
Ezek.23.24	Ezek.23.24	same	
Ezek.23.25	Ezek.23.25	same	
Ezek.23.26	Ezek.23.26	same	
Ezek.23.27	Ezek.23.27	same	
Ezek.23.28	Ezek.23.28	same	
Ezek.23.29	Ezek.23.29	same	
Ezek.23.30	Ezek.23.30	same	
Ezek.23.31	Ezek.23.31	same	
Ezek.23.32	Ezek.23.32	same	
Ezek.23.33	Ezek.23.33	same	
Ezek.23.34	Ezek.23.34	same	
Ezek.23.35	Ezek.23.35	same	
Ezek.23.36	Ezek.23.36	same	
Ezek.23.37	Ezek.23.37	same	
Ezek.23.38	Ezek.23.38	same	
Ezek.23.39	Ezek.23.39	same	
Ezek.23.40	Ezek.23.40	same	
Ezek.23.41	Ezek.23.41	same	
Ezek.23.42	Ezek.23.42	same	
Ezek.23.43	Ezek.23.43	same	
Ezek.23.44	Ezek.23.44	same	
Ezek.23.45	Ezek.23.45	same	
Ezek.23.46	Ezek.23.46	same	
Ezek.23.47	Ezek.23.47	same	
Ezek.23.48	Ezek.23.48	same	
Ezek.23.49	Ezek.23.49	same	
Ezek.24.1	Ezek.24.1	same	
Ezek.24.2	Ezek.24.2	same	
Ezek.24.3	Ezek.24.3	same	
Ezek.24.4	Ezek.24.4	same	
Ezek.24.5	Ezek.24.5	same	
Ezek.24.6	Ezek.24.6	same	
Ezek.24.7	Ezek.24.7	same	
Ezek.24.8	Ezek.24.8	same	
Ezek.24.9	Ezek.24.9	same	
Ezek.24.10	Ezek.24.10	same	
Ezek.24.11	Ezek.24.11	same	
Ezek.24.12	Ezek.24.12	same	
Ezek.24.13	Ezek.24.13	same	
Ezek.24.14	Ezek.24.14	same	
Ezek.24.15	Ezek.24.15	same	
Ezek.24.16	Ezek.24.16	same	
Ezek.24.17	Ezek.24.17	same	
Ezek.24.18	Ezek.24.18	same	
Ezek.24.19	Ezek.24.19	same	
Ezek.24.20	Ezek.24.20	same	
Ezek.24.21	Ezek.24.21	same	
Ezek.24.22	Ezek.24.22	same	
Ezek.24.23	Ezek.24.23	same	
Ezek.24.24	Ezek.24.24	same	
Ezek.24.25	Ezek.24.25	same	
Ezek.24.26	Ezek.24.26	same	
Ezek.24.27	Ezek.24.27	same	
Ezek.25.1	Ezek.25.1	same	
Ezek.25.2	Ezek.25.2	same	
Ezek.25.3	Ezek.25.3	same	
Ezek.25.4	Ezek.25.4	same	
Ezek.25.5	Ezek.25.5	same	
Ezek.25.6	Ezek.25.6	same	
Ezek.25.7	Ezek.25.7	same	
Ezek.25.8	Ezek.25.8	same	
Ezek.25.9	Ezek.25.9	same	
Ezek.25.10	Ezek.25.10	same	
Ezek.25.11	Ezek.25.11	same	
Ezek.25.12	Ezek.25.12	same	
Ezek.25.13	Ezek.25.13	same	
Ezek.25.14	Ezek.25.14	same	
Ezek.25.15	Ezek.25.15	same	
Ezek.25.16	Ezek.25.16	same	
Ezek.25.17	Ezek.25.17	same	
Ezek.26.1	Ezek.26.1	same	
Ezek.26.2	Ezek.26.2	same	
Ezek.26.3	Ezek.26.3	same	
Ezek.26.4	Ezek.26.4	same	
Ezek.26.5	Ezek.26.5	same	
Ezek.26.6	Ezek.26.6	same	
Ezek.26.7	Ezek.26.7	same	
Ezek.26.8	Ezek.26.8	same	
Ezek.26.9	Ezek.26.9	same	
Ezek.26.10	Ezek.26.10	same	
Ezek.26.11	Ezek.26.11	same	
Ezek.26.12	Ezek.26.12	same	
Ezek.26.13	Ezek.26.13	same	
Ezek.26.14	Ezek.26.14	same	
Ezek.26.15	Ezek.26.15	same	
Ezek.26.16	Ezek.26.16	same	
Ezek.26.17	Ezek.26.17	same	
Ezek.26.18	Ezek.26.18	same	
Ezek.26.19	Ezek.26.19	same	
Ezek.26.20	Ezek.26.20	same	
Ezek.26.21	Ezek.26.21	same	
Ezek.27.1	Ezek.27.1	same	
Ezek.27.2	Ezek.27.2	same	
Ezek.27.3	Ezek.27.3	same	
Ezek.27.4	Ezek.27.4	same	
Ezek.27.5	Ezek.27.5	same	
Ezek.27.6	Ezek.27.6	same	
Ezek.27.7	Ezek.27.7	same	
Ezek.27.8	Ezek.27.8	same	
Ezek.27.9	Ezek.27.9	same	
Ezek.27.10	Ezek.27.10	same	
Ezek.27.11	Ezek.27.11	same	
Ezek.27.12	Ezek.27.12	same	
Ezek.27.13	Ezek.27.13	same	
Ezek.27.14	Ezek.27.14	same	
Ezek.27.15	Ezek.27.15	same	
Ezek.27.16	Ezek.27.16	same	
Ezek.27.17	Ezek.27.17	same	
Ezek.27.18	Ezek.27.18	same	
Ezek.27.19	Ezek.27.19	same	
Ezek.27.20	Ezek.27.20	same	
Ezek.27.21	Ezek.27.21	same	
Ezek.27.22	Ezek.27.22	same	
Ezek.27.23	Ezek.27.23	same	
Ezek.27.24	Ezek.27.24	same	
Ezek.27.25	Ezek.27.25	same	
Ezek.27.26	Ezek.27.26	same	
Ezek.27.27	Ezek.27.27	same	
Ezek.27.28	Ezek.27.28	same	
Ezek.27.29	Ezek.27.29	same	
Ezek.27.30	Ezek.27.30	same	
Ezek.27.32	Ezek.27.32	same	
Ezek.27.33	Ezek.27.33	same	
Ezek.27.34	Ezek.27.34	same	
Ezek.27.35	Ezek.27.35	same	
Ezek.27.36	Ezek.27.36	same	
Ezek.28.1	Ezek.28.1	same	
Ezek.28.2	Ezek.28.2	same	
Ezek.28.3	Ezek.28.3	same	
Ezek.28.4	Ezek.28.4	same	
Ezek.28.5	Ezek.28.5	same	
Ezek.28.6	Ezek.28.6	same	
Ezek.28.7	Ezek.28.7	same	
Ezek.28.8	Ezek.28.8	same	
Ezek.28.9	Ezek.28.9	same	
Ezek.28.10	Ezek.28.10	same	
Ezek.28.11	Ezek.28.11	same	
Ezek.28.12	Ezek.28.12	same	
Ezek.28.13	Ezek.28.13	same	
Ezek.28.14	Ezek.28.14	same	
Ezek.28.15	Ezek.28.15	same	
Ezek.28.16	Ezek.28.16	same	
Ezek.28.17	Ezek.28.17	same	
Ezek.28.18	Ezek.28.18	same	
Ezek.28.19	Ezek.28.19	same	
Ezek.28.20	Ezek.28.20	same	
Ezek.28.21	Ezek.28.21	same	
Ezek.28.22	Ezek.28.22	same	
Ezek.28.23	Ezek.28.23	same	
Ezek.28.24	Ezek.28.24	same	
Ezek.28.25	Ezek.28.25	same	
Ezek.28.26	Ezek.28.26	same	
Ezek.29.1	Ezek.29.1	same	
Ezek.29.2	Ezek.29.2	same	
Ezek.29.3	Ezek.29.3	same	
Ezek.29.4	Ezek.29.4	same	
Ezek.29.5	Ezek.29.5	same	
Ezek.29.6	Ezek.29.6	same	
Ezek.29.7	Ezek.29.7	same	
Ezek.29.8	Ezek.29.8	same	
Ezek.29.9	Ezek.29.9	same	
Ezek.29.10	Ezek.29.10	same	
Ezek.29.11	Ezek.29.11	same	
Ezek.29.12	Ezek.29.12	same	
Ezek.29.13	Ezek.29.13	same	
Ezek.29.14	Ezek.29.14	same	
Ezek.29.15	Ezek.29.15	same	
Ezek.29.16	Ezek.29.16	same	
Ezek.29.17	Ezek.29.17	same	
Ezek.29.18	Ezek.29.18	same	
Ezek.29.19	Ezek.29.19	same	
Ezek.29.20	Ezek.29.20	same	
Ezek.29.21	Ezek.29.21	same	
Ezek.30.1	Ezek.30.1	same	
Ezek.30.2	Ezek.30.2	same	
Ezek.30.3	Ezek.30.3	same	
Ezek.30.4	Ezek.30.4	same	
Ezek.30.5	Ezek.30.5	same	
Ezek.30.6	Ezek.30.6	same	
Ezek.30.7	Ezek.30.7	same	
Ezek.30.8	Ezek.30.8	same	
Ezek.30.9	Ezek.30.9	same	
Ezek.30.10	Ezek.30.10	same	
Ezek.30.11	Ezek.30.11	same	
Ezek.30.12	Ezek.30.12	same	
Ezek.30.13	Ezek.30.13	same	
Ezek.30.14	Ezek.30.14	same	
Ezek.30.15	Ezek.30.15	same	
Ezek.30.16	Ezek.30.16	same	
Ezek.30.17	Ezek.30.17	same	
Ezek.30.18	Ezek.30.18	same	
Ezek.30.19	Ezek.30.19	same	
Ezek.30.20	Ezek.30.20	same	
Ezek.30.21	Ezek.30.21	same	
Ezek.30.22	Ezek.30.22	same	
Ezek.30.23	Ezek.30.23	same	
Ezek.30.24	Ezek.30.24	same	
Ezek.30.25	Ezek.30.25	same	
Ezek.30.26	Ezek.30.26	same	
Ezek.31.1	Ezek.31.1	same	
Ezek.31.2	Ezek.31.2	same	
Ezek.31.3	Ezek.31.3	same	
Ezek.31.4	Ezek.31.4	same	
Ezek.31.5	Ezek.31.5	same	
Ezek.31.6	Ezek.31.6	same	
Ezek.31.7	Ezek.31.7	same	
Ezek.31.8	Ezek.31.8	same	
Ezek.31.9	Ezek.31.9	same	
Ezek.31.10	Ezek.31.10	same	
Ezek.31.11	Ezek.31.11	same	
Ezek.31.12	Ezek.31.12	same	
Ezek.31.13	Ezek.31.13	same	
Ezek.31.14	Ezek.31.14	same	
Ezek.31.15	Ezek.31.15	same	
Ezek.31.16	Ezek.31.16	same	
Ezek.31.17	Ezek.31.17	same	
Ezek.31.18	Ezek.31.18	same	
Ezek.32.1	Ezek.32.1	same	
Ezek.32.2	Ezek.32.2	same	
Ezek.32.3	Ezek.32.3	same	
Ezek.32.4	Ezek.32.4	same	
Ezek.32.5	Ezek.32.5	same	
Ezek.32.6	Ezek.32.6	same	
Ezek.32.7	Ezek.32.7	same	
Ezek.32.8	Ezek.32.8	same	
Ezek.32.9	Ezek.32.9	same	
Ezek.32.10	Ezek.32.10	same	
Ezek.32.11	Ezek.32.11	same	
Ezek.32.12	Ezek.32.12	same	
Ezek.32.13	Ezek.32.13	same	
Ezek.32.14	Ezek.32.14	same	
Ezek.32.15	Ezek.32.15	same	
Ezek.32.16	Ezek.32.16	same	
Ezek.32.17	Ezek.32.17	same	
Ezek.32.18	Ezek.32.18	same	
Ezek.32.20	Ezek.32.20	same	
Ezek.32.21	Ezek.32.21	same	
Ezek.32.22	Ezek.32.22	same	
Ezek.32.23	Ezek.32.23	same	
Ezek.32.24	Ezek.32.24	same	
Ezek.32.25	Ezek.32.25	same	
Ezek.32.26	Ezek.32.26	same	
Ezek.32.27	Ezek.32.27	same	
Ezek.32.28	Ezek.32.28	same	
Ezek.32.29	Ezek.32.29	same	
Ezek.32.30	Ezek.32.30	same	
Ezek.32.31	Ezek.32.31	same	
Ezek.32.32	Ezek.32.32	same	
Ezek.33.1	Ezek.33.1	same	
Ezek.33.2	Ezek.33.2	same	
Ezek.33.3	Ezek.33.3	same	
Ezek.33.4	Ezek.33.4	same	
Ezek.33.5	Ezek.33.5	same	
Ezek.33.6	Ezek.33.6	same	
Ezek.33.7	Ezek.33.7	same	
Ezek.33.8	Ezek.33.8	same	
Ezek.33.9	Ezek.33.9	same	
Ezek.33.10	Ezek.33.10	same	
Ezek.33.11	Ezek.33.11	same	
Ezek.33.12	Ezek.33.12	same	
Ezek.33.13	Ezek.33.13	same	
Ezek.33.14	Ezek.33.14	same	
Ezek.33.15	Ezek.33.15	same	
Ezek.33.16	Ezek.33.16	same	
Ezek.33.17	Ezek.33.17	same	
Ezek.33.18	Ezek.33.18	same	
Ezek.33.19	Ezek.33.19	same	
Ezek.33.20	Ezek.33.20	same	
Ezek.33.21	Ezek.33.21	same	
Ezek.33.22	Ezek.33.22	same	
Ezek.33.23	Ezek.33.23	same	
Ezek.33.24	Ezek.33.24	same	
Ezek.33.25	Ezek.33.25	same	
Ezek.33.27	Ezek.33.27	same	
Ezek.33.28	Ezek.33.28	same	
Ezek.33.29	Ezek.33.29	same	
Ezek.33.30	Ezek.33.30	same	
Ezek.33.31	Ezek.33.31	same	
Ezek.33.32	Ezek.33.32	same	
Ezek.33.33	Ezek.33.33	same	
Ezek.34.1	Ezek.34.1	same	
Ezek.34.2	Ezek.34.2	same	
Ezek.34.3	Ezek.34.3	same	
Ezek.34.4	Ezek.34.4	same	
Ezek.34.5	Ezek.34.5	same	
Ezek.34.6	Ezek.34.6	same	
Ezek.34.7	Ezek.34.7	same	
Ezek.34.8	Ezek.34.8	same	
Ezek.34.9	Ezek.34.9	same	
Ezek.34.10	Ezek.34.10	same	
Ezek.34.11	Ezek.34.11	same	
Ezek.34.12	Ezek.34.12	same	
Ezek.34.13	Ezek.34.13	same	
Ezek.34.14	Ezek.34.14	same	
Ezek.34.15	Ezek.34.15	same	
Ezek.34.16	Ezek.34.16	same	
Ezek.34.17	Ezek.34.17	same	
Ezek.34.18	Ezek.34.18	same	
Ezek.34.19	Ezek.34.19	same	
Ezek.34.20	Ezek.34.20	same	
Ezek.34.21	Ezek.34.21	same	
Ezek.34.22	Ezek.34.22	same	
Ezek.34.23	Ezek.34.23	same	
Ezek.34.24	Ezek.34.24	same	
Ezek.34.25	Ezek.34.25	same	
Ezek.34.26	Ezek.34.26	same	
Ezek.34.27	Ezek.34.27	same	
Ezek.34.28	Ezek.34.28	same	
Ezek.34.29	Ezek.34.29	same	
Ezek.34.30	Ezek.34.30	same	
Ezek.34.31	Ezek.34.31	same	
Ezek.35.1	Ezek.35.1	same	
Ezek.35.2	Ezek.35.2	same	
Ezek.35.3	Ezek.35.3	same	
Ezek.35.4	Ezek.35.4	same	
Ezek.35.5	Ezek.35.5	same	
Ezek.35.6	Ezek.35.6	same	
Ezek.35.7	Ezek.35.7	same	
Ezek.35.8	Ezek.35.8	same	
Ezek.35.9	Ezek.35.9	same	
Ezek.35.10	Ezek.35.10	same	
Ezek.35.11	Ezek.35.11	same	
Ezek.35.12	Ezek.35.12	same	
Ezek.35.13	Ezek.35.13	same	
Ezek.35.14	Ezek.35.14	same	
Ezek.35.15	Ezek.35.15	same	
Ezek.36.1	Ezek.36.1	same	
Ezek.36.2	Ezek.36.2	same	
Ezek.36.3	Ezek.36.3	same	
Ezek.36.4	Ezek.36.4	same	
Ezek.36.5	Ezek.36.5	same	
Ezek.36.6	Ezek.36.6	same	
Ezek.36.7	Ezek.36.7	same	
Ezek.36.8	Ezek.36.8	same	
Ezek.36.9	Ezek.36.9	same	
Ezek.36.10	Ezek.36.10	same	
Ezek.36.11	Ezek.36.11	same	
Ezek.36.12	Ezek.36.12	same	
Ezek.36.13	Ezek.36.13	same	
Ezek.36.14	Ezek.36.14	same	
Ezek.36.15	Ezek.36.15	same	
Ezek.36.16	Ezek.36.16	same	
Ezek.36.17	Ezek.36.17	same	
Ezek.36.18	Ezek.36.18	same	
Ezek.36.19	Ezek.36.19	same	
Ezek.36.20	Ezek.36.20	same	
Ezek.36.21	Ezek.36.21	same	
Ezek.36.22	Ezek.36.22	same	
Ezek.36.23	Ezek.36.23	same	
Ezek.36.24	Ezek.36.24	same	
Ezek.36.25	Ezek.36.25	same	
Ezek.36.26	Ezek.36.26	same	
Ezek.36.27	Ezek.36.27	same	
Ezek.36.28	Ezek.36.28	same	
Ezek.36.29	Ezek.36.29	same	
Ezek.36.30	Ezek.36.30	same	
Ezek.36.31	Ezek.36.31	same	
Ezek.36.32	Ezek.36.32	same	
Ezek.36.33	Ezek.36.33	same	
Ezek.36.34	Ezek.36.34	same	
Ezek.36.35	Ezek.36.35	same	
Ezek.36.36	Ezek.36.36	same	
Ezek.36.37	Ezek.36.37	same	
Ezek.36.38	Ezek.36.38	same	
Ezek.37.1	Ezek.37.1	same	
Ezek.37.2	Ezek.37.2	same	
Ezek.37.3	Ezek.37.3	same	
Ezek.37.4	Ezek.37.4	same	
Ezek.37.5	Ezek.37.5	same	
Ezek.37.6	Ezek.37.6	same	
Ezek.37.7	Ezek.37.7	same	
Ezek.37.8	Ezek.37.8	same	
Ezek.37.9	Ezek.37.9	same	
Ezek.37.10	Ezek.37.10	same	
Ezek.37.11	Ezek.37.11	same	
Ezek.37.12	Ezek.37.12	same	
Ezek.37.13	Ezek.37.13	same	
Ezek.37.14	Ezek.37.14	same	
Ezek.37.15	Ezek.37.15	same	
Ezek.37.16	Ezek.37.16	same	
Ezek.37.17	Ezek.37.17	same	
Ezek.37.18	Ezek.37.18	same	
Ezek.37.19	Ezek.37.19	same	
Ezek.37.20	Ezek.37.20	same	
Ezek.37.21	Ezek.37.21	same	
Ezek.37.22	Ezek.37.22	same	
Ezek.37.23	Ezek.37.23	same	
Ezek.37.24	Ezek.37.24	same	
Ezek.37.25	Ezek.37.25	same	
Ezek.37.26	Ezek.37.26	same	
Ezek.37.27	Ezek.37.27	same	
Ezek.37.28	Ezek.37.28	same	
Ezek.38.1	Ezek.38.1	same	
Ezek.38.2	Ezek.38.2	same	
Ezek.38.3	Ezek.38.3	same	
Ezek.38.4	Ezek.38.4	same	
Ezek.38.5	Ezek.38.5	same	
Ezek.38.6	Ezek.38.6	same	
Ezek.38.7	Ezek.38.7	same	
Ezek.38.8	Ezek.38.8	same	
Ezek.38.9	Ezek.38.9	same	
Ezek.38.10	Ezek.38.10	same	
Ezek.38.11	Ezek.38.11	same	
Ezek.38.12	Ezek.38.12	same	
Ezek.38.13	Ezek.38.13	same	
Ezek.38.14	Ezek.38.14	same	
Ezek.38.15	Ezek.38.15	same	
Ezek.38.16	Ezek.38.16	same	
Ezek.38.17	Ezek.38.17	same	
Ezek.38.18	Ezek.38.18	same	
Ezek.38.19	Ezek.38.19	same	
Ezek.38.20	Ezek.38.20	same	
Ezek.38.21	Ezek.38.21	same	
Ezek.38.22	Ezek.38.22	same	
Ezek.38.23	Ezek.38.23	same	
Ezek.39.1	Ezek.39.1	same	
Ezek.39.2	Ezek.39.2	same	
Ezek.39.3	Ezek.39.3	same	
Ezek.39.4	Ezek.39.4	same	
Ezek.39.5	Ezek.39.5	same	
Ezek.39.6	Ezek.39.6	same	
Ezek.39.7	Ezek.39.7	same	
Ezek.39.8	Ezek.39.8	same	
Ezek.39.9	Ezek.39.9	same	
Ezek.39.10	Ezek.39.10	same	
Ezek.39.11	Ezek.39.11	same	
Ezek.39.12	Ezek.39.12	same	
Ezek.39.13	Ezek.39.13	same	
Ezek.39.14	Ezek.39.14	same	
Ezek.39.15	Ezek.39.15	same	
Ezek.39.16	Ezek.39.16	same	
Ezek.39.17	Ezek.39.17	same	
Ezek.39.18	Ezek.39.18	same	
Ezek.39.19	Ezek.39.19	same	
Ezek.39.20	Ezek.39.20	same	
Ezek.39.21	Ezek.39.21	same	
Ezek.39.22	Ezek.39.22	same	
Ezek.39.23	Ezek.39.23	same	
Ezek.39.24	Ezek.39.24	same	
Ezek.39.25	Ezek.39.25	same	
Ezek.39.26	Ezek.39.26	same	
Ezek.39.27	Ezek.39.27	same	
Ezek.39.28	Ezek.39.28	same	
Ezek.39.29	Ezek.39.29	same	
Ezek.40.1	Ezek.40.1	same	
Ezek.40.2	Ezek.40.2	same	
Ezek.40.3	Ezek.40.3	same	
Ezek.40.4	Ezek.40.4	same	
Ezek.40.5	Ezek.40.5	same	
Ezek.40.6	Ezek.40.6	same	
Ezek.40.7	Ezek.40.7	same	
Ezek.40.8	Ezek.40.8	same	
Ezek.40.9	Ezek.40.9	same	
Ezek.40.10	Ezek.40.10	same	
Ezek.40.11	Ezek.40.11	same	
Ezek.40.12	Ezek.40.12	same	
Ezek.40.13	Ezek.40.13	same	
Ezek.40.14	Ezek.40.14	same	
Ezek.40.15	Ezek.40.15	same	
Ezek.40.16	Ezek.40.16	same	
Ezek.40.17	Ezek.40.17	same	
Ezek.40.18	Ezek.40.18	same	
Ezek.40.19	Ezek.40.19	same	
Ezek.40.20	Ezek.40.20	same	
Ezek.40.21	Ezek.40.21	same	
Ezek.40.22	Ezek.40.22	same	
Ezek.40.23	Ezek.40.23	same	
Ezek.40.24	Ezek.40.24	same	
Ezek.40.25	Ezek.40.25	same	
Ezek.40.26	Ezek.40.26	same	
Ezek.40.27	Ezek.40.27	same	
Ezek.40.28	Ezek.40.28	same	
Ezek.40.29	Ezek.40.29	same	
Ezek.40.31	Ezek.40.31	same	
Ezek.40.32	Ezek.40.32	same	
Ezek.40.33	Ezek.40.33	same	
Ezek.40.34	Ezek.40.34	same	
Ezek.40.35	Ezek.40.35	same	
Ezek.40.36	Ezek.40.36	same	
Ezek.40.37	Ezek.40.37	same	
Ezek.40.38	Ezek.40.38	same	
Ezek.40.39	Ezek.40.39	same	
Ezek.40.40	Ezek.40.40	same	
Ezek.40.41	Ezek.40.41	same	
Ezek.40.42	Ezek.40.42	same	
Ezek.40.43	Ezek.40.43	same	
Ezek.40.44	Ezek.40.44	same	
Ezek.40.45	Ezek.40.45	same	
Ezek.40.46	Ezek.40.46	same	
Ezek.40.47	Ezek.40.47	same	
Ezek.40.48	Ezek.40.48	same	
Ezek.40.49	Ezek.40.49	same	
Ezek.41.1	Ezek.41.1	same	
Ezek.41.2	Ezek.41.2	same	
Ezek.41.3	Ezek.41.3	same	
Ezek.41.4	Ezek.41.4	same	
Ezek.41.5	Ezek.41.5	same	
Ezek.41.6	Ezek.41.6	same	
Ezek.41.7	Ezek.41.7	same	
Ezek.41.8	Ezek.41.8	same	
Ezek.41.9	Ezek.41.9	same	
Ezek.41.10	Ezek.41.10	same	
Ezek.41.11	Ezek.41.11	same	
Ezek.41.12	Ezek.41.12	same	
Ezek.41.13	Ezek.41.13	same	
Ezek.41.14	Ezek.41.14	same	
Ezek.41.15	Ezek.41.15	same	
Ezek.41.16	Ezek.41.16	same	
Ezek.41.17	Ezek.41.17	same	
Ezek.41.18	Ezek.41.18	same	
Ezek.41.19	Ezek.41.19	same	
Ezek.41.20	Ezek.41.20	same	
Ezek.41.21	Ezek.41.21	same	
Ezek.41.22	Ezek.41.22	same	
Ezek.41.23	Ezek.41.23	same	
Ezek.41.24	Ezek.41.24	same	
Ezek.41.25	Ezek.41.25	same	
Ezek.41.26	Ezek.41.26	same	
Ezek.42.1	Ezek.42.1	same	
Ezek.42.2	Ezek.42.2	same	
Ezek.42.3	Ezek.42.3	same	
Ezek.42.4	Ezek.42.4	same	
Ezek.42.5	Ezek.42.5	same	
Ezek.42.6	Ezek.42.6	same	
Ezek.42.7	Ezek.42.7	same	
Ezek.42.8	Ezek.42.8	same	
Ezek.42.9	Ezek.42.9	same	
Ezek.42.10	Ezek.42.10	same	
Ezek.42.11	Ezek.42.11	same	
Ezek.42.12	Ezek.42.12	same	
Ezek.42.13	Ezek.42.13	same	
Ezek.42.14	Ezek.42.14	same	
Ezek.42.15	Ezek.42.15	same	
Ezek.42.16	Ezek.42.16	same	
Ezek.42.17	Ezek.42.17	same	
Ezek.42.18	Ezek.42.18	same	
Ezek.42.19	Ezek.42.19	same	
Ezek.42.20	Ezek.42.20	same	
Ezek.43.1	Ezek.43.1	same	
Ezek.43.2	Ezek.43.2	same	
Ezek.43.3	Ezek.43.3	same	
Ezek.43.4	Ezek.43.4	same	
Ezek.43.5	Ezek.43.5	same	
Ezek.43.6	Ezek.43.6	same	
Ezek.43.7	Ezek.43.7	same	
Ezek.43.8	Ezek.43.8	same	
Ezek.43.9	Ezek.43.9	same	
Ezek.43.10	Ezek.43.10	same	
Ezek.43.11	Ezek.43.11	same	
Ezek.43.12	Ezek.43.12	same	
Ezek.43.13	Ezek.43.13	same	
Ezek.43.14	Ezek.43.14	same	
Ezek.43.15	Ezek.43.15	same	
Ezek.43.16	Ezek.43.16	same	
Ezek.43.17	Ezek.43.17	same	
Ezek.43.18	Ezek.43.18	same	
Ezek.43.19	Ezek.43.19	same	
Ezek.43.20	Ezek.43.20	same	
Ezek.43.21	Ezek.43.21	same	
Ezek.43.22	Ezek.43.22	same	
Ezek.43.23	Ezek.43.23	same	
Ezek.43.24	Ezek.43.24	same	
Ezek.43.25	Ezek.43.25	same	
Ezek.43.26	Ezek.43.26	same	
Ezek.43.27	Ezek.43.27	same	
Ezek.44.1	Ezek.44.1	same	
Ezek.44.2	Ezek.44.2	same	
Ezek.44.3	Ezek.44.3	same	
Ezek.44.4	Ezek.44.4	same	
Ezek.44.5	Ezek.44.5	same	
Ezek.44.6	Ezek.44.6	same	
Ezek.44.7	Ezek.44.7	same	
Ezek.44.8	Ezek.44.8	same	
Ezek.44.9	Ezek.44.9	same	
Ezek.44.10	Ezek.44.10	same	
Ezek.44.11	Ezek.44.11	same	
Ezek.44.12	Ezek.44.12	same	
Ezek.44.13	Ezek.44.13	same	
Ezek.44.14	Ezek.44.14	same	
Ezek.44.15	Ezek.44.15	same	
Ezek.44.16	Ezek.44.16	same	
Ezek.44.17	Ezek.44.17	same	
Ezek.44.18	Ezek.44.18	same	
Ezek.44.19	Ezek.44.19	same	
Ezek.44.20	Ezek.44.20	same	
Ezek.44.21	Ezek.44.21	same	
Ezek.44.22	Ezek.44.22	same	
Ezek.44.23	Ezek.44.23	same	
Ezek.44.24	Ezek.44.24	same	
Ezek.44.25	Ezek.44.25	same	
Ezek.44.26	Ezek.44.26	same	
Ezek.44.27	Ezek.44.27	same	
Ezek.44.28	Ezek.44.28	same	
Ezek.44.29	Ezek.44.29	same	
Ezek.44.30	Ezek.44.30	same	
Ezek.44.31	Ezek.44.31	same	
Ezek.45.1	Ezek.45.1	same	
Ezek.45.2	Ezek.45.2	same	
Ezek.45.3	Ezek.45.3	same	
Ezek.45.4	Ezek.45.4	same	
Ezek.45.5	Ezek.45.5	same	
Ezek.45.6	Ezek.45.6	same	
Ezek.45.7	Ezek.45.7	same	
Ezek.45.8	Ezek.45.8	same	
Ezek.45.9	Ezek.45.9	same	
Ezek.45.10	Ezek.45.10	same	
Ezek.45.11	Ezek.45.11	same	
Ezek.45.12	Ezek.45.12	same	
Ezek.45.13	Ezek.45.13	same	
Ezek.45.14	Ezek.45.14	same	
Ezek.45.15	Ezek.45.15	same	
Ezek.45.16	Ezek.45.16	same	
Ezek.45.17	Ezek.45.17	same	
Ezek.45.18	Ezek.45.18	same	
Ezek.45.19	Ezek.45.19	same	
Ezek.45.20	Ezek.45.20	same	
Ezek.45.21	Ezek.45.21	same	
Ezek.45.22	Ezek.45.22	same	
Ezek.45.23	Ezek.45.23	same	
Ezek.45.24	Ezek.45.24	same	
Ezek.45.25	Ezek.45.25	same	
Ezek.46.1	Ezek.46.1	same	
Ezek.46.2	Ezek.46.2	same	
Ezek.46.3	Ezek.46.3	same	
Ezek.46.4	Ezek.46.4	same	
Ezek.46.5	Ezek.46.5	same	
Ezek.46.6	Ezek.46.6	same	
Ezek.46.7	Ezek.46.7	same	
Ezek.46.8	Ezek.46.8	same	
Ezek.46.9	Ezek.46.9	same	
Ezek.46.10	Ezek.46.10	same	
Ezek.46.11	Ezek.46.11	same	
Ezek.46.12	Ezek.46.12	same	
Ezek.46.13	Ezek.46.13	same	
Ezek.46.14	Ezek.46.14	same	
Ezek.46.15	Ezek.46.15	same	
Ezek.46.16	Ezek.46.16	same	
Ezek.46.17	Ezek.46.17	same	
Ezek.46.18	Ezek.46.18	same	
Ezek.46.19	Ezek.46.19	same	
Ezek.46.20	Ezek.46.20	same	
Ezek.46.21	Ezek.46.21	same	
Ezek.46.22	Ezek.46.22	same	
Ezek.46.23	Ezek.46.23	same	
Ezek.46.24	Ezek.46.24	same	
Ezek.47.1	Ezek.47.1	same	
Ezek.47.2	Ezek.47.2	same	
Ezek.47.3	Ezek.47.3	same	
Ezek.47.4	Ezek.47.4	same	
Ezek.47.5	Ezek.47.5	same	
Ezek.47.6	Ezek.47.6	same	
Ezek.47.7	Ezek.47.7	same	
Ezek.47.8	Ezek.47.8	same	
Ezek.47.9	Ezek.47.9	same	
Ezek.47.10	Ezek.47.10	same	
Ezek.47.11	Ezek.47.11	same	
Ezek.47.12	Ezek.47.12	same	
Ezek.47.13	Ezek.47.13	same	
Ezek.47.14	Ezek.47.14	same	
Ezek.47.15	Ezek.47.15	same	
Ezek.47.16	Ezek.47.16	same	
Ezek.47.17	Ezek.47.17	same	
Ezek.47.18	Ezek.47.18	same	
Ezek.47.19	Ezek.47.19	same	
Ezek.47.20	Ezek.47.20	same	
Ezek.47.21	Ezek.47.21	same	
Ezek.47.22	Ezek.47.22	same	
Ezek.47.23	Ezek.47.23	same	
Ezek.48.1	Ezek.48.1	same	
Ezek.48.2	Ezek.48.2	same	
Ezek.48.3	Ezek.48.3	same	
Ezek.48.4	Ezek.48.4	same	
Ezek.48.5	Ezek.48.5	same	
Ezek.48.6	Ezek.48.6	same	
Ezek.48.7	Ezek.48.7	same	
Ezek.48.8	Ezek.48.8	same	
Ezek.48.9	Ezek.48.9	same	
Ezek.48.10	Ezek.48.10	same	
Ezek.48.11	Ezek.48.11	same	
Ezek.48.12	Ezek.48.12	same	
Ezek.48.13	Ezek.48.13	same	
Ezek.48.14	Ezek.48.14	same	
Ezek.48.15	Ezek.48.15	same	
Ezek.48.16	Ezek.48.16	same	
Ezek.48.17	Ezek.48.17	same	
Ezek.48.18	Ezek.48.18	same	
Ezek.48.19	Ezek.48.19	same	
Ezek.48.20	Ezek.48.20	same	
Ezek.48.21	Ezek.48.21	same	
Ezek.48.22	Ezek.48.22	same	
Ezek.48.23	Ezek.48.23	same	
Ezek.48.24	Ezek.48.24	same	
Ezek.48.25	Ezek.48.25	same	
Ezek.48.26	Ezek.48.26	same	
Ezek.48.27	Ezek.48.27	same	
Ezek.48.28	Ezek.48.28	same	
Ezek.48.29	Ezek.48.29	same	
Ezek.48.30	Ezek.48.30	same	
Ezek.48.31	Ezek.48.31	same	
Ezek.48.32	Ezek.48.32	same	
Ezek.48.33	Ezek.48.33	same	
Ezek.48.34	Ezek.48.34	same	
Ezek.48.35	Ezek.48.35	same	
SusOG.1.1	Sus.1.1	same	Keep verse
SusOG.1.2	Sus.1.2	same	Keep verse
SusOG.1.3	Sus.1.3	same	Keep verse
SusOG.1.4	Sus.1.4	same	Keep verse
SusOG.1.5	Sus.1.5	same	Keep verse
SusOG.1.6	Sus.1.6	same	Keep verse
SusOG.1.7	Sus.1.7	same	Keep verse
SusOG.1.8	Sus.1.8	same	Keep verse
SusOG.1.9	Sus.1.9	same	Keep verse
SusOG.1.10	Sus.1.10	same	Keep verse
SusOG.1.12	Sus.1.12	same	Keep verse
SusOG.1.13	Sus.1.13	same	Keep verse
SusOG.1.14	Sus.1.14	same	Keep verse
SusOG.1.19	Sus.1.19	same	Keep verse
SusOG.1.22	Sus.1.22	same	Keep verse
SusOG.1.23	Sus.1.23	same	Keep verse
SusOG.1.28	Sus.1.28	same	Keep verse
SusOG.1.29	Sus.1.29	same	Keep verse
SusOG.1.30	Sus.1.30	same	Keep verse
SusOG.1.31	Sus.1.31	same	Keep verse
SusOG.1.32	Sus.1.32	same	Keep verse
SusOG.1.33	Sus.1.33	same	Keep verse
SusOG.1.34	Sus.1.34	same	Keep verse
SusOG.1.35	Sus.1.35	same	Keep verse
SusOG.1.35a		not-in-kjv	
SusOG.1.36	Sus.1.36	same	Keep verse
SusOG.1.37	Sus.1.37	same	Keep verse
SusOG.1.38	Sus.1.38	same	Keep verse
SusOG.1.39	Sus.1.39	same	Keep verse
SusOG.1.40	Sus.1.40	same	Keep verse
SusOG.1.41	Sus.1.41	same	Keep verse
SusOG.1.44	Sus.1.44	same	Keep verse
SusOG.1.48	Sus.1.48	same	Keep verse
SusOG.1.51	Sus.1.51	same	Keep verse
SusOG.1.51a		not-in-kjv	
SusOG.1.52	Sus.1.52	same	Keep verse
SusOG.1.53	Sus.1.53	same	Keep verse
SusOG.1.54	Sus.1.54	same	Keep verse
SusOG.1.55	Sus.1.55	same	Keep verse
SusOG.1.56	Sus.1.56	same	Keep verse
SusOG.1.57	Sus.1.57	same	Keep verse
SusOG.1.58	Sus.1.58	same	Keep verse
SusOG.1.59	Sus.1.59	same	Keep verse
SusOG.1.60	Sus.1.60	same	Keep verse
SusOG.1.62a		not-in-kjv	
SusOG.1.62b		not-in-kjv	
Sus.1.1	Sus.1.1	same	Keep verse
Sus.1.2	Sus.1.2	same	Keep verse
Sus.1.3	Sus.1.3	same	Keep verse
Sus.1.4	Sus.1.4	same	Keep verse
Sus.1.5	Sus.1.5	same	Keep verse
Sus.1.6	Sus.1.6	same	Keep verse
Sus.1.7	Sus.1.7	same	Keep verse
Sus.1.8	Sus.1.8	same	Keep verse
Sus.1.9	Sus.1.9	same	Keep verse
Sus.1.10	Sus.1.10	same	Keep verse
Sus.1.11	Sus.1.11	same	Keep verse
Sus.1.12	Sus.1.12	same	Keep verse
Sus.1.13	Sus.1.13	same	Keep verse
Sus.1.14	Sus.1.14	same	Keep verse
Sus.1.15	Sus.1.15	same	Keep verse
Sus.1.16	Sus.1.16	same	Keep verse
Sus.1.17	Sus.1.17	same	Keep verse
Sus.1.18	Sus.1.18	same	Keep verse
Sus.1.19	Sus.1.19	same	Keep verse
Sus.1.20	Sus.1.20	same	Keep verse
Sus.1.21	Sus.1.21	same	Keep verse
Sus.1.22	Sus.1.22	same	Keep verse
Sus.1.23	Sus.1.23	same	Keep verse
Sus.1.24	Sus.1.24	same	Keep verse
Sus.1.25	Sus.1.25	same	Keep verse
Sus.1.26	Sus.1.26	same	Keep verse
Sus.1.27	Sus.1.27	same	Keep verse
Sus.1.28	Sus.1.28	same	Keep verse
Sus.1.29	Sus.1.29	same	Keep verse
Sus.1.30	Sus.1.30	same	Keep verse
Sus.1.31	Sus.1.31	same	Keep verse
Sus.1.32	Sus.1.32	same	Keep verse
Sus.1.33	Sus.1.33	same	Keep verse
Sus.1.34	Sus.1.34	same	Keep verse
Sus.1.35	Sus.1.35	same	Keep verse
Sus.1.36	Sus.1.36	same	Keep verse
Sus.1.37	Sus.1.37	same	Keep verse
Sus.1.38	Sus.1.38	same	Keep verse
Sus.1.39	Sus.1.39	same	Keep verse
Sus.1.40	Sus.1.40	same	Keep verse
Sus.1.41	Sus.1.41	same	Keep verse
Sus.1.42	Sus.1.42	same	Keep verse
Sus.1.43	Sus.1.43	same	Keep verse
Sus.1.44	Sus.1.44	same	Keep verse
Sus.1.45	Sus.1.45	same	Keep verse
Sus.1.46	Sus.1.46	same	Keep verse
Sus.1.47	Sus.1.47	same	Keep verse
Sus.1.48	Sus.1.48	same	Keep verse
Sus.1.49	Sus.1.49	same	Keep verse
Sus.1.50	Sus.1.50	same	Keep verse
Sus.1.51	Sus.1.51	same	Keep verse
Sus.1.52	Sus.1.52	same	Keep verse
Sus.1.53	Sus.1.53	same	Keep verse
Sus.1.54	Sus.1.54	same	Keep verse
Sus.1.55	Sus.1.55	same	Keep verse
Sus.1.56	Sus.1.56	same	Keep verse
Sus.1.57	Sus.1.57	same	Keep verse
Sus.1.58	Sus.1.58	same	Keep verse
Sus.1.59	Sus.1.59	same	Keep verse
Sus.1.60	Sus.1.60	same	Keep verse
Sus.1.61	Sus.1.61	same	Keep verse
Sus.1.62	Sus.1.62	same	Keep verse
Sus.1.63	Sus.1.63	same	Keep verse
Sus.1.64	Sus.1.64	same	Keep verse
DanOG.1.1	Dan.1.1	same	
DanOG.1.2	Dan.1.2	same	
DanOG.1.3	Dan.1.3	same	
DanOG.1.4	Dan.1.4	same	
DanOG.1.5	Dan.1.5	same	
DanOG.1.6	Dan.1.6	same	
DanOG.1.7	Dan.1.7	same	
DanOG.1.8	Dan.1.8	same	
DanOG.1.9	Dan.1.9	same	
DanOG.1.10	Dan.1.10	same	
DanOG.1.11	Dan.1.11	same	
DanOG.1.12	Dan.1.12	same	
DanOG.1.13	Dan.1.13	same	
DanOG.1.14	Dan.1.14	same	
DanOG.1.15	Dan.1.15	same	
DanOG.1.16	Dan.1.16	same	
DanOG.1.17	Dan.1.17	same	
DanOG.1.18	Dan.1.18	same	
DanOG.1.19	Dan.1.19	same	
DanOG.1.20	Dan.1.20	same	
DanOG.1.21	Dan.1.21	same	
DanOG.2.1	Dan.2.1	same	
DanOG.2.2	Dan.2.2	same	
DanOG.2.3	Dan.2.3	same	
DanOG.2.4	Dan.2.4	same	
DanOG.2.5	Dan.2.5	same	
DanOG.2.6	Dan.2.6	same	
DanOG.2.7	Dan.2.7	same	
DanOG.2.8	Dan.2.8	same	
DanOG.2.9	Dan.2.9	same	
DanOG.2.10	Dan.2.10	same	
DanOG.2.11	Dan.2.11	same	
DanOG.2.12	Dan.2.12	same	
DanOG.2.13	Dan.2.13	same	
DanOG.2.14	Dan.2.14	same	
DanOG.2.15	Dan.2.15	same	
DanOG.2.16	Dan.2.16	same	
DanOG.2.17	Dan.2.17	same	
DanOG.2.18	Dan.2.18	same	
DanOG.2.19	Dan.2.19	same	
DanOG.2.20	Dan.2.20	same	
DanOG.2.21	Dan.2.21	same	
DanOG.2.22	Dan.2.22	same	
DanOG.2.23	Dan.2.23	same	
DanOG.2.24	Dan.2.24	same	
DanOG.2.25	Dan.2.25	same	
DanOG.2.26	Dan.2.26	same	
DanOG.2.27	Dan.2.27	same	
DanOG.2.28	Dan.2.28	same	
DanOG.2.29	Dan.2.29	same	
DanOG.2.30	Dan.2.30	same	
DanOG.2.31	Dan.2.31	same	
DanOG.2.32	Dan.2.32	same	
DanOG.2.33	Dan.2.33	same	
DanOG.2.34	Dan.2.34	same	
DanOG.2.35	Dan.2.35	same	
DanOG.2.36	Dan.2.36	same	
DanOG.2.37	Dan.2.37	same	
DanOG.2.38	Dan.2.38	same	
DanOG.2.39	Dan.2.39	same	
DanOG.2.40	Dan.2.40	same	
DanOG.2.41	Dan.2.41	same	
DanOG.2.42	Dan.2.42	same	
DanOG.2.43	Dan.2.43	same	
DanOG.2.44	Dan.2.44	same	
DanOG.2.45	Dan.2.45	same	
DanOG.2.46	Dan.2.46	same	
DanOG.2.47	Dan.2.47	same	
DanOG.2.48	Dan.2.48	same	
DanOG.2.49	Dan.2.49	same	
DanOG.3.1	Dan.3.1	same	
DanOG.3.2	Dan.3.2	same	
DanOG.3.3	Dan.3.3	same	
DanOG.3.4	Dan.3.4	same	
DanOG.3.5	Dan.3.5	same	
DanOG.3.6	Dan.3.6	same	
DanOG.3.7	Dan.3.7	same	
DanOG.3.8	Dan.3.8	same	
DanOG.3.9	Dan.3.9	same	
DanOG.3.10	Dan.3.10	same	
DanOG.3.11	Dan.3.11	same	
DanOG.3.12	Dan.3.12	same	
DanOG.3.13	Dan.3.13	same	
DanOG.3.14	Dan.3.14	same	
DanOG.3.15	Dan.3.15	same	
DanOG.3.16	Dan.3.16	same	
DanOG.3.17	Dan.3.17	same	
DanOG.3.18	Dan.3.18	same	
DanOG.3.19	Dan.3.19	same	
DanOG.3.20	Dan.3.20	same	
DanOG.3.21	Dan.3.21	same	
DanOG.3.22	Dan.3.22	same	
DanOG.3.23	Dan.3.23	same	Keep verse (another tradition's pattern)
DanOG.3.24	PrAzar.1.1	renumbered	Renumber verse* (another tradition's pattern)
DanOG.3.25	PrAzar.1.2	renumbered	Renumber verse* (another tradition's pattern)
DanOG.3.26	PrAzar.1.3	renumbered	Renumber verse* (another tradition's pattern)
DanOG.3.27	PrAzar.1.4	renumbered	Renumber verse* (another tradition's pattern)
DanOG.3.28	PrAzar.1.5	renumbered	Renumber verse* (another tradition's pattern)
DanOG.3.29	PrAzar.1.6	renumbered	Renumber verse* (another tradition's pattern)
DanOG.3.30	PrAzar.1.7	renumbered	Renumber verse* (another tradition's pattern)
DanOG.3.31	PrAzar.1.8	renumbered	Renumber verse* (another tradition's pattern)
DanOG.3.32	PrAzar.1.9	renumbered	Renumber verse* (another tradition's pattern)
DanOG.3.33	PrAzar.1.10	renumbered	Renumber verse* (another tradition's pattern)
DanOG.3.34	PrAzar.1.11	renumbered	Renumber verse* (another tradition's pattern)
DanOG.3.35	PrAzar.1.12	renumbered	Renumber verse* (another tradition's pattern)
DanOG.3.36	PrAzar.1.13	renumbered	Renumber verse* (another tradition's pattern)
DanOG.3.37	PrAzar.1.14	renumbered	Renumber verse* (another tradition's pattern)
DanOG.3.38	PrAzar.1.15	renumbered	Renumber verse* (another tradition's pattern)
DanOG.3.39	PrAzar.1.16	renumbered	Renumber verse* (another tradition's pattern)
DanOG.3.40	PrAzar.1.17	renumbered	Renumber verse* (another tradition's pattern)
DanOG.3.41	PrAzar.1.18	renumbered	Renumber verse* (another tradition's pattern)
DanOG.3.42	PrAzar.1.19	renumbered	Renumber verse* (another tradition's pattern)
DanOG.3.43	PrAzar.1.20	renumbered	Renumber verse* (another tradition's pattern)
DanOG.3.44	PrAzar.1.21	renumbered	Renumber verse* (another tradition's pattern)
DanOG.3.45	PrAzar.1.22	renumbered	Renumber verse* (another tradition's pattern)
DanOG.3.46	PrAzar.1.23	renumbered	Renumber verse* (another tradition's pattern)
DanOG.3.47	PrAzar.1.24	renumbered	Renumber verse* (another tradition's pattern)
DanOG.3.48	PrAzar.1.25	renumbered	Renumber verse* (another tradition's pattern)
DanOG.3.49	PrAzar.1.26	renumbered	Renumber verse* (another tradition's pattern)
DanOG.3.50	PrAzar.1.27	renumbered	Renumber verse* (another tradition's pattern)
DanOG.3.51	PrAzar.1.28	renumbered	Renumber verse* (another tradition's pattern)
DanOG.3.52	PrAzar.1.29 PrAzar.1.30	several	Concatenation (another tradition's pattern)
DanOG.3.53	PrAzar.1.31	renumbered	Renumber verse* (another tradition's pattern)
DanOG.3.54	PrAzar.1.33	renumbered	Renumber verse* (another tradition's pattern)
DanOG.3.55	PrAzar.1.32	renumbered	Renumber verse* (another tradition's pattern)
DanOG.3.56	PrAzar.1.34	renumbered	Renumber verse* (another tradition's pattern)
DanOG.3.57	PrAzar.1.35	renumbered	Renumber verse* (another tradition's pattern)
DanOG.3.58	PrAzar.1.37	renumbered	Renumber verse* (another tradition's pattern)
DanOG.3.59	PrAzar.1.36	renumbered	Renumber verse* (another tradition's pattern)
DanOG.3.60	PrAzar.1.38	renumbered	Renumber verse* (another tradition's pattern)
DanOG.3.61	PrAzar.1.39	renumbered	Renumber verse* (another tradition's pattern)
DanOG.3.62	PrAzar.1.40	renumbered	Renumber verse* (another tradition's pattern)
DanOG.3.63	PrAzar.1.41	renumbered	Renumber verse* (another tradition's pattern)
DanOG.3.64	PrAzar.1.42	renumbered	Renumber verse* (another tradition's pattern)
DanOG.3.65	PrAzar.1.43	renumbered	Renumber verse* (another tradition's pattern)
DanOG.3.66	PrAzar.1.44	renumbered	Renumber verse* (another tradition's pattern)
DanOG.3.67	PrAzar.1.45	renumbered	Renumber verse* (another tradition's pattern)
DanOG.3.68	PrAzar.1.46	renumbered	Renumber verse* (another tradition's pattern)
DanOG.3.69	PrAzar.1.49	renumbered	Renumber verse* (another tradition's pattern)
DanOG.3.70	PrAzar.1.50	renumbered	Renumber verse* (another tradition's pattern)
DanOG.3.71	PrAzar.1.47	renumbered	Renumber verse* (another tradition's pattern)
DanOG.3.72	PrAzar.1.48	renumbered	Renumber verse* (another tradition's pattern)
DanOG.3.73	PrAzar.1.51	renumbered	Renumber verse* (another tradition's pattern)
DanOG.3.74	PrAzar.1.52	renumbered	Renumber verse* (another tradition's pattern)
DanOG.3.75	PrAzar.1.53	renumbered	Renumber verse* (another tradition's pattern)
DanOG.3.76	PrAzar.1.54	renumbered	Renumber verse* (another tradition's pattern)
DanOG.3.77	PrAzar.1.56	renumbered	Renumber verse* (another tradition's pattern)
DanOG.3.78	PrAzar.1.55	renumbered	Renumber verse* (another tradition's pattern)
DanOG.3.79	PrAzar.1.57	renumbered	Renumber verse* (another tradition's pattern)
DanOG.3.80	PrAzar.1.58	renumbered	Renumber verse* (another tradition's pattern)
DanOG.3.81	PrAzar.1.59	renumbered	Renumber verse* (another tradition's pattern)
DanOG.3.82	PrAzar.1.60	renumbered	Renumber verse* (another tradition's pattern)
DanOG.3.83	PrAzar.1.61	renumbered	Renumber verse* (another tradition's pattern)
DanOG.3.84	PrAzar.1.62	renumbered	Renumber verse* (another tradition's pattern)
DanOG.3.85	PrAzar.1.63	renumbered	Renumber verse* (another tradition's pattern)
DanOG.3.86	PrAzar.1.64	renumbered	Renumber verse* (another tradition's pattern)
DanOG.3.87	PrAzar.1.65	renumbered	Renumber verse* (another tradition's pattern)
DanOG.3.88	PrAzar.1.66	renumbered	Renumber verse* (another tradition's pattern)
DanOG.3.89	PrAzar.1.67	renumbered	Renumber verse* (another tradition's pattern)
DanOG.3.90	PrAzar.1.68	renumbered	Renumber verse* (another tradition's pattern)
DanOG.3.91	Dan.3.24	renumbered	Renumber verse (another tradition's pattern)
DanOG.3.92	Dan.3.25	renumbered	Renumber verse (another tradition's pattern)
DanOG.3.93	Dan.3.26	renumbered	Renumber verse (another tradition's pattern)
DanOG.3.94	Dan.3.27	renumbered	Renumber verse (another tradition's pattern)
DanOG.3.95	Dan.3.28	renumbered	Renumber verse (another tradition's pattern)
DanOG.3.96	Dan.3.29	renumbered	Renumber verse (another tradition's pattern)
DanOG.3.97	Dan.3.30	renumbered	Renumber verse (another tradition's pattern)
DanOG.3.98	Dan.4.1	renumbered	Renumber verse (another tradition's pattern)
DanOG.3.99	Dan.4.2	renumbered	Renumber verse (another tradition's pattern)
DanOG.3.100	Dan.4.3	renumbered	Renumber verse (another tradition's pattern)
DanOG.4.1	Dan.4.4	renumbered	Renumber verse (another tradition's pattern)
DanOG.4.2	Dan.4.5	renumbered	Renumber verse (another tradition's pattern)
DanOG.4.7	Dan.4.10	renumbered	Renumber verse (another tradition's pattern)
DanOG.4.9	Dan.4.12	renumbered	Renumber verse (another tradition's pattern)
DanOG.4.8	Dan.4.11	renumbered	Renumber verse (another tradition's pattern)
DanOG.4.10	Dan.4.13	renumbered	Renumber verse (another tradition's pattern)
DanOG.4.11	Dan.4.14	renumbered	Renumber verse (another tradition's pattern)
DanOG.4.12	Dan.4.15	renumbered	Renumber verse (another tradition's pattern)
DanOG.4.13	Dan.4.16	renumbered	Renumber verse (another tradition's pattern)
DanOG.4.14	Dan.4.17	renumbered	Renumber verse (another tradition's pattern)
DanOG.4.14a		not-in-kjv	
DanOG.4.15	Dan.4.18	renumbered	Renumber verse (another tradition's pattern)
DanOG.4.16	Dan.4.19	renumbered	Renumber verse (another tradition's pattern)
DanOG.4.17	Dan.4.20	renumbered	Renumber verse (another tradition's pattern)
DanOG.4.18	Dan.4.21	renumbered	Renumber verse (another tradition's pattern)
DanOG.4.19	Dan.4.22	renumbered	Renumber verse (another tradition's pattern)
DanOG.4.20	Dan.4.23	renumbered	Renumber verse (another tradition's pattern)
DanOG.4.21	Dan.4.24	renumbered	Renumber verse (another tradition's pattern)
DanOG.4.22	Dan.4.25	renumbered	Renumber verse (another tradition's pattern)
DanOG.4.23	Dan.4.26	renumbered	Renumber verse (another tradition's pattern)
DanOG.4.24	Dan.4.27	renumbered	Renumber verse (another tradition's pattern)
DanOG.4.25	Dan.4.28	renumbered	Renumber verse (another tradition's pattern)
DanOG.4.26	Dan.4.29	renumbered	Renumber verse (another tradition's pattern)
DanOG.4.27	Dan.4.30	renumbered	Renumber verse (another tradition's pattern)
DanOG.4.28	Dan.4.31	renumbered	Renumber verse (another tradition's pattern)
DanOG.4.29	Dan.4.32	renumbered	Renumber verse (another tradition's pattern)
DanOG.4.30	Dan.4.33	renumbered	Renumber verse (another tradition's pattern)
DanOG.4.30a		not-in-kjv	
DanOG.4.30b		not-in-kjv	
DanOG.4.30c		not-in-kjv	
DanOG.4.33	Dan.4.36	renumbered	Renumber verse (another tradition's pattern)
DanOG.4.34	Dan.4.37	renumbered	Renumber verse (another tradition's pattern)
DanOG.4.34a		not-in-kjv	
DanOG.4.34b		not-in-kjv	
DanOG.4.34c		not-in-kjv	
DanOG.5.1	Dan.5.1	same	
DanOG.5.2	Dan.5.2	same	
DanOG.5.3	Dan.5.3	same	
DanOG.5.4	Dan.5.4	same	
DanOG.5.5	Dan.5.5	same	
DanOG.5.6	Dan.5.6	same	
DanOG.5.7	Dan.5.7	same	
DanOG.5.8	Dan.5.8	same	
DanOG.5.9	Dan.5.9	same	
DanOG.5.10	Dan.5.10	same	
DanOG.5.11	Dan.5.11	same	
DanOG.5.12	Dan.5.12	same	
DanOG.5.13	Dan.5.13	same	
DanOG.5.16	Dan.5.16	same	
DanOG.5.17	Dan.5.17	same	
DanOG.5.23	Dan.5.23	same	
DanOG.5.26	Dan.5.26	same	
DanOG.5.27	Dan.5.27	same	
DanOG.5.28	Dan.5.28	same	
DanOG.5.29	Dan.5.29	same	
DanOG.5.30	Dan.5.30	same	
DanOG.5.31	Dan.5.31	same	Keep verse (another tradition's pattern)
DanOG.6.1	Dan.6.1	same	Keep verse (another tradition's pattern)
DanOG.6.2	Dan.6.2	same	Keep verse (another tradition's pattern)
DanOG.6.3	Dan.6.3	same	Keep verse (another tradition's pattern)
DanOG.6.4	Dan.6.4	same	Keep verse (another tradition's pattern)
DanOG.6.5	Dan.6.5	same	Keep verse (another tradition's pattern)
DanOG.6.6	Dan.6.6	same	Keep verse (another tradition's pattern)
DanOG.6.7	Dan.6.7	same	Keep verse (another tradition's pattern)
DanOG.6.9	Dan.6.9	same	Keep verse (another tradition's pattern)
DanOG.6.10	Dan.6.10	same	Keep verse (another tradition's pattern)
DanOG.6.11	Dan.6.11	same	Keep verse (another tradition's pattern)
DanOG.6.12	Dan.6.12	same	Keep verse (another tradition's pattern)
DanOG.6.12a		not-in-kjv	
DanOG.6.13	Dan.6.13	same	Keep verse (another tradition's pattern)
DanOG.6.14	Dan.6.14	same	Keep verse (another tradition's pattern)
DanOG.6.15	Dan.6.15	same	Keep verse (another tradition's pattern)
DanOG.6.16	Dan.6.16	same	Keep verse (another tradition's pattern)
DanOG.6.17	Dan.6.17	same	Keep verse (another tradition's pattern)
DanOG.6.18	Dan.6.18	same	Keep verse (another tradition's pattern)
DanOG.6.19	Dan.6.19	same	Keep verse (another tradition's pattern)
DanOG.6.20	Dan.6.20	same	Keep verse (another tradition's pattern)
DanOG.6.21	Dan.6.21	same	Keep verse (another tradition's pattern)
DanOG.6.22	Dan.6.22	same	Keep verse (another tradition's pattern)
DanOG.6.23	Dan.6.23	same	Keep verse (another tradition's pattern)
DanOG.6.24	Dan.6.24	same	Keep verse (another tradition's pattern)
DanOG.6.25	Dan.6.25	same	Keep verse (another tradition's pattern)
DanOG.6.26	Dan.6.26	same	Keep verse (another tradition's pattern)
DanOG.6.27	Dan.6.27	same	Keep verse (another tradition's pattern)
DanOG.6.28	Dan.6.28	same	Keep verse (another tradition's pattern)
DanOG.7.1	Dan.7.1	same	
DanOG.7.2	Dan.7.2	same	
DanOG.7.3	Dan.7.3	same	
DanOG.7.4	Dan.7.4	same	
DanOG.7.5	Dan.7.5	same	
DanOG.7.6	Dan.7.6	same	
DanOG.7.7	Dan.7.7	same	
DanOG.7.8	Dan.7.8	same	
DanOG.7.9	Dan.7.9	same	
DanOG.7.10	Dan.7.10	same	
DanOG.7.11	Dan.7.11	same	
DanOG.7.12	Dan.7.12	same	
DanOG.7.13	Dan.7.13	same	
DanOG.7.14	Dan.7.14	same	
DanOG.7.15	Dan.7.15	same	
DanOG.7.16	Dan.7.16	same	
DanOG.7.17	Dan.7.17	same	
DanOG.7.18	Dan.7.18	same	
DanOG.7.19	Dan.7.19	same	
DanOG.7.20	Dan.7.20	same	
DanOG.7.21	Dan.7.21	same	
DanOG.7.22	Dan.7.22	same	
DanOG.7.23	Dan.7.23	same	
DanOG.7.24	Dan.7.24	same	
DanOG.7.25	Dan.7.25	same	
DanOG.7.26	Dan.7.26	same	
DanOG.7.27	Dan.7.27	same	
DanOG.7.28	Dan.7.28	same	
DanOG.8.1	Dan.8.1	same	
DanOG.8.2	Dan.8.2	same	
DanOG.8.3	Dan.8.3	same	
DanOG.8.4	Dan.8.4	same	
DanOG.8.5	Dan.8.5	same	
DanOG.8.6	Dan.8.6	same	
DanOG.8.7	Dan.8.7	same	
DanOG.8.8	Dan.8.8	same	
DanOG.8.9	Dan.8.9	same	
DanOG.8.10	Dan.8.10	same	
DanOG.8.11	Dan.8.11	same	
DanOG.8.12	Dan.8.12	same	
DanOG.8.13	Dan.8.13	same	
DanOG.8.14	Dan.8.14	same	
DanOG.8.15	Dan.8.15	same	
DanOG.8.16	Dan.8.16	same	
DanOG.8.17	Dan.8.17	same	
DanOG.8.18	Dan.8.18	same	
DanOG.8.19	Dan.8.19	same	
DanOG.8.20	Dan.8.20	same	
DanOG.8.21	Dan.8.21	same	
DanOG.8.22	Dan.8.22	same	
DanOG.8.23	Dan.8.23	same	
DanOG.8.24	Dan.8.24	same	
DanOG.8.25	Dan.8.25	same	
DanOG.8.26	Dan.8.26	same	
DanOG.8.27	Dan.8.27	same	
DanOG.9.1	Dan.9.1	same	
DanOG.9.2	Dan.9.2	same	
DanOG.9.3	Dan.9.3	same	
DanOG.9.4	Dan.9.4	same	
DanOG.9.5	Dan.9.5	same	
DanOG.9.6	Dan.9.6	same	
DanOG.9.7	Dan.9.7	same	
DanOG.9.8	Dan.9.8	same	
DanOG.9.9	Dan.9.9	same	
DanOG.9.10	Dan.9.10	same	
DanOG.9.11	Dan.9.11	same	
DanOG.9.12	Dan.9.12	same	
DanOG.9.13	Dan.9.13	same	
DanOG.9.14	Dan.9.14	same	
DanOG.9.15	Dan.9.15	same	
DanOG.9.16	Dan.9.16	same	
DanOG.9.17	Dan.9.17	same	
DanOG.9.18	Dan.9.18	same	
DanOG.9.19	Dan.9.19	same	
DanOG.9.20	Dan.9.20	same	
DanOG.9.21	Dan.9.21	same	
DanOG.9.22	Dan.9.22	same	
DanOG.9.23	Dan.9.23	same	
DanOG.9.24	Dan.9.24	same	
DanOG.9.25	Dan.9.25	same	
DanOG.9.26	Dan.9.26	same	
DanOG.9.27	Dan.9.27	same	
DanOG.10.1	Dan.10.1	same	
DanOG.10.2	Dan.10.2	same	
DanOG.10.3	Dan.10.3	same	
DanOG.10.4	Dan.10.4	same	
DanOG.10.5	Dan.10.5	same	
DanOG.10.6	Dan.10.6	same	
DanOG.10.7	Dan.10.7	same	
DanOG.10.8	Dan.10.8	same	
DanOG.10.9	Dan.10.9	same	
DanOG.10.10	Dan.10.10	same	
DanOG.10.11	Dan.10.11	same	
DanOG.10.12	Dan.10.12	same	
DanOG.10.13	Dan.10.13	same	
DanOG.10.14	Dan.10.14	same	
DanOG.10.15	Dan.10.15	same	
DanOG.10.16	Dan.10.16	same	
DanOG.10.17	Dan.10.17	same	
DanOG.10.18	Dan.10.18	same	
DanOG.10.19	Dan.10.19	same	
DanOG.10.20	Dan.10.20	same	
DanOG.10.21	Dan.10.21	same	
DanOG.11.1	Dan.11.1	same	
DanOG.11.2	Dan.11.2	same	
DanOG.11.3	Dan.11.3	same	
DanOG.11.4	Dan.11.4	same	
DanOG.11.5	Dan.11.5	same	
DanOG.11.6	Dan.11.6	same	
DanOG.11.7	Dan.11.7	same	
DanOG.11.8	Dan.11.8	same	
DanOG.11.9	Dan.11.9	same	
DanOG.11.10	Dan.11.10	same	
DanOG.11.11	Dan.11.11	same	
DanOG.11.12	Dan.11.12	same	
DanOG.11.13	Dan.11.13	same	
DanOG.11.14	Dan.11.14	same	
DanOG.11.15	Dan.11.15	same	
DanOG.11.16	Dan.11.16	same	
DanOG.11.17	Dan.11.17	same	
DanOG.11.18	Dan.11.18	same	
DanOG.11.19	Dan.11.19	same	
DanOG.11.20	Dan.11.20	same	
DanOG.11.21	Dan.11.21	same	
DanOG.11.22	Dan.11.22	same	
DanOG.11.23	Dan.11.23	same	
DanOG.11.24	Dan.11.24	same	
DanOG.11.25	Dan.11.25	same	
DanOG.11.26	Dan.11.26	same	
DanOG.11.27	Dan.11.27	same	
DanOG.11.28	Dan.11.28	same	
DanOG.11.29	Dan.11.29	same	
DanOG.11.30	Dan.11.30	same	
DanOG.11.31	Dan.11.31	same	
DanOG.11.32	Dan.11.32	same	
DanOG.11.33	Dan.11.33	same	
DanOG.11.34	Dan.11.34	same	
DanOG.11.35	Dan.11.35	same	
DanOG.11.36	Dan.11.36	same	
DanOG.11.37	Dan.11.37	same	
DanOG.11.38	Dan.11.38	same	
DanOG.11.39	Dan.11.39	same	
DanOG.11.40	Dan.11.40	same	
DanOG.11.41	Dan.11.41	same	
DanOG.11.42	Dan.11.42	same	
DanOG.11.43	Dan.11.43	same	
DanOG.11.44	Dan.11.44	same	
DanOG.11.45	Dan.11.45	same	
DanOG.12.1	Dan.12.1	same	
DanOG.12.2	Dan.12.2	same	
DanOG.12.3	Dan.12.3	same	
DanOG.12.4	Dan.12.4	same	
DanOG.12.5	Dan.12.5	same	
DanOG.12.6	Dan.12.6	same	
DanOG.12.7	Dan.12.7	same	
DanOG.12.8	Dan.12.8	same	
DanOG.12.9	Dan.12.9	same	
DanOG.12.10	Dan.12.10	same	
DanOG.12.11	Dan.12.11	same	
DanOG.12.12	Dan.12.12	same	
DanOG.12.13	Dan.12.13	same	Keep verse
Dan.1.1	Dan.1.1	same	
Dan.1.2	Dan.1.2	same	
Dan.1.3	Dan.1.3	same	
Dan.1.4	Dan.1.4	same	
Dan.1.5	Dan.1.5	same	
Dan.1.6	Dan.1.6	same	
Dan.1.7	Dan.1.7	same	
Dan.1.8	Dan.1.8	same	
Dan.1.9	Dan.1.9	same	
Dan.1.10	Dan.1.10	same	
Dan.1.11	Dan.1.11	same	
Dan.1.12	Dan.1.12	same	
Dan.1.13	Dan.1.13	same	
Dan.1.14	Dan.1.14	same	
Dan.1.15	Dan.1.15	same	
Dan.1.16	Dan.1.16	same	
Dan.1.17	Dan.1.17	same	
Dan.1.18	Dan.1.18	same	
Dan.1.19	Dan.1.19	same	
Dan.1.20	Dan.1.20	same	
Dan.1.21	Dan.1.21	same	
Dan.2.1	Dan.2.1	same	
Dan.2.2	Dan.2.2	same	
Dan.2.3	Dan.2.3	same	
Dan.2.4	Dan.2.4	same	
Dan.2.5	Dan.2.5	same	
Dan.2.6	Dan.2.6	same	
Dan.2.7	Dan.2.7	same	
Dan.2.8	Dan.2.8	same	
Dan.2.9	Dan.2.9	same	
Dan.2.10	Dan.2.10	same	
Dan.2.11	Dan.2.11	same	
Dan.2.12	Dan.2.12	same	
Dan.2.13	Dan.2.13	same	
Dan.2.14	Dan.2.14	same	
Dan.2.15	Dan.2.15	same	
Dan.2.16	Dan.2.16	same	
Dan.2.17	Dan.2.17	same	
Dan.2.18	Dan.2.18	same	
Dan.2.19	Dan.2.19	same	
Dan.2.20	Dan.2.20	same	
Dan.2.21	Dan.2.21	same	
Dan.2.22	Dan.2.22	same	
Dan.2.23	Dan.2.23	same	
Dan.2.24	Dan.2.24	same	
Dan.2.25	Dan.2.25	same	
Dan.2.26	Dan.2.26	same	
Dan.2.27	Dan.2.27	same	
Dan.2.28	Dan.2.28	same	
Dan.2.29	Dan.2.29	same	
Dan.2.30	Dan.2.30	same	
Dan.2.31	Dan.2.31	same	
Dan.2.32	Dan.2.32	same	
Dan.2.33	Dan.2.33	same	
Dan.2.34	Dan.2.34	same	
Dan.2.35	Dan.2.35	same	
Dan.2.36	Dan.2.36	same	
Dan.2.37	Dan.2.37	same	
Dan.2.38	Dan.2.38	same	
Dan.2.39	Dan.2.39	same	
Dan.2.40	Dan.2.40	same	
Dan.2.41	Dan.2.41	same	
Dan.2.42	Dan.2.42	same	
Dan.2.43	Dan.2.43	same	
Dan.2.44	Dan.2.44	same	
Dan.2.45	Dan.2.45	same	
Dan.2.46	Dan.2.46	same	
Dan.2.47	Dan.2.47	same	
Dan.2.48	Dan.2.48	same	
Dan.2.49	Dan.2.49	same	
Dan.3.1	Dan.3.1	same	
Dan.3.2	Dan.3.2	same	
Dan.3.3	Dan.3.3	same	
Dan.3.4	Dan.3.4	same	
Dan.3.5	Dan.3.5	same	
Dan.3.6	Dan.3.6	same	
Dan.3.7	Dan.3.7	same	
Dan.3.8	Dan.3.8	same	
Dan.3.9	Dan.3.9	same	
Dan.3.10	Dan.3.10	same	
Dan.3.11	Dan.3.11	same	
Dan.3.12	Dan.3.12	same	
Dan.3.13	Dan.3.13	same	
Dan.3.14	Dan.3.14	same	
Dan.3.15	Dan.3.15	same	
Dan.3.16	Dan.3.16	same	
Dan.3.17	Dan.3.17	same	
Dan.3.18	Dan.3.18	same	
Dan.3.19	Dan.3.19	same	
Dan.3.20	Dan.3.20	same	
Dan.3.21	Dan.3.21	same	
Dan.3.22	Dan.3.22	same	
Dan.3.23	Dan.3.23	same	Keep verse (another tradition's pattern)
Dan.3.24	PrAzar.1.1	renumbered	Renumber verse* (another tradition's pattern)
Dan.3.25	PrAzar.1.2	renumbered	Renumber verse* (another tradition's pattern)
Dan.3.26	PrAzar.1.3	renumbered	Renumber verse* (another tradition's pattern)
Dan.3.27	PrAzar.1.4	renumbered	Renumber verse* (another tradition's pattern)
Dan.3.28	PrAzar.1.5	renumbered	Renumber verse* (another tradition's pattern)
Dan.3.29	PrAzar.1.6	renumbered	Renumber verse* (another tradition's pattern)
Dan.3.30	PrAzar.1.7	renumbered	Renumber verse* (another tradition's pattern)
Dan.3.31	PrAzar.1.8	renumbered	Renumber verse* (another tradition's pattern)
Dan.3.32	PrAzar.1.9	renumbered	Renumber verse* (another tradition's pattern)
Dan.3.33	PrAzar.1.10	renumbered	Renumber verse* (another tradition's pattern)
Dan.3.34	PrAzar.1.11	renumbered	Renumber verse* (another tradition's pattern)
Dan.3.35	PrAzar.1.12	renumbered	Renumber verse* (another tradition's pattern)
Dan.3.36	PrAzar.1.13	renumbered	Renumber verse* (another tradition's pattern)
Dan.3.37	PrAzar.1.14	renumbered	Renumber verse* (another tradition's pattern)
Dan.3.38	PrAzar.1.15	renumbered	Renumber verse* (another tradition's pattern)
Dan.3.39	PrAzar.1.16	renumbered	Renumber verse* (another tradition's pattern)
Dan.3.40	PrAzar.1.17	renumbered	Renumber verse* (another tradition's pattern)
Dan.3.41	PrAzar.1.18	renumbered	Renumber verse* (another tradition's pattern)
Dan.3.42	PrAzar.1.19	renumbered	Renumber verse* (another tradition's pattern)
Dan.3.43	PrAzar.1.20	renumbered	Renumber verse* (another tradition's pattern)
Dan.3.44	PrAzar.1.21	renumbered	Renumber verse* (another tradition's pattern)
Dan.3.45	PrAzar.1.22	renumbered	Renumber verse* (another tradition's pattern)
Dan.3.46	PrAzar.1.23	renumbered	Renumber verse* (another tradition's pattern)
Dan.3.47	PrAzar.1.24	renumbered	Renumber verse* (another tradition's pattern)
Dan.3.48	PrAzar.1.25	renumbered	Renumber verse* (another tradition's pattern)
Dan.3.49	PrAzar.1.26	renumbered	Renumber verse* (another tradition's pattern)
Dan.3.50	PrAzar.1.27	renumbered	Renumber verse* (another tradition's pattern)
Dan.3.51	PrAzar.1.28	renumbered	Renumber verse* (another tradition's pattern)
Dan.3.52	PrAzar.1.29 PrAzar.1.30	several	Concatenation (another tradition's pattern)
Dan.3.53	PrAzar.1.31	renumbered	Renumber verse* (another tradition's pattern)
Dan.3.54	PrAzar.1.33	renumbered	Renumber verse* (another tradition's pattern)
Dan.3.55	PrAzar.1.32	renumbered	Renumber verse* (another tradition's pattern)
Dan.3.56	PrAzar.1.34	renumbered	Renumber verse* (another tradition's pattern)
Dan.3.57	PrAzar.1.35	renumbered	Renumber verse* (another tradition's pattern)
Dan.3.58	PrAzar.1.37	renumbered	Renumber verse* (another tradition's pattern)
Dan.3.59	PrAzar.1.36	renumbered	Renumber verse* (another tradition's pattern)
Dan.3.60	PrAzar.1.38	renumbered	Renumber verse* (another tradition's pattern)
Dan.3.61	PrAzar.1.39	renumbered	Renumber verse* (another tradition's pattern)
Dan.3.62	PrAzar.1.40	renumbered	Renumber verse* (another tradition's pattern)
Dan.3.63	PrAzar.1.41	renumbered	Renumber verse* (another tradition's pattern)
Dan.3.64	PrAzar.1.42	renumbered	Renumber verse* (another tradition's pattern)
Dan.3.65	PrAzar.1.43	renumbered	Renumber verse* (another tradition's pattern)
Dan.3.66	PrAzar.1.44	renumbered	Renumber verse* (another tradition's pattern)
Dan.3.67	PrAzar.1.45	renumbered	Renumber verse* (another tradition's pattern)
Dan.3.68	PrAzar.1.46	renumbered	Renumber verse* (another tradition's pattern)
Dan.3.69	PrAzar.1.49	renumbered	Renumber verse* (another tradition's pattern)
Dan.3.70	PrAzar.1.50	renumbered	Renumber verse* (another tradition's pattern)
Dan.3.73	PrAzar.1.51	renumbered	Renumber verse* (another tradition's pattern)
Dan.3.74	PrAzar.1.52	renumbered	Renumber verse* (another tradition's pattern)
Dan.3.75	PrAzar.1.53	renumbered	Renumber verse* (another tradition's pattern)
Dan.3.76	PrAzar.1.54	renumbered	Renumber verse* (another tradition's pattern)
Dan.3.78	PrAzar.1.55	renumbered	Renumber verse* (another tradition's pattern)
Dan.3.77	PrAzar.1.56	renumbered	Renumber verse* (another tradition's pattern)
Dan.3.79	PrAzar.1.57	renumbered	Renumber verse* (another tradition's pattern)
Dan.3.80	PrAzar.1.58	renumbered	Renumber verse* (another tradition's pattern)
Dan.3.81	PrAzar.1.59	renumbered	Renumber verse* (another tradition's pattern)
Dan.3.82	PrAzar.1.60	renumbered	Renumber verse* (another tradition's pattern)
Dan.3.83	PrAzar.1.61	renumbered	Renumber verse* (another tradition's pattern)
Dan.3.84	PrAzar.1.62	renumbered	Renumber verse* (another tradition's pattern)
Dan.3.85	PrAzar.1.63	renumbered	Renumber verse* (another tradition's pattern)
Dan.3.86	PrAzar.1.64	renumbered	Renumber verse* (another tradition's pattern)
Dan.3.87	PrAzar.1.65	renumbered	Renumber verse* (another tradition's pattern)
Dan.3.88	PrAzar.1.66	renumbered	Renumber verse* (another tradition's pattern)
Dan.3.89	PrAzar.1.67	renumbered	Renumber verse* (another tradition's pattern)
Dan.3.90	PrAzar.1.68	renumbered	Renumber verse* (another tradition's pattern)
Dan.3.91	Dan.3.24	renumbered	Renumber verse (another tradition's pattern)
Dan.3.92	Dan.3.25	renumbered	Renumber verse (another tradition's pattern)
Dan.3.93	Dan.3.26	renumbered	Renumber verse (another tradition's pattern)
Dan.3.94	Dan.3.27	renumbered	Renumber verse (another tradition's pattern)
Dan.3.95	Dan.3.28	renumbered	Renumber verse (another tradition's pattern)
Dan.3.96	Dan.3.29	renumbered	Renumber verse (another tradition's pattern)
Dan.3.97	Dan.3.30	renumbered	Renumber verse (another tradition's pattern)
Dan.3.98	Dan.4.1	renumbered	Renumber verse (another tradition's pattern)
Dan.3.99	Dan.4.2	renumbered	Renumber verse (another tradition's pattern)
Dan.3.100	Dan.4.3	renumbered	Renumber verse (another tradition's pattern)
Dan.4.1	Dan.4.4	renumbered	Renumber verse (another tradition's pattern)
Dan.4.2	Dan.4.5	renumbered	Renumber verse (another tradition's pattern)
Dan.4.3	Dan.4.6	renumbered	Renumber verse (another tradition's pattern)
Dan.4.4	Dan.4.7	renumbered	Renumber verse (another tradition's pattern)
Dan.4.5	Dan.4.8	renumbered	Renumber verse (another tradition's pattern)
Dan.4.6	Dan.4.9	renumbered	Renumber verse (another tradition's pattern)
Dan.4.7	Dan.4.10	renumbered	Renumber verse (another tradition's pattern)
Dan.4.8	Dan.4.11	renumbered	Renumber verse (another tradition's pattern)
Dan.4.9	Dan.4.12	renumbered	Renumber verse (another tradition's pattern)
Dan.4.10	Dan.4.13	renumbered	Renumber verse (another tradition's pattern)
Dan.4.11	Dan.4.14	renumbered	Renumber verse (another tradition's pattern)
Dan.4.12	Dan.4.15	renumbered	Renumber verse (another tradition's pattern)
Dan.4.13	Dan.4.16	renumbered	Renumber verse (another tradition's pattern)
Dan.4.14	Dan.4.17	renumbered	Renumber verse (another tradition's pattern)
Dan.4.15	Dan.4.18	renumbered	Renumber verse (another tradition's pattern)
Dan.4.16	Dan.4.19	renumbered	Renumber verse (another tradition's pattern)
Dan.4.17	Dan.4.20	renumbered	Renumber verse (another tradition's pattern)
Dan.4.18	Dan.4.21	renumbered	Renumber verse (another tradition's pattern)
Dan.4.19	Dan.4.22	renumbered	Renumber verse (another tradition's pattern)
Dan.4.20	Dan.4.23	renumbered	Renumber verse (another tradition's pattern)
Dan.4.21	Dan.4.24	renumbered	Renumber verse (another tradition's pattern)
Dan.4.22	Dan.4.25	renumbered	Renumber verse (another tradition's pattern)
Dan.4.23	Dan.4.26	renumbered	Renumber verse (another tradition's pattern)
Dan.4.24	Dan.4.27	renumbered	Renumber verse (another tradition's pattern)
Dan.4.25	Dan.4.28	renumbered	Renumber verse (another tradition's pattern)
Dan.4.26	Dan.4.29	renumbered	Renumber verse (another tradition's pattern)
Dan.4.27	Dan.4.30	renumbered	Renumber verse (another tradition's pattern)
Dan.4.28	Dan.4.31	renumbered	Renumber verse (another tradition's pattern)
Dan.4.29	Dan.4.32	renumbered	Renumber verse (another tradition's pattern)
Dan.4.30	Dan.4.33	renumbered	Renumber verse (another tradition's pattern)
Dan.4.31	Dan.4.34	renumbered	Renumber verse (another tradition's pattern)
Dan.4.32	Dan.4.35	renumbered	Renumber verse (another tradition's pattern)
Dan.4.33	Dan.4.36	renumbered	Renumber verse (another tradition's pattern)
Dan.4.34	Dan.4.37	renumbered	Renumber verse (another tradition's pattern)
Dan.5.1	Dan.5.1	same	
Dan.5.2	Dan.5.2	same	
Dan.5.3	Dan.5.3	same	
Dan.5.4	Dan.5.4	same	
Dan.5.5	Dan.5.5	same	
Dan.5.6	Dan.5.6	same	
Dan.5.7	Dan.5.7	same	
Dan.5.8	Dan.5.8	same	
Dan.5.9	Dan.5.9	same	
Dan.5.10	Dan.5.10	same	
Dan.5.11	Dan.5.11	same	
Dan.5.12	Dan.5.12	same	
Dan.5.13	Dan.5.13	same	
Dan.5.14	Dan.5.14	same	
Dan.5.15	Dan.5.15	same	
Dan.5.16	Dan.5.16	same	
Dan.5.17	Dan.5.17	same	
Dan.5.18	Dan.5.18	same	
Dan.5.19	Dan.5.19	same	
Dan.5.20	Dan.5.20	same	
Dan.5.21	Dan.5.21	same	
Dan.5.22	Dan.5.22	same	
Dan.5.23	Dan.5.23	same	
Dan.5.24	Dan.5.24	same	
Dan.5.25	Dan.5.25	same	
Dan.5.26	Dan.5.26	same	
Dan.5.27	Dan.5.27	same	
Dan.5.28	Dan.5.28	same	
Dan.5.29	Dan.5.29	same	
Dan.5.30	Dan.5.30	same	
Dan.5.31	Dan.5.31	same	Keep verse (another tradition's pattern)
Dan.6.1	Dan.6.1	same	Keep verse (another tradition's pattern)
Dan.6.2	Dan.6.2	same	Keep verse (another tradition's pattern)
Dan.6.3	Dan.6.3	same	Keep verse (another tradition's pattern)
Dan.6.4	Dan.6.4	same	Keep verse (another tradition's pattern)
Dan.6.5	Dan.6.5	same	Keep verse (another tradition's pattern)
Dan.6.6	Dan.6.6	same	Keep verse (another tradition's pattern)
Dan.6.7	Dan.6.7	same	Keep verse (another tradition's pattern)
Dan.6.8	Dan.6.8	same	Keep verse (another tradition's pattern)
Dan.6.9	Dan.6.9	same	Keep verse (another tradition's pattern)
Dan.6.10	Dan.6.10	same	Keep verse (another tradition's pattern)
Dan.6.11	Dan.6.11	same	Keep verse (another tradition's pattern)
Dan.6.12	Dan.6.12	same	Keep verse (another tradition's pattern)
Dan.6.13	Dan.6.13	same	Keep verse (another tradition's pattern)
Dan.6.14	Dan.6.14	same	Keep verse (another tradition's pattern)
Dan.6.15	Dan.6.15	same	Keep verse (another tradition's pattern)
Dan.6.16	Dan.6.16	same	Keep verse (another tradition's pattern)
Dan.6.17	Dan.6.17	same	Keep verse (another tradition's pattern)
Dan.6.18	Dan.6.18	same	Keep verse (another tradition's pattern)
Dan.6.19	Dan.6.19	same	Keep verse (another tradition's pattern)
Dan.6.20	Dan.6.20	same	Keep verse (another tradition's pattern)
Dan.6.21	Dan.6.21	same	Keep verse (another tradition's pattern)
Dan.6.22	Dan.6.22	same	Keep verse (another tradition's pattern)
Dan.6.23	Dan.6.23	same	Keep verse (another tradition's pattern)
Dan.6.24	Dan.6.24	same	Keep verse (another tradition's pattern)
Dan.6.25	Dan.6.25	same	Keep verse (another tradition's pattern)
Dan.6.26	Dan.6.26	same	Keep verse (another tradition's pattern)
Dan.6.27	Dan.6.27	same	Keep verse (another tradition's pattern)
Dan.6.28	Dan.6.28	same	Keep verse (another tradition's pattern)
Dan.7.1	Dan.7.1	same	
Dan.7.2	Dan.7.2	same	
Dan.7.3	Dan.7.3	same	
Dan.7.4	Dan.7.4	same	
Dan.7.5	Dan.7.5	same	
Dan.7.6	Dan.7.6	same	
Dan.7.7	Dan.7.7	same	
Dan.7.8	Dan.7.8	same	
Dan.7.9	Dan.7.9	same	
Dan.7.10	Dan.7.10	same	
Dan.7.11	Dan.7.11	same	
Dan.7.12	Dan.7.12	same	
Dan.7.13	Dan.7.13	same	
Dan.7.14	Dan.7.14	same	
Dan.7.15	Dan.7.15	same	
Dan.7.16	Dan.7.16	same	
Dan.7.17	Dan.7.17	same	
Dan.7.18	Dan.7.18	same	
Dan.7.19	Dan.7.19	same	
Dan.7.20	Dan.7.20	same	
Dan.7.21	Dan.7.21	same	
Dan.7.22	Dan.7.22	same	
Dan.7.23	Dan.7.23	same	
Dan.7.24	Dan.7.24	same	
Dan.7.25	Dan.7.25	same	
Dan.7.26	Dan.7.26	same	
Dan.7.27	Dan.7.27	same	
Dan.7.28	Dan.7.28	same	
Dan.8.1	Dan.8.1	same	
Dan.8.2	Dan.8.2	same	
Dan.8.3	Dan.8.3	same	
Dan.8.4	Dan.8.4	same	
Dan.8.5	Dan.8.5	same	
Dan.8.6	Dan.8.6	same	
Dan.8.7	Dan.8.7	same	
Dan.8.8	Dan.8.8	same	
Dan.8.9	Dan.8.9	same	
Dan.8.10	Dan.8.10	same	
Dan.8.11	Dan.8.11	same	
Dan.8.12	Dan.8.12	same	
Dan.8.13	Dan.8.13	same	
Dan.8.14	Dan.8.14	same	
Dan.8.15	Dan.8.15	same	
Dan.8.16	Dan.8.16	same	
Dan.8.17	Dan.8.17	same	
Dan.8.18	Dan.8.18	same	
Dan.8.19	Dan.8.19	same	
Dan.8.20	Dan.8.20	same	
Dan.8.21	Dan.8.21	same	
Dan.8.22	Dan.8.22	same	
Dan.8.23	Dan.8.23	same	
Dan.8.24	Dan.8.24	same	
Dan.8.25	Dan.8.25	same	
Dan.8.26	Dan.8.26	same	
Dan.8.27	Dan.8.27	same	
Dan.9.1	Dan.9.1	same	
Dan.9.2	Dan.9.2	same	
Dan.9.3	Dan.9.3	same	
Dan.9.4	Dan.9.4	same	
Dan.9.5	Dan.9.5	same	
Dan.9.6	Dan.9.6	same	
Dan.9.7	Dan.9.7	same	
Dan.9.8	Dan.9.8	same	
Dan.9.9	Dan.9.9	same	
Dan.9.10	Dan.9.10	same	
Dan.9.11	Dan.9.11	same	
Dan.9.12	Dan.9.12	same	
Dan.9.13	Dan.9.13	same	
Dan.9.14	Dan.9.14	same	
Dan.9.15	Dan.9.15	same	
Dan.9.16	Dan.9.16	same	
Dan.9.17	Dan.9.17	same	
Dan.9.18	Dan.9.18	same	
Dan.9.19	Dan.9.19	same	
Dan.9.20	Dan.9.20	same	
Dan.9.21	Dan.9.21	same	
Dan.9.22	Dan.9.22	same	
Dan.9.23	Dan.9.23	same	
Dan.9.24	Dan.9.24	same	
Dan.9.25	Dan.9.25	same	
Dan.9.26	Dan.9.26	same	
Dan.9.27	Dan.9.27	same	
Dan.10.1	Dan.10.1	same	
Dan.10.2	Dan.10.2	same	
Dan.10.3	Dan.10.3	same	
Dan.10.4	Dan.10.4	same	
Dan.10.5	Dan.10.5	same	
Dan.10.6	Dan.10.6	same	
Dan.10.7	Dan.10.7	same	
Dan.10.9	Dan.10.9	same	
Dan.10.10	Dan.10.10	same	
Dan.10.11	Dan.10.11	same	
Dan.10.12	Dan.10.12	same	
Dan.10.13	Dan.10.13	same	
Dan.10.14	Dan.10.14	same	
Dan.10.15	Dan.10.15	same	
Dan.10.16	Dan.10.16	same	
Dan.10.17	Dan.10.17	same	
Dan.10.18	Dan.10.18	same	
Dan.10.19	Dan.10.19	same	
Dan.10.20	Dan.10.20	same	
Dan.10.21	Dan.10.21	same	
Dan.11.1	Dan.11.1	same	
Dan.11.2	Dan.11.2	same	
Dan.11.3	Dan.11.3	same	
Dan.11.4	Dan.11.4	same	
Dan.11.5	Dan.11.5	same	
Dan.11.6	Dan.11.6	same	
Dan.11.7	Dan.11.7	same	
Dan.11.8	Dan.11.8	same	
Dan.11.9	Dan.11.9	same	
Dan.11.10	Dan.11.10	same	
Dan.11.11	Dan.11.11	same	
Dan.11.12	Dan.11.12	same	
Dan.11.13	Dan.11.13	same	
Dan.11.14	Dan.11.14	same	
Dan.11.15	Dan.11.15	same	
Dan.11.16	Dan.11.16	same	
Dan.11.17	Dan.11.17	same	
Dan.11.18	Dan.11.18	same	
Dan.11.19	Dan.11.19	same	
Dan.11.20	Dan.11.20	same	
Dan.11.21	Dan.11.21	same	
Dan.11.22	Dan.11.22	same	
Dan.11.23	Dan.11.23	same	
Dan.11.24	Dan.11.24	same	
Dan.11.25	Dan.11.25	same	
Dan.11.26	Dan.11.26	same	
Dan.11.27	Dan.11.27	same	
Dan.11.28	Dan.11.28	same	
Dan.11.29	Dan.11.29	same	
Dan.11.30	Dan.11.30	same	
Dan.11.31	Dan.11.31	same	
Dan.11.32	Dan.11.32	same	
Dan.11.33	Dan.11.33	same	
Dan.11.34	Dan.11.34	same	
Dan.11.35	Dan.11.35	same	
Dan.11.36	Dan.11.36	same	
Dan.11.37	Dan.11.37	same	
Dan.11.38	Dan.11.38	same	
Dan.11.39	Dan.11.39	same	
Dan.11.40	Dan.11.40	same	
Dan.11.41	Dan.11.41	same	
Dan.11.42	Dan.11.42	same	
Dan.11.43	Dan.11.43	same	
Dan.11.44	Dan.11.44	same	
Dan.11.45	Dan.11.45	same	
Dan.12.1	Dan.12.1	same	
Dan.12.2	Dan.12.2	same	
Dan.12.3	Dan.12.3	same	
Dan.12.4	Dan.12.4	same	
BelOG.1.1	Bel.1.1	same	Keep verse
BelOG.1.2	Bel.1.2	same	Keep verse
BelOG.1.3	Bel.1.3	same	Keep verse
BelOG.1.4	Bel.1.4	same	Keep verse
BelOG.1.5	Bel.1.5	same	Keep verse
BelOG.1.6	Bel.1.6	same	Keep verse
BelOG.1.7	Bel.1.7	same	Keep verse
BelOG.1.8	Bel.1.8	same	Keep verse
BelOG.1.9	Bel.1.9	same	Keep verse
BelOG.1.10	Bel.1.10	same	Keep verse
BelOG.1.11	Bel.1.11	same	Keep verse
BelOG.1.14	Bel.1.14	same	Keep verse
BelOG.1.15	Bel.1.15	same	Keep verse
BelOG.1.18	Bel.1.18	same	Keep verse
BelOG.1.19	Bel.1.19	same	Keep verse
BelOG.1.20	Bel.1.20	same	Keep verse
BelOG.1.21	Bel.1.21	same	Keep verse
BelOG.1.22	Bel.1.22	same	Keep verse
BelOG.1.23	Bel.1.23	same	Keep verse
BelOG.1.24	Bel.1.24	same	Keep verse
BelOG.1.26	Bel.1.26	same	Keep verse
BelOG.1.27	Bel.1.27	same	Keep verse
BelOG.1.28	Bel.1.28	same	Keep verse
BelOG.1.30	Bel.1.30	same	Keep verse
BelOG.1.31	Bel.1.31	same	Keep verse
BelOG.1.33	Bel.1.33	same	Keep verse
BelOG.1.34	Bel.1.34	same	Keep verse
BelOG.1.35	Bel.1.35	same	Keep verse
BelOG.1.36	Bel.1.36	same	Keep verse
BelOG.1.37	Bel.1.37	same	Keep verse
BelOG.1.38	Bel.1.38	same	Keep verse
BelOG.1.39	Bel.1.39	same	Keep verse
BelOG.1.40	Bel.1.40	same	Keep verse
BelOG.1.41	Bel.1.41	same	Keep verse
BelOG.1.42	Bel.1.42	same	Keep verse
Bel.1.1	Bel.1.1	same	Keep verse
Bel.1.2	Bel.1.2	same	Keep verse
Bel.1.3	Bel.1.3	same	Keep verse
Bel.1.4	Bel.1.4	same	Keep verse
Bel.1.5	Bel.1.5	same	Keep verse
Bel.1.6	Bel.1.6	same	Keep verse
Bel.1.7	Bel.1.7	same	Keep verse
Bel.1.8	Bel.1.8	same	Keep verse
Bel.1.9	Bel.1.9	same	Keep verse
Bel.1.10	Bel.1.10	same	Keep verse
Bel.1.11	Bel.1.11	same	Keep verse
Bel.1.12	Bel.1.12	same	Keep verse
Bel.1.13	Bel.1.13	same	Keep verse
Bel.1.14	Bel.1.14	same	Keep verse
Bel.1.15	Bel.1.15	same	Keep verse
Bel.1.16	Bel.1.16	same	Keep verse
Bel.1.17	Bel.1.17	same	Keep verse
Bel.1.18	Bel.1.18	same	Keep verse
Bel.1.19	Bel.1.19	same	Keep verse
Bel.1.20	Bel.1.20	same	Keep verse
Bel.1.21	Bel.1.21	same	Keep verse
Bel.1.22	Bel.1.22	same	Keep verse
Bel.1.23	Bel.1.23	same	Keep verse
Bel.1.24	Bel.1.24	same	Keep verse
Bel.1.25	Bel.1.25	same	Keep verse
Bel.1.26	Bel.1.26	same	Keep verse
Bel.1.27	Bel.1.27	same	Keep verse
Bel.1.28	Bel.1.28	same	Keep verse
Bel.1.29	Bel.1.29	same	Keep verse
Bel.1.30	Bel.1.30	same	Keep verse
Bel.1.31	Bel.1.31	same	Keep verse
Bel.1.32	Bel.1.32	same	Keep verse
Bel.1.33	Bel.1.33	same	Keep verse
Bel.1.34	Bel.1.34	same	Keep verse
Bel.1.35	Bel.1.35	same	Keep verse
Bel.1.36	Bel.1.36	same	Keep verse
