kjva	vulgate	douay	brenton
Tob.1.1			Tob.1.1
Tob.1.2	Tob.1.1	Tob.1.1	Tob.1.2
Tob.1.3	Tob.1.2	Tob.1.2	Tob.1.3
Tob.1.4			Tob.1.4
Tob.1.5	Tob.1.4	Tob.1.4	Tob.1.5
Tob.1.6	Tob.1.5	Tob.1.5	Tob.1.6
Tob.1.7	Tob.1.6 Tob.1.7	Tob.1.6 Tob.1.7	Tob.1.7
Tob.1.8			Tob.1.8
Tob.1.9			Tob.1.9
Tob.1.10			Tob.1.10
Tob.1.11	Tob.1.12	Tob.1.12	Tob.1.11
Tob.1.12	Tob.1.13	Tob.1.13	Tob.1.12
Tob.1.13			Tob.1.13
Tob.1.14	Tob.1.16	Tob.1.16	Tob.1.14
Tob.1.15	Tob.1.18	Tob.1.18	Tob.1.15
Tob.1.16	Tob.1.20	Tob.1.20	Tob.1.16
Tob.1.17	Tob.1.20	Tob.1.20	Tob.1.17
Tob.1.18	Tob.1.21	Tob.1.21	Tob.1.18
Tob.1.19			Tob.1.19
Tob.1.20	Tob.1.23	Tob.1.23	Tob.1.20
Tob.1.21	Tob.1.24	Tob.1.24	Tob.1.21
Tob.1.22			Tob.1.22
Tob.2.1	Tob.1.25	Tob.1.25	Tob.2.1
Tob.2.2	Tob.2.2	Tob.2.2	Tob.2.2
Tob.2.3			Tob.2.3
Tob.2.4	Tob.2.4	Tob.2.4	Tob.2.4
Tob.2.5	Tob.2.5	Tob.2.5	Tob.2.5
Tob.2.6	Tob.2.6	Tob.2.6	Tob.2.6
Tob.2.7	Tob.2.7	Tob.2.7	Tob.2.7
Tob.2.8	Tob.2.8	Tob.2.8	Tob.2.8
Tob.2.9	Tob.2.10	Tob.2.10	Tob.2.9
Tob.2.10	Tob.2.11	Tob.2.11	Tob.2.10
Tob.2.11	Tob.2.19	Tob.2.19	Tob.2.11
Tob.2.12	Tob.2.20	Tob.2.20	Tob.2.12
Tob.2.13			Tob.2.13
Tob.2.14			Tob.2.14
Tob.3.1			Tob.3.1
Tob.3.2	Tob.3.2	Tob.3.2	Tob.3.2
Tob.3.3	Tob.3.3	Tob.3.3	Tob.3.3
Tob.3.4	Tob.3.4	Tob.3.4	Tob.3.4
Tob.3.5	Tob.3.5	Tob.3.5	Tob.3.5
Tob.3.6	Tob.3.6	Tob.3.6	Tob.3.6
Tob.3.7	Tob.3.7	Tob.3.7	Tob.3.7
Tob.3.8	Tob.3.8	Tob.3.8	Tob.3.8
Tob.3.9	Tob.3.9	Tob.3.9	Tob.3.9
Tob.3.10			Tob.3.10
Tob.3.11	Tob.3.12 Tob.3.23	Tob.3.12 Tob.3.23	Tob.3.11
Tob.3.12	Tob.3.14	Tob.3.14	Tob.3.12
Tob.3.13	Tob.3.15	Tob.3.15	Tob.3.13
Tob.3.14	Tob.3.16	Tob.3.16	Tob.3.14
Tob.3.15	Tob.3.17	Tob.3.17	Tob.3.15
Tob.3.16	Tob.3.24 Tob.4.1	Tob.3.24 Tob.4.1	Tob.3.16
Tob.3.17	Tob.3.25	Tob.3.25	Tob.3.17
Tob.4.1			Tob.4.1
Tob.4.2			Tob.4.2
Tob.4.3	Tob.4.3	Tob.4.3	Tob.4.3
Tob.4.4	Tob.4.5	Tob.4.5	Tob.4.4
Tob.4.5	Tob.4.6	Tob.4.6	Tob.4.5
Tob.4.6			Tob.4.6
Tob.4.7	Tob.4.7	Tob.4.7	Tob.4.7
Tob.4.8	Tob.4.9	Tob.4.9	Tob.4.7a
Tob.4.9	Tob.4.10	Tob.4.10	Tob.4.7b
Tob.4.10	Tob.4.11	Tob.4.11	Tob.4.7c
Tob.4.11	Tob.4.12	Tob.4.12	Tob.4.7d
Tob.4.12	Tob.4.13	Tob.4.13	Tob.4.7e
Tob.4.13			Tob.4.7f
Tob.4.14	Tob.4.15	Tob.4.15	Tob.4.7g
Tob.4.15			Tob.4.7h
Tob.4.16	Tob.4.17	Tob.4.17	Tob.4.7i
Tob.4.17	Tob.4.18	Tob.4.18	Tob.4.7k
Tob.4.18	Tob.4.19	Tob.4.19	Tob.4.7l
Tob.4.19	Tob.4.20	Tob.4.20	Tob.4.19
Tob.4.20	Tob.4.21	Tob.4.21	Tob.4.20
Tob.4.21	Tob.4.23	Tob.4.23	Tob.4.21
Tob.5.1	Tob.5.1	Tob.5.1	Tob.5.1
Tob.5.2	Tob.5.2	Tob.5.2	Tob.5.2
Tob.5.3	Tob.5.4	Tob.5.4	Tob.5.3
Tob.5.4	Tob.5.6	Tob.5.6	Tob.5.4
Tob.5.5	Tob.5.7 Tob.5.14	Tob.5.7 Tob.5.14	Tob.5.5
Tob.5.6	Tob.5.8 Tob.5.15	Tob.5.8 Tob.5.15	Tob.5.6
Tob.5.7	Tob.5.9	Tob.5.9	Tob.5.7
Tob.5.8			Tob.5.8
Tob.5.9	Tob.5.11	Tob.5.11	Tob.5.9
Tob.5.10	Tob.5.16	Tob.5.16	Tob.5.10
Tob.5.11	Tob.5.17	Tob.5.17	Tob.5.11
Tob.5.12	Tob.5.18	Tob.5.18	Tob.5.12
Tob.5.13	Tob.5.19	Tob.5.19	Tob.5.13
Tob.5.14			Tob.5.14
Tob.5.15	Tob.5.20	Tob.5.20	Tob.5.15
Tob.5.16	Tob.5.22	Tob.5.22	Tob.5.16
Tob.5.17	Tob.5.23	Tob.5.23	Tob.5.17
Tob.5.18	Tob.5.24	Tob.5.24	Tob.5.18
Tob.5.19	Tob.5.25	Tob.5.25	Tob.5.19
Tob.5.20	Tob.5.26	Tob.5.26	Tob.5.20
Tob.5.21	Tob.5.27	Tob.5.27	Tob.5.21
Tob.5.22	Tob.5.28	Tob.5.28	Tob.5.22
Tob.6.1	Tob.6.1	Tob.6.1	Tob.6.1
Tob.6.2	Tob.6.2	Tob.6.2	Tob.6.2
Tob.6.3	Tob.6.4	Tob.6.4	Tob.6.3
Tob.6.4	Tob.6.5	Tob.6.5	Tob.6.4
Tob.6.5	Tob.6.6	Tob.6.6	Tob.6.5
Tob.6.6	Tob.6.7	Tob.6.7	Tob.6.6
Tob.6.7	Tob.6.8	Tob.6.8	Tob.6.7
Tob.6.8	Tob.6.9	Tob.6.9	Tob.6.8
Tob.6.9			Tob.6.9
Tob.6.10	Tob.6.11	Tob.6.11	Tob.6.10
Tob.6.11			Tob.6.11
Tob.6.12			Tob.6.12
Tob.6.13	Tob.6.14	Tob.6.14	Tob.6.13
Tob.6.14	Tob.6.15	Tob.6.15	Tob.6.14
Tob.6.15	Tob.6.16	Tob.6.16	Tob.6.15
Tob.6.16	Tob.6.18 Tob.6.19	Tob.6.18 Tob.6.19	Tob.6.16
Tob.6.17			Tob.6.17
Tob.7.1	Tob.7.1	Tob.7.1	Tob.7.1
Tob.7.2	Tob.7.2	Tob.7.2	Tob.7.2
Tob.7.3	Tob.7.3 Tob.7.4	Tob.7.3 Tob.7.4	Tob.7.3
Tob.7.4	Tob.7.5	Tob.7.5	Tob.7.4
Tob.7.5	Tob.7.6	Tob.7.6	Tob.7.5
Tob.7.6	Tob.7.7	Tob.7.7	Tob.7.6
Tob.7.7	Tob.7.7	Tob.7.7	Tob.7.7
Tob.7.8	Tob.7.8	Tob.7.8	Tob.7.8
Tob.7.9			Tob.7.9
Tob.7.10			Tob.7.10
Tob.7.11	Tob.7.10	Tob.7.10	Tob.7.11
Tob.7.12	Tob.7.13	Tob.7.13	Tob.7.12
Tob.7.13	Tob.7.15	Tob.7.15	Tob.7.13
Tob.7.14	Tob.7.16	Tob.7.16	Tob.7.14
Tob.7.15			Tob.7.15
Tob.7.16	Tob.7.18	Tob.7.18	Tob.7.16
Tob.7.17	Tob.7.19	Tob.7.19	Tob.7.17
Tob.7.18	Tob.7.20	Tob.7.20	Tob.7.18
Tob.8.1	Tob.8.1	Tob.8.1	Tob.8.1
Tob.8.2	Tob.8.2	Tob.8.2	Tob.8.2
Tob.8.3	Tob.8.3	Tob.8.3	Tob.8.3
Tob.8.4	Tob.8.4	Tob.8.4	Tob.8.4
Tob.8.5	Tob.8.7	Tob.8.7	Tob.8.5
Tob.8.6	Tob.8.8	Tob.8.8	Tob.8.6
Tob.8.7	Tob.8.9	Tob.8.9	Tob.8.7
Tob.8.8			Tob.8.8
Tob.8.9	Tob.8.11	Tob.8.11	Tob.8.9
Tob.8.10	Tob.8.12	Tob.8.12	Tob.8.10
Tob.8.11	Tob.8.13	Tob.8.13	Tob.8.11
Tob.8.12	Tob.8.14	Tob.8.14	Tob.8.12
Tob.8.13	Tob.8.15	Tob.8.15	Tob.8.13
Tob.8.14			Tob.8.14
Tob.8.15			Tob.8.15
Tob.8.16	Tob.8.18	Tob.8.18	Tob.8.16
Tob.8.17	Tob.8.19	Tob.8.19	Tob.8.17
Tob.8.18	Tob.8.20	Tob.8.20	Tob.8.18
Tob.8.19	Tob.8.21	Tob.8.21	Tob.8.19
Tob.8.20			Tob.8.20
Tob.8.21	Tob.8.24	Tob.8.24	Tob.8.21
Tob.9.1	Tob.8.24 Tob.9.1	Tob.8.24 Tob.9.1	Tob.9.1
Tob.9.2	Tob.9.3	Tob.9.3	Tob.9.2
Tob.9.3	Tob.9.5	Tob.9.5	Tob.9.3
Tob.9.4	Tob.9.4	Tob.9.4	Tob.9.4
Tob.9.5	Tob.9.6	Tob.9.6	Tob.9.5
Tob.9.6	Tob.9.7 Tob.9.8	Tob.9.7 Tob.9.8	Tob.9.6
Tob.10.1			Tob.10.1
Tob.10.2	Tob.10.2	Tob.10.2	Tob.10.2
Tob.10.3			Tob.10.3
Tob.10.4	Tob.10.3	Tob.10.3	Tob.10.4
Tob.10.5	Tob.10.4	Tob.10.4	Tob.10.5
Tob.10.6	Tob.10.6	Tob.10.6	Tob.10.6
Tob.10.7			Tob.10.7 Tob.10.8
Tob.10.8	Tob.10.8	Tob.10.8	Tob.10.9
Tob.10.9	Tob.10.9	Tob.10.9	Tob.10.10
Tob.10.10	Tob.10.10	Tob.10.10	Tob.10.11
Tob.10.11	Tob.10.11	Tob.10.11	Tob.10.12
Tob.10.12	Tob.10.12 Tob.10.13	Tob.10.12 Tob.10.13	Tob.10.13
Tob.11.1			Tob.11.1
Tob.11.2	Tob.11.2	Tob.11.2	Tob.11.2
Tob.11.3	Tob.11.3	Tob.11.3	Tob.11.3
Tob.11.4	Tob.11.4	Tob.11.4	Tob.11.4
Tob.11.5	Tob.11.5	Tob.11.5	Tob.11.5
Tob.11.6	Tob.11.6	Tob.11.6	Tob.11.6
Tob.11.7	Tob.11.7	Tob.11.7	Tob.11.7
Tob.11.8	Tob.11.8	Tob.11.8	Tob.11.8
Tob.11.9			Tob.11.9
Tob.11.10	Tob.11.10	Tob.11.10	Tob.11.10
Tob.11.11	Tob.11.13	Tob.11.13	Tob.11.11
Tob.11.12	Tob.11.14	Tob.11.14	Tob.11.12
Tob.11.13	Tob.11.15	Tob.11.15	Tob.11.13
Tob.11.14	Tob.11.16	Tob.11.16	Tob.11.14
Tob.11.15	Tob.11.17	Tob.11.17	Tob.11.15
Tob.11.16			Tob.11.16
Tob.11.17			Tob.11.17
Tob.11.18	Tob.11.20	Tob.11.20	Tob.11.18
Tob.11.19	Tob.11.21	Tob.11.21	Tob.11.19
Tob.12.1	Tob.12.1	Tob.12.1	Tob.12.1
Tob.12.2	Tob.12.2	Tob.12.2	Tob.12.2
Tob.12.3	Tob.12.3	Tob.12.3	Tob.12.3
Tob.12.4			Tob.12.4
Tob.12.5	Tob.12.4	Tob.12.4	Tob.12.5
Tob.12.6	Tob.12.6	Tob.12.6	Tob.12.6
Tob.12.7	Tob.12.7	Tob.12.7	Tob.12.7
Tob.12.8	Tob.12.8	Tob.12.8	Tob.12.8
Tob.12.9	Tob.12.9	Tob.12.9	Tob.12.9
Tob.12.10	Tob.12.10	Tob.12.10	Tob.12.10
Tob.12.11	Tob.12.11	Tob.12.11	Tob.12.11
Tob.12.12	Tob.12.12	Tob.12.12	Tob.12.12
Tob.12.13			Tob.12.13
Tob.12.14	Tob.12.14	Tob.12.14	Tob.12.14
Tob.12.15	Tob.12.15	Tob.12.15	Tob.12.15
Tob.12.16	Tob.12.16	Tob.12.16	Tob.12.16
Tob.12.17	Tob.12.17	Tob.12.17	Tob.12.17
Tob.12.18	Tob.12.18	Tob.12.18	Tob.12.18
Tob.12.19	Tob.12.21	Tob.12.21	Tob.12.19
Tob.12.20			Tob.12.20
Tob.12.21			Tob.12.21
Tob.12.22	Tob.13.1	Tob.13.1	Tob.12.22
Tob.13.1	Tob.13.1	Tob.13.1	Tob.13.1
Tob.13.2	Tob.13.2	Tob.13.2	Tob.13.2
Tob.13.3	Tob.13.3	Tob.13.3	Tob.13.3
Tob.13.4	Tob.13.4	Tob.13.4	Tob.13.4
Tob.13.5	Tob.13.5	Tob.13.5	Tob.13.5
Tob.13.6	Tob.13.7 Tob.13.8	Tob.13.7 Tob.13.8	Tob.13.6
Tob.13.7	Tob.13.9	Tob.13.9	Tob.13.7
Tob.13.8			Tob.13.7a
Tob.13.9	Tob.13.11	Tob.13.11	Tob.13.7b
Tob.13.10	Tob.13.12	Tob.13.12	Tob.13.7c
Tob.13.11	Tob.13.14 Tob.13.15	Tob.13.14 Tob.13.15	Tob.13.11
Tob.13.12	Tob.13.16	Tob.13.16	Tob.13.12
Tob.13.13	Tob.13.17	Tob.13.17	Tob.13.13
Tob.13.14	Tob.13.18	Tob.13.18	Tob.13.14
Tob.13.15	Tob.13.19	Tob.13.19	Tob.13.15
Tob.13.16	Tob.13.21	Tob.13.21	Tob.13.16
Tob.13.17	Tob.13.22	Tob.13.22	Tob.13.17
Tob.13.18	Tob.13.23	Tob.13.23	Tob.13.18
Tob.14.1			Tob.14.1
Tob.14.2	Tob.14.3 Tob.14.4	Tob.14.3 Tob.14.4	Tob.14.2
Tob.14.3	Tob.14.5	Tob.14.5	Tob.14.3
Tob.14.4	Tob.14.6	Tob.14.6	Tob.14.4
Tob.14.5	Tob.14.7	Tob.14.7	Tob.14.5
Tob.14.6	Tob.14.8	Tob.14.8	Tob.14.6
Tob.14.7	Tob.14.11	Tob.14.11	Tob.14.7
Tob.14.8	Tob.14.12	Tob.14.12	Tob.14.8
Tob.14.9			Tob.14.9
Tob.14.10			Tob.14.10
Tob.14.11			Tob.14.11
Tob.14.12	Tob.14.14	Tob.14.14	Tob.14.12
Tob.14.13	Tob.14.15	Tob.14.15	Tob.14.13
Tob.14.14			Tob.14.14
Tob.14.15			Tob.14.15
Jdt.1.1	Jdt.1.1	Jdt.1.1	Jdt.1.1
Jdt.1.2	Jdt.1.2	Jdt.1.2	Jdt.1.2
Jdt.1.3	Jdt.1.3	Jdt.1.3	Jdt.1.3
Jdt.1.4			Jdt.1.4
Jdt.1.5	Jdt.1.5	Jdt.1.5	Jdt.1.5
Jdt.1.6	Jdt.1.6	Jdt.1.6	Jdt.1.6
Jdt.1.7	Jdt.1.7	Jdt.1.7	Jdt.1.7
Jdt.1.8	Jdt.1.8	Jdt.1.8	Jdt.1.8
Jdt.1.9	Jdt.1.9	Jdt.1.9	Jdt.1.9
Jdt.1.10	Jdt.1.9	Jdt.1.9	Jdt.1.10
Jdt.1.11	Jdt.1.10	Jdt.1.10	Jdt.1.11
Jdt.1.12	Jdt.1.12	Jdt.1.12	Jdt.1.12
Jdt.1.13			Jdt.1.13
Jdt.1.14			Jdt.1.14
Jdt.1.15			Jdt.1.15
Jdt.1.16			Jdt.1.16
Jdt.2.1	Jdt.2.1	Jdt.2.1	Jdt.2.1
Jdt.2.2	Jdt.2.2	Jdt.2.2	Jdt.2.2
Jdt.2.3			Jdt.2.3
Jdt.2.4	Jdt.2.4	Jdt.2.4	Jdt.2.4
Jdt.2.5			Jdt.2.5
Jdt.2.6	Jdt.2.5	Jdt.2.5	Jdt.2.6
Jdt.2.7			Jdt.2.7
Jdt.2.8			Jdt.2.8
Jdt.2.9			Jdt.2.9
Jdt.2.10			Jdt.2.10
Jdt.2.11	Jdt.2.6	Jdt.2.6	Jdt.2.11
Jdt.2.12			Jdt.2.12
Jdt.2.13			Jdt.2.13
Jdt.2.14			Jdt.2.14
Jdt.2.15	Jdt.2.7	Jdt.2.7	Jdt.2.15
Jdt.2.16			Jdt.2.16
Jdt.2.17	Jdt.2.8	Jdt.2.8	Jdt.2.17
Jdt.2.18	Jdt.2.10	Jdt.2.10	Jdt.2.18
Jdt.2.19	Jdt.2.11	Jdt.2.11	Jdt.2.19
Jdt.2.20			Jdt.2.20
Jdt.2.21	Jdt.2.12	Jdt.2.12	Jdt.2.21
Jdt.2.22			Jdt.2.22
Jdt.2.23	Jdt.2.13	Jdt.2.13	Jdt.2.23
Jdt.2.24	Jdt.2.14	Jdt.2.14	Jdt.2.24
Jdt.2.25	Jdt.2.15	Jdt.2.15	Jdt.2.25
Jdt.2.26	Jdt.2.16	Jdt.2.16	Jdt.2.26
Jdt.2.27	Jdt.2.17	Jdt.2.17	Jdt.2.27
Jdt.2.28	Jdt.2.18	Jdt.2.18	Jdt.2.28
Jdt.3.1			Jdt.3.1
Jdt.3.2	Jdt.3.2	Jdt.3.2	Jdt.3.2
Jdt.3.3	Jdt.3.3	Jdt.3.3	Jdt.3.3
Jdt.3.4	Jdt.3.5 Jdt.3.6	Jdt.3.5 Jdt.3.6	Jdt.3.4
Jdt.3.5			Jdt.3.5
Jdt.3.6	Jdt.3.8	Jdt.3.8	Jdt.3.6
Jdt.3.7	Jdt.3.10	Jdt.3.10	Jdt.3.7
Jdt.3.8	Jdt.3.12 Jdt.3.13	Jdt.3.12 Jdt.3.13	Jdt.3.8
Jdt.3.9			Jdt.3.9
Jdt.3.10			Jdt.3.10
Jdt.4.1			Jdt.4.1
Jdt.4.2	Jdt.4.2	Jdt.4.2	Jdt.4.2
Jdt.4.3			Jdt.4.3
Jdt.4.4	Jdt.4.3	Jdt.4.3	Jdt.4.4
Jdt.4.5	Jdt.4.4	Jdt.4.4	Jdt.4.5
Jdt.4.6	Jdt.4.5	Jdt.4.5	Jdt.4.6
Jdt.4.7			Jdt.4.7
Jdt.4.8	Jdt.4.7	Jdt.4.7	Jdt.4.8
Jdt.4.9	Jdt.4.8	Jdt.4.8	Jdt.4.9
Jdt.4.10			Jdt.4.10
Jdt.4.11	Jdt.4.9	Jdt.4.9	Jdt.4.11
Jdt.4.12	Jdt.4.10	Jdt.4.10	Jdt.4.12
Jdt.4.13	Jdt.4.15	Jdt.4.15	Jdt.4.13
Jdt.4.14	Jdt.4.16	Jdt.4.16	Jdt.4.14
Jdt.4.15	Jdt.4.17	Jdt.4.17	Jdt.4.15
Jdt.5.1	Jdt.5.1	Jdt.5.1	Jdt.5.1
Jdt.5.2	Jdt.5.2	Jdt.5.2	Jdt.5.2
Jdt.5.3	Jdt.5.3	Jdt.5.3	Jdt.5.3
Jdt.5.4	Jdt.5.4	Jdt.5.4	Jdt.5.4
Jdt.5.5	Jdt.5.5	Jdt.5.5	Jdt.5.5
Jdt.5.6	Jdt.5.6	Jdt.5.6	Jdt.5.6
Jdt.5.7	Jdt.5.7	Jdt.5.7	Jdt.5.7
Jdt.5.8	Jdt.5.8	Jdt.5.8	Jdt.5.8
Jdt.5.9			Jdt.5.9
Jdt.5.10	Jdt.5.9	Jdt.5.9	Jdt.5.10
Jdt.5.11	Jdt.5.10	Jdt.5.10	Jdt.5.11
Jdt.5.12	Jdt.5.11	Jdt.5.11	Jdt.5.12
Jdt.5.13	Jdt.5.12	Jdt.5.12	Jdt.5.13
Jdt.5.14	Jdt.5.14	Jdt.5.14	Jdt.5.14
Jdt.5.15			Jdt.5.15
Jdt.5.16	Jdt.5.20	Jdt.5.20	Jdt.5.16
Jdt.5.17	Jdt.5.21	Jdt.5.21	Jdt.5.17
Jdt.5.18	Jdt.5.22	Jdt.5.22	Jdt.5.18
Jdt.5.19	Jdt.5.23	Jdt.5.23	Jdt.5.19
Jdt.5.20	Jdt.5.24	Jdt.5.24	Jdt.5.20
Jdt.5.21	Jdt.5.25	Jdt.5.25	Jdt.5.21
Jdt.5.22	Jdt.5.26	Jdt.5.26	Jdt.5.22
Jdt.5.23	Jdt.5.27	Jdt.5.27	Jdt.5.23
Jdt.5.24			Jdt.5.24
Jdt.6.1			Jdt.6.1
Jdt.6.2	Jdt.6.2	Jdt.6.2	Jdt.6.2
Jdt.6.3			Jdt.6.3
Jdt.6.4			Jdt.6.4
Jdt.6.5			Jdt.6.5
Jdt.6.6	Jdt.6.4	Jdt.6.4	Jdt.6.6
Jdt.6.7			Jdt.6.7
Jdt.6.8			Jdt.6.8
Jdt.6.9	Jdt.6.5	Jdt.6.5	Jdt.6.9
Jdt.6.10	Jdt.6.7	Jdt.6.7	Jdt.6.10
Jdt.6.11	Jdt.6.8	Jdt.6.8	Jdt.6.11
Jdt.6.12			Jdt.6.12
Jdt.6.13	Jdt.6.9	Jdt.6.9	Jdt.6.13
Jdt.6.14	Jdt.6.10	Jdt.6.10	Jdt.6.14
Jdt.6.15	Jdt.6.11	Jdt.6.11	Jdt.6.15
Jdt.6.16	Jdt.6.12	Jdt.6.12	Jdt.6.16
Jdt.6.17			Jdt.6.17
Jdt.6.18	Jdt.6.14	Jdt.6.14	Jdt.6.18
Jdt.6.19	Jdt.6.15	Jdt.6.15	Jdt.6.19
Jdt.6.20	Jdt.6.16	Jdt.6.16	Jdt.6.20
Jdt.6.21	Jdt.6.19	Jdt.6.19	Jdt.6.21
Jdt.7.1	Jdt.7.1	Jdt.7.1	Jdt.7.1
Jdt.7.2	Jdt.7.2	Jdt.7.2	Jdt.7.2
Jdt.7.3	Jdt.7.3	Jdt.7.3	Jdt.7.3
Jdt.7.4	Jdt.7.4	Jdt.7.4	Jdt.7.4
Jdt.7.5	Jdt.7.5	Jdt.7.5	Jdt.7.5
Jdt.7.6			Jdt.7.6
Jdt.7.7	Jdt.7.6	Jdt.7.6	Jdt.7.7
Jdt.7.8			Jdt.7.8
Jdt.7.9			Jdt.7.9
Jdt.7.10	Jdt.7.8	Jdt.7.8	Jdt.7.10
Jdt.7.11			Jdt.7.11
Jdt.7.12			Jdt.7.12
Jdt.7.13	Jdt.7.9	Jdt.7.9	Jdt.7.13
Jdt.7.14			Jdt.7.14
Jdt.7.15			Jdt.7.15
Jdt.7.16	Jdt.7.10	Jdt.7.10	Jdt.7.16
Jdt.7.17			Jdt.7.17
Jdt.7.18			Jdt.7.18
Jdt.7.19			Jdt.7.19
Jdt.7.20	Jdt.7.11	Jdt.7.11	Jdt.7.20
Jdt.7.21	Jdt.7.11	Jdt.7.11	Jdt.7.21
Jdt.7.22			Jdt.7.22
Jdt.7.23	Jdt.7.12	Jdt.7.12	Jdt.7.23
Jdt.7.24	Jdt.7.13	Jdt.7.13	Jdt.7.24
Jdt.7.25	Jdt.7.14	Jdt.7.14	Jdt.7.25
Jdt.7.26	Jdt.7.15	Jdt.7.15	Jdt.7.26
Jdt.7.27	Jdt.7.16	Jdt.7.16	Jdt.7.27
Jdt.7.28	Jdt.7.17	Jdt.7.17	Jdt.7.28
Jdt.7.29	Jdt.7.18	Jdt.7.18	Jdt.7.29
Jdt.7.30	Jdt.7.23	Jdt.7.23	Jdt.7.30
Jdt.7.31	Jdt.7.25	Jdt.7.25	Jdt.7.31
Jdt.7.32			Jdt.7.32
Jdt.8.1	Jdt.8.1	Jdt.8.1	Jdt.8.1
Jdt.8.2	Jdt.8.2	Jdt.8.2	Jdt.8.2
Jdt.8.3	Jdt.8.3	Jdt.8.3	Jdt.8.3
Jdt.8.4	Jdt.8.4	Jdt.8.4	Jdt.8.4
Jdt.8.5	Jdt.8.5	Jdt.8.5	Jdt.8.5
Jdt.8.6	Jdt.8.6	Jdt.8.6	Jdt.8.6
Jdt.8.7	Jdt.8.7	Jdt.8.7	Jdt.8.7
Jdt.8.8	Jdt.8.8	Jdt.8.8	Jdt.8.8
Jdt.8.9			Jdt.8.9
Jdt.8.10	Jdt.8.9	Jdt.8.9	Jdt.8.10
Jdt.8.11	Jdt.8.10	Jdt.8.10	Jdt.8.11
Jdt.8.12	Jdt.8.11	Jdt.8.11	Jdt.8.12
Jdt.8.13	Jdt.8.13	Jdt.8.13	Jdt.8.13
Jdt.8.14			Jdt.8.14
Jdt.8.15			Jdt.8.15
Jdt.8.16	Jdt.8.15	Jdt.8.15	Jdt.8.16
Jdt.8.17	Jdt.8.16	Jdt.8.16	Jdt.8.17
Jdt.8.18	Jdt.8.18	Jdt.8.18	Jdt.8.18
Jdt.8.19	Jdt.8.19	Jdt.8.19	Jdt.8.19
Jdt.8.20	Jdt.8.19	Jdt.8.19	Jdt.8.20
Jdt.8.21			Jdt.8.21
Jdt.8.22			Jdt.8.22
Jdt.8.23	Jdt.8.20	Jdt.8.20	Jdt.8.23
Jdt.8.24	Jdt.8.21	Jdt.8.21	Jdt.8.24
Jdt.8.25	Jdt.8.22	Jdt.8.22	Jdt.8.25
Jdt.8.26	Jdt.8.23	Jdt.8.23	Jdt.8.26
Jdt.8.27	Jdt.8.24	Jdt.8.24	Jdt.8.27
Jdt.8.28	Jdt.8.28	Jdt.8.28	Jdt.8.28
Jdt.8.29			Jdt.8.29
Jdt.8.30			Jdt.8.30
Jdt.8.31	Jdt.8.29	Jdt.8.29	Jdt.8.31
Jdt.8.32	Jdt.8.30	Jdt.8.30	Jdt.8.32
Jdt.8.33	Jdt.8.32	Jdt.8.32	Jdt.8.33
Jdt.8.34			Jdt.8.34
Jdt.8.35	Jdt.8.34	Jdt.8.34	Jdt.8.35
Jdt.8.36			Jdt.8.36
Jdt.9.1	Jdt.9.1	Jdt.9.1	Jdt.9.1
Jdt.9.2	Jdt.9.2	Jdt.9.2	Jdt.9.2
Jdt.9.3			Jdt.9.3
Jdt.9.4	Jdt.9.3	Jdt.9.3	Jdt.9.4
Jdt.9.5	Jdt.9.4	Jdt.9.4	Jdt.9.5
Jdt.9.6	Jdt.9.5	Jdt.9.5	Jdt.9.6
Jdt.9.7	Jdt.9.9 Jdt.9.10	Jdt.9.9 Jdt.9.10	Jdt.9.7
Jdt.9.8	Jdt.9.11	Jdt.9.11	Jdt.9.8
Jdt.9.9			Jdt.9.9
Jdt.9.10	Jdt.9.15	Jdt.9.15	Jdt.9.10
Jdt.9.11	Jdt.9.16	Jdt.9.16	Jdt.9.11
Jdt.9.12	Jdt.9.17	Jdt.9.17	Jdt.9.12
Jdt.9.13	Jdt.9.18	Jdt.9.18	Jdt.9.13
Jdt.9.14	Jdt.9.19	Jdt.9.19	Jdt.9.14
Jdt.10.1	Jdt.10.1	Jdt.10.1	Jdt.10.1
Jdt.10.2	Jdt.10.2	Jdt.10.2	Jdt.10.2
Jdt.10.3	Jdt.10.3	Jdt.10.3	Jdt.10.3
Jdt.10.4			Jdt.10.4
Jdt.10.5	Jdt.10.5	Jdt.10.5	Jdt.10.5
Jdt.10.6	Jdt.10.6	Jdt.10.6	Jdt.10.6
Jdt.10.7	Jdt.10.7	Jdt.10.7	Jdt.10.7
Jdt.10.8	Jdt.10.8	Jdt.10.8	Jdt.10.8
Jdt.10.9			Jdt.10.9
Jdt.10.10	Jdt.10.10	Jdt.10.10	Jdt.10.10
Jdt.10.11	Jdt.10.11	Jdt.10.11	Jdt.10.11
Jdt.10.12	Jdt.10.12	Jdt.10.12	Jdt.10.12
Jdt.10.13	Jdt.10.13	Jdt.10.13	Jdt.10.13
Jdt.10.14	Jdt.10.14	Jdt.10.14	Jdt.10.14
Jdt.10.15	Jdt.10.15	Jdt.10.15	Jdt.10.15
Jdt.10.16	Jdt.10.16	Jdt.10.16	Jdt.10.16
Jdt.10.17			Jdt.10.17
Jdt.10.18			Jdt.10.18
Jdt.10.19	Jdt.10.18	Jdt.10.18	Jdt.10.19
Jdt.10.20			Jdt.10.20
Jdt.10.21	Jdt.10.19	Jdt.10.19	Jdt.10.21
Jdt.10.22			Jdt.10.22
Jdt.10.23	Jdt.10.20	Jdt.10.20	Jdt.10.23
Jdt.11.1	Jdt.11.1	Jdt.11.1	Jdt.11.1
Jdt.11.2	Jdt.11.2	Jdt.11.2	Jdt.11.2
Jdt.11.3	Jdt.11.3	Jdt.11.3	Jdt.11.3
Jdt.11.4			Jdt.11.4
Jdt.11.5			Jdt.11.5
Jdt.11.6	Jdt.11.4	Jdt.11.4	Jdt.11.6
Jdt.11.7	Jdt.11.5	Jdt.11.5	Jdt.11.7
Jdt.11.8	Jdt.11.6	Jdt.11.6	Jdt.11.8
Jdt.11.9			Jdt.11.9
Jdt.11.10	Jdt.11.8	Jdt.11.8	Jdt.11.10
Jdt.11.11			Jdt.11.11
Jdt.11.12			Jdt.11.12
Jdt.11.13	Jdt.11.12	Jdt.11.12	Jdt.11.13
Jdt.11.14			Jdt.11.14
Jdt.11.15			Jdt.11.15
Jdt.11.16	Jdt.11.13	Jdt.11.13	Jdt.11.16
Jdt.11.17	Jdt.11.14	Jdt.11.14	Jdt.11.17
Jdt.11.18			Jdt.11.18
Jdt.11.19	Jdt.11.15 Jdt.11.16	Jdt.11.15 Jdt.11.16	Jdt.11.19
Jdt.11.20	Jdt.11.18	Jdt.11.18	Jdt.11.20
Jdt.11.21	Jdt.11.19	Jdt.11.19	Jdt.11.21
Jdt.11.22	Jdt.11.20	Jdt.11.20	Jdt.11.22
Jdt.11.23	Jdt.11.21	Jdt.11.21	Jdt.11.23
Jdt.12.1	Jdt.12.1	Jdt.12.1	Jdt.12.1
Jdt.12.2	Jdt.12.2	Jdt.12.2	Jdt.12.2
Jdt.12.3	Jdt.12.3	Jdt.12.3	Jdt.12.3
Jdt.12.4	Jdt.12.4	Jdt.12.4	Jdt.12.4
Jdt.12.5	Jdt.12.4	Jdt.12.4	Jdt.12.5
Jdt.12.6	Jdt.12.5	Jdt.12.5	Jdt.12.6
Jdt.12.7	Jdt.12.7	Jdt.12.7	Jdt.12.7
Jdt.12.8	Jdt.12.8	Jdt.12.8	Jdt.12.8
Jdt.12.9	Jdt.12.9	Jdt.12.9	Jdt.12.9
Jdt.12.10	Jdt.12.10	Jdt.12.10	Jdt.12.10
Jdt.12.11	Jdt.12.10	Jdt.12.10	Jdt.12.11
Jdt.12.12	Jdt.12.11	Jdt.12.11	Jdt.12.12
Jdt.12.13	Jdt.12.12	Jdt.12.12	Jdt.12.13
Jdt.12.14	Jdt.12.13	Jdt.12.13	Jdt.12.14
Jdt.12.15	Jdt.12.15	Jdt.12.15	Jdt.12.15
Jdt.12.16	Jdt.12.16	Jdt.12.16	Jdt.12.16
Jdt.12.17	Jdt.12.17	Jdt.12.17	Jdt.12.17
Jdt.12.18	Jdt.12.18	Jdt.12.18	Jdt.12.18
Jdt.12.19	Jdt.12.19	Jdt.12.19	Jdt.12.19
Jdt.12.20	Jdt.12.20	Jdt.12.20	Jdt.12.20
Jdt.13.1			Jdt.13.1
Jdt.13.2	Jdt.13.2 Jdt.13.3	Jdt.13.2 Jdt.13.3	Jdt.13.2
Jdt.13.3	Jdt.13.5	Jdt.13.5	Jdt.13.3
Jdt.13.4	Jdt.13.7	Jdt.13.7	Jdt.13.4
Jdt.13.5			Jdt.13.5
Jdt.13.6	Jdt.13.8	Jdt.13.8	Jdt.13.6
Jdt.13.7	Jdt.13.9	Jdt.13.9	Jdt.13.7
Jdt.13.8	Jdt.13.10	Jdt.13.10	Jdt.13.8
Jdt.13.9	Jdt.13.11	Jdt.13.11	Jdt.13.9
Jdt.13.10	Jdt.13.12	Jdt.13.12	Jdt.13.10
Jdt.13.11	Jdt.13.13	Jdt.13.13	Jdt.13.11
Jdt.13.12	Jdt.13.14	Jdt.13.14	Jdt.13.12
Jdt.13.13	Jdt.13.15 Jdt.13.16	Jdt.13.15 Jdt.13.16	Jdt.13.13
Jdt.13.14	Jdt.13.17 Jdt.13.18	Jdt.13.17 Jdt.13.18	Jdt.13.14
Jdt.13.15	Jdt.13.19	Jdt.13.19	Jdt.13.15
Jdt.13.16	Jdt.13.20	Jdt.13.20	Jdt.13.16
Jdt.13.17	Jdt.13.22	Jdt.13.22	Jdt.13.17
Jdt.13.18	Jdt.13.23 Jdt.13.24	Jdt.13.23 Jdt.13.24	Jdt.13.18
Jdt.13.19	Jdt.13.25	Jdt.13.25	Jdt.13.19
Jdt.13.20			Jdt.13.20
Jdt.14.1	Jdt.14.1	Jdt.14.1	Jdt.14.1
Jdt.14.2	Jdt.14.2	Jdt.14.2	Jdt.14.2
Jdt.14.3	Jdt.14.4	Jdt.14.4	Jdt.14.3
Jdt.14.4			Jdt.14.4
Jdt.14.5	Jdt.13.28	Jdt.13.28	Jdt.14.5
Jdt.14.6	Jdt.13.27 Jdt.13.29	Jdt.13.27 Jdt.13.29	Jdt.14.6
Jdt.14.7	Jdt.13.30 Jdt.13.31	Jdt.13.30 Jdt.13.31	Jdt.14.7
Jdt.14.8			Jdt.14.8
Jdt.14.9			Jdt.14.9
Jdt.14.10	Jdt.14.6	Jdt.14.6	Jdt.14.10
Jdt.14.11	Jdt.14.7	Jdt.14.7	Jdt.14.11
Jdt.14.12	Jdt.14.11	Jdt.14.11	Jdt.14.12
Jdt.14.13	Jdt.14.11	Jdt.14.11	Jdt.14.13
Jdt.14.14	Jdt.14.9 Jdt.14.13	Jdt.14.9 Jdt.14.13	Jdt.14.14
Jdt.14.15			Jdt.14.15
Jdt.14.16	Jdt.14.14	Jdt.14.14	Jdt.14.16
Jdt.14.17	Jdt.14.15	Jdt.14.15	Jdt.14.17
Jdt.14.18	Jdt.14.16	Jdt.14.16	Jdt.14.18
Jdt.14.19	Jdt.14.17 Jdt.14.18	Jdt.14.17 Jdt.14.18	Jdt.14.19
Jdt.15.1			Jdt.15.1
Jdt.15.2			Jdt.15.2
Jdt.15.3			Jdt.15.3
Jdt.15.4	Jdt.15.5	Jdt.15.5	Jdt.15.4
Jdt.15.5	Jdt.15.6	Jdt.15.6	Jdt.15.5
Jdt.15.6	Jdt.15.7	Jdt.15.7	Jdt.15.6
Jdt.15.7	Jdt.15.8	Jdt.15.8	Jdt.15.7
Jdt.15.8	Jdt.15.9	Jdt.15.9	Jdt.15.8
Jdt.15.9	Jdt.15.10	Jdt.15.10	Jdt.15.9
Jdt.15.10	Jdt.15.11	Jdt.15.11	Jdt.15.10
Jdt.15.11	Jdt.15.13	Jdt.15.13	Jdt.15.11
Jdt.15.12			Jdt.15.12
Jdt.15.13	Jdt.15.15	Jdt.15.15	Jdt.15.13
Jdt.16.1	Jdt.16.1	Jdt.16.1	Jdt.16.1
Jdt.16.2	Jdt.16.2	Jdt.16.2	Jdt.16.2
Jdt.16.3	Jdt.16.4	Jdt.16.4	Jdt.16.3
Jdt.16.4	Jdt.16.5	Jdt.16.5	Jdt.16.4
Jdt.16.5	Jdt.16.6	Jdt.16.6	Jdt.16.5
Jdt.16.6	Jdt.16.7	Jdt.16.7	Jdt.16.6
Jdt.16.7	Jdt.16.8	Jdt.16.8	Jdt.16.7
Jdt.16.8	Jdt.16.9 Jdt.16.10	Jdt.16.9 Jdt.16.10	Jdt.16.8
Jdt.16.9	Jdt.16.11	Jdt.16.11	Jdt.16.9
Jdt.16.10	Jdt.16.12	Jdt.16.12	Jdt.16.10
Jdt.16.11			Jdt.16.11
Jdt.16.12	Jdt.16.14	Jdt.16.14	Jdt.16.12
Jdt.16.13	Jdt.16.15 Jdt.16.16	Jdt.16.15 Jdt.16.16	Jdt.16.13
Jdt.16.14	Jdt.16.17	Jdt.16.17	Jdt.16.14
Jdt.16.15	Jdt.16.18	Jdt.16.18	Jdt.16.15
Jdt.16.16	Jdt.16.19	Jdt.16.19	Jdt.16.16
Jdt.16.17	Jdt.16.20 Jdt.16.21	Jdt.16.20 Jdt.16.21	Jdt.16.17
Jdt.16.18	Jdt.16.22	Jdt.16.22	Jdt.16.18
Jdt.16.19	Jdt.16.23	Jdt.16.23	Jdt.16.19
Jdt.16.20	Jdt.16.24	Jdt.16.24	Jdt.16.20
Jdt.16.21	Jdt.16.25	Jdt.16.25	Jdt.16.21
Jdt.16.22	Jdt.16.26	Jdt.16.26	Jdt.16.22
Jdt.16.23	Jdt.16.28	Jdt.16.28	Jdt.16.23
Jdt.16.24	Jdt.16.29	Jdt.16.29	Jdt.16.24
Jdt.16.25	Jdt.16.30	Jdt.16.30	Jdt.16.25
AddEsth.10.4	Esth.10.4	Esth.10.4	Esth.10.3a
AddEsth.10.5	Esth.10.5	Esth.10.5	Esth.10.3b
AddEsth.10.6	Esth.10.6	Esth.10.6	Esth.10.3c
AddEsth.10.7	Esth.10.7	Esth.10.7	Esth.10.3d
AddEsth.10.8	Esth.10.8	Esth.10.8	Esth.10.3e
AddEsth.10.9	Esth.10.9	Esth.10.9	Esth.10.3f
AddEsth.10.10	Esth.10.10	Esth.10.10	Esth.10.3g
AddEsth.10.11	Esth.10.11	Esth.10.11	Esth.10.3h
AddEsth.10.12	Esth.10.12	Esth.10.12	Esth.10.3i
AddEsth.10.13	Esth.10.13	Esth.10.13	Esth.10.3k
AddEsth.11.1	Esth.11.1	Esth.11.1	Esth.10.3l
AddEsth.11.2	Esth.11.2	Esth.11.2	Esth.1.1
AddEsth.11.3	Esth.11.3	Esth.11.3	Esth.1.1b
AddEsth.11.4	Esth.11.4	Esth.11.4	Esth.1.1c
AddEsth.11.5	Esth.11.5	Esth.11.5	Esth.1.1d
AddEsth.11.6	Esth.11.6	Esth.11.6	Esth.1.1e
AddEsth.11.7	Esth.11.7	Esth.11.7	Esth.1.1f
AddEsth.11.8	Esth.11.8	Esth.11.8	Esth.1.1g
AddEsth.11.9	Esth.11.9	Esth.11.9	Esth.1.1h
AddEsth.11.10	Esth.11.10	Esth.11.10	Esth.1.1i
AddEsth.11.11	Esth.11.11	Esth.11.11	Esth.1.1k
AddEsth.11.12	Esth.11.12	Esth.11.12	Esth.1.1l
AddEsth.12.1	Esth.12.1	Esth.12.1	Esth.1.1m
AddEsth.12.2	Esth.12.2	Esth.12.2	Esth.1.1n
AddEsth.12.3	Esth.12.3	Esth.12.3	Esth.1.1o
AddEsth.12.4	Esth.12.4	Esth.12.4	Esth.1.1p
AddEsth.12.5	Esth.12.5	Esth.12.5	Esth.1.1q
AddEsth.12.6	Esth.12.6	Esth.12.6	Esth.1.1r
AddEsth.13.1	Esth.13.1	Esth.13.1	Esth.3.13a
AddEsth.13.2	Esth.13.2	Esth.13.2	Esth.3.13b
AddEsth.13.3	Esth.13.3	Esth.13.3	Esth.3.13c
AddEsth.13.4	Esth.13.4	Esth.13.4	Esth.3.13d
AddEsth.13.5	Esth.13.5	Esth.13.5	Esth.3.13e
AddEsth.13.6	Esth.13.6	Esth.13.6	Esth.3.13f
AddEsth.13.7	Esth.13.7	Esth.13.7	Esth.3.13g
AddEsth.13.8	Esth.13.8	Esth.13.8	Esth.4.17a
AddEsth.13.9	Esth.13.9	Esth.13.9	Esth.4.17b
AddEsth.13.10	Esth.13.10	Esth.13.10	Esth.4.17c
AddEsth.13.11	Esth.13.11	Esth.13.11	Esth.4.17c
AddEsth.13.12	Esth.13.12	Esth.13.12	Esth.4.17d
AddEsth.13.13	Esth.13.13	Esth.13.13	Esth.4.17d
AddEsth.13.14	Esth.13.14	Esth.13.14	Esth.4.17e
AddEsth.13.15	Esth.13.15	Esth.13.15	Esth.4.17f
AddEsth.13.16	Esth.13.16	Esth.13.16	Esth.4.17g
AddEsth.13.17	Esth.13.17	Esth.13.17	Esth.4.17h
AddEsth.13.18	Esth.13.18	Esth.13.18	Esth.4.17i
AddEsth.14.1	Esth.14.1	Esth.14.1	Esth.4.17k
AddEsth.14.2	Esth.14.2	Esth.14.2	Esth.4.17k
AddEsth.14.3	Esth.14.3	Esth.14.3	Esth.4.17l
AddEsth.14.4	Esth.14.4	Esth.14.4	Esth.4.17l
AddEsth.14.5	Esth.14.5	Esth.14.5	Esth.4.17m
AddEsth.14.6	Esth.14.6	Esth.14.6	Esth.4.17n
AddEsth.14.7	Esth.14.7	Esth.14.7	Esth.4.17n
AddEsth.14.8	Esth.14.8	Esth.14.8	Esth.4.17o
AddEsth.14.9	Esth.14.9	Esth.14.9	Esth.4.17o
AddEsth.14.10	Esth.14.10	Esth.14.10	Esth.4.17p
AddEsth.14.11	Esth.14.11	Esth.14.11	Esth.4.17q
AddEsth.14.12	Esth.14.12	Esth.14.12	Esth.4.17r
AddEsth.14.13	Esth.14.13	Esth.14.13	Esth.4.17s
AddEsth.14.14	Esth.14.14	Esth.14.14	Esth.4.17t
AddEsth.14.15	Esth.14.15	Esth.14.15	Esth.4.17u
AddEsth.14.16	Esth.14.16	Esth.14.16	Esth.4.17w
AddEsth.14.17	Esth.14.17	Esth.14.17	Esth.4.17x
AddEsth.14.18	Esth.14.18	Esth.14.18	Esth.4.17y
AddEsth.14.19	Esth.14.19	Esth.14.19	Esth.4.17z
AddEsth.15.1	Esth.15.4	Esth.15.4	Esth.5.1
AddEsth.15.2	Esth.15.5	Esth.15.5	Esth.5.1a
AddEsth.15.3	Esth.15.6	Esth.15.6	Esth.5.1a
AddEsth.15.4	Esth.15.7	Esth.15.7	Esth.5.1a
AddEsth.15.5	Esth.15.8	Esth.15.8	Esth.5.1b
AddEsth.15.6	Esth.15.9	Esth.15.9	Esth.5.1c
AddEsth.15.7	Esth.15.10	Esth.15.10	Esth.5.1d
AddEsth.15.8	Esth.15.11	Esth.15.11	Esth.5.1e
AddEsth.15.9	Esth.15.12	Esth.15.12	Esth.5.1f
AddEsth.15.10	Esth.15.13 Esth.15.14	Esth.15.13 Esth.15.14	Esth.5.1f
AddEsth.15.11	Esth.15.15	Esth.15.15	Esth.5.2
AddEsth.15.12			
AddEsth.15.13	Esth.15.16	Esth.15.16	Esth.5.2a
AddEsth.15.14	Esth.15.17	Esth.15.17	Esth.5.2a
AddEsth.15.15	Esth.15.18	Esth.15.18	Esth.5.2b
AddEsth.15.16	Esth.15.19	Esth.15.19	Esth.5.2b
AddEsth.16.1	Esth.16.1	Esth.16.1	Esth.8.12b
AddEsth.16.2	Esth.16.2	Esth.16.2	Esth.8.12c
AddEsth.16.3	Esth.16.3	Esth.16.3	Esth.8.12c
AddEsth.16.4	Esth.16.4	Esth.16.4	Esth.8.12d
AddEsth.16.5			Esth.8.12e
AddEsth.16.6	Esth.16.6	Esth.16.6	Esth.8.12f
AddEsth.16.7	Esth.16.7	Esth.16.7	Esth.8.12g
AddEsth.16.8	Esth.16.8	Esth.16.8	Esth.8.12h
AddEsth.16.9			Esth.8.12i
AddEsth.16.10	Esth.16.10	Esth.16.10	Esth.8.12k
AddEsth.16.11	Esth.16.11	Esth.16.11	Esth.8.12l
AddEsth.16.12	Esth.16.12	Esth.16.12	Esth.8.12m
AddEsth.16.13	Esth.16.13	Esth.16.13	Esth.8.12n
AddEsth.16.14	Esth.16.14	Esth.16.14	Esth.8.12o
AddEsth.16.15	Esth.16.15	Esth.16.15	Esth.8.12p
AddEsth.16.16	Esth.16.16	Esth.16.16	Esth.8.12q
AddEsth.16.17	Esth.16.17	Esth.16.17	Esth.8.12r
AddEsth.16.18	Esth.16.18	Esth.16.18	Esth.8.12r
AddEsth.16.19	Esth.16.19	Esth.16.19	Esth.8.12s
AddEsth.16.20	Esth.16.20	Esth.16.20	Esth.8.12s
AddEsth.16.21	Esth.16.21	Esth.16.21	Esth.8.12t
AddEsth.16.22	Esth.16.22	Esth.16.22	Esth.8.12u
AddEsth.16.23	Esth.16.23	Esth.16.23	Esth.8.12u
AddEsth.16.24	Esth.16.24	Esth.16.24	Esth.8.12x
Wis.1.1	Wis.1.1	Wis.1.1	Wis.1.1
Wis.1.2	Wis.1.2	Wis.1.2	Wis.1.2
Wis.1.3	Wis.1.3	Wis.1.3	Wis.1.3
Wis.1.4	Wis.1.4	Wis.1.4	Wis.1.4
Wis.1.5	Wis.1.5	Wis.1.5	Wis.1.5
Wis.1.6	Wis.1.6	Wis.1.6	Wis.1.6
Wis.1.7	Wis.1.7	Wis.1.7	Wis.1.7
Wis.1.8	Wis.1.8	Wis.1.8	Wis.1.8
Wis.1.9	Wis.1.9	Wis.1.9	Wis.1.9
Wis.1.10	Wis.1.10	Wis.1.10	Wis.1.10
Wis.1.11	Wis.1.11	Wis.1.11	Wis.1.11
Wis.1.12	Wis.1.12	Wis.1.12	Wis.1.12
Wis.1.13	Wis.1.13	Wis.1.13	Wis.1.13
Wis.1.14	Wis.1.14	Wis.1.14	Wis.1.14
Wis.1.15	Wis.1.15	Wis.1.15	Wis.1.15
Wis.1.16	Wis.1.16	Wis.1.16	Wis.1.16
Wis.2.1	Wis.2.1	Wis.2.1	Wis.2.1
Wis.2.2	Wis.2.2	Wis.2.2	Wis.2.2
Wis.2.3	Wis.2.3	Wis.2.3	Wis.2.3
Wis.2.4	Wis.2.4	Wis.2.4	Wis.2.4
Wis.2.5	Wis.2.5	Wis.2.5	Wis.2.5
Wis.2.6	Wis.2.6	Wis.2.6	Wis.2.6
Wis.2.7	Wis.2.7	Wis.2.7	Wis.2.7
Wis.2.8	Wis.2.8	Wis.2.8	Wis.2.8
Wis.2.9	Wis.2.9	Wis.2.9	Wis.2.9
Wis.2.10	Wis.2.10	Wis.2.10	Wis.2.10
Wis.2.11	Wis.2.11	Wis.2.11	Wis.2.11
Wis.2.12	Wis.2.12	Wis.2.12	Wis.2.12
Wis.2.13	Wis.2.13	Wis.2.13	Wis.2.13
Wis.2.14	Wis.2.14	Wis.2.14	Wis.2.14
Wis.2.15	Wis.2.15	Wis.2.15	Wis.2.15
Wis.2.16	Wis.2.16	Wis.2.16	Wis.2.16
Wis.2.17	Wis.2.17	Wis.2.17	Wis.2.17
Wis.2.18	Wis.2.18	Wis.2.18	Wis.2.18
Wis.2.19	Wis.2.19	Wis.2.19	Wis.2.19
Wis.2.20	Wis.2.20	Wis.2.20	Wis.2.20
Wis.2.21	Wis.2.21	Wis.2.21	Wis.2.21
Wis.2.22	Wis.2.22	Wis.2.22	Wis.2.22
Wis.2.23	Wis.2.23	Wis.2.23	Wis.2.23
Wis.2.24	Wis.2.24	Wis.2.24	Wis.2.24
Wis.3.1	Wis.3.1	Wis.3.1	Wis.3.1
Wis.3.2	Wis.3.2	Wis.3.2	Wis.3.2
Wis.3.3	Wis.3.3	Wis.3.3	Wis.3.3
Wis.3.4	Wis.3.4	Wis.3.4	Wis.3.4
Wis.3.5	Wis.3.5	Wis.3.5	Wis.3.5
Wis.3.6	Wis.3.6	Wis.3.6	Wis.3.6
Wis.3.7	Wis.3.7	Wis.3.7	Wis.3.7
Wis.3.8	Wis.3.8	Wis.3.8	Wis.3.8
Wis.3.9	Wis.3.9	Wis.3.9	Wis.3.9
Wis.3.10	Wis.3.10	Wis.3.10	Wis.3.10
Wis.3.11	Wis.3.11	Wis.3.11	Wis.3.11
Wis.3.12	Wis.3.12	Wis.3.12	Wis.3.12
Wis.3.13	Wis.3.13	Wis.3.13	Wis.3.13
Wis.3.14	Wis.3.14	Wis.3.14	Wis.3.14
Wis.3.15	Wis.3.15	Wis.3.15	Wis.3.15
Wis.3.16	Wis.3.16	Wis.3.16	Wis.3.16
Wis.3.17	Wis.3.17	Wis.3.17	Wis.3.17
Wis.3.18	Wis.3.18	Wis.3.18	Wis.3.18
Wis.3.19			Wis.3.19
Wis.4.1	Wis.4.1	Wis.4.1	Wis.4.1
Wis.4.2	Wis.4.2	Wis.4.2	Wis.4.2
Wis.4.3	Wis.4.3	Wis.4.3	Wis.4.3
Wis.4.4	Wis.4.4	Wis.4.4	Wis.4.4
Wis.4.5	Wis.4.5	Wis.4.5	Wis.4.5
Wis.4.6	Wis.4.6	Wis.4.6	Wis.4.6
Wis.4.7	Wis.4.7	Wis.4.7	Wis.4.7
Wis.4.8	Wis.4.8	Wis.4.8	Wis.4.8
Wis.4.9	Wis.4.9	Wis.4.9	Wis.4.9
Wis.4.10	Wis.4.10	Wis.4.10	Wis.4.10
Wis.4.11	Wis.4.11	Wis.4.11	Wis.4.11
Wis.4.12	Wis.4.12	Wis.4.12	Wis.4.12
Wis.4.13	Wis.4.13	Wis.4.13	Wis.4.13
Wis.4.14	Wis.4.14	Wis.4.14	Wis.4.14
Wis.4.15	Wis.4.15	Wis.4.15	Wis.4.15
Wis.4.16	Wis.4.16	Wis.4.16	Wis.4.16
Wis.4.17	Wis.4.17	Wis.4.17	Wis.4.17
Wis.4.18	Wis.4.18	Wis.4.18	Wis.4.18
Wis.4.19	Wis.4.19	Wis.4.19	Wis.4.19
Wis.4.20	Wis.4.20	Wis.4.20	Wis.4.20
Wis.5.1	Wis.5.1	Wis.5.1	Wis.5.1
Wis.5.2	Wis.5.2	Wis.5.2	Wis.5.2
Wis.5.3	Wis.5.3	Wis.5.3	Wis.5.3
Wis.5.4	Wis.5.4	Wis.5.4	Wis.5.4
Wis.5.5	Wis.5.5	Wis.5.5	Wis.5.5
Wis.5.6	Wis.5.6	Wis.5.6	Wis.5.6
Wis.5.7	Wis.5.7	Wis.5.7	Wis.5.7
Wis.5.8	Wis.5.8	Wis.5.8	Wis.5.8
Wis.5.9	Wis.5.9	Wis.5.9	Wis.5.9
Wis.5.10	Wis.5.10	Wis.5.10	Wis.5.10
Wis.5.11	Wis.5.11	Wis.5.11	Wis.5.11
Wis.5.12	Wis.5.12	Wis.5.12	Wis.5.12
Wis.5.13	Wis.5.13	Wis.5.13	Wis.5.13
Wis.5.14	Wis.5.15	Wis.5.15	Wis.5.14
Wis.5.15	Wis.5.16	Wis.5.16	Wis.5.15
Wis.5.16	Wis.5.17	Wis.5.17	Wis.5.16
Wis.5.17	Wis.5.18	Wis.5.18	Wis.5.17
Wis.5.18	Wis.5.19	Wis.5.19	Wis.5.18
Wis.5.19	Wis.5.20	Wis.5.20	Wis.5.19
Wis.5.20	Wis.5.21	Wis.5.21	Wis.5.20
Wis.5.21	Wis.5.22	Wis.5.22	Wis.5.21
Wis.5.22	Wis.5.23	Wis.5.23	Wis.5.22
Wis.5.23	Wis.5.24	Wis.5.24	Wis.5.23
Wis.6.1	Wis.6.2	Wis.6.2	Wis.6.1
Wis.6.2	Wis.6.3	Wis.6.3	Wis.6.2
Wis.6.3	Wis.6.4	Wis.6.4	Wis.6.3
Wis.6.4	Wis.6.5	Wis.6.5	Wis.6.4
Wis.6.5	Wis.6.6	Wis.6.6	Wis.6.5
Wis.6.6	Wis.6.7	Wis.6.7	Wis.6.6
Wis.6.7	Wis.6.8	Wis.6.8	Wis.6.7
Wis.6.8	Wis.6.9	Wis.6.9	Wis.6.8
Wis.6.9	Wis.6.10	Wis.6.10	Wis.6.9
Wis.6.10	Wis.6.11	Wis.6.11	Wis.6.10
Wis.6.11	Wis.6.12	Wis.6.12	Wis.6.11
Wis.6.12	Wis.6.13	Wis.6.13	Wis.6.12
Wis.6.13	Wis.6.14	Wis.6.14	Wis.6.13
Wis.6.14	Wis.6.15	Wis.6.15	Wis.6.14
Wis.6.15	Wis.6.16	Wis.6.16	Wis.6.15
Wis.6.16	Wis.6.17	Wis.6.17	Wis.6.16
Wis.6.17	Wis.6.18	Wis.6.18	Wis.6.17
Wis.6.18	Wis.6.19	Wis.6.19	Wis.6.18
Wis.6.19	Wis.6.20	Wis.6.20	Wis.6.19
Wis.6.20	Wis.6.21	Wis.6.21	Wis.6.20
Wis.6.21	Wis.6.22	Wis.6.22	Wis.6.21
Wis.6.22	Wis.6.24	Wis.6.24	Wis.6.22
Wis.6.23	Wis.6.25	Wis.6.25	Wis.6.23
Wis.6.24	Wis.6.26	Wis.6.26	Wis.6.24
Wis.6.25	Wis.6.27	Wis.6.27	Wis.6.25
Wis.7.1	Wis.7.1	Wis.7.1	Wis.7.1
Wis.7.2	Wis.7.2	Wis.7.2	Wis.7.2
Wis.7.3	Wis.7.3	Wis.7.3	Wis.7.3
Wis.7.4	Wis.7.4	Wis.7.4	Wis.7.4
Wis.7.5	Wis.7.5	Wis.7.5	Wis.7.5
Wis.7.6	Wis.7.6	Wis.7.6	Wis.7.6
Wis.7.7	Wis.7.7	Wis.7.7	Wis.7.7
Wis.7.8	Wis.7.8	Wis.7.8	Wis.7.8
Wis.7.9	Wis.7.9	Wis.7.9	Wis.7.9
Wis.7.10	Wis.7.10	Wis.7.10	Wis.7.10
Wis.7.11	Wis.7.11	Wis.7.11	Wis.7.11
Wis.7.12	Wis.7.12	Wis.7.12	Wis.7.12
Wis.7.13	Wis.7.13	Wis.7.13	Wis.7.13
Wis.7.14	Wis.7.14	Wis.7.14	Wis.7.14
Wis.7.15	Wis.7.15	Wis.7.15	Wis.7.15
Wis.7.16	Wis.7.16	Wis.7.16	Wis.7.16
Wis.7.17	Wis.7.17	Wis.7.17	Wis.7.17
Wis.7.18	Wis.7.18	Wis.7.18	Wis.7.18
Wis.7.19	Wis.7.19	Wis.7.19	Wis.7.19
Wis.7.20	Wis.7.20	Wis.7.20	Wis.7.20
Wis.7.21	Wis.7.21	Wis.7.21	Wis.7.21
Wis.7.22	Wis.7.22	Wis.7.22	Wis.7.22
Wis.7.23	Wis.7.23	Wis.7.23	Wis.7.23
Wis.7.24	Wis.7.24	Wis.7.24	Wis.7.24
Wis.7.25	Wis.7.25	Wis.7.25	Wis.7.25
Wis.7.26	Wis.7.26	Wis.7.26	Wis.7.26
Wis.7.27	Wis.7.27	Wis.7.27	Wis.7.27
Wis.7.28	Wis.7.28	Wis.7.28	Wis.7.28
Wis.7.29	Wis.7.29	Wis.7.29	Wis.7.29
Wis.7.30	Wis.7.30	Wis.7.30	Wis.7.30
Wis.8.1	Wis.8.1	Wis.8.1	Wis.8.1
Wis.8.2	Wis.8.2	Wis.8.2	Wis.8.2
Wis.8.3	Wis.8.3	Wis.8.3	Wis.8.3
Wis.8.4	Wis.8.4	Wis.8.4	Wis.8.4
Wis.8.5	Wis.8.5	Wis.8.5	Wis.8.5
Wis.8.6	Wis.8.6	Wis.8.6	Wis.8.6
Wis.8.7	Wis.8.7	Wis.8.7	Wis.8.7
Wis.8.8	Wis.8.8	Wis.8.8	Wis.8.8
Wis.8.9	Wis.8.9	Wis.8.9	Wis.8.9
Wis.8.10	Wis.8.10	Wis.8.10	Wis.8.10
Wis.8.11	Wis.8.11	Wis.8.11	Wis.8.11
Wis.8.12	Wis.8.12	Wis.8.12	Wis.8.12
Wis.8.13	Wis.8.13	Wis.8.13	Wis.8.13
Wis.8.14	Wis.8.14	Wis.8.14	Wis.8.14
Wis.8.15	Wis.8.15	Wis.8.15	Wis.8.15
Wis.8.16	Wis.8.16	Wis.8.16	Wis.8.16
Wis.8.17	Wis.8.17	Wis.8.17	Wis.8.17
Wis.8.18	Wis.8.18	Wis.8.18	Wis.8.18
Wis.8.19	Wis.8.19	Wis.8.19	Wis.8.19
Wis.8.20	Wis.8.20	Wis.8.20	Wis.8.20
Wis.8.21	Wis.8.21	Wis.8.21	Wis.8.21
Wis.9.1	Wis.9.1	Wis.9.1	Wis.9.1
Wis.9.2	Wis.9.2	Wis.9.2	Wis.9.2
Wis.9.3	Wis.9.3	Wis.9.3	Wis.9.3
Wis.9.4	Wis.9.4	Wis.9.4	Wis.9.4
Wis.9.5	Wis.9.5	Wis.9.5	Wis.9.5
Wis.9.6	Wis.9.6	Wis.9.6	Wis.9.6
Wis.9.7	Wis.9.7	Wis.9.7	Wis.9.7
Wis.9.8	Wis.9.8	Wis.9.8	Wis.9.8
Wis.9.9	Wis.9.9	Wis.9.9	Wis.9.9
Wis.9.10	Wis.9.10	Wis.9.10	Wis.9.10
Wis.9.11	Wis.9.11	Wis.9.11	Wis.9.11
Wis.9.12	Wis.9.12	Wis.9.12	Wis.9.12
Wis.9.13	Wis.9.13	Wis.9.13	Wis.9.13
Wis.9.14	Wis.9.14	Wis.9.14	Wis.9.14
Wis.9.15	Wis.9.15	Wis.9.15	Wis.9.15
Wis.9.16	Wis.9.16	Wis.9.16	Wis.9.16
Wis.9.17	Wis.9.17	Wis.9.17	Wis.9.17
Wis.9.18	Wis.9.18	Wis.9.18	Wis.9.18
Wis.10.1	Wis.10.1	Wis.10.1	Wis.10.1
Wis.10.2	Wis.10.2	Wis.10.2	Wis.10.2
Wis.10.3	Wis.10.3	Wis.10.3	Wis.10.3
Wis.10.4	Wis.10.4	Wis.10.4	Wis.10.4
Wis.10.5	Wis.10.5	Wis.10.5	Wis.10.5
Wis.10.6	Wis.10.6	Wis.10.6	Wis.10.6
Wis.10.7	Wis.10.7	Wis.10.7	Wis.10.7
Wis.10.8	Wis.10.8	Wis.10.8	Wis.10.8
Wis.10.9	Wis.10.9	Wis.10.9	Wis.10.9
Wis.10.10	Wis.10.10	Wis.10.10	Wis.10.10
Wis.10.11	Wis.10.11	Wis.10.11	Wis.10.11
Wis.10.12	Wis.10.12	Wis.10.12	Wis.10.12
Wis.10.13	Wis.10.13	Wis.10.13	Wis.10.13
Wis.10.14	Wis.10.14	Wis.10.14	Wis.10.14
Wis.10.15	Wis.10.15	Wis.10.15	Wis.10.15
Wis.10.16	Wis.10.16	Wis.10.16	Wis.10.16
Wis.10.17	Wis.10.17	Wis.10.17	Wis.10.17
Wis.10.18	Wis.10.18	Wis.10.18	Wis.10.18
Wis.10.19	Wis.10.19	Wis.10.19	Wis.10.19
Wis.10.20	Wis.10.20	Wis.10.20	Wis.10.20
Wis.10.21	Wis.10.21	Wis.10.21	Wis.10.21
Wis.11.1	Wis.11.1	Wis.11.1	Wis.11.1
Wis.11.2	Wis.11.2	Wis.11.2	Wis.11.2
Wis.11.3	Wis.11.3	Wis.11.3	Wis.11.3
Wis.11.4	Wis.11.4	Wis.11.4	Wis.11.4
Wis.11.5	Wis.11.6	Wis.11.6	Wis.11.5
Wis.11.6	Wis.11.7	Wis.11.7	Wis.11.6
Wis.11.7	Wis.11.8	Wis.11.8	Wis.11.7
Wis.11.8	Wis.11.9	Wis.11.9	Wis.11.8
Wis.11.9	Wis.11.10	Wis.11.10	Wis.11.9
Wis.11.10	Wis.11.11	Wis.11.11	Wis.11.10
Wis.11.11	Wis.11.12	Wis.11.12	Wis.11.11
Wis.11.12	Wis.11.13	Wis.11.13	Wis.11.12
Wis.11.13	Wis.11.14	Wis.11.14	Wis.11.13
Wis.11.14	Wis.11.15	Wis.11.15	Wis.11.14
Wis.11.15	Wis.11.16	Wis.11.16	Wis.11.15
Wis.11.16	Wis.11.17	Wis.11.17	Wis.11.16
Wis.11.17	Wis.11.18	Wis.11.18	Wis.11.17
Wis.11.18	Wis.11.19	Wis.11.19	Wis.11.18
Wis.11.19	Wis.11.20	Wis.11.20	Wis.11.19
Wis.11.20	Wis.11.21	Wis.11.21	Wis.11.20
Wis.11.21	Wis.11.22	Wis.11.22	Wis.11.21
Wis.11.22	Wis.11.23	Wis.11.23	Wis.11.22
Wis.11.23	Wis.11.24	Wis.11.24	Wis.11.23
Wis.11.24	Wis.11.25	Wis.11.25	Wis.11.24
Wis.11.25	Wis.11.26	Wis.11.26	Wis.11.25
Wis.11.26	Wis.11.27	Wis.11.27	Wis.11.26
Wis.12.1	Wis.12.1	Wis.12.1	Wis.12.1
Wis.12.2	Wis.12.2	Wis.12.2	Wis.12.2
Wis.12.3	Wis.12.3	Wis.12.3	Wis.12.3
Wis.12.4	Wis.12.4	Wis.12.4	Wis.12.4
Wis.12.5	Wis.12.5	Wis.12.5	Wis.12.5
Wis.12.6	Wis.12.6	Wis.12.6	Wis.12.6
Wis.12.7	Wis.12.7	Wis.12.7	Wis.12.7
Wis.12.8	Wis.12.8	Wis.12.8	Wis.12.8
Wis.12.9	Wis.12.9	Wis.12.9	Wis.12.9
Wis.12.10	Wis.12.10	Wis.12.10	Wis.12.10
Wis.12.11	Wis.12.11	Wis.12.11	Wis.12.11
Wis.12.12	Wis.12.12	Wis.12.12	Wis.12.12
Wis.12.13	Wis.12.13	Wis.12.13	Wis.12.13
Wis.12.14	Wis.12.14	Wis.12.14	Wis.12.14
Wis.12.15	Wis.12.15	Wis.12.15	Wis.12.15
Wis.12.16	Wis.12.16	Wis.12.16	Wis.12.16
Wis.12.17	Wis.12.17	Wis.12.17	Wis.12.17
Wis.12.18	Wis.12.18	Wis.12.18	Wis.12.18
Wis.12.19	Wis.12.19	Wis.12.19	Wis.12.19
Wis.12.20	Wis.12.20	Wis.12.20	Wis.12.20
Wis.12.21	Wis.12.21	Wis.12.21	Wis.12.21
Wis.12.22	Wis.12.22	Wis.12.22	Wis.12.22
Wis.12.23	Wis.12.23	Wis.12.23	Wis.12.23
Wis.12.24	Wis.12.24	Wis.12.24	Wis.12.24
Wis.12.25	Wis.12.25	Wis.12.25	Wis.12.25
Wis.12.26	Wis.12.26	Wis.12.26	Wis.12.26
Wis.12.27	Wis.12.27	Wis.12.27	Wis.12.27
Wis.13.1	Wis.13.1	Wis.13.1	Wis.13.1
Wis.13.2	Wis.13.2	Wis.13.2	Wis.13.2
Wis.13.3	Wis.13.3	Wis.13.3	Wis.13.3
Wis.13.4	Wis.13.4	Wis.13.4	Wis.13.4
Wis.13.5	Wis.13.5	Wis.13.5	Wis.13.5
Wis.13.6	Wis.13.6	Wis.13.6	Wis.13.6
Wis.13.7	Wis.13.7	Wis.13.7	Wis.13.7
Wis.13.8	Wis.13.8	Wis.13.8	Wis.13.8
Wis.13.9	Wis.13.9	Wis.13.9	Wis.13.9
Wis.13.10	Wis.13.10	Wis.13.10	Wis.13.10
Wis.13.11	Wis.13.11	Wis.13.11	Wis.13.11
Wis.13.12	Wis.13.12	Wis.13.12	Wis.13.12
Wis.13.13	Wis.13.13	Wis.13.13	Wis.13.13
Wis.13.14	Wis.13.14	Wis.13.14	Wis.13.14
Wis.13.15	Wis.13.15	Wis.13.15	Wis.13.15
Wis.13.16	Wis.13.16	Wis.13.16	Wis.13.16
Wis.13.17	Wis.13.17	Wis.13.17	Wis.13.17
Wis.13.18	Wis.13.18	Wis.13.18	Wis.13.18
Wis.13.19	Wis.13.19	Wis.13.19	Wis.13.19
Wis.14.1	Wis.14.1	Wis.14.1	Wis.14.1
Wis.14.2	Wis.14.2	Wis.14.2	Wis.14.2
Wis.14.3	Wis.14.3	Wis.14.3	Wis.14.3
Wis.14.4	Wis.14.4	Wis.14.4	Wis.14.4
Wis.14.5	Wis.14.5	Wis.14.5	Wis.14.5
Wis.14.6	Wis.14.6	Wis.14.6	Wis.14.6
Wis.14.7	Wis.14.7	Wis.14.7	Wis.14.7
Wis.14.8	Wis.14.8	Wis.14.8	Wis.14.8
Wis.14.9	Wis.14.9	Wis.14.9	Wis.14.9
Wis.14.10	Wis.14.10	Wis.14.10	Wis.14.10
Wis.14.11	Wis.14.11	Wis.14.11	Wis.14.11
Wis.14.12	Wis.14.12	Wis.14.12	Wis.14.12
Wis.14.13	Wis.14.13	Wis.14.13	Wis.14.13
Wis.14.14	Wis.14.14	Wis.14.14	Wis.14.14
Wis.14.15	Wis.14.15	Wis.14.15	Wis.14.15
Wis.14.16	Wis.14.16	Wis.14.16	Wis.14.16
Wis.14.17	Wis.14.17	Wis.14.17	Wis.14.17
Wis.14.18	Wis.14.18	Wis.14.18	Wis.14.18
Wis.14.19	Wis.14.19	Wis.14.19	Wis.14.19
Wis.14.20	Wis.14.20	Wis.14.20	Wis.14.20
Wis.14.21	Wis.14.21	Wis.14.21	Wis.14.21
Wis.14.22	Wis.14.22	Wis.14.22	Wis.14.22
Wis.14.23	Wis.14.23	Wis.14.23	Wis.14.23
Wis.14.24	Wis.14.24	Wis.14.24	Wis.14.24
Wis.14.25	Wis.14.25	Wis.14.25	Wis.14.25
Wis.14.26	Wis.14.26	Wis.14.26	Wis.14.26
Wis.14.27	Wis.14.27	Wis.14.27	Wis.14.27
Wis.14.28	Wis.14.28	Wis.14.28	Wis.14.28
Wis.14.29	Wis.14.29	Wis.14.29	Wis.14.29
Wis.14.30	Wis.14.30	Wis.14.30	Wis.14.30
Wis.14.31	Wis.14.31	Wis.14.31	Wis.14.31
Wis.15.1	Wis.15.1	Wis.15.1	Wis.15.1
Wis.15.2	Wis.15.2	Wis.15.2	Wis.15.2
Wis.15.3	Wis.15.3	Wis.15.3	Wis.15.3
Wis.15.4	Wis.15.4	Wis.15.4	Wis.15.4
Wis.15.5	Wis.15.5	Wis.15.5	Wis.15.5
Wis.15.6	Wis.15.6	Wis.15.6	Wis.15.6
Wis.15.7	Wis.15.7	Wis.15.7	Wis.15.7
Wis.15.8	Wis.15.8	Wis.15.8	Wis.15.8
Wis.15.9	Wis.15.9	Wis.15.9	Wis.15.9
Wis.15.10	Wis.15.10	Wis.15.10	Wis.15.10
Wis.15.11	Wis.15.11	Wis.15.11	Wis.15.11
Wis.15.12	Wis.15.12	Wis.15.12	Wis.15.12
Wis.15.13	Wis.15.13	Wis.15.13	Wis.15.13
Wis.15.14	Wis.15.14	Wis.15.14	Wis.15.14
Wis.15.15	Wis.15.15	Wis.15.15	Wis.15.15
Wis.15.16	Wis.15.16	Wis.15.16	Wis.15.16
Wis.15.17	Wis.15.17	Wis.15.17	Wis.15.17
Wis.15.18	Wis.15.18	Wis.15.18	Wis.15.18
Wis.15.19	Wis.15.19	Wis.15.19	Wis.15.19
Wis.16.1	Wis.16.1	Wis.16.1	Wis.16.1
Wis.16.2	Wis.16.2	Wis.16.2	Wis.16.2
Wis.16.3	Wis.16.3	Wis.16.3	Wis.16.3
Wis.16.4	Wis.16.4	Wis.16.4	Wis.16.4
Wis.16.5	Wis.16.5	Wis.16.5	Wis.16.5
Wis.16.6	Wis.16.6	Wis.16.6	Wis.16.6
Wis.16.7	Wis.16.7	Wis.16.7	Wis.16.7
Wis.16.8	Wis.16.8	Wis.16.8	Wis.16.8
Wis.16.9	Wis.16.9	Wis.16.9	Wis.16.9
Wis.16.10	Wis.16.10	Wis.16.10	Wis.16.10
Wis.16.11	Wis.16.11	Wis.16.11	Wis.16.11
Wis.16.12	Wis.16.12	Wis.16.12	Wis.16.12
Wis.16.13	Wis.16.13	Wis.16.13	Wis.16.13
Wis.16.14	Wis.16.14	Wis.16.14	Wis.16.14
Wis.16.15	Wis.16.15	Wis.16.15	Wis.16.15
Wis.16.16	Wis.16.16	Wis.16.16	Wis.16.16
Wis.16.17	Wis.16.17	Wis.16.17	Wis.16.17
Wis.16.18	Wis.16.18	Wis.16.18	Wis.16.18
Wis.16.19	Wis.16.19	Wis.16.19	Wis.16.19
Wis.16.20	Wis.16.20	Wis.16.20	Wis.16.20
Wis.16.21	Wis.16.21	Wis.16.21	Wis.16.21
Wis.16.22	Wis.16.22	Wis.16.22	Wis.16.22
Wis.16.23	Wis.16.23	Wis.16.23	Wis.16.23
Wis.16.24	Wis.16.24	Wis.16.24	Wis.16.24
Wis.16.25	Wis.16.25	Wis.16.25	Wis.16.25
Wis.16.26	Wis.16.26	Wis.16.26	Wis.16.26
Wis.16.27	Wis.16.27	Wis.16.27	Wis.16.27
Wis.16.28	Wis.16.28	Wis.16.28	Wis.16.28
Wis.16.29	Wis.16.29	Wis.16.29	Wis.16.29
Wis.17.1	Wis.17.1	Wis.17.1	Wis.17.1
Wis.17.2	Wis.17.2	Wis.17.2	Wis.17.2
Wis.17.3	Wis.17.3	Wis.17.3	Wis.17.3
Wis.17.4	Wis.17.4	Wis.17.4	Wis.17.4
Wis.17.5	Wis.17.5	Wis.17.5	Wis.17.5
Wis.17.6	Wis.17.6	Wis.17.6	Wis.17.6
Wis.17.7	Wis.17.7	Wis.17.7	Wis.17.7
Wis.17.8	Wis.17.8	Wis.17.8	Wis.17.8
Wis.17.9	Wis.17.9	Wis.17.9	Wis.17.9
Wis.17.10	Wis.17.9	Wis.17.9	Wis.17.10
Wis.17.11	Wis.17.10	Wis.17.10	Wis.17.11
Wis.17.12	Wis.17.11	Wis.17.11	Wis.17.12
Wis.17.13	Wis.17.12	Wis.17.12	Wis.17.13
Wis.17.14	Wis.17.13	Wis.17.13	Wis.17.14
Wis.17.15	Wis.17.14	Wis.17.14	Wis.17.15
Wis.17.16	Wis.17.15	Wis.17.15	Wis.17.16
Wis.17.17	Wis.17.16	Wis.17.16	Wis.17.17
Wis.17.18	Wis.17.17	Wis.17.17	Wis.17.18
Wis.17.19	Wis.17.18	Wis.17.18	Wis.17.19
Wis.17.20	Wis.17.19	Wis.17.19	Wis.17.20
Wis.17.21	Wis.17.20	Wis.17.20	Wis.17.21
Wis.18.1	Wis.18.1	Wis.18.1	Wis.18.1
Wis.18.2	Wis.18.2	Wis.18.2	Wis.18.2
Wis.18.3	Wis.18.3	Wis.18.3	Wis.18.3
Wis.18.4	Wis.18.4	Wis.18.4	Wis.18.4
Wis.18.5	Wis.18.5	Wis.18.5	Wis.18.5
Wis.18.6	Wis.18.6	Wis.18.6	Wis.18.6
Wis.18.7	Wis.18.7	Wis.18.7	Wis.18.7
Wis.18.8	Wis.18.8	Wis.18.8	Wis.18.8
Wis.18.9	Wis.18.9	Wis.18.9	Wis.18.9
Wis.18.10	Wis.18.10	Wis.18.10	Wis.18.10
Wis.18.11	Wis.18.11	Wis.18.11	Wis.18.11
Wis.18.12	Wis.18.12	Wis.18.12	Wis.18.12
Wis.18.13	Wis.18.13	Wis.18.13	Wis.18.13
Wis.18.14	Wis.18.14	Wis.18.14	Wis.18.14
Wis.18.15	Wis.18.15	Wis.18.15	Wis.18.15
Wis.18.16	Wis.18.16	Wis.18.16	Wis.18.16
Wis.18.17	Wis.18.17	Wis.18.17	Wis.18.17
Wis.18.18	Wis.18.18	Wis.18.18	Wis.18.18
Wis.18.19	Wis.18.19	Wis.18.19	Wis.18.19
Wis.18.20	Wis.18.20	Wis.18.20	Wis.18.20
Wis.18.21	Wis.18.21	Wis.18.21	Wis.18.21
Wis.18.22	Wis.18.22	Wis.18.22	Wis.18.22
Wis.18.23	Wis.18.23	Wis.18.23	Wis.18.23
Wis.18.24	Wis.18.24	Wis.18.24	Wis.18.24
Wis.18.25	Wis.18.25	Wis.18.25	Wis.18.25
Wis.19.1	Wis.19.1	Wis.19.1	Wis.19.1
Wis.19.2	Wis.19.2	Wis.19.2	Wis.19.2
Wis.19.3	Wis.19.3	Wis.19.3	Wis.19.3
Wis.19.4	Wis.19.4	Wis.19.4	Wis.19.4
Wis.19.5	Wis.19.5	Wis.19.5	Wis.19.5
Wis.19.6	Wis.19.6	Wis.19.6	Wis.19.6
Wis.19.7	Wis.19.7	Wis.19.7	Wis.19.7
Wis.19.8	Wis.19.8	Wis.19.8	Wis.19.8
Wis.19.9	Wis.19.9	Wis.19.9	Wis.19.9
Wis.19.10	Wis.19.10	Wis.19.10	Wis.19.10
Wis.19.11	Wis.19.11	Wis.19.11	Wis.19.11
Wis.19.12	Wis.19.12	Wis.19.12	Wis.19.12
Wis.19.13	Wis.19.12	Wis.19.12	Wis.19.13
Wis.19.14	Wis.19.13	Wis.19.13	Wis.19.14
Wis.19.15	Wis.19.14	Wis.19.14	Wis.19.15
Wis.19.16	Wis.19.15	Wis.19.15	Wis.19.16
Wis.19.17	Wis.19.16	Wis.19.16	Wis.19.17
Wis.19.18	Wis.19.17	Wis.19.17	Wis.19.18
Wis.19.19	Wis.19.18	Wis.19.18	Wis.19.19
Wis.19.20	Wis.19.19	Wis.19.19	Wis.19.20
Wis.19.21	Wis.19.20	Wis.19.20	Wis.19.21
Wis.19.22	Wis.19.20	Wis.19.20	Wis.19.22
Sir.0.1			
Sir.0.2	Sir.1.1		Sir.1.1 Sir.1.1a Sir.1.1b Sir.1.1c Sir.1.1d Sir.1.1e Sir.1.1f Sir.1.1g
Sir.1.1	Sir.1.1	Sir.1.1	Sir.1.1h
Sir.1.2	Sir.1.2	Sir.1.2	Sir.1.2
Sir.1.3	Sir.1.3	Sir.1.3	Sir.1.3
Sir.1.4	Sir.1.4	Sir.1.4	Sir.1.4
Sir.1.5	Sir.1.5	Sir.1.5	
Sir.1.6	Sir.1.6	Sir.1.6	Sir.1.6
Sir.1.7	Sir.1.7	Sir.1.7	
Sir.1.8	Sir.1.8	Sir.1.8	Sir.1.8
Sir.1.9	Sir.1.9	Sir.1.9	Sir.1.9
Sir.1.10	Sir.1.10	Sir.1.10	Sir.1.10
Sir.1.11	Sir.1.11	Sir.1.11	Sir.1.11
Sir.1.12	Sir.1.12	Sir.1.12	Sir.1.12
Sir.1.13	Sir.1.13	Sir.1.13	Sir.1.13
Sir.1.14	Sir.1.16	Sir.1.16	Sir.1.14
Sir.1.15			Sir.1.15
Sir.1.16	Sir.1.20	Sir.1.20	Sir.1.16
Sir.1.17	Sir.1.21	Sir.1.21	Sir.1.17
Sir.1.18	Sir.1.22 Sir.1.23	Sir.1.22 Sir.1.23	Sir.1.18
Sir.1.19	Sir.1.24	Sir.1.24	Sir.1.19
Sir.1.20	Sir.1.25	Sir.1.25	Sir.1.20
Sir.1.21	Sir.1.27	Sir.1.27	
Sir.1.22	Sir.1.28	Sir.1.28	Sir.1.22
Sir.1.23	Sir.1.29	Sir.1.29	Sir.1.23
Sir.1.24	Sir.1.30	Sir.1.30	Sir.1.24
Sir.1.25	Sir.1.26 Sir.1.31 Sir.1.32	Sir.1.26 Sir.1.31 Sir.1.32	Sir.1.25
Sir.1.26	Sir.1.33	Sir.1.33	Sir.1.26
Sir.1.27	Sir.1.34 Sir.1.35	Sir.1.34 Sir.1.35	Sir.1.27
Sir.1.28	Sir.1.36	Sir.1.36	Sir.1.28
Sir.1.29	Sir.1.37	Sir.1.37	Sir.1.29
Sir.1.30	Sir.1.38 Sir.1.39 Sir.1.40	Sir.1.38 Sir.1.39 Sir.1.40	Sir.1.30
Sir.2.1	Sir.2.1	Sir.2.1	Sir.2.1
Sir.2.2	Sir.2.2	Sir.2.2	Sir.2.2
Sir.2.3	Sir.2.3	Sir.2.3	Sir.2.3
Sir.2.4	Sir.2.4	Sir.2.4	Sir.2.4
Sir.2.5	Sir.2.5	Sir.2.5	Sir.2.5
Sir.2.6	Sir.2.6	Sir.2.6	Sir.2.6
Sir.2.7	Sir.2.7	Sir.2.7	Sir.2.7
Sir.2.8	Sir.2.8	Sir.2.8	Sir.2.8
Sir.2.9	Sir.2.9	Sir.2.9	Sir.2.9
Sir.2.10	Sir.2.12	Sir.2.12	Sir.2.10
Sir.2.11	Sir.2.13	Sir.2.13	Sir.2.11
Sir.2.12	Sir.2.14	Sir.2.14	Sir.2.12
Sir.2.13	Sir.2.15	Sir.2.15	Sir.2.13
Sir.2.14	Sir.2.16 Sir.2.21	Sir.2.16 Sir.2.21	Sir.2.14
Sir.2.15	Sir.2.18 Sir.2.21	Sir.2.18 Sir.2.21	Sir.2.15
Sir.2.16	Sir.2.19	Sir.2.19	Sir.2.16
Sir.2.17	Sir.2.10 Sir.2.20	Sir.2.10 Sir.2.20	Sir.2.17
Sir.2.18	Sir.2.11 Sir.2.22 Sir.2.23	Sir.2.11 Sir.2.22 Sir.2.23	Sir.2.18
Sir.3.1	Sir.3.2	Sir.3.2	Sir.3.1
Sir.3.2	Sir.3.3	Sir.3.3	Sir.3.2
Sir.3.3	Sir.3.4	Sir.3.4	Sir.3.3
Sir.3.4	Sir.3.5	Sir.3.5	Sir.3.4
Sir.3.5	Sir.3.6	Sir.3.6	Sir.3.5
Sir.3.6	Sir.3.7	Sir.3.7	Sir.3.6
Sir.3.7	Sir.3.8	Sir.3.8	Sir.3.7
Sir.3.8	Sir.3.9 Sir.3.10	Sir.3.9 Sir.3.10	Sir.3.8
Sir.3.9	Sir.3.11	Sir.3.11	Sir.3.9
Sir.3.10	Sir.3.12	Sir.3.12	Sir.3.10
Sir.3.11	Sir.3.13	Sir.3.13	Sir.3.11
Sir.3.12	Sir.3.14	Sir.3.14	Sir.3.12
Sir.3.13	Sir.3.15	Sir.3.15	Sir.3.13
Sir.3.14			Sir.3.14
Sir.3.15	Sir.3.17	Sir.3.17	Sir.3.15
Sir.3.16	Sir.3.18	Sir.3.18	Sir.3.16
Sir.3.17	Sir.3.19	Sir.3.19	Sir.3.17
Sir.3.18	Sir.3.20	Sir.3.20	Sir.3.18
Sir.3.19			
Sir.3.20	Sir.3.21	Sir.3.21	Sir.3.20
Sir.3.21	Sir.3.22	Sir.3.22	Sir.3.21
Sir.3.22	Sir.3.23	Sir.3.23	Sir.3.22
Sir.3.23	Sir.3.24 Sir.3.25	Sir.3.24 Sir.3.25	Sir.3.23
Sir.3.24	Sir.3.26	Sir.3.26	Sir.3.24
Sir.3.25			
Sir.3.26	Sir.3.27	Sir.3.27	Sir.3.26
Sir.3.27	Sir.3.29	Sir.3.29	Sir.3.27
Sir.3.28	Sir.3.30	Sir.3.30	Sir.3.28
Sir.3.29	Sir.3.31	Sir.3.31	Sir.3.29
Sir.3.30	Sir.3.33	Sir.3.33	Sir.3.30
Sir.3.31	Sir.3.34	Sir.3.34	Sir.3.31
Sir.4.1	Sir.4.1	Sir.4.1	Sir.4.1
Sir.4.2	Sir.4.2	Sir.4.2	Sir.4.2
Sir.4.3	Sir.4.3	Sir.4.3	Sir.4.3
Sir.4.4	Sir.4.4	Sir.4.4	Sir.4.4
Sir.4.5	Sir.4.5	Sir.4.5	Sir.4.5
Sir.4.6	Sir.4.6	Sir.4.6	Sir.4.6
Sir.4.7	Sir.4.7	Sir.4.7	Sir.4.7
Sir.4.8	Sir.4.8	Sir.4.8	Sir.4.8
Sir.4.9	Sir.4.9	Sir.4.9	Sir.4.9
Sir.4.10	Sir.4.10 Sir.4.11	Sir.4.10 Sir.4.11	Sir.4.10
Sir.4.11	Sir.4.12	Sir.4.12	Sir.4.11
Sir.4.12	Sir.4.13	Sir.4.13	Sir.4.12
Sir.4.13	Sir.4.14	Sir.4.14	Sir.4.13
Sir.4.14	Sir.4.15	Sir.4.15	Sir.4.14
Sir.4.15	Sir.4.16	Sir.4.16	Sir.4.15
Sir.4.16	Sir.4.17	Sir.4.17	Sir.4.16
Sir.4.17	Sir.4.19	Sir.4.19	Sir.4.17
Sir.4.18	Sir.4.20	Sir.4.20	Sir.4.18
Sir.4.19	Sir.4.22	Sir.4.22	Sir.4.19
Sir.4.20	Sir.4.23 Sir.4.24	Sir.4.23 Sir.4.24	Sir.4.20
Sir.4.21	Sir.4.25	Sir.4.25	Sir.4.21
Sir.4.22	Sir.4.26 Sir.4.27	Sir.4.26 Sir.4.27	Sir.4.22
Sir.4.23	Sir.4.28	Sir.4.28	Sir.4.23
Sir.4.24	Sir.4.29	Sir.4.29	Sir.4.24
Sir.4.25	Sir.4.30	Sir.4.30	Sir.4.25
Sir.4.26	Sir.4.31	Sir.4.31	Sir.4.26
Sir.4.27	Sir.4.32	Sir.4.32	Sir.4.27
Sir.4.28	Sir.4.33	Sir.4.33	Sir.4.28
Sir.4.29	Sir.4.34	Sir.4.34	Sir.4.29
Sir.4.30	Sir.4.35	Sir.4.35	Sir.4.30
Sir.4.31	Sir.4.36	Sir.4.36	Sir.4.31
Sir.5.1	Sir.5.1	Sir.5.1	Sir.5.1
Sir.5.2	Sir.5.2	Sir.5.2	Sir.5.2
Sir.5.3	Sir.5.3	Sir.5.3	Sir.5.3
Sir.5.4	Sir.5.4	Sir.5.4	Sir.5.4
Sir.5.5	Sir.5.5	Sir.5.5	Sir.5.5
Sir.5.6	Sir.5.6 Sir.5.7	Sir.5.6 Sir.5.7	Sir.5.6
Sir.5.7	Sir.5.8 Sir.5.9	Sir.5.8 Sir.5.9	Sir.5.7
Sir.5.8	Sir.5.10	Sir.5.10	Sir.5.8
Sir.5.9	Sir.5.11	Sir.5.11	Sir.5.9
Sir.5.10	Sir.5.12	Sir.5.12	Sir.5.10
Sir.5.11	Sir.5.13	Sir.5.13	Sir.5.11
Sir.5.12	Sir.5.14	Sir.5.14	Sir.5.12
Sir.5.13	Sir.5.15	Sir.5.15	Sir.5.13
Sir.5.14	Sir.5.17	Sir.5.17	Sir.5.14
Sir.5.15	Sir.5.18	Sir.5.18	Sir.5.15
Sir.6.1	Sir.6.1	Sir.6.1	Sir.6.2a
Sir.6.2	Sir.6.2	Sir.6.2	Sir.6.2b
Sir.6.3	Sir.6.3	Sir.6.3	Sir.6.3
Sir.6.4	Sir.6.4	Sir.6.4	Sir.6.4
Sir.6.5	Sir.6.5	Sir.6.5	Sir.6.5
Sir.6.6	Sir.6.6	Sir.6.6	Sir.6.6
Sir.6.7	Sir.6.7	Sir.6.7	Sir.6.7
Sir.6.8	Sir.6.8	Sir.6.8	Sir.6.8
Sir.6.9	Sir.6.9	Sir.6.9	Sir.6.9
Sir.6.10	Sir.6.10	Sir.6.10	Sir.6.10
Sir.6.11	Sir.6.11	Sir.6.11	Sir.6.11
Sir.6.12	Sir.6.12	Sir.6.12	Sir.6.12
Sir.6.13	Sir.6.13	Sir.6.13	Sir.6.13
Sir.6.14	Sir.6.14	Sir.6.14	Sir.6.14
Sir.6.15	Sir.6.15	Sir.6.15	Sir.6.15
Sir.6.16	Sir.6.16	Sir.6.16	Sir.6.16
Sir.6.17	Sir.6.17	Sir.6.17	Sir.6.17
Sir.6.18	Sir.6.18	Sir.6.18	Sir.6.18
Sir.6.19	Sir.6.19 Sir.6.20	Sir.6.19 Sir.6.20	Sir.6.19
Sir.6.20	Sir.6.21	Sir.6.21	Sir.6.20
Sir.6.21	Sir.6.22	Sir.6.22	Sir.6.21
Sir.6.22	Sir.6.23	Sir.6.23	Sir.6.22
Sir.6.23	Sir.6.24	Sir.6.24	Sir.6.23
Sir.6.24	Sir.6.25	Sir.6.25	Sir.6.24
Sir.6.25	Sir.6.26	Sir.6.26	Sir.6.25
Sir.6.26	Sir.6.27	Sir.6.27	Sir.6.26
Sir.6.27	Sir.6.28	Sir.6.28	Sir.6.27
Sir.6.28	Sir.6.29	Sir.6.29	Sir.6.28
Sir.6.29	Sir.6.30	Sir.6.30	Sir.6.29
Sir.6.30	Sir.6.31	Sir.6.31	Sir.6.30
Sir.6.31	Sir.6.32	Sir.6.32	Sir.6.31
Sir.6.32	Sir.6.33	Sir.6.33	Sir.6.32
Sir.6.33	Sir.6.34	Sir.6.34	Sir.6.33
Sir.6.34	Sir.6.35	Sir.6.35	Sir.6.34
Sir.6.35	Sir.6.35	Sir.6.35	Sir.6.35
Sir.6.36	Sir.6.36	Sir.6.36	Sir.6.36
Sir.6.37	Sir.6.37	Sir.6.37	Sir.6.37
Sir.7.1			Sir.7.1
Sir.7.2	Sir.7.2	Sir.7.2	Sir.7.2
Sir.7.3	Sir.7.3	Sir.7.3	Sir.7.3
Sir.7.4	Sir.7.4	Sir.7.4	Sir.7.4
Sir.7.5	Sir.7.5	Sir.7.5	Sir.7.5
Sir.7.6	Sir.7.6	Sir.7.6	Sir.7.6
Sir.7.7	Sir.7.7	Sir.7.7	Sir.7.7
Sir.7.8	Sir.7.8	Sir.7.8	Sir.7.8
Sir.7.9	Sir.7.11	Sir.7.11	Sir.7.9
Sir.7.10			Sir.7.10
Sir.7.11	Sir.7.12	Sir.7.12	Sir.7.11
Sir.7.12	Sir.7.13	Sir.7.13	Sir.7.12
Sir.7.13	Sir.7.14	Sir.7.14	Sir.7.13
Sir.7.14	Sir.7.15	Sir.7.15	Sir.7.14
Sir.7.15	Sir.7.16	Sir.7.16	Sir.7.15
Sir.7.16	Sir.7.17 Sir.7.18	Sir.7.17 Sir.7.18	Sir.7.16
Sir.7.17	Sir.7.19	Sir.7.19	Sir.7.17
Sir.7.18	Sir.7.20	Sir.7.20	Sir.7.18
Sir.7.19	Sir.7.21	Sir.7.21	Sir.7.19
Sir.7.20	Sir.7.22	Sir.7.22	Sir.7.20
Sir.7.21	Sir.7.23	Sir.7.23	Sir.7.21
Sir.7.22	Sir.7.24	Sir.7.24	Sir.7.22
Sir.7.23	Sir.7.25	Sir.7.25	Sir.7.23
Sir.7.24	Sir.7.26	Sir.7.26	Sir.7.24
Sir.7.25	Sir.7.27	Sir.7.27	Sir.7.25
Sir.7.26	Sir.7.28	Sir.7.28	Sir.7.26
Sir.7.27	Sir.7.29	Sir.7.29	Sir.7.27
Sir.7.28	Sir.7.30	Sir.7.30	Sir.7.28
Sir.7.29	Sir.7.31	Sir.7.31	Sir.7.29
Sir.7.30	Sir.7.32	Sir.7.32	Sir.7.30
Sir.7.31	Sir.7.35	Sir.7.35	Sir.7.31
Sir.7.32	Sir.7.36	Sir.7.36	Sir.7.32
Sir.7.33	Sir.7.37	Sir.7.37	Sir.7.33
Sir.7.34	Sir.7.38	Sir.7.38	Sir.7.34
Sir.7.35	Sir.7.39	Sir.7.39	Sir.7.35
Sir.7.36	Sir.7.40	Sir.7.40	Sir.7.36
Sir.8.1	Sir.8.1	Sir.8.1	Sir.8.1
Sir.8.2	Sir.8.2 Sir.8.3	Sir.8.2 Sir.8.3	Sir.8.2
Sir.8.3	Sir.8.4	Sir.8.4	Sir.8.3
Sir.8.4	Sir.8.5	Sir.8.5	Sir.8.4
Sir.8.5	Sir.8.6	Sir.8.6	Sir.8.5
Sir.8.6	Sir.8.7	Sir.8.7	Sir.8.6
Sir.8.7	Sir.8.8	Sir.8.8	Sir.8.7
Sir.8.8	Sir.8.9 Sir.8.10	Sir.8.9 Sir.8.10	Sir.8.8
Sir.8.9	Sir.8.11 Sir.8.12	Sir.8.11 Sir.8.12	Sir.8.9
Sir.8.10	Sir.8.13	Sir.8.13	Sir.8.10
Sir.8.11	Sir.8.14	Sir.8.14	Sir.8.11
Sir.8.12	Sir.8.15	Sir.8.15	Sir.8.12
Sir.8.13	Sir.8.16	Sir.8.16	Sir.8.13
Sir.8.14	Sir.8.17	Sir.8.17	Sir.8.14
Sir.8.15	Sir.8.18	Sir.8.18	Sir.8.15
Sir.8.16	Sir.8.19	Sir.8.19	Sir.8.16
Sir.8.17	Sir.8.20	Sir.8.20	Sir.8.17
Sir.8.18	Sir.8.21	Sir.8.21	Sir.8.18
Sir.8.19	Sir.8.22	Sir.8.22	Sir.8.19
Sir.9.1	Sir.9.1	Sir.9.1	Sir.9.1
Sir.9.2	Sir.9.2	Sir.9.2	Sir.9.2
Sir.9.3	Sir.9.3	Sir.9.3	Sir.9.3
Sir.9.4	Sir.9.4	Sir.9.4	Sir.9.4
Sir.9.5	Sir.9.5	Sir.9.5	Sir.9.5
Sir.9.6	Sir.9.6	Sir.9.6	Sir.9.6
Sir.9.7	Sir.9.7	Sir.9.7	Sir.9.7
Sir.9.8	Sir.9.8 Sir.9.9	Sir.9.8 Sir.9.9	Sir.9.8
Sir.9.9	Sir.9.12 Sir.9.13	Sir.9.12 Sir.9.13	Sir.9.9
Sir.9.10	Sir.9.15	Sir.9.15	Sir.9.10
Sir.9.11	Sir.9.16	Sir.9.16	Sir.9.11
Sir.9.12	Sir.9.17	Sir.9.17	Sir.9.12
Sir.9.13	Sir.9.18 Sir.9.19 Sir.9.20	Sir.9.18 Sir.9.19 Sir.9.20	Sir.9.13
Sir.9.14	Sir.9.21	Sir.9.21	Sir.9.14
Sir.9.15			Sir.9.15
Sir.9.16	Sir.9.22	Sir.9.22	Sir.9.16
Sir.9.17	Sir.9.24	Sir.9.24	Sir.9.17
Sir.9.18	Sir.9.25	Sir.9.25	Sir.9.18
Sir.10.1	Sir.10.1	Sir.10.1	Sir.10.1
Sir.10.2	Sir.10.2	Sir.10.2	Sir.10.2
Sir.10.3	Sir.10.3	Sir.10.3	Sir.10.3
Sir.10.4	Sir.10.4	Sir.10.4	Sir.10.4
Sir.10.5	Sir.10.5	Sir.10.5	Sir.10.5
Sir.10.6	Sir.10.6	Sir.10.6	Sir.10.6
Sir.10.7	Sir.10.7	Sir.10.7	Sir.10.7
Sir.10.8	Sir.10.8	Sir.10.8	Sir.10.8
Sir.10.9	Sir.10.9 Sir.10.10	Sir.10.9 Sir.10.10	Sir.10.9
Sir.10.10	Sir.10.12	Sir.10.12	Sir.10.10
Sir.10.11	Sir.10.13	Sir.10.13	Sir.10.11
Sir.10.12	Sir.10.14	Sir.10.14	Sir.10.12
Sir.10.13	Sir.10.15 Sir.10.16	Sir.10.15 Sir.10.16	Sir.10.13
Sir.10.14	Sir.10.17	Sir.10.17	Sir.10.14
Sir.10.15	Sir.10.18	Sir.10.18	Sir.10.15
Sir.10.16	Sir.10.19	Sir.10.19	Sir.10.16
Sir.10.17	Sir.10.20	Sir.10.20	Sir.10.17
Sir.10.18	Sir.10.22	Sir.10.22	Sir.10.18
Sir.10.19	Sir.10.23	Sir.10.23	Sir.10.19
Sir.10.20	Sir.10.24	Sir.10.24	Sir.10.20
Sir.10.21			
Sir.10.22	Sir.10.25	Sir.10.25	Sir.10.22
Sir.10.23	Sir.10.26	Sir.10.26	Sir.10.23
Sir.10.24	Sir.10.27	Sir.10.27	Sir.10.24
Sir.10.25	Sir.10.28	Sir.10.28	Sir.10.25
Sir.10.26	Sir.10.29	Sir.10.29	Sir.10.26
Sir.10.27	Sir.10.30	Sir.10.30	Sir.10.27
Sir.10.28	Sir.10.31	Sir.10.31	Sir.10.28
Sir.10.29	Sir.10.32	Sir.10.32	Sir.10.29
Sir.10.30	Sir.10.33	Sir.10.33	Sir.10.30
Sir.10.31	Sir.10.34	Sir.10.34	Sir.10.31
Sir.11.1	Sir.11.1	Sir.11.1	Sir.11.1
Sir.11.2	Sir.11.2	Sir.11.2	Sir.11.2
Sir.11.3	Sir.11.3	Sir.11.3	Sir.11.3
Sir.11.4	Sir.11.4	Sir.11.4	Sir.11.4
Sir.11.5	Sir.11.5	Sir.11.5	Sir.11.5
Sir.11.6	Sir.11.6	Sir.11.6	Sir.11.6
Sir.11.7	Sir.11.7	Sir.11.7	Sir.11.7
Sir.11.8	Sir.11.8	Sir.11.8	Sir.11.8
Sir.11.9	Sir.11.9	Sir.11.9	Sir.11.9
Sir.11.10	Sir.11.10	Sir.11.10	Sir.11.10
Sir.11.11	Sir.11.11	Sir.11.11	Sir.11.11
Sir.11.12	Sir.11.12	Sir.11.12	Sir.11.12
Sir.11.13	Sir.11.13	Sir.11.13	Sir.11.13
Sir.11.14	Sir.11.14	Sir.11.14	Sir.11.14
Sir.11.15	Sir.11.15	Sir.11.15	
Sir.11.16	Sir.11.16	Sir.11.16	
Sir.11.17	Sir.11.17	Sir.11.17	Sir.11.17
Sir.11.18	Sir.11.18	Sir.11.18	Sir.11.18
Sir.11.19	Sir.11.19 Sir.11.20	Sir.11.19 Sir.11.20	Sir.11.19
Sir.11.20	Sir.11.21	Sir.11.21	Sir.11.20
Sir.11.21	Sir.11.22 Sir.11.23	Sir.11.22 Sir.11.23	Sir.11.21
Sir.11.22	Sir.11.24	Sir.11.24	Sir.11.22
Sir.11.23	Sir.11.25	Sir.11.25	Sir.11.23
Sir.11.24	Sir.11.26	Sir.11.26	Sir.11.24
Sir.11.25	Sir.11.27	Sir.11.27	Sir.11.25
Sir.11.26	Sir.11.28	Sir.11.28	Sir.11.26
Sir.11.27	Sir.11.29	Sir.11.29	Sir.11.27
Sir.11.28	Sir.11.30	Sir.11.30	Sir.11.28
Sir.11.29	Sir.11.31	Sir.11.31	Sir.11.29
Sir.11.30	Sir.11.32	Sir.11.32	Sir.11.30
Sir.11.31	Sir.11.33	Sir.11.33	Sir.11.31
Sir.11.32	Sir.11.34	Sir.11.34	Sir.11.32
Sir.11.33	Sir.11.35	Sir.11.35	Sir.11.33
Sir.11.34	Sir.11.36	Sir.11.36	Sir.11.34
Sir.12.1	Sir.12.1	Sir.12.1	Sir.12.1
Sir.12.2	Sir.12.2	Sir.12.2	Sir.12.2
Sir.12.3	Sir.12.3	Sir.12.3	Sir.12.3
Sir.12.4	Sir.12.5	Sir.12.5	Sir.12.4
Sir.12.5	Sir.12.6	Sir.12.6	Sir.12.5
Sir.12.6	Sir.12.7	Sir.12.7	Sir.12.6
Sir.12.7			Sir.12.7
Sir.12.8	Sir.12.8	Sir.12.8	Sir.12.8
Sir.12.9	Sir.12.9	Sir.12.9	Sir.12.9
Sir.12.10	Sir.12.10	Sir.12.10	Sir.12.10
Sir.12.11	Sir.12.11	Sir.12.11	Sir.12.11
Sir.12.12	Sir.12.12	Sir.12.12	Sir.12.12
Sir.12.13	Sir.12.13	Sir.12.13	Sir.12.13
Sir.12.14			Sir.12.14
Sir.12.15	Sir.12.14	Sir.12.14	Sir.12.15
Sir.12.16	Sir.12.15 Sir.12.16	Sir.12.15 Sir.12.16	Sir.12.16
Sir.12.17	Sir.12.17 Sir.12.18	Sir.12.17 Sir.12.18	Sir.12.17
Sir.12.18	Sir.12.19	Sir.12.19	Sir.12.18
Sir.13.1	Sir.13.1	Sir.13.1	Sir.13.1
Sir.13.2	Sir.13.2 Sir.13.3	Sir.13.2 Sir.13.3	Sir.13.2
Sir.13.3	Sir.13.4	Sir.13.4	Sir.13.3
Sir.13.4	Sir.13.5	Sir.13.5	Sir.13.4
Sir.13.5	Sir.13.6	Sir.13.6	Sir.13.5
Sir.13.6	Sir.13.7	Sir.13.7	Sir.13.6
Sir.13.7	Sir.13.8	Sir.13.8	Sir.13.7
Sir.13.8	Sir.13.10	Sir.13.10	Sir.13.8
Sir.13.9	Sir.13.12	Sir.13.12	Sir.13.9
Sir.13.10	Sir.13.13	Sir.13.13	Sir.13.10
Sir.13.11	Sir.13.14	Sir.13.14	Sir.13.11
Sir.13.12	Sir.13.15	Sir.13.15	Sir.13.12
Sir.13.13	Sir.13.16 Sir.13.17	Sir.13.16 Sir.13.17	Sir.13.13
Sir.13.14	Sir.13.18	Sir.13.18	
Sir.13.15	Sir.13.19	Sir.13.19	Sir.13.15
Sir.13.16	Sir.13.20	Sir.13.20	Sir.13.16
Sir.13.17	Sir.13.21	Sir.13.21	Sir.13.17
Sir.13.18	Sir.13.22	Sir.13.22	Sir.13.18
Sir.13.19	Sir.13.23	Sir.13.23	Sir.13.19
Sir.13.20	Sir.13.24	Sir.13.24	Sir.13.20
Sir.13.21	Sir.13.25	Sir.13.25	Sir.13.21
Sir.13.22	Sir.13.26 Sir.13.27	Sir.13.26 Sir.13.27	Sir.13.22
Sir.13.23	Sir.13.28 Sir.13.29	Sir.13.28 Sir.13.29	Sir.13.23
Sir.13.24	Sir.13.30	Sir.13.30	Sir.13.24
Sir.13.25	Sir.13.31	Sir.13.31	Sir.13.25
Sir.13.26	Sir.13.32	Sir.13.32	Sir.13.26
Sir.14.1	Sir.14.1	Sir.14.1	Sir.14.1
Sir.14.2	Sir.14.2	Sir.14.2	Sir.14.2
Sir.14.3	Sir.14.3	Sir.14.3	Sir.14.3
Sir.14.4	Sir.14.4	Sir.14.4	Sir.14.4
Sir.14.5	Sir.14.5	Sir.14.5	Sir.14.5
Sir.14.6	Sir.14.6	Sir.14.6	Sir.14.6
Sir.14.7	Sir.14.7	Sir.14.7	Sir.14.7
Sir.14.8	Sir.14.8	Sir.14.8	Sir.14.8
Sir.14.9	Sir.14.9	Sir.14.9	Sir.14.9
Sir.14.10	Sir.14.10	Sir.14.10	Sir.14.10
Sir.14.11	Sir.14.11	Sir.14.11	Sir.14.11
Sir.14.12	Sir.14.12	Sir.14.12	Sir.14.12
Sir.14.13	Sir.14.13	Sir.14.13	Sir.14.13
Sir.14.14	Sir.14.14	Sir.14.14	Sir.14.14
Sir.14.15	Sir.14.15	Sir.14.15	Sir.14.15
Sir.14.16	Sir.14.16	Sir.14.16	Sir.14.16
Sir.14.17	Sir.14.18	Sir.14.18	Sir.14.17
Sir.14.18	Sir.14.19	Sir.14.19	Sir.14.18
Sir.14.19	Sir.14.21	Sir.14.21	Sir.14.19
Sir.14.20	Sir.14.22	Sir.14.22	Sir.14.20
Sir.14.21	Sir.14.23	Sir.14.23	Sir.14.21
Sir.14.22	Sir.14.23	Sir.14.23	Sir.14.22
Sir.14.23	Sir.14.24	Sir.14.24	Sir.14.23
Sir.14.24	Sir.14.25	Sir.14.25	Sir.14.24
Sir.14.25	Sir.14.25	Sir.14.25	Sir.14.25
Sir.14.26	Sir.14.26	Sir.14.26	Sir.14.26
Sir.14.27	Sir.14.27	Sir.14.27	Sir.14.27
Sir.15.1	Sir.15.1	Sir.15.1	Sir.15.1
Sir.15.2	Sir.15.2	Sir.15.2	Sir.15.2
Sir.15.3	Sir.15.3	Sir.15.3	Sir.15.3
Sir.15.4	Sir.15.4	Sir.15.4	Sir.15.4
Sir.15.5	Sir.15.5	Sir.15.5	Sir.15.5
Sir.15.6	Sir.15.6	Sir.15.6	Sir.15.6
Sir.15.7	Sir.15.7	Sir.15.7	Sir.15.7
Sir.15.8			Sir.15.8
Sir.15.9	Sir.15.9	Sir.15.9	Sir.15.9
Sir.15.10	Sir.15.10	Sir.15.10	Sir.15.10
Sir.15.11	Sir.15.11	Sir.15.11	Sir.15.11
Sir.15.12	Sir.15.12	Sir.15.12	Sir.15.12
Sir.15.13	Sir.15.13	Sir.15.13	Sir.15.13
Sir.15.14	Sir.15.14	Sir.15.14	Sir.15.14
Sir.15.15	Sir.15.16	Sir.15.16	Sir.15.15
Sir.15.16	Sir.15.17	Sir.15.17	Sir.15.16
Sir.15.17	Sir.15.18	Sir.15.18	Sir.15.17
Sir.15.18	Sir.15.19	Sir.15.19	Sir.15.18
Sir.15.19	Sir.15.20	Sir.15.20	Sir.15.19
Sir.15.20	Sir.15.21	Sir.15.21	Sir.15.20
Sir.16.1	Sir.15.22 Sir.16.1	Sir.15.22 Sir.16.1	Sir.16.1
Sir.16.2			Sir.16.2
Sir.16.3	Sir.16.2 Sir.16.3 Sir.16.4	Sir.16.2 Sir.16.3 Sir.16.4	Sir.16.3
Sir.16.4	Sir.16.5	Sir.16.5	Sir.16.4
Sir.16.5	Sir.16.6	Sir.16.6	Sir.16.5
Sir.16.6	Sir.16.7	Sir.16.7	Sir.16.6
Sir.16.7	Sir.16.8	Sir.16.8	Sir.16.7
Sir.16.8	Sir.16.9	Sir.16.9	Sir.16.8
Sir.16.9	Sir.16.10	Sir.16.10	Sir.16.9
Sir.16.10	Sir.16.11	Sir.16.11	Sir.16.10
Sir.16.11	Sir.16.12	Sir.16.12	Sir.16.11
Sir.16.12	Sir.16.13	Sir.16.13	Sir.16.12
Sir.16.13	Sir.16.14	Sir.16.14	Sir.16.13
Sir.16.14	Sir.16.15	Sir.16.15	Sir.16.14
Sir.16.15			
Sir.16.16			
Sir.16.17	Sir.16.16 Sir.16.17	Sir.16.16 Sir.16.17	Sir.16.17
Sir.16.18	Sir.16.18	Sir.16.18	Sir.16.18
Sir.16.19	Sir.16.19	Sir.16.19	Sir.16.19
Sir.16.20	Sir.16.20	Sir.16.20	Sir.16.20
Sir.16.21	Sir.16.21	Sir.16.21	Sir.16.21
Sir.16.22	Sir.16.22	Sir.16.22	Sir.16.22
Sir.16.23	Sir.16.23	Sir.16.23	Sir.16.23
Sir.16.24	Sir.16.24	Sir.16.24	Sir.16.24
Sir.16.25	Sir.16.25	Sir.16.25	Sir.16.25
Sir.16.26	Sir.16.26	Sir.16.26	Sir.16.26
Sir.16.27	Sir.16.27	Sir.16.27	Sir.16.27
Sir.16.28	Sir.16.29	Sir.16.29	Sir.16.28
Sir.16.29	Sir.16.30 Sir.17.1	Sir.16.30 Sir.17.1	Sir.16.29
Sir.16.30	Sir.16.31	Sir.16.31	Sir.16.30
Sir.17.1	Sir.17.2	Sir.17.2	Sir.17.1
Sir.17.2	Sir.17.3	Sir.17.3	Sir.17.2
Sir.17.3			Sir.17.3
Sir.17.4	Sir.17.4	Sir.17.4	Sir.17.4
Sir.17.5			
Sir.17.6	Sir.17.5	Sir.17.5	Sir.17.6
Sir.17.7	Sir.17.6	Sir.17.6	Sir.17.7
Sir.17.8	Sir.17.7	Sir.17.7	Sir.17.8
Sir.17.9	Sir.17.8	Sir.17.8	
Sir.17.10	Sir.17.8	Sir.17.8	Sir.17.10
Sir.17.11	Sir.17.9	Sir.17.9	Sir.17.11
Sir.17.12	Sir.17.10	Sir.17.10	Sir.17.12
Sir.17.13	Sir.17.11	Sir.17.11	Sir.17.13
Sir.17.14	Sir.17.12	Sir.17.12	Sir.17.14
Sir.17.15	Sir.17.13	Sir.17.13	Sir.17.15
Sir.17.16			
Sir.17.17	Sir.17.14	Sir.17.14	Sir.17.17
Sir.17.18			
Sir.17.19	Sir.17.16	Sir.17.16	Sir.17.19
Sir.17.20	Sir.17.17	Sir.17.17	Sir.17.20
Sir.17.21			
Sir.17.22	Sir.17.18	Sir.17.18	Sir.17.22
Sir.17.23	Sir.17.19	Sir.17.19	Sir.17.23
Sir.17.24			Sir.17.24
Sir.17.25	Sir.17.21 Sir.17.22	Sir.17.21 Sir.17.22	Sir.17.25
Sir.17.26	Sir.17.23	Sir.17.23	Sir.17.26
Sir.17.27	Sir.17.25	Sir.17.25	Sir.17.27
Sir.17.28	Sir.17.26	Sir.17.26	Sir.17.28
Sir.17.29	Sir.17.28	Sir.17.28	Sir.17.29
Sir.17.30	Sir.17.29	Sir.17.29	Sir.17.30
Sir.17.31	Sir.17.30	Sir.17.30	Sir.17.31
Sir.17.32	Sir.17.31	Sir.17.31	Sir.17.32
Sir.18.1	Sir.18.1	Sir.18.1	Sir.18.1
Sir.18.2			Sir.18.2
Sir.18.3			
Sir.18.4	Sir.18.2 Sir.18.3	Sir.18.2 Sir.18.3	Sir.18.4
Sir.18.5	Sir.18.4	Sir.18.4	Sir.18.5
Sir.18.6	Sir.18.5	Sir.18.5	Sir.18.6
Sir.18.7	Sir.18.6	Sir.18.6	Sir.18.7
Sir.18.8	Sir.18.7	Sir.18.7	Sir.18.8
Sir.18.9	Sir.18.8	Sir.18.8	Sir.18.9
Sir.18.10	Sir.18.8	Sir.18.8	Sir.18.10
Sir.18.11	Sir.18.9	Sir.18.9	Sir.18.11
Sir.18.12	Sir.18.10	Sir.18.10	Sir.18.12
Sir.18.13	Sir.18.12 Sir.18.13	Sir.18.12 Sir.18.13	Sir.18.13
Sir.18.14	Sir.18.14	Sir.18.14	Sir.18.14
Sir.18.15	Sir.18.15	Sir.18.15	Sir.18.15
Sir.18.16	Sir.18.16	Sir.18.16	Sir.18.16
Sir.18.17	Sir.18.17	Sir.18.17	Sir.18.17
Sir.18.18	Sir.18.18	Sir.18.18	Sir.18.18
Sir.18.19	Sir.18.19	Sir.18.19	Sir.18.19
Sir.18.20	Sir.18.20	Sir.18.20	Sir.18.20
Sir.18.21	Sir.18.21	Sir.18.21	Sir.18.21
Sir.18.22	Sir.18.22	Sir.18.22	Sir.18.22
Sir.18.23	Sir.18.23	Sir.18.23	Sir.18.23
Sir.18.24	Sir.18.24	Sir.18.24	Sir.18.24
Sir.18.25	Sir.18.25	Sir.18.25	Sir.18.25
Sir.18.26	Sir.18.26	Sir.18.26	Sir.18.26
Sir.18.27	Sir.18.27	Sir.18.27	Sir.18.27
Sir.18.28	Sir.18.28	Sir.18.28	Sir.18.28
Sir.18.29	Sir.18.29	Sir.18.29	Sir.18.29
Sir.18.30	Sir.18.30	Sir.18.30	Sir.18.30
Sir.18.31	Sir.18.31	Sir.18.31	Sir.18.31
Sir.18.32	Sir.18.32	Sir.18.32	Sir.18.32
Sir.18.33	Sir.18.33	Sir.18.33	Sir.18.33
Sir.19.1	Sir.19.1	Sir.19.1	Sir.19.1
Sir.19.2	Sir.19.2	Sir.19.2	Sir.19.2
Sir.19.3	Sir.19.3	Sir.19.3	Sir.19.3
Sir.19.4	Sir.19.4	Sir.19.4	Sir.19.4
Sir.19.5			Sir.19.5
Sir.19.6	Sir.19.5	Sir.19.5	Sir.19.6
Sir.19.7	Sir.19.7	Sir.19.7	Sir.19.7
Sir.19.8	Sir.19.8	Sir.19.8	Sir.19.8
Sir.19.9	Sir.19.9	Sir.19.9	Sir.19.9
Sir.19.10	Sir.19.10	Sir.19.10	Sir.19.10
Sir.19.11	Sir.19.11	Sir.19.11	Sir.19.11
Sir.19.12	Sir.19.12	Sir.19.12	Sir.19.12
Sir.19.13	Sir.19.13	Sir.19.13	Sir.19.13
Sir.19.14	Sir.19.14	Sir.19.14	Sir.19.14
Sir.19.15	Sir.19.15	Sir.19.15	Sir.19.15
Sir.19.16	Sir.19.16	Sir.19.16	Sir.19.16
Sir.19.17	Sir.19.17	Sir.19.17	Sir.19.17
Sir.19.18			
Sir.19.19			
Sir.19.20	Sir.19.18	Sir.19.18	Sir.19.20
Sir.19.21			
Sir.19.22	Sir.19.19	Sir.19.19	Sir.19.22
Sir.19.23	Sir.19.20	Sir.19.20	Sir.19.23
Sir.19.24	Sir.19.21	Sir.19.21	Sir.19.24
Sir.19.25	Sir.19.22	Sir.19.22	Sir.19.25
Sir.19.26	Sir.19.23	Sir.19.23	Sir.19.26
Sir.19.27	Sir.19.24	Sir.19.24	Sir.19.27
Sir.19.28	Sir.19.25	Sir.19.25	Sir.19.28
Sir.19.29	Sir.19.26	Sir.19.26	Sir.19.29
Sir.19.30	Sir.19.27	Sir.19.27	Sir.19.30
Sir.20.1	Sir.19.28	Sir.19.28	Sir.20.1
Sir.20.2	Sir.20.1	Sir.20.1	Sir.20.2 Sir.20.3
Sir.20.3	Sir.20.4	Sir.20.4	
Sir.20.4			Sir.20.4
Sir.20.5	Sir.20.5	Sir.20.5	Sir.20.5
Sir.20.6	Sir.20.6	Sir.20.6	Sir.20.6
Sir.20.7	Sir.20.7	Sir.20.7	Sir.20.7
Sir.20.8	Sir.20.8	Sir.20.8	Sir.20.8
Sir.20.9	Sir.20.9	Sir.20.9	Sir.20.9
Sir.20.10	Sir.20.10	Sir.20.10	Sir.20.10
Sir.20.11	Sir.20.11	Sir.20.11	Sir.20.11
Sir.20.12	Sir.20.12	Sir.20.12	Sir.20.12
Sir.20.13	Sir.20.13	Sir.20.13	Sir.20.13
Sir.20.14	Sir.20.14	Sir.20.14	Sir.20.14
Sir.20.15	Sir.20.15 Sir.20.16	Sir.20.15 Sir.20.16	Sir.20.15
Sir.20.16	Sir.20.17	Sir.20.17	Sir.20.16
Sir.20.17	Sir.20.18	Sir.20.18	Sir.20.17
Sir.20.18	Sir.20.20	Sir.20.20	Sir.20.18
Sir.20.19	Sir.20.21	Sir.20.21	Sir.20.19
Sir.20.20	Sir.20.22	Sir.20.22	Sir.20.20
Sir.20.21	Sir.20.23	Sir.20.23	Sir.20.21
Sir.20.22	Sir.20.24	Sir.20.24	Sir.20.22
Sir.20.23	Sir.20.25	Sir.20.25	Sir.20.23
Sir.20.24	Sir.20.26	Sir.20.26	Sir.20.24
Sir.20.25	Sir.20.27	Sir.20.27	Sir.20.25
Sir.20.26			Sir.20.26
Sir.20.27	Sir.20.28 Sir.20.29	Sir.20.28 Sir.20.29	Sir.20.27
Sir.20.28	Sir.20.30	Sir.20.30	Sir.20.28
Sir.20.29	Sir.20.31	Sir.20.31	Sir.20.29
Sir.20.30	Sir.20.32	Sir.20.32	Sir.20.30
Sir.20.31	Sir.20.33	Sir.20.33	Sir.20.31
Sir.20.32			
Sir.21.1	Sir.21.1	Sir.21.1	Sir.21.1
Sir.21.2	Sir.21.2 Sir.21.3	Sir.21.2 Sir.21.3	Sir.21.2
Sir.21.3	Sir.21.4	Sir.21.4	Sir.21.3
Sir.21.4	Sir.21.5	Sir.21.5	Sir.21.4
Sir.21.5	Sir.21.6	Sir.21.6	Sir.21.5
Sir.21.6	Sir.21.7	Sir.21.7	Sir.21.6
Sir.21.7	Sir.21.8	Sir.21.8	Sir.21.7
Sir.21.8	Sir.21.9	Sir.21.9	Sir.21.8
Sir.21.9	Sir.21.10	Sir.21.10	Sir.21.9
Sir.21.10	Sir.21.11	Sir.21.11	Sir.21.10
Sir.21.11	Sir.21.12 Sir.21.13	Sir.21.12 Sir.21.13	Sir.21.11
Sir.21.12	Sir.21.14 Sir.21.15	Sir.21.14 Sir.21.15	Sir.21.12
Sir.21.13	Sir.21.16	Sir.21.16	Sir.21.13
Sir.21.14	Sir.21.17	Sir.21.17	Sir.21.14
Sir.21.15	Sir.21.18	Sir.21.18	Sir.21.15
Sir.21.16	Sir.21.19	Sir.21.19	Sir.21.16
Sir.21.17	Sir.21.20	Sir.21.20	Sir.21.17
Sir.21.18	Sir.21.21	Sir.21.21	Sir.21.18
Sir.21.19	Sir.21.22	Sir.21.22	Sir.21.19
Sir.21.20	Sir.21.23	Sir.21.23	Sir.21.20
Sir.21.21	Sir.21.24	Sir.21.24	Sir.21.21
Sir.21.22	Sir.21.25	Sir.21.25	Sir.21.22
Sir.21.23	Sir.21.26	Sir.21.26	Sir.21.23
Sir.21.24	Sir.21.27	Sir.21.27	Sir.21.24
Sir.21.25	Sir.21.28	Sir.21.28	Sir.21.25
Sir.21.26	Sir.21.29	Sir.21.29	Sir.21.26
Sir.21.27	Sir.21.30	Sir.21.30	Sir.21.27
Sir.21.28	Sir.21.31	Sir.21.31	Sir.21.28
Sir.22.1	Sir.22.1	Sir.22.1	Sir.22.1
Sir.22.2	Sir.22.2	Sir.22.2	Sir.22.2
Sir.22.3	Sir.22.3	Sir.22.3	Sir.22.3
Sir.22.4	Sir.22.4	Sir.22.4	Sir.22.4
Sir.22.5	Sir.22.5	Sir.22.5	Sir.22.5
Sir.22.6	Sir.22.6	Sir.22.6	Sir.22.6
Sir.22.7	Sir.22.7	Sir.22.7	Sir.22.9
Sir.22.8	Sir.22.9	Sir.22.9	Sir.22.10
Sir.22.9			
Sir.22.10			
Sir.22.11	Sir.22.10 Sir.22.11 Sir.22.12	Sir.22.10 Sir.22.11 Sir.22.12	Sir.22.11
Sir.22.12	Sir.22.13	Sir.22.13	Sir.22.12
Sir.22.13	Sir.22.14 Sir.22.15	Sir.22.14 Sir.22.15	Sir.22.13
Sir.22.14	Sir.22.17	Sir.22.17	Sir.22.14
Sir.22.15	Sir.22.18	Sir.22.18	Sir.22.15
Sir.22.16	Sir.22.19	Sir.22.19	Sir.22.16
Sir.22.17	Sir.22.20	Sir.22.20	Sir.22.17
Sir.22.18	Sir.22.21 Sir.22.22	Sir.22.21 Sir.22.22	Sir.22.18
Sir.22.19	Sir.22.24	Sir.22.24	Sir.22.19
Sir.22.20	Sir.22.25	Sir.22.25	Sir.22.20
Sir.22.21	Sir.22.26	Sir.22.26	Sir.22.21
Sir.22.22	Sir.22.27	Sir.22.27	Sir.22.22
Sir.22.23	Sir.22.28 Sir.22.29	Sir.22.28 Sir.22.29	Sir.22.23
Sir.22.24	Sir.22.30	Sir.22.30	Sir.22.24
Sir.22.25	Sir.22.31	Sir.22.31	Sir.22.25
Sir.22.26	Sir.22.32	Sir.22.32	Sir.22.26
Sir.22.27	Sir.22.33	Sir.22.33	Sir.22.27
Sir.23.1	Sir.23.1	Sir.23.1	Sir.23.1
Sir.23.2	Sir.23.2	Sir.23.2	Sir.23.2
Sir.23.3	Sir.23.3	Sir.23.3	Sir.23.3
Sir.23.4	Sir.23.4	Sir.23.4	Sir.23.4
Sir.23.5	Sir.23.5	Sir.23.5	Sir.23.5
Sir.23.6	Sir.23.6	Sir.23.6	Sir.23.6
Sir.23.7	Sir.23.7	Sir.23.7	Sir.23.7
Sir.23.8	Sir.23.8	Sir.23.8	Sir.23.8
Sir.23.9	Sir.23.9	Sir.23.9	Sir.23.9
Sir.23.10	Sir.23.11	Sir.23.11	Sir.23.10
Sir.23.11	Sir.23.12 Sir.23.13	Sir.23.12 Sir.23.13	Sir.23.11
Sir.23.12	Sir.23.15 Sir.23.16	Sir.23.15 Sir.23.16	Sir.23.12
Sir.23.13	Sir.23.17	Sir.23.17	Sir.23.13
Sir.23.14	Sir.23.18 Sir.23.19	Sir.23.18 Sir.23.19	Sir.23.14
Sir.23.15	Sir.23.20	Sir.23.20	Sir.23.15
Sir.23.16	Sir.23.21 Sir.23.22	Sir.23.21 Sir.23.22	Sir.23.16
Sir.23.17	Sir.23.23 Sir.23.24	Sir.23.23 Sir.23.24	Sir.23.17
Sir.23.18	Sir.23.26	Sir.23.26	Sir.23.18
Sir.23.19	Sir.23.28	Sir.23.28	Sir.23.19
Sir.23.20	Sir.23.29	Sir.23.29	Sir.23.20
Sir.23.21	Sir.23.30	Sir.23.30	Sir.23.21
Sir.23.22	Sir.23.32	Sir.23.32	Sir.23.22
Sir.23.23	Sir.23.33	Sir.23.33	Sir.23.23
Sir.23.24	Sir.23.34	Sir.23.34	Sir.23.24
Sir.23.25	Sir.23.35	Sir.23.35	Sir.23.25
Sir.23.26	Sir.23.36	Sir.23.36	Sir.23.26
Sir.23.27	Sir.23.37	Sir.23.37	Sir.23.27
Sir.23.28	Sir.23.38	Sir.23.38	
Sir.24.1	Sir.24.1	Sir.24.1	Sir.24.1
Sir.24.2	Sir.24.2	Sir.24.2	Sir.24.2
Sir.24.3	Sir.24.5	Sir.24.5	Sir.24.3
Sir.24.4	Sir.24.7	Sir.24.7	Sir.24.4
Sir.24.5	Sir.24.8	Sir.24.8	Sir.24.5
Sir.24.6	Sir.24.9	Sir.24.9	Sir.24.6
Sir.24.7	Sir.24.11	Sir.24.11	Sir.24.7
Sir.24.8	Sir.24.12 Sir.24.13	Sir.24.12 Sir.24.13	Sir.24.8
Sir.24.9	Sir.24.14	Sir.24.14	Sir.24.9
Sir.24.10	Sir.24.15	Sir.24.15	Sir.24.10
Sir.24.11	Sir.24.15	Sir.24.15	Sir.24.11
Sir.24.12	Sir.24.16	Sir.24.16	Sir.24.12
Sir.24.13	Sir.24.17	Sir.24.17	Sir.24.13
Sir.24.14	Sir.24.18 Sir.24.19	Sir.24.18 Sir.24.19	Sir.24.14
Sir.24.15	Sir.24.20 Sir.24.21	Sir.24.20 Sir.24.21	Sir.24.15
Sir.24.16	Sir.24.22	Sir.24.22	Sir.24.16
Sir.24.17	Sir.24.23	Sir.24.23	Sir.24.17
Sir.24.18	Sir.24.24	Sir.24.24	
Sir.24.19	Sir.24.26	Sir.24.26	Sir.24.19
Sir.24.20	Sir.24.27	Sir.24.27	Sir.24.20
Sir.24.21	Sir.24.29	Sir.24.29	Sir.24.21
Sir.24.22	Sir.24.30	Sir.24.30	Sir.24.22
Sir.24.23	Sir.24.32 Sir.24.33	Sir.24.32 Sir.24.33	Sir.24.23
Sir.24.24			
Sir.24.25	Sir.24.35	Sir.24.35	Sir.24.25
Sir.24.26	Sir.24.36	Sir.24.36	Sir.24.26
Sir.24.27	Sir.24.37	Sir.24.37	Sir.24.27
Sir.24.28	Sir.24.38	Sir.24.38	Sir.24.28
Sir.24.29	Sir.24.39	Sir.24.39	Sir.24.29
Sir.24.30	Sir.24.41	Sir.24.41	Sir.24.30
Sir.24.31	Sir.24.42 Sir.24.43	Sir.24.42 Sir.24.43	Sir.24.31
Sir.24.32	Sir.24.44	Sir.24.44	Sir.24.32
Sir.24.33	Sir.24.46	Sir.24.46	Sir.24.33
Sir.24.34	Sir.24.47	Sir.24.47	Sir.24.34
Sir.25.1	Sir.25.1 Sir.25.2	Sir.25.1 Sir.25.2	Sir.25.1
Sir.25.2	Sir.25.3 Sir.25.4	Sir.25.3 Sir.25.4	Sir.25.2
Sir.25.3	Sir.25.5	Sir.25.5	Sir.25.3
Sir.25.4	Sir.25.6	Sir.25.6	Sir.25.4
Sir.25.5	Sir.25.7	Sir.25.7	Sir.25.5
Sir.25.6	Sir.25.8	Sir.25.8	Sir.25.6
Sir.25.7	Sir.25.9 Sir.25.10	Sir.25.9 Sir.25.10	Sir.25.7
Sir.25.8	Sir.25.11	Sir.25.11	Sir.25.8
Sir.25.9			Sir.25.9
Sir.25.10	Sir.25.13	Sir.25.13	Sir.25.10
Sir.25.11	Sir.25.14 Sir.25.15	Sir.25.14 Sir.25.15	Sir.25.11
Sir.25.12	Sir.25.16	Sir.25.16	
Sir.25.13	Sir.25.18 Sir.25.19	Sir.25.18 Sir.25.19	Sir.25.13
Sir.25.14	Sir.25.20 Sir.25.21	Sir.25.20 Sir.25.21	Sir.25.14
Sir.25.15	Sir.25.22	Sir.25.22	Sir.25.15
Sir.25.16	Sir.25.23	Sir.25.23	Sir.25.16
Sir.25.17	Sir.25.24	Sir.25.24	Sir.25.17
Sir.25.18	Sir.25.25	Sir.25.25	Sir.25.18
Sir.25.19	Sir.25.26	Sir.25.26	Sir.25.19
Sir.25.20	Sir.25.27	Sir.25.27	Sir.25.20
Sir.25.21	Sir.25.28	Sir.25.28	Sir.25.21
Sir.25.22	Sir.25.29	Sir.25.29	Sir.25.22
Sir.25.23	Sir.25.31 Sir.25.32	Sir.25.31 Sir.25.32	Sir.25.23
Sir.25.24	Sir.25.33	Sir.25.33	Sir.25.24
Sir.25.25	Sir.25.34	Sir.25.34	Sir.25.25
Sir.25.26	Sir.25.36	Sir.25.36	Sir.25.26
Sir.26.1	Sir.26.1	Sir.26.1	Sir.26.1
Sir.26.2	Sir.26.2	Sir.26.2	Sir.26.2
Sir.26.3	Sir.26.3	Sir.26.3	Sir.26.3
Sir.26.4	Sir.26.4	Sir.26.4	Sir.26.4
Sir.26.5	Sir.26.5 Sir.26.6 Sir.26.7	Sir.26.5 Sir.26.6 Sir.26.7	Sir.26.5
Sir.26.6	Sir.26.8 Sir.26.9	Sir.26.8 Sir.26.9	Sir.26.6
Sir.26.7	Sir.26.10	Sir.26.10	Sir.26.7
Sir.26.8	Sir.26.11	Sir.26.11	Sir.26.8
Sir.26.9	Sir.26.12	Sir.26.12	Sir.26.9
Sir.26.10	Sir.26.13	Sir.26.13	Sir.26.10
Sir.26.11	Sir.26.14	Sir.26.14	Sir.26.11
Sir.26.12	Sir.26.15	Sir.26.15	Sir.26.12
Sir.26.13	Sir.26.16	Sir.26.16	Sir.26.13
Sir.26.14	Sir.26.18	Sir.26.18	Sir.26.14
Sir.26.15	Sir.26.19	Sir.26.19	Sir.26.15
Sir.26.16	Sir.26.21	Sir.26.21	Sir.26.16
Sir.26.17	Sir.26.22	Sir.26.22	Sir.26.17
Sir.26.18	Sir.26.23	Sir.26.23	Sir.26.18
Sir.26.19			
Sir.26.20			
Sir.26.21			
Sir.26.22			
Sir.26.23			
Sir.26.24			
Sir.26.25			
Sir.26.26			
Sir.26.27			
Sir.26.28			Sir.26.28
Sir.26.29			Sir.26.29
Sir.27.1	Sir.27.1	Sir.27.1	Sir.27.1
Sir.27.2	Sir.27.2	Sir.27.2	Sir.27.2
Sir.27.3	Sir.27.4	Sir.27.4	Sir.27.3
Sir.27.4	Sir.27.5	Sir.27.5	Sir.27.4
Sir.27.5	Sir.27.6	Sir.27.6	Sir.27.5
Sir.27.6	Sir.27.7	Sir.27.7	Sir.27.6
Sir.27.7	Sir.27.8	Sir.27.8	Sir.27.7
Sir.27.8	Sir.27.9	Sir.27.9	Sir.27.8
Sir.27.9	Sir.27.10	Sir.27.10	Sir.27.9
Sir.27.10	Sir.27.11	Sir.27.11	Sir.27.10
Sir.27.11	Sir.27.12	Sir.27.12	Sir.27.11
Sir.27.12	Sir.27.13	Sir.27.13	Sir.27.12
Sir.27.13	Sir.27.14	Sir.27.14	Sir.27.13
Sir.27.14	Sir.27.15	Sir.27.15	Sir.27.14
Sir.27.15	Sir.27.16	Sir.27.16	Sir.27.15
Sir.27.16	Sir.27.17	Sir.27.17	Sir.27.16
Sir.27.17	Sir.27.19	Sir.27.19	Sir.27.17
Sir.27.18	Sir.27.20	Sir.27.20	Sir.27.18
Sir.27.19	Sir.27.21	Sir.27.21	Sir.27.19
Sir.27.20	Sir.27.22	Sir.27.22	Sir.27.20
Sir.27.21	Sir.27.24	Sir.27.24	Sir.27.21
Sir.27.22	Sir.27.25	Sir.27.25	Sir.27.22
Sir.27.23	Sir.27.26	Sir.27.26	Sir.27.23
Sir.27.24	Sir.27.27	Sir.27.27	Sir.27.24
Sir.27.25	Sir.27.28	Sir.27.28	Sir.27.25
Sir.27.26	Sir.27.29	Sir.27.29	Sir.27.26
Sir.27.27	Sir.27.30	Sir.27.30	Sir.27.27
Sir.27.28	Sir.27.31	Sir.27.31	Sir.27.28
Sir.27.29	Sir.27.32	Sir.27.32	Sir.27.29
Sir.27.30	Sir.27.33	Sir.27.33	Sir.27.30
Sir.28.1	Sir.28.1	Sir.28.1	Sir.28.1
Sir.28.2	Sir.28.2	Sir.28.2	Sir.28.2
Sir.28.3	Sir.28.3	Sir.28.3	Sir.28.3
Sir.28.4	Sir.28.4	Sir.28.4	Sir.28.4
Sir.28.5	Sir.28.5	Sir.28.5	Sir.28.5
Sir.28.6	Sir.28.6 Sir.28.7	Sir.28.6 Sir.28.7	Sir.28.6
Sir.28.7	Sir.28.9	Sir.28.9	Sir.28.7
Sir.28.8	Sir.28.10	Sir.28.10	Sir.28.8
Sir.28.9	Sir.28.11	Sir.28.11	Sir.28.9
Sir.28.10	Sir.28.12	Sir.28.12	Sir.28.10
Sir.28.11	Sir.28.13	Sir.28.13	Sir.28.11
Sir.28.12	Sir.28.14	Sir.28.14	Sir.28.12
Sir.28.13	Sir.28.15	Sir.28.15	Sir.28.13
Sir.28.14	Sir.28.16 Sir.28.17	Sir.28.16 Sir.28.17	Sir.28.14
Sir.28.15	Sir.28.19	Sir.28.19	Sir.28.15
Sir.28.16	Sir.28.20	Sir.28.20	Sir.28.16
Sir.28.17	Sir.28.21	Sir.28.21	Sir.28.17
Sir.28.18	Sir.28.22	Sir.28.22	Sir.28.18
Sir.28.19	Sir.28.23	Sir.28.23	Sir.28.19
Sir.28.20	Sir.28.24	Sir.28.24	Sir.28.20
Sir.28.21	Sir.28.25	Sir.28.25	Sir.28.21
Sir.28.22	Sir.28.26	Sir.28.26	Sir.28.22
Sir.28.23	Sir.28.27	Sir.28.27	Sir.28.23
Sir.28.24	Sir.28.28	Sir.28.28	Sir.28.24
Sir.28.25	Sir.28.29	Sir.28.29	Sir.28.25
Sir.28.26	Sir.28.30	Sir.28.30	Sir.28.26
Sir.29.1	Sir.29.1	Sir.29.1	Sir.29.1
Sir.29.2	Sir.29.2	Sir.29.2	Sir.29.2
Sir.29.3	Sir.29.3	Sir.29.3	Sir.29.3
Sir.29.4	Sir.29.4	Sir.29.4	Sir.29.4
Sir.29.5	Sir.29.5 Sir.29.6	Sir.29.5 Sir.29.6	Sir.29.5
Sir.29.6	Sir.29.7 Sir.29.8	Sir.29.7 Sir.29.8	Sir.29.6
Sir.29.7	Sir.29.10	Sir.29.10	Sir.29.7
Sir.29.8	Sir.29.11	Sir.29.11	Sir.29.8
Sir.29.9	Sir.29.12	Sir.29.12	Sir.29.9
Sir.29.10	Sir.29.13	Sir.29.13	Sir.29.10
Sir.29.11	Sir.29.14	Sir.29.14	Sir.29.11
Sir.29.12	Sir.29.15	Sir.29.15	Sir.29.12
Sir.29.13	Sir.29.16 Sir.29.17	Sir.29.16 Sir.29.17	Sir.29.13
Sir.29.14	Sir.29.18 Sir.29.22	Sir.29.18 Sir.29.22	Sir.29.14
Sir.29.15	Sir.29.19	Sir.29.19	Sir.29.15
Sir.29.16	Sir.29.20 Sir.29.23	Sir.29.20 Sir.29.23	Sir.29.16
Sir.29.17	Sir.29.21	Sir.29.21	Sir.29.17
Sir.29.18	Sir.29.24	Sir.29.24	Sir.29.18
Sir.29.19	Sir.29.25	Sir.29.25	Sir.29.19
Sir.29.20	Sir.29.26	Sir.29.26	Sir.29.20
Sir.29.21	Sir.29.27	Sir.29.27	Sir.29.21
Sir.29.22	Sir.29.28	Sir.29.28	Sir.29.22
Sir.29.23	Sir.29.29	Sir.29.29	Sir.29.23
Sir.29.24	Sir.29.30	Sir.29.30	Sir.29.24
Sir.29.25	Sir.29.31	Sir.29.31	Sir.29.25
Sir.29.26	Sir.29.32	Sir.29.32	Sir.29.26
Sir.29.27	Sir.29.33	Sir.29.33	Sir.29.27
Sir.29.28	Sir.29.34	Sir.29.34	Sir.29.28
Sir.30.1	Sir.30.1	Sir.30.1	Sir.30.1
Sir.30.2	Sir.30.2	Sir.30.2	Sir.30.2
Sir.30.3	Sir.30.3	Sir.30.3	Sir.30.3
Sir.30.4	Sir.30.4	Sir.30.4	Sir.30.4
Sir.30.5	Sir.30.5	Sir.30.5	Sir.30.5
Sir.30.6	Sir.30.6	Sir.30.6	Sir.30.6
Sir.30.7	Sir.30.7	Sir.30.7	Sir.30.7
Sir.30.8	Sir.30.8	Sir.30.8	Sir.30.8
Sir.30.9	Sir.30.9	Sir.30.9	Sir.30.9
Sir.30.10	Sir.30.10	Sir.30.10	Sir.30.10
Sir.30.11	Sir.30.11	Sir.30.11	Sir.30.11
Sir.30.12	Sir.30.12	Sir.30.12	Sir.30.12 Sir.30.13b
Sir.30.13	Sir.30.13	Sir.30.13	Sir.30.13
Sir.30.14	Sir.30.14	Sir.30.14	Sir.30.14
Sir.30.15	Sir.30.15	Sir.30.15	Sir.30.15
Sir.30.16	Sir.30.16	Sir.30.16	Sir.30.16
Sir.30.17	Sir.30.17	Sir.30.17	Sir.30.17
Sir.30.18	Sir.30.18	Sir.30.18	Sir.30.18
Sir.30.19	Sir.30.19	Sir.30.19	Sir.30.19
Sir.30.20	Sir.30.21	Sir.30.21	Sir.30.20
Sir.30.21	Sir.30.22	Sir.30.22	Sir.30.21
Sir.30.22	Sir.30.23	Sir.30.23	Sir.30.22
Sir.30.23	Sir.30.24 Sir.30.25	Sir.30.24 Sir.30.25	Sir.30.23
Sir.30.24	Sir.30.26	Sir.30.26	Sir.30.24
Sir.30.25	Sir.30.27	Sir.30.27	Sir.33.12
Sir.31.1	Sir.31.1	Sir.31.1	Sir.34.1
Sir.31.2			Sir.34.2
Sir.31.3	Sir.31.3	Sir.31.3	Sir.34.3
Sir.31.4	Sir.31.4	Sir.31.4	Sir.34.4
Sir.31.5	Sir.31.5	Sir.31.5	Sir.34.5
Sir.31.6	Sir.31.6	Sir.31.6	Sir.34.6
Sir.31.7	Sir.31.7	Sir.31.7	Sir.34.7
Sir.31.8	Sir.31.8	Sir.31.8	Sir.34.8
Sir.31.9	Sir.31.9	Sir.31.9	Sir.34.9
Sir.31.10	Sir.31.10	Sir.31.10	Sir.34.10
Sir.31.11	Sir.31.11	Sir.31.11	Sir.34.11
Sir.31.12	Sir.31.13	Sir.31.13	Sir.34.12
Sir.31.13	Sir.31.14 Sir.31.15	Sir.31.14 Sir.31.15	Sir.34.13
Sir.31.14	Sir.31.16	Sir.31.16	Sir.34.14
Sir.31.15	Sir.31.18	Sir.31.18	Sir.34.15
Sir.31.16	Sir.31.19	Sir.31.19	Sir.34.16
Sir.31.17	Sir.31.20	Sir.31.20	Sir.34.17
Sir.31.18	Sir.31.21	Sir.31.21	Sir.34.18
Sir.31.19	Sir.31.22	Sir.31.22	Sir.34.19
Sir.31.20	Sir.31.23 Sir.31.24	Sir.31.23 Sir.31.24	Sir.34.20
Sir.31.21	Sir.31.25	Sir.31.25	Sir.34.21
Sir.31.22	Sir.31.26 Sir.31.27	Sir.31.26 Sir.31.27	Sir.34.22
Sir.31.23			Sir.34.23
Sir.31.24	Sir.31.29	Sir.31.29	Sir.34.24
Sir.31.25	Sir.31.30	Sir.31.30	Sir.34.25
Sir.31.26	Sir.31.31	Sir.31.31	Sir.34.26
Sir.31.27	Sir.31.35	Sir.31.35	Sir.34.27
Sir.31.28	Sir.31.36	Sir.31.36	Sir.34.28
Sir.31.29	Sir.31.39	Sir.31.39	Sir.34.29
Sir.31.30	Sir.31.40	Sir.31.40	Sir.34.30
Sir.31.31	Sir.31.41 Sir.31.42	Sir.31.41 Sir.31.42	Sir.34.31
Sir.32.1	Sir.32.1 Sir.32.2	Sir.32.1 Sir.32.2	Sir.35.1
Sir.32.2	Sir.32.3	Sir.32.3	Sir.35.2
Sir.32.3	Sir.32.4	Sir.32.4	Sir.35.3
Sir.32.4	Sir.32.6	Sir.32.6	Sir.35.4
Sir.32.5	Sir.32.7	Sir.32.7	Sir.35.5
Sir.32.6	Sir.32.8	Sir.32.8	Sir.35.6
Sir.32.7	Sir.32.10	Sir.32.10	Sir.35.7
Sir.32.8	Sir.32.11	Sir.32.11	Sir.35.8
Sir.32.9	Sir.32.13	Sir.32.13	Sir.35.9
Sir.32.10	Sir.32.14	Sir.32.14	Sir.35.10
Sir.32.11			Sir.35.11
Sir.32.12	Sir.32.16	Sir.32.16	Sir.35.12
Sir.32.13	Sir.32.17	Sir.32.17	Sir.35.13
Sir.32.14	Sir.32.18	Sir.32.18	Sir.35.14
Sir.32.15	Sir.32.19	Sir.32.19	Sir.35.15
Sir.32.16	Sir.32.20	Sir.32.20	Sir.35.16
Sir.32.17	Sir.32.21	Sir.32.21	Sir.35.17
Sir.32.18	Sir.32.22 Sir.32.23	Sir.32.22 Sir.32.23	Sir.35.18
Sir.32.19	Sir.32.24	Sir.32.24	Sir.35.19
Sir.32.20	Sir.32.25	Sir.32.25	Sir.35.20
Sir.32.21			Sir.35.21
Sir.32.22	Sir.32.26	Sir.32.26	Sir.35.22
Sir.32.23	Sir.32.27	Sir.32.27	Sir.35.23
Sir.32.24	Sir.32.28	Sir.32.28	Sir.35.24
Sir.33.1	Sir.33.1	Sir.33.1	Sir.36.1
Sir.33.2	Sir.33.2	Sir.33.2	Sir.36.2
Sir.33.3	Sir.33.3	Sir.33.3	Sir.36.3
Sir.33.4	Sir.33.4	Sir.33.4	Sir.36.4
Sir.33.5	Sir.33.5	Sir.33.5	Sir.36.5
Sir.33.6	Sir.33.6	Sir.33.6	Sir.36.6
Sir.33.7	Sir.33.7	Sir.33.7	Sir.36.7
Sir.33.8	Sir.33.8	Sir.33.8	Sir.36.8
Sir.33.9	Sir.33.10	Sir.33.10	Sir.36.9
Sir.33.10	Sir.33.10	Sir.33.10	Sir.36.10
Sir.33.11	Sir.33.11	Sir.33.11	Sir.36.11
Sir.33.12	Sir.33.12	Sir.33.12	Sir.36.12
Sir.33.13	Sir.33.13 Sir.33.14	Sir.33.13 Sir.33.14	Sir.36.13
Sir.33.14	Sir.33.15	Sir.33.15	Sir.36.14
Sir.33.15	Sir.33.15	Sir.33.15	Sir.36.15
Sir.33.16	Sir.33.16 Sir.33.17	Sir.33.16 Sir.33.17	Sir.30.25 Sir.36.16
Sir.33.17	Sir.33.18	Sir.33.18	Sir.30.26
Sir.33.18	Sir.33.19	Sir.33.19	Sir.30.27
Sir.33.19	Sir.33.20	Sir.33.20	Sir.30.28
Sir.33.20	Sir.33.21	Sir.33.21	Sir.30.29
Sir.33.21	Sir.33.22	Sir.33.22	Sir.30.30
Sir.33.22	Sir.33.23	Sir.33.23	Sir.30.31
Sir.33.23	Sir.33.24	Sir.33.24	Sir.30.32
Sir.33.24	Sir.33.25	Sir.33.25	Sir.30.33
Sir.33.25	Sir.33.26	Sir.33.26	Sir.30.34
Sir.33.26	Sir.33.27	Sir.33.27	Sir.30.35
Sir.33.27	Sir.33.29	Sir.33.29	Sir.30.36
Sir.33.28	Sir.33.30	Sir.33.30	Sir.30.37
Sir.33.29	Sir.33.30	Sir.33.30	Sir.30.38
Sir.33.30	Sir.33.31	Sir.33.31	Sir.30.39
Sir.33.31	Sir.33.33	Sir.33.33	Sir.30.40
Sir.34.1	Sir.34.1	Sir.34.1	Sir.31.1
Sir.34.2	Sir.34.2	Sir.34.2	Sir.31.2
Sir.34.3	Sir.34.3	Sir.34.3	Sir.31.3
Sir.34.4	Sir.34.4	Sir.34.4	Sir.31.4
Sir.34.5	Sir.34.5	Sir.34.5	Sir.31.5
Sir.34.6	Sir.34.6	Sir.34.6	Sir.31.6
Sir.34.7	Sir.34.7	Sir.34.7	Sir.31.7
Sir.34.8	Sir.34.8	Sir.34.8	Sir.31.8
Sir.34.9	Sir.34.9	Sir.34.9	Sir.31.9
Sir.34.10	Sir.34.10	Sir.34.10	Sir.31.10
Sir.34.11	Sir.34.12	Sir.34.12	Sir.31.11
Sir.34.12	Sir.34.13	Sir.34.13	Sir.31.12
Sir.34.13	Sir.34.14 Sir.34.15	Sir.34.14 Sir.34.15	Sir.31.13
Sir.34.14	Sir.34.16	Sir.34.16	Sir.31.14
Sir.34.15	Sir.34.17 Sir.34.18	Sir.34.17 Sir.34.18	Sir.31.15
Sir.34.16	Sir.34.19	Sir.34.19	Sir.31.16
Sir.34.17	Sir.34.20	Sir.34.20	Sir.31.17
Sir.34.18	Sir.34.21	Sir.34.21	Sir.31.18
Sir.34.19	Sir.34.23	Sir.34.23	Sir.31.19
Sir.34.20	Sir.34.24	Sir.34.24	Sir.31.20
Sir.34.21	Sir.34.25	Sir.34.25	Sir.31.21
Sir.34.22	Sir.34.26 Sir.34.27	Sir.34.26 Sir.34.27	Sir.31.22
Sir.34.23	Sir.34.28	Sir.34.28	Sir.31.23
Sir.34.24	Sir.34.29	Sir.34.29	Sir.31.24
Sir.34.25	Sir.34.30	Sir.34.30	Sir.31.25
Sir.34.26	Sir.34.31	Sir.34.31	Sir.31.26
Sir.35.1	Sir.35.1	Sir.35.1	Sir.32.1
Sir.35.2	Sir.35.4	Sir.35.4	Sir.32.2
Sir.35.3	Sir.35.5	Sir.35.5	Sir.32.3
Sir.35.4	Sir.35.6	Sir.35.6	Sir.32.4
Sir.35.5	Sir.35.7	Sir.35.7	Sir.32.5
Sir.35.6	Sir.35.8	Sir.35.8	Sir.32.6
Sir.35.7	Sir.35.9	Sir.35.9	Sir.32.7
Sir.35.8	Sir.35.10	Sir.35.10	Sir.32.8
Sir.35.9	Sir.35.11	Sir.35.11	Sir.32.9
Sir.35.10	Sir.35.12	Sir.35.12	Sir.32.10
Sir.35.11	Sir.35.13	Sir.35.13	Sir.32.11
Sir.35.12	Sir.35.14 Sir.35.15	Sir.35.14 Sir.35.15	Sir.32.12
Sir.35.13	Sir.35.16	Sir.35.16	Sir.32.13
Sir.35.14	Sir.35.17	Sir.35.17	Sir.32.14
Sir.35.15	Sir.35.18	Sir.35.18	Sir.32.15
Sir.35.16	Sir.35.20	Sir.35.20	Sir.32.16
Sir.35.17	Sir.35.21	Sir.35.21	Sir.32.17
Sir.35.18	Sir.35.23	Sir.35.23	Sir.32.18
Sir.35.19	Sir.35.24 Sir.35.25	Sir.35.24 Sir.35.25	Sir.32.19
Sir.35.20	Sir.35.26	Sir.35.26	Sir.32.20
Sir.36.1	Sir.36.1	Sir.36.1	Sir.33.1
Sir.36.2	Sir.36.2	Sir.36.2	Sir.33.2
Sir.36.3	Sir.36.3	Sir.36.3	Sir.33.3
Sir.36.4	Sir.36.4	Sir.36.4	Sir.33.4
Sir.36.5	Sir.36.5	Sir.36.5	Sir.33.5
Sir.36.6	Sir.36.6 Sir.36.7	Sir.36.6 Sir.36.7	Sir.33.6
Sir.36.7	Sir.36.8 Sir.36.9	Sir.36.8 Sir.36.9	Sir.33.7
Sir.36.8	Sir.36.10	Sir.36.10	Sir.33.8
Sir.36.9	Sir.36.11	Sir.36.11	Sir.33.9
Sir.36.10	Sir.36.12	Sir.36.12	Sir.33.10
Sir.36.11	Sir.36.13	Sir.36.13	Sir.33.11 Sir.36.16
Sir.36.12	Sir.36.14	Sir.36.14	Sir.36.17
Sir.36.13	Sir.36.15	Sir.36.15	Sir.36.18
Sir.36.14	Sir.36.16	Sir.36.16	Sir.36.19
Sir.36.15	Sir.36.17	Sir.36.17	Sir.36.20
Sir.36.16	Sir.36.18	Sir.36.18	Sir.36.21
Sir.36.17	Sir.36.19	Sir.36.19	Sir.36.22
Sir.36.18	Sir.36.20	Sir.36.20	Sir.36.23
Sir.36.19	Sir.36.21	Sir.36.21	Sir.36.24
Sir.36.20	Sir.36.22	Sir.36.22	Sir.36.25
Sir.36.21	Sir.36.23	Sir.36.23	Sir.36.26
Sir.36.22	Sir.36.24	Sir.36.24	Sir.36.27
Sir.36.23	Sir.36.25	Sir.36.25	Sir.36.28
Sir.36.24	Sir.36.26	Sir.36.26	Sir.36.29
Sir.36.25	Sir.36.27	Sir.36.27	Sir.36.30
Sir.36.26	Sir.36.28	Sir.36.28	Sir.36.31
Sir.37.1	Sir.37.1	Sir.37.1	Sir.37.1
Sir.37.2	Sir.37.2	Sir.37.2	Sir.37.2
Sir.37.3	Sir.37.3	Sir.37.3	Sir.37.3
Sir.37.4	Sir.37.4	Sir.37.4	Sir.37.4
Sir.37.5	Sir.37.5	Sir.37.5	Sir.37.5
Sir.37.6	Sir.37.6	Sir.37.6	Sir.37.6
Sir.37.7	Sir.37.8	Sir.37.8	Sir.37.7
Sir.37.8	Sir.37.9	Sir.37.9	Sir.37.8
Sir.37.9	Sir.37.11	Sir.37.11	Sir.37.9
Sir.37.10	Sir.37.7	Sir.37.7	Sir.37.10
Sir.37.11	Sir.37.12 Sir.37.14	Sir.37.12 Sir.37.14	Sir.37.11
Sir.37.12	Sir.37.15 Sir.37.16	Sir.37.15 Sir.37.16	Sir.37.12
Sir.37.13	Sir.37.17	Sir.37.17	Sir.37.13
Sir.37.14	Sir.37.18	Sir.37.18	Sir.37.14
Sir.37.15	Sir.37.19	Sir.37.19	Sir.37.15
Sir.37.16	Sir.37.20	Sir.37.20	Sir.37.16
Sir.37.17			Sir.37.17
Sir.37.18	Sir.37.21	Sir.37.21	Sir.37.18
Sir.37.19	Sir.37.22	Sir.37.22	Sir.37.19
Sir.37.20	Sir.37.23	Sir.37.23	Sir.37.20
Sir.37.21	Sir.37.24	Sir.37.24	Sir.37.21
Sir.37.22	Sir.37.25	Sir.37.25	Sir.37.22
Sir.37.23	Sir.37.26	Sir.37.26	Sir.37.23
Sir.37.24	Sir.37.27	Sir.37.27	Sir.37.24
Sir.37.25	Sir.37.28	Sir.37.28	Sir.37.25
Sir.37.26	Sir.37.29	Sir.37.29	Sir.37.26
Sir.37.27	Sir.37.30	Sir.37.30	Sir.37.27
Sir.37.28	Sir.37.31	Sir.37.31	Sir.37.28
Sir.37.29	Sir.37.32	Sir.37.32	Sir.37.29
Sir.37.30	Sir.37.33	Sir.37.33	Sir.37.30
Sir.37.31	Sir.37.34	Sir.37.34	Sir.37.31
Sir.38.1	Sir.38.1	Sir.38.1	Sir.38.1
Sir.38.2	Sir.38.2	Sir.38.2	Sir.38.2
Sir.38.3	Sir.38.3	Sir.38.3	Sir.38.3
Sir.38.4	Sir.38.4	Sir.38.4	Sir.38.4
Sir.38.5	Sir.38.5	Sir.38.5	Sir.38.5
Sir.38.6	Sir.38.6	Sir.38.6	Sir.38.6
Sir.38.7			Sir.38.7
Sir.38.8	Sir.38.7 Sir.38.8	Sir.38.7 Sir.38.8	Sir.38.8
Sir.38.9	Sir.38.9	Sir.38.9	Sir.38.9
Sir.38.10	Sir.38.10	Sir.38.10	Sir.38.10
Sir.38.11	Sir.38.11	Sir.38.11	Sir.38.11
Sir.38.12	Sir.38.12	Sir.38.12	Sir.38.12
Sir.38.13	Sir.38.13	Sir.38.13	Sir.38.13
Sir.38.14	Sir.38.14	Sir.38.14	Sir.38.14
Sir.38.15	Sir.38.15	Sir.38.15	Sir.38.15
Sir.38.16	Sir.38.16	Sir.38.16	Sir.38.16
Sir.38.17	Sir.38.17	Sir.38.17	Sir.38.17
Sir.38.18	Sir.38.19	Sir.38.19	Sir.38.18
Sir.38.19	Sir.38.20	Sir.38.20	Sir.38.19
Sir.38.20	Sir.38.21	Sir.38.21	Sir.38.20
Sir.38.21	Sir.38.22	Sir.38.22	Sir.38.21
Sir.38.22	Sir.38.23	Sir.38.23	Sir.38.22
Sir.38.23	Sir.38.24	Sir.38.24	Sir.38.23
Sir.38.24	Sir.38.25	Sir.38.25	Sir.38.24
Sir.38.25	Sir.38.26	Sir.38.26	Sir.38.25
Sir.38.26	Sir.38.27	Sir.38.27	Sir.38.26
Sir.38.27	Sir.38.28	Sir.38.28	Sir.38.27
Sir.38.28	Sir.38.29 Sir.38.31	Sir.38.29 Sir.38.31	Sir.38.28
Sir.38.29	Sir.38.30 Sir.38.32	Sir.38.30 Sir.38.32	Sir.38.29
Sir.38.30	Sir.38.33	Sir.38.33	Sir.38.30
Sir.38.31	Sir.38.35	Sir.38.35	Sir.38.31
Sir.38.32	Sir.38.36 Sir.38.37	Sir.38.36 Sir.38.37	Sir.38.32
Sir.38.33	Sir.38.38	Sir.38.38	Sir.38.33
Sir.38.34	Sir.38.39	Sir.38.39	Sir.38.34
Sir.39.1	Sir.39.1	Sir.39.1	Sir.38.34 Sir.39.1
Sir.39.2	Sir.39.2	Sir.39.2	Sir.39.2
Sir.39.3	Sir.39.3	Sir.39.3	Sir.39.3
Sir.39.4	Sir.39.4 Sir.39.5	Sir.39.4 Sir.39.5	Sir.39.4
Sir.39.5	Sir.39.6 Sir.39.7	Sir.39.6 Sir.39.7	Sir.39.5
Sir.39.6	Sir.39.8 Sir.39.9	Sir.39.8 Sir.39.9	Sir.39.6
Sir.39.7	Sir.39.10	Sir.39.10	Sir.39.7
Sir.39.8	Sir.39.11	Sir.39.11	Sir.39.8
Sir.39.9	Sir.39.13	Sir.39.13	Sir.39.9
Sir.39.10	Sir.39.12 Sir.39.14	Sir.39.12 Sir.39.14	Sir.39.10
Sir.39.11	Sir.39.15	Sir.39.15	Sir.39.11
Sir.39.12	Sir.39.16	Sir.39.16	Sir.39.12
Sir.39.13	Sir.39.17	Sir.39.17	Sir.39.13
Sir.39.14	Sir.39.18 Sir.39.19	Sir.39.18 Sir.39.19	Sir.39.14
Sir.39.15	Sir.39.20	Sir.39.20	Sir.39.15
Sir.39.16	Sir.39.21	Sir.39.21	Sir.39.16
Sir.39.17	Sir.39.22	Sir.39.22	Sir.39.17
Sir.39.18	Sir.39.23	Sir.39.23	Sir.39.18
Sir.39.19	Sir.39.24	Sir.39.24	Sir.39.19
Sir.39.20	Sir.39.25	Sir.39.25	Sir.39.20
Sir.39.21	Sir.39.26	Sir.39.26	Sir.39.21
Sir.39.22	Sir.39.27	Sir.39.27	Sir.39.22
Sir.39.23	Sir.39.28	Sir.39.28	Sir.39.23
Sir.39.24	Sir.39.29	Sir.39.29	Sir.39.24
Sir.39.25	Sir.39.30	Sir.39.30	Sir.39.25
Sir.39.26	Sir.39.31	Sir.39.31	Sir.39.26
Sir.39.27	Sir.39.32	Sir.39.32	Sir.39.27
Sir.39.28	Sir.39.33 Sir.39.34	Sir.39.33 Sir.39.34	Sir.39.28
Sir.39.29	Sir.39.35	Sir.39.35	Sir.39.29
Sir.39.30	Sir.39.36	Sir.39.36	Sir.39.30
Sir.39.31	Sir.39.37	Sir.39.37	Sir.39.31
Sir.39.32	Sir.39.38	Sir.39.38	Sir.39.32
Sir.39.33	Sir.39.39	Sir.39.39	Sir.39.33
Sir.39.34	Sir.39.40	Sir.39.40	Sir.39.34
Sir.39.35	Sir.39.41	Sir.39.41	Sir.39.35
Sir.40.1	Sir.40.1	Sir.40.1	Sir.40.1
Sir.40.2	Sir.40.2	Sir.40.2	Sir.40.2
Sir.40.3	Sir.40.3	Sir.40.3	Sir.40.3
Sir.40.4	Sir.40.4	Sir.40.4	Sir.40.4
Sir.40.5	Sir.40.5	Sir.40.5	Sir.40.5
Sir.40.6	Sir.40.6	Sir.40.6	Sir.40.6
Sir.40.7	Sir.40.7	Sir.40.7	Sir.40.7
Sir.40.8	Sir.40.8	Sir.40.8	Sir.40.8
Sir.40.9	Sir.40.9	Sir.40.9	Sir.40.9
Sir.40.10	Sir.40.10	Sir.40.10	Sir.40.10
Sir.40.11	Sir.40.11	Sir.40.11	Sir.40.11
Sir.40.12	Sir.40.12	Sir.40.12	Sir.40.12
Sir.40.13	Sir.40.13	Sir.40.13	Sir.40.13
Sir.40.14	Sir.40.14	Sir.40.14	Sir.40.14
Sir.40.15	Sir.40.15	Sir.40.15	Sir.40.15
Sir.40.16	Sir.40.16	Sir.40.16	Sir.40.16
Sir.40.17	Sir.40.17	Sir.40.17	Sir.40.17
Sir.40.18	Sir.40.18	Sir.40.18	Sir.40.18
Sir.40.19	Sir.40.19	Sir.40.19	Sir.40.19
Sir.40.20	Sir.40.20	Sir.40.20	Sir.40.20
Sir.40.21	Sir.40.21	Sir.40.21	Sir.40.21
Sir.40.22	Sir.40.22	Sir.40.22	Sir.40.22
Sir.40.23	Sir.40.23	Sir.40.23	Sir.40.23
Sir.40.24	Sir.40.24	Sir.40.24	Sir.40.24
Sir.40.25	Sir.40.25	Sir.40.25	Sir.40.25
Sir.40.26	Sir.40.26 Sir.40.27	Sir.40.26 Sir.40.27	Sir.40.26
Sir.40.27	Sir.40.28	Sir.40.28	Sir.40.27
Sir.40.28	Sir.40.29	Sir.40.29	Sir.40.28
Sir.40.29	Sir.40.30 Sir.40.31	Sir.40.30 Sir.40.31	Sir.40.29
Sir.40.30	Sir.40.32	Sir.40.32	Sir.40.30
Sir.41.1	Sir.41.1 Sir.41.2	Sir.41.1 Sir.41.2	Sir.41.1
Sir.41.2	Sir.41.3 Sir.41.4	Sir.41.3 Sir.41.4	Sir.41.2
Sir.41.3	Sir.41.5	Sir.41.5	Sir.41.3
Sir.41.4	Sir.41.6	Sir.41.6	Sir.41.4
Sir.41.5	Sir.41.8	Sir.41.8	Sir.41.5
Sir.41.6	Sir.41.9	Sir.41.9	Sir.41.6
Sir.41.7	Sir.41.10	Sir.41.10	Sir.41.7
Sir.41.8	Sir.41.11	Sir.41.11	Sir.41.8
Sir.41.9	Sir.41.12	Sir.41.12	Sir.41.9
Sir.41.10	Sir.41.13	Sir.41.13	Sir.41.10
Sir.41.11	Sir.41.14	Sir.41.14	Sir.41.11
Sir.41.12	Sir.41.15	Sir.41.15	Sir.41.12
Sir.41.13	Sir.41.16	Sir.41.16	Sir.41.13
Sir.41.14	Sir.41.17	Sir.41.17	Sir.41.14
Sir.41.15	Sir.41.18	Sir.41.18	Sir.41.15
Sir.41.16	Sir.41.20	Sir.41.20	Sir.41.16
Sir.41.17	Sir.41.21	Sir.41.21	Sir.41.17
Sir.41.18	Sir.41.22	Sir.41.22	Sir.41.18
Sir.41.19	Sir.41.23 Sir.41.24	Sir.41.23 Sir.41.24	Sir.41.19
Sir.41.20	Sir.41.25	Sir.41.25	Sir.41.20
Sir.41.21	Sir.41.26 Sir.41.27	Sir.41.26 Sir.41.27	Sir.41.21
Sir.41.22	Sir.41.28	Sir.41.28	Sir.41.22
Sir.41.23			Sir.41.23
Sir.41.24	Sir.42.1	Sir.42.1	Sir.41.24
Sir.42.1	Sir.42.1	Sir.42.1	Sir.42.1
Sir.42.2	Sir.42.2	Sir.42.2	Sir.42.2
Sir.42.3	Sir.42.3	Sir.42.3	Sir.42.3
Sir.42.4	Sir.42.4	Sir.42.4	Sir.42.4
Sir.42.5	Sir.42.5	Sir.42.5	Sir.42.5
Sir.42.6	Sir.42.6	Sir.42.6	Sir.42.6
Sir.42.7	Sir.42.7	Sir.42.7	Sir.42.7
Sir.42.8	Sir.42.8	Sir.42.8	Sir.42.8
Sir.42.9	Sir.42.9	Sir.42.9	Sir.42.9
Sir.42.10	Sir.42.10	Sir.42.10	Sir.42.10
Sir.42.11	Sir.42.11	Sir.42.11	Sir.42.11
Sir.42.12	Sir.42.12	Sir.42.12	Sir.42.12
Sir.42.13	Sir.42.13	Sir.42.13	Sir.42.13
Sir.42.14	Sir.42.14	Sir.42.14	Sir.42.14
Sir.42.15	Sir.42.15	Sir.42.15	Sir.42.15
Sir.42.16	Sir.42.16	Sir.42.16	Sir.42.16
Sir.42.17	Sir.42.17	Sir.42.17	Sir.42.17
Sir.42.18	Sir.42.18	Sir.42.18	Sir.42.18
Sir.42.19	Sir.42.19	Sir.42.19	Sir.42.19
Sir.42.20	Sir.42.20	Sir.42.20	Sir.42.20
Sir.42.21	Sir.42.21 Sir.42.22	Sir.42.21 Sir.42.22	Sir.42.21
Sir.42.22	Sir.42.23	Sir.42.23	Sir.42.22
Sir.42.23	Sir.42.24	Sir.42.24	Sir.42.23
Sir.42.24	Sir.42.25	Sir.42.25	Sir.42.24
Sir.42.25	Sir.42.26	Sir.42.26	Sir.42.25
Sir.43.1	Sir.43.1	Sir.43.1	Sir.43.1
Sir.43.2	Sir.43.2	Sir.43.2	Sir.43.2
Sir.43.3	Sir.43.3	Sir.43.3	Sir.43.3
Sir.43.4	Sir.43.4	Sir.43.4	Sir.43.4
Sir.43.5	Sir.43.5	Sir.43.5	Sir.43.5
Sir.43.6	Sir.43.6	Sir.43.6	Sir.43.6
Sir.43.7	Sir.43.7	Sir.43.7	Sir.43.7
Sir.43.8	Sir.43.8 Sir.43.9	Sir.43.8 Sir.43.9	Sir.43.8
Sir.43.9	Sir.43.10	Sir.43.10	Sir.43.9
Sir.43.10	Sir.43.11	Sir.43.11	Sir.43.10
Sir.43.11	Sir.43.12	Sir.43.12	Sir.43.11
Sir.43.12	Sir.43.13	Sir.43.13	Sir.43.12
Sir.43.13	Sir.43.14	Sir.43.14	Sir.43.13
Sir.43.14	Sir.43.15	Sir.43.15	Sir.43.14
Sir.43.15	Sir.43.16	Sir.43.16	Sir.43.15
Sir.43.16	Sir.43.17	Sir.43.17	Sir.43.16
Sir.43.17	Sir.43.18 Sir.43.19	Sir.43.18 Sir.43.19	Sir.43.17
Sir.43.18	Sir.43.20	Sir.43.20	Sir.43.18
Sir.43.19	Sir.43.21	Sir.43.21	Sir.43.19
Sir.43.20	Sir.43.22	Sir.43.22	Sir.43.20
Sir.43.21	Sir.43.23	Sir.43.23	Sir.43.21
Sir.43.22	Sir.43.24	Sir.43.24	Sir.43.22
Sir.43.23	Sir.43.25	Sir.43.25	Sir.43.23
Sir.43.24	Sir.43.26	Sir.43.26	Sir.43.24
Sir.43.25	Sir.43.27	Sir.43.27	Sir.43.25
Sir.43.26	Sir.43.28	Sir.43.28	Sir.43.26
Sir.43.27	Sir.43.29	Sir.43.29	Sir.43.27
Sir.43.28	Sir.43.30	Sir.43.30	Sir.43.28
Sir.43.29	Sir.43.31	Sir.43.31	Sir.43.29
Sir.43.30	Sir.43.34	Sir.43.34	Sir.43.30
Sir.43.31	Sir.43.35	Sir.43.35	Sir.43.31
Sir.43.32	Sir.43.36	Sir.43.36	Sir.43.32
Sir.43.33	Sir.43.37	Sir.43.37	Sir.43.33
Sir.44.1	Sir.44.1	Sir.44.1	Sir.44.1
Sir.44.2	Sir.44.2	Sir.44.2	Sir.44.2
Sir.44.3	Sir.44.3	Sir.44.3	Sir.44.3
Sir.44.4	Sir.44.4	Sir.44.4	Sir.44.4
Sir.44.5	Sir.44.5	Sir.44.5	Sir.44.5
Sir.44.6	Sir.44.6	Sir.44.6	Sir.44.6
Sir.44.7	Sir.44.7	Sir.44.7	Sir.44.7
Sir.44.8	Sir.44.8	Sir.44.8	Sir.44.8
Sir.44.9	Sir.44.9	Sir.44.9	Sir.44.9
Sir.44.10	Sir.44.10	Sir.44.10	Sir.44.10
Sir.44.11	Sir.44.11	Sir.44.11	Sir.44.11
Sir.44.12	Sir.44.12	Sir.44.12	Sir.44.12
Sir.44.13	Sir.44.13	Sir.44.13	Sir.44.13
Sir.44.14	Sir.44.14	Sir.44.14	Sir.44.14
Sir.44.15	Sir.44.15	Sir.44.15	Sir.44.15
Sir.44.16	Sir.44.16	Sir.44.16	Sir.44.16
Sir.44.17	Sir.44.17 Sir.44.18	Sir.44.17 Sir.44.18	Sir.44.17
Sir.44.18	Sir.44.19	Sir.44.19	Sir.44.18
Sir.44.19	Sir.44.20	Sir.44.20	Sir.44.19
Sir.44.20	Sir.44.21	Sir.44.21	Sir.44.20
Sir.44.21	Sir.44.22 Sir.44.23	Sir.44.22 Sir.44.23	Sir.44.21
Sir.44.22	Sir.44.24	Sir.44.24	Sir.44.22
Sir.44.23	Sir.44.26	Sir.44.26	Sir.44.23
Sir.45.1	Sir.44.27 Sir.45.1	Sir.44.27 Sir.45.1	Sir.45.1
Sir.45.2	Sir.45.2	Sir.45.2	Sir.45.2
Sir.45.3	Sir.45.3	Sir.45.3	Sir.45.3
Sir.45.4	Sir.45.4	Sir.45.4	Sir.45.4
Sir.45.5	Sir.45.5 Sir.45.6	Sir.45.5 Sir.45.6	Sir.45.5
Sir.45.6	Sir.45.7	Sir.45.7	Sir.45.6
Sir.45.7	Sir.45.8	Sir.45.8	Sir.45.7
Sir.45.8	Sir.45.10	Sir.45.10	Sir.45.8
Sir.45.9	Sir.45.11	Sir.45.11	Sir.45.9
Sir.45.10	Sir.45.12	Sir.45.12	Sir.45.10
Sir.45.11	Sir.45.13	Sir.45.13	Sir.45.11
Sir.45.12	Sir.45.14	Sir.45.14	Sir.45.12
Sir.45.13	Sir.45.15 Sir.45.16	Sir.45.15 Sir.45.16	Sir.45.13
Sir.45.14	Sir.45.17	Sir.45.17	Sir.45.14
Sir.45.15	Sir.45.18 Sir.45.19	Sir.45.18 Sir.45.19	Sir.45.15
Sir.45.16	Sir.45.20	Sir.45.20	Sir.45.16
Sir.45.17	Sir.45.21	Sir.45.21	Sir.45.17
Sir.45.18	Sir.45.22	Sir.45.22	Sir.45.18
Sir.45.19	Sir.45.23 Sir.45.24	Sir.45.23 Sir.45.24	Sir.45.19
Sir.45.20	Sir.45.25	Sir.45.25	Sir.45.20
Sir.45.21	Sir.45.26	Sir.45.26	Sir.45.21
Sir.45.22	Sir.45.27	Sir.45.27	Sir.45.22
Sir.45.23	Sir.45.28	Sir.45.28	Sir.45.23
Sir.45.24	Sir.45.30	Sir.45.30	Sir.45.24
Sir.45.25	Sir.45.31	Sir.45.31	Sir.45.25
Sir.45.26	Sir.45.31	Sir.45.31	Sir.45.26
Sir.46.1	Sir.46.1 Sir.46.2	Sir.46.1 Sir.46.2	Sir.46.1
Sir.46.2	Sir.46.3	Sir.46.3	Sir.46.2
Sir.46.3	Sir.46.4	Sir.46.4	Sir.46.3
Sir.46.4	Sir.46.5	Sir.46.5	Sir.46.4
Sir.46.5	Sir.46.6	Sir.46.6	Sir.46.5
Sir.46.6	Sir.46.7 Sir.46.8	Sir.46.7 Sir.46.8	Sir.46.6
Sir.46.7	Sir.46.9	Sir.46.9	Sir.46.7
Sir.46.8	Sir.46.10	Sir.46.10	Sir.46.8
Sir.46.9	Sir.46.11	Sir.46.11	Sir.46.9
Sir.46.10	Sir.46.12	Sir.46.12	Sir.46.10
Sir.46.11	Sir.46.13	Sir.46.13	Sir.46.11
Sir.46.12	Sir.46.14 Sir.46.15	Sir.46.14 Sir.46.15	Sir.46.12
Sir.46.13	Sir.46.16	Sir.46.16	Sir.46.13
Sir.46.14	Sir.46.17	Sir.46.17	Sir.46.14
Sir.46.15	Sir.46.18	Sir.46.18	Sir.46.15
Sir.46.16	Sir.46.19	Sir.46.19	Sir.46.16
Sir.46.17	Sir.46.20	Sir.46.20	Sir.46.17
Sir.46.18	Sir.46.21	Sir.46.21	Sir.46.18
Sir.46.19	Sir.46.22	Sir.46.22	Sir.46.19
Sir.46.20	Sir.46.23	Sir.46.23	Sir.46.20
Sir.47.1	Sir.47.1	Sir.47.1	Sir.47.1
Sir.47.2	Sir.47.2	Sir.47.2	Sir.47.2
Sir.47.3	Sir.47.3	Sir.47.3	Sir.47.3
Sir.47.4	Sir.47.4 Sir.47.5	Sir.47.4 Sir.47.5	Sir.47.4
Sir.47.5	Sir.47.6	Sir.47.6	Sir.47.5
Sir.47.6	Sir.47.7	Sir.47.7	Sir.47.6
Sir.47.7	Sir.47.8	Sir.47.8	Sir.47.7
Sir.47.8	Sir.47.9 Sir.47.10	Sir.47.9 Sir.47.10	Sir.47.8
Sir.47.9	Sir.47.11	Sir.47.11	Sir.47.9
Sir.47.10	Sir.47.12	Sir.47.12	Sir.47.10
Sir.47.11	Sir.47.13	Sir.47.13	Sir.47.11
Sir.47.12	Sir.47.14	Sir.47.14	Sir.47.12
Sir.47.13	Sir.47.15	Sir.47.15	Sir.47.13
Sir.47.14	Sir.47.15	Sir.47.15	Sir.47.14
Sir.47.15	Sir.47.16	Sir.47.16	Sir.47.15
Sir.47.16	Sir.47.17	Sir.47.17	Sir.47.16
Sir.47.17	Sir.47.18	Sir.47.18	Sir.47.17
Sir.47.18	Sir.47.19 Sir.47.20	Sir.47.19 Sir.47.20	Sir.47.18
Sir.47.19	Sir.47.21	Sir.47.21	Sir.47.19
Sir.47.20	Sir.47.22	Sir.47.22	Sir.47.20
Sir.47.21	Sir.47.23	Sir.47.23	Sir.47.21
Sir.47.22	Sir.47.24 Sir.47.25	Sir.47.24 Sir.47.25	Sir.47.22
Sir.47.23	Sir.47.28 Sir.47.29	Sir.47.28 Sir.47.29	Sir.47.23
Sir.47.24	Sir.47.30	Sir.47.30	Sir.47.24
Sir.47.25	Sir.47.31	Sir.47.31	Sir.47.25
Sir.48.1	Sir.48.1	Sir.48.1	Sir.48.1
Sir.48.2	Sir.48.2	Sir.48.2	Sir.48.2
Sir.48.3	Sir.48.3	Sir.48.3	Sir.48.3
Sir.48.4	Sir.48.4	Sir.48.4	Sir.48.4
Sir.48.5	Sir.48.5	Sir.48.5	Sir.48.5
Sir.48.6	Sir.48.6	Sir.48.6	Sir.48.6
Sir.48.7	Sir.48.7	Sir.48.7	Sir.48.7
Sir.48.8	Sir.48.8	Sir.48.8	Sir.48.8
Sir.48.9	Sir.48.9	Sir.48.9	Sir.48.9
Sir.48.10	Sir.48.10	Sir.48.10	Sir.48.10
Sir.48.11	Sir.48.11	Sir.48.11	Sir.48.11
Sir.48.12	Sir.48.13	Sir.48.13	Sir.48.12
Sir.48.13	Sir.48.14	Sir.48.14	Sir.48.13
Sir.48.14	Sir.48.15	Sir.48.15	Sir.48.14
Sir.48.15	Sir.48.16 Sir.48.17	Sir.48.16 Sir.48.17	Sir.48.15
Sir.48.16	Sir.48.18	Sir.48.18	Sir.48.16
Sir.48.17	Sir.48.19	Sir.48.19	Sir.48.17
Sir.48.18	Sir.48.20	Sir.48.20	Sir.48.18
Sir.48.19	Sir.48.21	Sir.48.21	Sir.48.19
Sir.48.20	Sir.48.22	Sir.48.22	Sir.48.20
Sir.48.21	Sir.48.24	Sir.48.24	Sir.48.21
Sir.48.22	Sir.48.25	Sir.48.25	Sir.48.22
Sir.48.23	Sir.48.26	Sir.48.26	Sir.48.23
Sir.48.24	Sir.48.27	Sir.48.27	Sir.48.24
Sir.48.25	Sir.48.28	Sir.48.28	Sir.48.25
Sir.49.1	Sir.49.1 Sir.49.2	Sir.49.1 Sir.49.2	Sir.49.1
Sir.49.2	Sir.49.3	Sir.49.3	Sir.49.2
Sir.49.3	Sir.49.4	Sir.49.4	Sir.49.3
Sir.49.4	Sir.49.5 Sir.49.6	Sir.49.5 Sir.49.6	Sir.49.4
Sir.49.5	Sir.49.7	Sir.49.7	Sir.49.5
Sir.49.6	Sir.49.8	Sir.49.8	Sir.49.6
Sir.49.7	Sir.49.9	Sir.49.9	Sir.49.7
Sir.49.8	Sir.49.10	Sir.49.10	Sir.49.8
Sir.49.9	Sir.49.11	Sir.49.11	Sir.49.9
Sir.49.10	Sir.49.12	Sir.49.12	Sir.49.10
Sir.49.11	Sir.49.13	Sir.49.13	Sir.49.11
Sir.49.12	Sir.49.14	Sir.49.14	Sir.49.12
Sir.49.13	Sir.49.15	Sir.49.15	Sir.49.13
Sir.49.14	Sir.49.16	Sir.49.16	Sir.49.14
Sir.49.15	Sir.49.17 Sir.49.18	Sir.49.17 Sir.49.18	Sir.49.15
Sir.49.16	Sir.49.19	Sir.49.19	Sir.49.16
Sir.50.1	Sir.50.1	Sir.50.1	Sir.50.1
Sir.50.2	Sir.50.2	Sir.50.2	Sir.50.2
Sir.50.3	Sir.50.3	Sir.50.3	Sir.50.3
Sir.50.4	Sir.50.4	Sir.50.4	Sir.50.4
Sir.50.5	Sir.50.5	Sir.50.5	Sir.50.5
Sir.50.6	Sir.50.6	Sir.50.6	Sir.50.6
Sir.50.7	Sir.50.7	Sir.50.7	Sir.50.7
Sir.50.8	Sir.50.8	Sir.50.8	Sir.50.8
Sir.50.9	Sir.50.10	Sir.50.10	Sir.50.9
Sir.50.10	Sir.50.11	Sir.50.11	Sir.50.10
Sir.50.11	Sir.50.12	Sir.50.12	Sir.50.11
Sir.50.12	Sir.50.13	Sir.50.13	Sir.50.12
Sir.50.13	Sir.50.14	Sir.50.14	Sir.50.13
Sir.50.14	Sir.50.15	Sir.50.15	Sir.50.14
Sir.50.15	Sir.50.16 Sir.50.17	Sir.50.16 Sir.50.17	Sir.50.15
Sir.50.16	Sir.50.18	Sir.50.18	Sir.50.16
Sir.50.17	Sir.50.19	Sir.50.19	Sir.50.17
Sir.50.18	Sir.50.20	Sir.50.20	Sir.50.18
Sir.50.19	Sir.50.21	Sir.50.21	Sir.50.19
Sir.50.20	Sir.50.22	Sir.50.22	Sir.50.20
Sir.50.21			Sir.50.21
Sir.50.22	Sir.50.24	Sir.50.24	Sir.50.22
Sir.50.23	Sir.50.25	Sir.50.25	Sir.50.23
Sir.50.24	Sir.50.26	Sir.50.26	Sir.50.24
Sir.50.25	Sir.50.27	Sir.50.27	Sir.50.25
Sir.50.26	Sir.50.28	Sir.50.28	Sir.50.26
Sir.50.27	Sir.50.29	Sir.50.29	Sir.50.27
Sir.50.28	Sir.50.30	Sir.50.30	Sir.50.28
Sir.50.29	Sir.50.31	Sir.50.31	Sir.50.29
Sir.51.1	Sir.51.1	Sir.51.1	Sir.51.1
Sir.51.2	Sir.51.3	Sir.51.3	Sir.51.2
Sir.51.3	Sir.51.4 Sir.51.5	Sir.51.4 Sir.51.5	Sir.51.3
Sir.51.4	Sir.51.6	Sir.51.6	Sir.51.4
Sir.51.5	Sir.51.7	Sir.51.7	Sir.51.5
Sir.51.6	Sir.51.8 Sir.51.9	Sir.51.8 Sir.51.9	Sir.51.6
Sir.51.7	Sir.51.10	Sir.51.10	Sir.51.7
Sir.51.8	Sir.51.12	Sir.51.12	Sir.51.8
Sir.51.9	Sir.51.13	Sir.51.13	Sir.51.9
Sir.51.10	Sir.51.14	Sir.51.14	Sir.51.10
Sir.51.11	Sir.51.15	Sir.51.15	Sir.51.11
Sir.51.12	Sir.51.16 Sir.51.17	Sir.51.16 Sir.51.17	Sir.51.12
Sir.51.13	Sir.51.18	Sir.51.18	Sir.51.13
Sir.51.14	Sir.51.19	Sir.51.19	Sir.51.14
Sir.51.15	Sir.51.20	Sir.51.20	Sir.51.15
Sir.51.16	Sir.51.21	Sir.51.21	Sir.51.16
Sir.51.17	Sir.51.22 Sir.51.23	Sir.51.22 Sir.51.23	Sir.51.17
Sir.51.18	Sir.51.24	Sir.51.24	Sir.51.18
Sir.51.19	Sir.51.25 Sir.51.26	Sir.51.25 Sir.51.26	Sir.51.19
Sir.51.20	Sir.51.27 Sir.51.28	Sir.51.27 Sir.51.28	Sir.51.20
Sir.51.21	Sir.51.29	Sir.51.29	Sir.51.21
Sir.51.22	Sir.51.30	Sir.51.30	Sir.51.22
Sir.51.23	Sir.51.31	Sir.51.31	Sir.51.23
Sir.51.24	Sir.51.32	Sir.51.32	Sir.51.24
Sir.51.25	Sir.51.33	Sir.51.33	Sir.51.25
Sir.51.26	Sir.51.34	Sir.51.34	Sir.51.26
Sir.51.27	Sir.51.35	Sir.51.35	Sir.51.27
Sir.51.28	Sir.51.36	Sir.51.36	Sir.51.28
Sir.51.29	Sir.51.37	Sir.51.37	Sir.51.29
Sir.51.30	Sir.51.38	Sir.51.38	Sir.51.30
Bar.1.1	Bar.1.1	Bar.1.1	Bar.1.1
Bar.1.2	Bar.1.2	Bar.1.2	Bar.1.2
Bar.1.3	Bar.1.3	Bar.1.3	Bar.1.3
Bar.1.4	Bar.1.4	Bar.1.4	Bar.1.4
Bar.1.5	Bar.1.5	Bar.1.5	Bar.1.5
Bar.1.6	Bar.1.6	Bar.1.6	Bar.1.6
Bar.1.7	Bar.1.7	Bar.1.7	Bar.1.7
Bar.1.8	Bar.1.8	Bar.1.8	Bar.1.8
Bar.1.9	Bar.1.9	Bar.1.9	Bar.1.9
Bar.1.10	Bar.1.10	Bar.1.10	Bar.1.10
Bar.1.11	Bar.1.11	Bar.1.11	Bar.1.11
Bar.1.12	Bar.1.12	Bar.1.12	Bar.1.12
Bar.1.13	Bar.1.13	Bar.1.13	Bar.1.13
Bar.1.14	Bar.1.14	Bar.1.14	Bar.1.14
Bar.1.15	Bar.1.15	Bar.1.15	Bar.1.15
Bar.1.16	Bar.1.16	Bar.1.16	Bar.1.16
Bar.1.17	Bar.1.17	Bar.1.17	Bar.1.17
Bar.1.18	Bar.1.18	Bar.1.18	Bar.1.18
Bar.1.19	Bar.1.19	Bar.1.19	Bar.1.19
Bar.1.20	Bar.1.20	Bar.1.20	Bar.1.20
Bar.1.21	Bar.1.21	Bar.1.21	Bar.1.21
Bar.1.22	Bar.1.22	Bar.1.22	Bar.1.22
Bar.2.1	Bar.2.1	Bar.2.1	Bar.2.1
Bar.2.2	Bar.2.2	Bar.2.2	Bar.2.2
Bar.2.3	Bar.2.3	Bar.2.3	Bar.2.3
Bar.2.4	Bar.2.4	Bar.2.4	Bar.2.4
Bar.2.5	Bar.2.5	Bar.2.5	Bar.2.5
Bar.2.6	Bar.2.6	Bar.2.6	Bar.2.6
Bar.2.7	Bar.2.7	Bar.2.7	Bar.2.7
Bar.2.8	Bar.2.8	Bar.2.8	Bar.2.8
Bar.2.9	Bar.2.9	Bar.2.9	Bar.2.9
Bar.2.10	Bar.2.10	Bar.2.10	Bar.2.10
Bar.2.11	Bar.2.11	Bar.2.11	Bar.2.11
Bar.2.12	Bar.2.12	Bar.2.12	Bar.2.12
Bar.2.13	Bar.2.13	Bar.2.13	Bar.2.13
Bar.2.14	Bar.2.14	Bar.2.14	Bar.2.14
Bar.2.15	Bar.2.15	Bar.2.15	Bar.2.15
Bar.2.16	Bar.2.16	Bar.2.16	Bar.2.16
Bar.2.17	Bar.2.17	Bar.2.17	Bar.2.17
Bar.2.18	Bar.2.18	Bar.2.18	Bar.2.18
Bar.2.19	Bar.2.19	Bar.2.19	Bar.2.19
Bar.2.20	Bar.2.20	Bar.2.20	Bar.2.20
Bar.2.21	Bar.2.21	Bar.2.21	Bar.2.21
Bar.2.22	Bar.2.22	Bar.2.22	Bar.2.22
Bar.2.23	Bar.2.23	Bar.2.23	Bar.2.23
Bar.2.24	Bar.2.24	Bar.2.24	Bar.2.24
Bar.2.25	Bar.2.25	Bar.2.25	Bar.2.25
Bar.2.26	Bar.2.26	Bar.2.26	Bar.2.26
Bar.2.27	Bar.2.27	Bar.2.27	Bar.2.27
Bar.2.28	Bar.2.28	Bar.2.28	Bar.2.28
Bar.2.29	Bar.2.29	Bar.2.29	Bar.2.29
Bar.2.30	Bar.2.30	Bar.2.30	Bar.2.30
Bar.2.31	Bar.2.31	Bar.2.31	Bar.2.31
Bar.2.32	Bar.2.32	Bar.2.32	Bar.2.32
Bar.2.33	Bar.2.33	Bar.2.33	Bar.2.33
Bar.2.34	Bar.2.34	Bar.2.34	Bar.2.34
Bar.2.35	Bar.2.35	Bar.2.35	Bar.2.35
Bar.3.1	Bar.3.1	Bar.3.1	Bar.3.1
Bar.3.2	Bar.3.2	Bar.3.2	Bar.3.2
Bar.3.3	Bar.3.3	Bar.3.3	Bar.3.3
Bar.3.4	Bar.3.4	Bar.3.4	Bar.3.4
Bar.3.5	Bar.3.5	Bar.3.5	Bar.3.5
Bar.3.6	Bar.3.6	Bar.3.6	Bar.3.6
Bar.3.7	Bar.3.7	Bar.3.7	Bar.3.7
Bar.3.8	Bar.3.8	Bar.3.8	Bar.3.8
Bar.3.9	Bar.3.9	Bar.3.9	Bar.3.9
Bar.3.10	Bar.3.10	Bar.3.10	Bar.3.10
Bar.3.11	Bar.3.11	Bar.3.11	Bar.3.11
Bar.3.12	Bar.3.12	Bar.3.12	Bar.3.12
Bar.3.13	Bar.3.13	Bar.3.13	Bar.3.13
Bar.3.14	Bar.3.14	Bar.3.14	Bar.3.14
Bar.3.15	Bar.3.15	Bar.3.15	Bar.3.15
Bar.3.16	Bar.3.16	Bar.3.16	Bar.3.16
Bar.3.17	Bar.3.18	Bar.3.18	Bar.3.17
Bar.3.18			Bar.3.18
Bar.3.19	Bar.3.19	Bar.3.19	Bar.3.19
Bar.3.20	Bar.3.20	Bar.3.20	Bar.3.20
Bar.3.21	Bar.3.21	Bar.3.21	Bar.3.21
Bar.3.22	Bar.3.22	Bar.3.22	Bar.3.22
Bar.3.23	Bar.3.23	Bar.3.23	Bar.3.23
Bar.3.24	Bar.3.24	Bar.3.24	Bar.3.24
Bar.3.25	Bar.3.25	Bar.3.25	Bar.3.25
Bar.3.26	Bar.3.26	Bar.3.26	Bar.3.26
Bar.3.27	Bar.3.27	Bar.3.27	Bar.3.27
Bar.3.28	Bar.3.28	Bar.3.28	Bar.3.28
Bar.3.29	Bar.3.29	Bar.3.29	Bar.3.29
Bar.3.30	Bar.3.30	Bar.3.30	Bar.3.30
Bar.3.31	Bar.3.31	Bar.3.31	Bar.3.31
Bar.3.32	Bar.3.32	Bar.3.32	Bar.3.32
Bar.3.33	Bar.3.33	Bar.3.33	Bar.3.33
Bar.3.34	Bar.3.34 Bar.3.35	Bar.3.34 Bar.3.35	Bar.3.34
Bar.3.35	Bar.3.36	Bar.3.36	Bar.3.35
Bar.3.36	Bar.3.37	Bar.3.37	Bar.3.36
Bar.3.37	Bar.3.38	Bar.3.38	Bar.3.37
Bar.4.1	Bar.4.1	Bar.4.1	Bar.4.1
Bar.4.2	Bar.4.2	Bar.4.2	Bar.4.2
Bar.4.3	Bar.4.3	Bar.4.3	Bar.4.3
Bar.4.4	Bar.4.4	Bar.4.4	Bar.4.4
Bar.4.5	Bar.4.5	Bar.4.5	Bar.4.5
Bar.4.6	Bar.4.6	Bar.4.6	Bar.4.6
Bar.4.7	Bar.4.7	Bar.4.7	Bar.4.7
Bar.4.8	Bar.4.8	Bar.4.8	Bar.4.8
Bar.4.9	Bar.4.9	Bar.4.9	Bar.4.9
Bar.4.10	Bar.4.10	Bar.4.10	Bar.4.10
Bar.4.11	Bar.4.11	Bar.4.11	Bar.4.11
Bar.4.12	Bar.4.12	Bar.4.12	Bar.4.12
Bar.4.13	Bar.4.13	Bar.4.13	Bar.4.13
Bar.4.14	Bar.4.14	Bar.4.14	Bar.4.14
Bar.4.15	Bar.4.15	Bar.4.15	Bar.4.15
Bar.4.16	Bar.4.16	Bar.4.16	Bar.4.16
Bar.4.17	Bar.4.17	Bar.4.17	Bar.4.17
Bar.4.18	Bar.4.18	Bar.4.18	Bar.4.18
Bar.4.19	Bar.4.19	Bar.4.19	Bar.4.19
Bar.4.20	Bar.4.20	Bar.4.20	Bar.4.20
Bar.4.21	Bar.4.21	Bar.4.21	Bar.4.21
Bar.4.22	Bar.4.22	Bar.4.22	Bar.4.22
Bar.4.23	Bar.4.23	Bar.4.23	Bar.4.23
Bar.4.24	Bar.4.24	Bar.4.24	Bar.4.24
Bar.4.25	Bar.4.25	Bar.4.25	Bar.4.25
Bar.4.26	Bar.4.26	Bar.4.26	Bar.4.26
Bar.4.27	Bar.4.27	Bar.4.27	Bar.4.27
Bar.4.28	Bar.4.28	Bar.4.28	Bar.4.28
Bar.4.29	Bar.4.29	Bar.4.29	Bar.4.29
Bar.4.30	Bar.4.30	Bar.4.30	Bar.4.30
Bar.4.31	Bar.4.31	Bar.4.31	Bar.4.31
Bar.4.32	Bar.4.32	Bar.4.32	Bar.4.32
Bar.4.33	Bar.4.33	Bar.4.33	Bar.4.33
Bar.4.34	Bar.4.34	Bar.4.34	Bar.4.34
Bar.4.35	Bar.4.35	Bar.4.35	Bar.4.35
Bar.4.36	Bar.4.36	Bar.4.36	Bar.4.36
Bar.4.37	Bar.4.37	Bar.4.37	Bar.4.37
Bar.5.1	Bar.5.1	Bar.5.1	Bar.5.1
Bar.5.2	Bar.5.2	Bar.5.2	Bar.5.2
Bar.5.3	Bar.5.3	Bar.5.3	Bar.5.3
Bar.5.4	Bar.5.4	Bar.5.4	Bar.5.4
Bar.5.5	Bar.5.5	Bar.5.5	Bar.5.5
Bar.5.6	Bar.5.6	Bar.5.6	Bar.5.6
Bar.5.7	Bar.5.7	Bar.5.7	Bar.5.7
Bar.5.8	Bar.5.8	Bar.5.8	Bar.5.8
Bar.5.9	Bar.5.9	Bar.5.9	Bar.5.9
Bar.6.1			EpJer.1.1
Bar.6.2	Bar.6.1	Bar.6.1	EpJer.1.2
Bar.6.3	Bar.6.2	Bar.6.2	EpJer.1.3
Bar.6.4	Bar.6.3	Bar.6.3	EpJer.1.4
Bar.6.5	Bar.6.4	Bar.6.4	EpJer.1.5
Bar.6.6	Bar.6.5	Bar.6.5	EpJer.1.6
Bar.6.7	Bar.6.6	Bar.6.6	EpJer.1.7
Bar.6.8	Bar.6.7		EpJer.1.8
Bar.6.9	Bar.6.8	Bar.6.8	EpJer.1.9
Bar.6.10	Bar.6.9	Bar.6.9	EpJer.1.10
Bar.6.11	Bar.6.10	Bar.6.10	EpJer.1.11
Bar.6.12	Bar.6.11	Bar.6.11	EpJer.1.12
Bar.6.13	Bar.6.12	Bar.6.12	EpJer.1.13
Bar.6.14	Bar.6.13	Bar.6.13	EpJer.1.14
Bar.6.15	Bar.6.14	Bar.6.14	EpJer.1.15
Bar.6.16	Bar.6.15	Bar.6.15	EpJer.1.16
Bar.6.17	Bar.6.16	Bar.6.16	EpJer.1.17
Bar.6.18	Bar.6.17	Bar.6.17	EpJer.1.18
Bar.6.19	Bar.6.18	Bar.6.18	EpJer.1.19
Bar.6.20	Bar.6.19	Bar.6.19	EpJer.1.20
Bar.6.21	Bar.6.20	Bar.6.20	EpJer.1.21
Bar.6.22	Bar.6.21	Bar.6.21	EpJer.1.22
Bar.6.23	Bar.6.22	Bar.6.22	EpJer.1.23
Bar.6.24	Bar.6.23	Bar.6.23	EpJer.1.24
Bar.6.25	Bar.6.24	Bar.6.24	EpJer.1.25
Bar.6.26	Bar.6.25	Bar.6.25	EpJer.1.26
Bar.6.27	Bar.6.26	Bar.6.26	EpJer.1.27
Bar.6.28	Bar.6.27	Bar.6.27	EpJer.1.28
Bar.6.29	Bar.6.28	Bar.6.28	EpJer.1.29
Bar.6.30	Bar.6.29	Bar.6.29	EpJer.1.30
Bar.6.31	Bar.6.30	Bar.6.30	EpJer.1.31
Bar.6.32	Bar.6.31	Bar.6.31	EpJer.1.32
Bar.6.33	Bar.6.32	Bar.6.32	EpJer.1.33
Bar.6.34	Bar.6.33	Bar.6.33	EpJer.1.34
Bar.6.35	Bar.6.34	Bar.6.34	EpJer.1.35
Bar.6.36	Bar.6.35	Bar.6.35	EpJer.1.36
Bar.6.37	Bar.6.36	Bar.6.36	EpJer.1.37
Bar.6.38	Bar.6.37	Bar.6.7	EpJer.1.38
Bar.6.39	Bar.6.38	Bar.6.38	EpJer.1.39
Bar.6.40	Bar.6.39	Bar.6.39	EpJer.1.40
Bar.6.41	Bar.6.40	Bar.6.40	EpJer.1.41
Bar.6.42	Bar.6.41	Bar.6.41	EpJer.1.42
Bar.6.43	Bar.6.42 Bar.6.43	Bar.6.42 Bar.6.43	EpJer.1.43
Bar.6.44	Bar.6.44	Bar.6.44	EpJer.1.44
Bar.6.45	Bar.6.45	Bar.6.45	EpJer.1.45
Bar.6.46	Bar.6.46	Bar.6.46	EpJer.1.46
Bar.6.47	Bar.6.47	Bar.6.47	EpJer.1.47
Bar.6.48	Bar.6.48	Bar.6.48	EpJer.1.48
Bar.6.49	Bar.6.49	Bar.6.49	EpJer.1.49
Bar.6.50	Bar.6.50	Bar.6.50	EpJer.1.50
Bar.6.51	Bar.6.51	Bar.6.51	EpJer.1.51
Bar.6.52			EpJer.1.52
Bar.6.53	Bar.6.52	Bar.6.52	EpJer.1.53
Bar.6.54	Bar.6.53	Bar.6.53	EpJer.1.54
Bar.6.55	Bar.6.54	Bar.6.54	EpJer.1.55
Bar.6.56	Bar.6.55	Bar.6.55	EpJer.1.56
Bar.6.57	Bar.6.56	Bar.6.56	EpJer.1.57
Bar.6.58	Bar.6.57	Bar.6.57	EpJer.1.58
Bar.6.59	Bar.6.58	Bar.6.58	EpJer.1.59
Bar.6.60	Bar.6.59	Bar.6.59	EpJer.1.60
Bar.6.61	Bar.6.60	Bar.6.60	EpJer.1.61
Bar.6.62	Bar.6.61	Bar.6.61	EpJer.1.62
Bar.6.63	Bar.6.62	Bar.6.62	EpJer.1.63
Bar.6.64	Bar.6.63	Bar.6.63	EpJer.1.64
Bar.6.65	Bar.6.64 Bar.6.68	Bar.6.64 Bar.6.68	EpJer.1.65
Bar.6.66	Bar.6.65	Bar.6.65	EpJer.1.66
Bar.6.67	Bar.6.66	Bar.6.66	EpJer.1.67
Bar.6.68	Bar.6.67	Bar.6.67	EpJer.1.68
Bar.6.69			EpJer.1.69
Bar.6.70	Bar.6.69	Bar.6.69	EpJer.1.70
Bar.6.71	Bar.6.70	Bar.6.70	EpJer.1.71
Bar.6.72	Bar.6.71	Bar.6.71	EpJer.1.72
Bar.6.73	Bar.6.72	Bar.6.72	EpJer.1.73
PrAzar.1.1	Dan.3.24	Dan.3.24	Dan.3.24
PrAzar.1.2	Dan.3.25	Dan.3.25	Dan.3.25
PrAzar.1.3	Dan.3.26	Dan.3.26	Dan.3.26
PrAzar.1.4	Dan.3.27	Dan.3.27	Dan.3.27
PrAzar.1.5	Dan.3.28	Dan.3.28	Dan.3.28
PrAzar.1.6	Dan.3.29	Dan.3.29	Dan.3.29
PrAzar.1.7	Dan.3.30	Dan.3.30	Dan.3.30
PrAzar.1.8	Dan.3.31	Dan.3.31	Dan.3.31
PrAzar.1.9	Dan.3.32	Dan.3.32	Dan.3.32
PrAzar.1.10	Dan.3.33	Dan.3.33	Dan.3.33
PrAzar.1.11	Dan.3.34	Dan.3.34	Dan.3.34
PrAzar.1.12	Dan.3.35	Dan.3.35	Dan.3.35
PrAzar.1.13	Dan.3.36	Dan.3.36	Dan.3.36
PrAzar.1.14	Dan.3.37	Dan.3.37	Dan.3.37
PrAzar.1.15	Dan.3.38	Dan.3.38	Dan.3.38
PrAzar.1.16	Dan.3.39	Dan.3.39	Dan.3.39
PrAzar.1.17	Dan.3.40	Dan.3.40	Dan.3.40
PrAzar.1.18	Dan.3.41	Dan.3.41	Dan.3.41
PrAzar.1.19	Dan.3.42	Dan.3.42	Dan.3.42
PrAzar.1.20	Dan.3.43	Dan.3.43	Dan.3.43
PrAzar.1.21	Dan.3.44	Dan.3.44	Dan.3.44
PrAzar.1.22	Dan.3.45	Dan.3.45	Dan.3.45
PrAzar.1.23	Dan.3.46	Dan.3.46	Dan.3.46
PrAzar.1.24	Dan.3.47	Dan.3.47	Dan.3.47
PrAzar.1.25	Dan.3.48	Dan.3.48	Dan.3.48
PrAzar.1.26	Dan.3.49	Dan.3.49	Dan.3.49
PrAzar.1.27	Dan.3.50	Dan.3.50	Dan.3.50
PrAzar.1.28	Dan.3.51	Dan.3.51	Dan.3.51
PrAzar.1.29	Dan.3.52	Dan.3.52	Dan.3.52
PrAzar.1.30	Dan.3.53	Dan.3.53	Dan.3.52
PrAzar.1.31	Dan.3.54	Dan.3.54	Dan.3.53
PrAzar.1.32	Dan.3.55	Dan.3.55	Dan.3.54
PrAzar.1.33			Dan.3.55
PrAzar.1.34	Dan.3.56	Dan.3.56	Dan.3.56
PrAzar.1.35	Dan.3.57	Dan.3.57	Dan.3.57
PrAzar.1.36	Dan.3.58	Dan.3.58	Dan.3.58
PrAzar.1.37	Dan.3.59	Dan.3.59	Dan.3.59
PrAzar.1.38	Dan.3.60	Dan.3.60	Dan.3.60
PrAzar.1.39	Dan.3.61	Dan.3.61	Dan.3.61
PrAzar.1.40	Dan.3.62	Dan.3.62	Dan.3.62
PrAzar.1.41	Dan.3.63	Dan.3.63	Dan.3.63
PrAzar.1.42	Dan.3.64	Dan.3.64	Dan.3.64
PrAzar.1.43	Dan.3.65	Dan.3.65	Dan.3.65
PrAzar.1.44	Dan.3.66 Dan.3.67	Dan.3.66 Dan.3.67	Dan.3.66
PrAzar.1.45			Dan.3.72a
PrAzar.1.46	Dan.3.68	Dan.3.68	
PrAzar.1.47	Dan.3.71	Dan.3.71	Dan.3.71
PrAzar.1.48	Dan.3.72	Dan.3.72	Dan.3.72
PrAzar.1.49	Dan.3.69	Dan.3.69	
PrAzar.1.50	Dan.3.70	Dan.3.70	Dan.3.72b
PrAzar.1.51	Dan.3.73	Dan.3.73	Dan.3.73
PrAzar.1.52	Dan.3.74	Dan.3.74	Dan.3.74
PrAzar.1.53	Dan.3.75	Dan.3.75	Dan.3.75
PrAzar.1.54	Dan.3.76	Dan.3.76	Dan.3.76
PrAzar.1.55	Dan.3.77	Dan.3.77	Dan.3.77
PrAzar.1.56	Dan.3.78	Dan.3.78	Dan.3.78
PrAzar.1.57	Dan.3.79	Dan.3.79	Dan.3.79
PrAzar.1.58	Dan.3.80	Dan.3.80	Dan.3.80
PrAzar.1.59	Dan.3.81	Dan.3.81	Dan.3.81
PrAzar.1.60	Dan.3.82	Dan.3.82	Dan.3.82
PrAzar.1.61	Dan.3.83	Dan.3.83	Dan.3.83
PrAzar.1.62	Dan.3.84	Dan.3.84	Dan.3.84
PrAzar.1.63	Dan.3.85	Dan.3.85	Dan.3.85
PrAzar.1.64	Dan.3.86	Dan.3.86	Dan.3.86
PrAzar.1.65	Dan.3.87	Dan.3.87	Dan.3.87
PrAzar.1.66	Dan.3.88	Dan.3.88	Dan.3.88
PrAzar.1.67	Dan.3.89	Dan.3.89	Dan.3.89
PrAzar.1.68	Dan.3.90	Dan.3.90	Dan.3.90
Sus.1.1	Dan.13.1	Dan.13.1	Sus.1.1
Sus.1.2	Dan.13.2	Dan.13.2	Sus.1.2
Sus.1.3	Dan.13.3	Dan.13.3	Sus.1.3
Sus.1.4	Dan.13.4	Dan.13.4	Sus.1.4
Sus.1.5	Dan.13.5	Dan.13.5	Sus.1.5
Sus.1.6	Dan.13.6	Dan.13.6	Sus.1.6
Sus.1.7	Dan.13.7	Dan.13.7	Sus.1.7
Sus.1.8	Dan.13.8	Dan.13.8	Sus.1.8
Sus.1.9	Dan.13.9	Dan.13.9	Sus.1.9
Sus.1.10	Dan.13.10	Dan.13.10	Sus.1.10
Sus.1.11	Dan.13.11	Dan.13.11	Sus.1.11
Sus.1.12	Dan.13.12	Dan.13.12	Sus.1.12
Sus.1.13	Dan.13.13	Dan.13.13	Sus.1.13
Sus.1.14	Dan.13.14	Dan.13.14	Sus.1.14
Sus.1.15	Dan.13.15	Dan.13.15	Sus.1.15
Sus.1.16	Dan.13.16	Dan.13.16	Sus.1.16
Sus.1.17	Dan.13.17	Dan.13.17	Sus.1.17
Sus.1.18	Dan.13.18	Dan.13.18	Sus.1.18
Sus.1.19	Dan.13.19	Dan.13.19	Sus.1.19
Sus.1.20	Dan.13.20	Dan.13.20	Sus.1.20
Sus.1.21	Dan.13.21	Dan.13.21	Sus.1.21
Sus.1.22	Dan.13.22	Dan.13.22	Sus.1.22
Sus.1.23	Dan.13.23	Dan.13.23	Sus.1.23
Sus.1.24	Dan.13.24	Dan.13.24	Sus.1.24
Sus.1.25	Dan.13.25	Dan.13.25	Sus.1.25
Sus.1.26	Dan.13.26	Dan.13.26	Sus.1.26
Sus.1.27	Dan.13.27	Dan.13.27	Sus.1.27
Sus.1.28	Dan.13.28	Dan.13.28	Sus.1.28
Sus.1.29	Dan.13.29	Dan.13.29	Sus.1.29
Sus.1.30	Dan.13.30	Dan.13.30	Sus.1.30
Sus.1.31	Dan.13.31	Dan.13.31	Sus.1.31
Sus.1.32	Dan.13.32	Dan.13.32	Sus.1.32
Sus.1.33	Dan.13.33	Dan.13.33	Sus.1.33
Sus.1.34	Dan.13.34	Dan.13.34	Sus.1.34
Sus.1.35	Dan.13.35	Dan.13.35	Sus.1.35
Sus.1.36	Dan.13.36	Dan.13.36	Sus.1.36
Sus.1.37	Dan.13.37	Dan.13.37	Sus.1.37
Sus.1.38	Dan.13.38	Dan.13.38	Sus.1.38
Sus.1.39	Dan.13.39	Dan.13.39	Sus.1.39
Sus.1.40	Dan.13.40	Dan.13.40	Sus.1.40
Sus.1.41	Dan.13.41	Dan.13.41	Sus.1.41
Sus.1.42	Dan.13.42	Dan.13.42	Sus.1.42
Sus.1.43	Dan.13.43	Dan.13.43	Sus.1.43
Sus.1.44	Dan.13.44	Dan.13.44	Sus.1.44
Sus.1.45	Dan.13.45	Dan.13.45	Sus.1.45
Sus.1.46	Dan.13.46	Dan.13.46	Sus.1.46
Sus.1.47	Dan.13.47	Dan.13.47	Sus.1.47
Sus.1.48	Dan.13.48	Dan.13.48	Sus.1.48
Sus.1.49	Dan.13.49	Dan.13.49	Sus.1.49
Sus.1.50	Dan.13.50	Dan.13.50	Sus.1.50
Sus.1.51	Dan.13.51	Dan.13.51	Sus.1.51
Sus.1.52	Dan.13.52	Dan.13.52	Sus.1.52
Sus.1.53	Dan.13.53	Dan.13.53	Sus.1.53
Sus.1.54	Dan.13.54	Dan.13.54	Sus.1.54
Sus.1.55	Dan.13.55	Dan.13.55	Sus.1.55
Sus.1.56	Dan.13.56	Dan.13.56	Sus.1.56
Sus.1.57	Dan.13.57	Dan.13.57	Sus.1.57
Sus.1.58	Dan.13.58	Dan.13.58	Sus.1.58
Sus.1.59	Dan.13.59	Dan.13.59	Sus.1.59
Sus.1.60	Dan.13.60	Dan.13.60	Sus.1.60
Sus.1.61	Dan.13.61	Dan.13.61	Sus.1.61
Sus.1.62	Dan.13.62	Dan.13.62	Sus.1.62
Sus.1.63	Dan.13.63	Dan.13.63	Sus.1.63
Sus.1.64	Dan.13.64	Dan.13.64	Sus.1.64
Bel.1.1	Dan.13.65	Dan.13.65	Bel.1.1
Bel.1.2	Dan.14.1	Dan.14.1	Bel.1.2
Bel.1.3	Dan.14.2	Dan.14.2	Bel.1.3
Bel.1.4	Dan.14.3	Dan.14.3	Bel.1.4
Bel.1.5	Dan.14.4	Dan.14.4	Bel.1.5
Bel.1.6	Dan.14.5	Dan.14.5	Bel.1.6
Bel.1.7	Dan.14.6	Dan.14.6	Bel.1.7
Bel.1.8	Dan.14.7	Dan.14.7	Bel.1.8
Bel.1.9	Dan.14.8	Dan.14.8	Bel.1.9
Bel.1.10	Dan.14.9	Dan.14.9	Bel.1.10
Bel.1.11	Dan.14.10	Dan.14.10	Bel.1.11
Bel.1.12	Dan.14.11	Dan.14.11	Bel.1.12
Bel.1.13	Dan.14.12	Dan.14.12	Bel.1.13
Bel.1.14	Dan.14.13	Dan.14.13	Bel.1.14
Bel.1.15	Dan.14.14	Dan.14.14	Bel.1.15
Bel.1.16	Dan.14.15	Dan.14.15	Bel.1.16
Bel.1.17	Dan.14.16	Dan.14.16	Bel.1.17
Bel.1.18	Dan.14.17	Dan.14.17	Bel.1.18
Bel.1.19	Dan.14.18	Dan.14.18	Bel.1.19
Bel.1.20	Dan.14.19	Dan.14.19	Bel.1.20
Bel.1.21	Dan.14.20	Dan.14.20	Bel.1.21
Bel.1.22	Dan.14.21	Dan.14.21	Bel.1.22
Bel.1.23	Dan.14.22	Dan.14.22	Bel.1.23
Bel.1.24	Dan.14.23	Dan.14.23	Bel.1.24
Bel.1.25	Dan.14.24	Dan.14.24	Bel.1.25
Bel.1.26	Dan.14.25	Dan.14.25	Bel.1.26
Bel.1.27	Dan.14.26	Dan.14.26	Bel.1.27
Bel.1.28	Dan.14.27	Dan.14.27	Bel.1.28
Bel.1.29	Dan.14.28	Dan.14.28	Bel.1.29
Bel.1.30	Dan.14.29	Dan.14.29	Bel.1.30
Bel.1.31	Dan.14.30	Dan.14.30	Bel.1.31
Bel.1.32	Dan.14.31	Dan.14.31	Bel.1.32
Bel.1.33	Dan.14.32	Dan.14.32	Bel.1.33
Bel.1.34	Dan.14.33	Dan.14.33	Bel.1.34
Bel.1.35	Dan.14.34	Dan.14.34	Bel.1.35
Bel.1.36	Dan.14.35	Dan.14.35	Bel.1.36
Bel.1.37	Dan.14.36	Dan.14.36	Bel.1.37
Bel.1.38	Dan.14.37	Dan.14.37	Bel.1.38
Bel.1.39	Dan.14.38	Dan.14.38	Bel.1.39
Bel.1.40	Dan.14.39	Dan.14.39	Bel.1.40
Bel.1.41	Dan.14.40	Dan.14.40	Bel.1.41
Bel.1.42	Dan.14.41	Dan.14.41	Bel.1.42
1Macc.1.1	1Macc.1.1	1Macc.1.1	1Macc.1.1
1Macc.1.2	1Macc.1.2	1Macc.1.2	1Macc.1.2
1Macc.1.3	1Macc.1.3	1Macc.1.3	1Macc.1.3
1Macc.1.4	1Macc.1.5	1Macc.1.5	1Macc.1.4
1Macc.1.5	1Macc.1.6	1Macc.1.6	1Macc.1.5
1Macc.1.6	1Macc.1.7	1Macc.1.7	1Macc.1.6
1Macc.1.7	1Macc.1.8	1Macc.1.8	1Macc.1.7
1Macc.1.8	1Macc.1.9	1Macc.1.9	1Macc.1.8
1Macc.1.9	1Macc.1.10	1Macc.1.10	1Macc.1.9
1Macc.1.10	1Macc.1.11	1Macc.1.11	1Macc.1.10
1Macc.1.11	1Macc.1.12	1Macc.1.12	1Macc.1.11
1Macc.1.12			1Macc.1.12
1Macc.1.13	1Macc.1.14	1Macc.1.14	1Macc.1.13
1Macc.1.14	1Macc.1.15	1Macc.1.15	1Macc.1.14
1Macc.1.15	1Macc.1.16	1Macc.1.16	1Macc.1.15
1Macc.1.16	1Macc.1.17	1Macc.1.17	1Macc.1.16
1Macc.1.17	1Macc.1.18	1Macc.1.18	1Macc.1.17
1Macc.1.18	1Macc.1.19	1Macc.1.19	1Macc.1.18
1Macc.1.19	1Macc.1.20	1Macc.1.20	1Macc.1.19
1Macc.1.20	1Macc.1.21 1Macc.1.22	1Macc.1.21 1Macc.1.22	1Macc.1.20
1Macc.1.21	1Macc.1.23	1Macc.1.23	1Macc.1.21
1Macc.1.22	1Macc.1.23	1Macc.1.23	1Macc.1.22
1Macc.1.23	1Macc.1.24	1Macc.1.24	1Macc.1.23
1Macc.1.24	1Macc.1.25	1Macc.1.25	1Macc.1.24
1Macc.1.25	1Macc.1.26	1Macc.1.26	1Macc.1.25
1Macc.1.26	1Macc.1.27	1Macc.1.27	1Macc.1.26
1Macc.1.27	1Macc.1.28	1Macc.1.28	1Macc.1.27
1Macc.1.28	1Macc.1.29	1Macc.1.29	1Macc.1.28
1Macc.1.29	1Macc.1.30	1Macc.1.30	1Macc.1.29
1Macc.1.30	1Macc.1.31 1Macc.1.32	1Macc.1.31 1Macc.1.32	1Macc.1.30
1Macc.1.31	1Macc.1.33	1Macc.1.33	1Macc.1.31
1Macc.1.32	1Macc.1.34	1Macc.1.34	1Macc.1.32
1Macc.1.33	1Macc.1.35	1Macc.1.35	1Macc.1.33
1Macc.1.34	1Macc.1.36	1Macc.1.36	1Macc.1.34
1Macc.1.35	1Macc.1.37	1Macc.1.37	1Macc.1.35
1Macc.1.36	1Macc.1.38	1Macc.1.38	1Macc.1.36
1Macc.1.37	1Macc.1.39	1Macc.1.39	1Macc.1.37
1Macc.1.38	1Macc.1.40	1Macc.1.40	1Macc.1.38
1Macc.1.39	1Macc.1.41	1Macc.1.41	1Macc.1.39
1Macc.1.40	1Macc.1.42	1Macc.1.42	1Macc.1.40
1Macc.1.41	1Macc.1.43	1Macc.1.43	1Macc.1.41
1Macc.1.42	1Macc.1.44	1Macc.1.44	1Macc.1.42
1Macc.1.43	1Macc.1.45	1Macc.1.45	1Macc.1.43
1Macc.1.44	1Macc.1.46	1Macc.1.46	1Macc.1.44
1Macc.1.45	1Macc.1.47 1Macc.1.48	1Macc.1.47 1Macc.1.48	1Macc.1.45
1Macc.1.46	1Macc.1.49	1Macc.1.49	1Macc.1.46
1Macc.1.47	1Macc.1.50	1Macc.1.50	1Macc.1.47
1Macc.1.48	1Macc.1.51	1Macc.1.51	1Macc.1.48
1Macc.1.49	1Macc.1.51	1Macc.1.51	1Macc.1.49
1Macc.1.50	1Macc.1.52	1Macc.1.52	1Macc.1.50
1Macc.1.51	1Macc.1.53 1Macc.1.54	1Macc.1.53 1Macc.1.54	1Macc.1.51
1Macc.1.52	1Macc.1.55	1Macc.1.55	1Macc.1.52
1Macc.1.53	1Macc.1.56	1Macc.1.56	1Macc.1.53
1Macc.1.54	1Macc.1.57	1Macc.1.57	1Macc.1.54
1Macc.1.55	1Macc.1.58	1Macc.1.58	1Macc.1.55
1Macc.1.56	1Macc.1.59	1Macc.1.59	1Macc.1.56
1Macc.1.57	1Macc.1.60	1Macc.1.60	1Macc.1.57
1Macc.1.58	1Macc.1.61	1Macc.1.61	1Macc.1.58
1Macc.1.59	1Macc.1.62	1Macc.1.62	1Macc.1.59
1Macc.1.60	1Macc.1.63	1Macc.1.63	1Macc.1.60
1Macc.1.61	1Macc.1.64	1Macc.1.64	1Macc.1.61
1Macc.1.62	1Macc.1.65	1Macc.1.65	1Macc.1.62
1Macc.1.63			1Macc.1.63
1Macc.1.64	1Macc.1.67	1Macc.1.67	1Macc.1.64
1Macc.2.1	1Macc.2.1	1Macc.2.1	1Macc.2.1
1Macc.2.2	1Macc.2.2	1Macc.2.2	1Macc.2.2
1Macc.2.3	1Macc.2.3	1Macc.2.3	1Macc.2.3
1Macc.2.4	1Macc.2.4	1Macc.2.4	1Macc.2.4
1Macc.2.5	1Macc.2.5	1Macc.2.5	1Macc.2.5
1Macc.2.6	1Macc.2.6	1Macc.2.6	1Macc.2.6
1Macc.2.7	1Macc.2.7	1Macc.2.7	1Macc.2.7
1Macc.2.8	1Macc.2.8	1Macc.2.8	1Macc.2.8
1Macc.2.9	1Macc.2.9	1Macc.2.9	1Macc.2.9
1Macc.2.10	1Macc.2.10	1Macc.2.10	1Macc.2.10
1Macc.2.11	1Macc.2.11	1Macc.2.11	1Macc.2.11
1Macc.2.12	1Macc.2.12	1Macc.2.12	1Macc.2.12
1Macc.2.13	1Macc.2.13	1Macc.2.13	1Macc.2.13
1Macc.2.14	1Macc.2.14	1Macc.2.14	1Macc.2.14
1Macc.2.15	1Macc.2.15	1Macc.2.15	1Macc.2.15
1Macc.2.16	1Macc.2.16	1Macc.2.16	1Macc.2.16
1Macc.2.17	1Macc.2.17	1Macc.2.17	1Macc.2.17
1Macc.2.18	1Macc.2.18	1Macc.2.18	1Macc.2.18
1Macc.2.19	1Macc.2.19	1Macc.2.19	1Macc.2.19
1Macc.2.20	1Macc.2.20	1Macc.2.20	1Macc.2.20
1Macc.2.21	1Macc.2.21	1Macc.2.21	1Macc.2.21
1Macc.2.22	1Macc.2.22	1Macc.2.22	1Macc.2.22
1Macc.2.23	1Macc.2.23	1Macc.2.23	1Macc.2.23
1Macc.2.24	1Macc.2.24	1Macc.2.24	1Macc.2.24
1Macc.2.25	1Macc.2.25	1Macc.2.25	1Macc.2.25
1Macc.2.26	1Macc.2.26	1Macc.2.26	1Macc.2.26
1Macc.2.27	1Macc.2.27	1Macc.2.27	1Macc.2.27
1Macc.2.28	1Macc.2.28	1Macc.2.28	1Macc.2.28
1Macc.2.29	1Macc.2.29	1Macc.2.29	1Macc.2.29
1Macc.2.30	1Macc.2.30	1Macc.2.30	1Macc.2.30
1Macc.2.31	1Macc.2.31	1Macc.2.31	1Macc.2.31
1Macc.2.32	1Macc.2.32	1Macc.2.32	1Macc.2.32
1Macc.2.33	1Macc.2.33	1Macc.2.33	1Macc.2.33
1Macc.2.34	1Macc.2.34	1Macc.2.34	1Macc.2.34
1Macc.2.35	1Macc.2.35	1Macc.2.35	1Macc.2.35
1Macc.2.36	1Macc.2.36	1Macc.2.36	1Macc.2.36
1Macc.2.37	1Macc.2.37	1Macc.2.37	1Macc.2.37
1Macc.2.38	1Macc.2.38	1Macc.2.38	1Macc.2.38
1Macc.2.39	1Macc.2.39	1Macc.2.39	1Macc.2.39
1Macc.2.40	1Macc.2.40	1Macc.2.40	1Macc.2.40
1Macc.2.41	1Macc.2.41	1Macc.2.41	1Macc.2.41
1Macc.2.42	1Macc.2.42	1Macc.2.42	1Macc.2.42
1Macc.2.43	1Macc.2.43	1Macc.2.43	1Macc.2.43
1Macc.2.44	1Macc.2.44	1Macc.2.44	1Macc.2.44
1Macc.2.45	1Macc.2.45	1Macc.2.45	1Macc.2.45
1Macc.2.46	1Macc.2.46	1Macc.2.46	1Macc.2.46
1Macc.2.47	1Macc.2.47	1Macc.2.47	1Macc.2.47
1Macc.2.48	1Macc.2.48	1Macc.2.48	1Macc.2.48
1Macc.2.49	1Macc.2.49	1Macc.2.49	1Macc.2.49
1Macc.2.50	1Macc.2.50	1Macc.2.50	1Macc.2.50
1Macc.2.51	1Macc.2.51	1Macc.2.51	1Macc.2.51
1Macc.2.52	1Macc.2.52	1Macc.2.52	1Macc.2.52
1Macc.2.53	1Macc.2.53	1Macc.2.53	1Macc.2.53
1Macc.2.54	1Macc.2.54	1Macc.2.54	1Macc.2.54
1Macc.2.55	1Macc.2.55	1Macc.2.55	1Macc.2.55
1Macc.2.56	1Macc.2.56	1Macc.2.56	1Macc.2.56
1Macc.2.57	1Macc.2.57	1Macc.2.57	1Macc.2.57
1Macc.2.58	1Macc.2.58	1Macc.2.58	1Macc.2.58
1Macc.2.59	1Macc.2.59	1Macc.2.59	1Macc.2.59
1Macc.2.60	1Macc.2.60	1Macc.2.60	1Macc.2.60
1Macc.2.61	1Macc.2.61	1Macc.2.61	1Macc.2.61
1Macc.2.62	1Macc.2.62	1Macc.2.62	1Macc.2.62
1Macc.2.63	1Macc.2.63	1Macc.2.63	1Macc.2.63
1Macc.2.64	1Macc.2.64	1Macc.2.64	1Macc.2.64
1Macc.2.65	1Macc.2.65	1Macc.2.65	1Macc.2.65
1Macc.2.66	1Macc.2.66	1Macc.2.66	1Macc.2.66
1Macc.2.67	1Macc.2.67	1Macc.2.67	1Macc.2.67
1Macc.2.68	1Macc.2.68	1Macc.2.68	1Macc.2.68
1Macc.2.69	1Macc.2.69	1Macc.2.69	1Macc.2.69
1Macc.2.70	1Macc.2.70	1Macc.2.70	1Macc.2.70
1Macc.3.1	1Macc.3.1	1Macc.3.1	1Macc.3.1
1Macc.3.2	1Macc.3.2	1Macc.3.2	1Macc.3.2
1Macc.3.3	1Macc.3.3	1Macc.3.3	1Macc.3.3
1Macc.3.4	1Macc.3.4	1Macc.3.4	1Macc.3.4
1Macc.3.5	1Macc.3.5	1Macc.3.5	1Macc.3.5
1Macc.3.6	1Macc.3.6	1Macc.3.6	1Macc.3.6
1Macc.3.7	1Macc.3.7	1Macc.3.7	1Macc.3.7
1Macc.3.8	1Macc.3.8	1Macc.3.8	1Macc.3.8
1Macc.3.9	1Macc.3.9	1Macc.3.9	1Macc.3.9
1Macc.3.10	1Macc.3.10	1Macc.3.10	1Macc.3.10
1Macc.3.11	1Macc.3.11	1Macc.3.11	1Macc.3.11
1Macc.3.12	1Macc.3.12	1Macc.3.12	1Macc.3.12
1Macc.3.13	1Macc.3.13	1Macc.3.13	1Macc.3.13
1Macc.3.14	1Macc.3.14	1Macc.3.14	1Macc.3.14
1Macc.3.15	1Macc.3.15	1Macc.3.15	1Macc.3.15
1Macc.3.16	1Macc.3.16	1Macc.3.16	1Macc.3.16
1Macc.3.17	1Macc.3.17	1Macc.3.17	1Macc.3.17
1Macc.3.18	1Macc.3.18	1Macc.3.18	1Macc.3.18
1Macc.3.19	1Macc.3.19	1Macc.3.19	1Macc.3.19
1Macc.3.20	1Macc.3.20	1Macc.3.20	1Macc.3.20
1Macc.3.21	1Macc.3.21	1Macc.3.21	1Macc.3.21
1Macc.3.22	1Macc.3.22	1Macc.3.22	1Macc.3.22
1Macc.3.23	1Macc.3.23	1Macc.3.23	1Macc.3.23
1Macc.3.24	1Macc.3.24	1Macc.3.24	1Macc.3.24
1Macc.3.25	1Macc.3.25	1Macc.3.25	1Macc.3.25
1Macc.3.26	1Macc.3.26	1Macc.3.26	1Macc.3.26
1Macc.3.27	1Macc.3.27	1Macc.3.27	1Macc.3.27
1Macc.3.28	1Macc.3.28	1Macc.3.28	1Macc.3.28
1Macc.3.29	1Macc.3.29	1Macc.3.29	1Macc.3.29
1Macc.3.30	1Macc.3.30	1Macc.3.30	1Macc.3.30
1Macc.3.31	1Macc.3.31	1Macc.3.31	1Macc.3.31
1Macc.3.32	1Macc.3.32	1Macc.3.32	1Macc.3.32
1Macc.3.33	1Macc.3.33	1Macc.3.33	1Macc.3.33
1Macc.3.34	1Macc.3.34	1Macc.3.34	1Macc.3.34
1Macc.3.35	1Macc.3.35	1Macc.3.35	1Macc.3.35
1Macc.3.36	1Macc.3.36	1Macc.3.36	1Macc.3.36
1Macc.3.37	1Macc.3.37	1Macc.3.37	1Macc.3.37
1Macc.3.38	1Macc.3.38	1Macc.3.38	1Macc.3.38
1Macc.3.39	1Macc.3.39	1Macc.3.39	1Macc.3.39
1Macc.3.40	1Macc.3.40	1Macc.3.40	1Macc.3.40
1Macc.3.41	1Macc.3.41	1Macc.3.41	1Macc.3.41
1Macc.3.42	1Macc.3.42	1Macc.3.42	1Macc.3.42
1Macc.3.43	1Macc.3.43	1Macc.3.43	1Macc.3.43
1Macc.3.44	1Macc.3.44	1Macc.3.44	1Macc.3.44
1Macc.3.45	1Macc.3.45	1Macc.3.45	1Macc.3.45
1Macc.3.46	1Macc.3.46	1Macc.3.46	1Macc.3.46
1Macc.3.47	1Macc.3.47	1Macc.3.47	1Macc.3.47
1Macc.3.48	1Macc.3.48	1Macc.3.48	1Macc.3.48
1Macc.3.49	1Macc.3.49	1Macc.3.49	1Macc.3.49
1Macc.3.50	1Macc.3.50	1Macc.3.50	1Macc.3.50
1Macc.3.51	1Macc.3.51	1Macc.3.51	1Macc.3.51
1Macc.3.52	1Macc.3.52	1Macc.3.52	1Macc.3.52
1Macc.3.53	1Macc.3.53	1Macc.3.53	1Macc.3.53
1Macc.3.54	1Macc.3.54	1Macc.3.54	1Macc.3.54
1Macc.3.55	1Macc.3.55	1Macc.3.55	1Macc.3.55
1Macc.3.56	1Macc.3.56	1Macc.3.56	1Macc.3.56
1Macc.3.57	1Macc.3.57	1Macc.3.57	1Macc.3.57
1Macc.3.58	1Macc.3.58	1Macc.3.58	1Macc.3.58
1Macc.3.59	1Macc.3.59	1Macc.3.59	1Macc.3.59
1Macc.3.60	1Macc.3.60	1Macc.3.60	1Macc.3.60
1Macc.4.1	1Macc.4.1	1Macc.4.1	1Macc.4.1
1Macc.4.2	1Macc.4.2	1Macc.4.2	1Macc.4.2
1Macc.4.3	1Macc.4.3	1Macc.4.3	1Macc.4.3
1Macc.4.4	1Macc.4.4	1Macc.4.4	1Macc.4.4
1Macc.4.5	1Macc.4.5	1Macc.4.5	1Macc.4.5
1Macc.4.6	1Macc.4.6	1Macc.4.6	1Macc.4.6
1Macc.4.7	1Macc.4.7	1Macc.4.7	1Macc.4.7
1Macc.4.8	1Macc.4.8	1Macc.4.8	1Macc.4.8
1Macc.4.9	1Macc.4.9	1Macc.4.9	1Macc.4.9
1Macc.4.10	1Macc.4.10	1Macc.4.10	1Macc.4.10
1Macc.4.11	1Macc.4.11	1Macc.4.11	1Macc.4.11
1Macc.4.12	1Macc.4.12	1Macc.4.12	1Macc.4.12
1Macc.4.13	1Macc.4.13	1Macc.4.13	1Macc.4.13
1Macc.4.14	1Macc.4.14	1Macc.4.14	1Macc.4.14
1Macc.4.15	1Macc.4.15	1Macc.4.15	1Macc.4.15
1Macc.4.16	1Macc.4.16	1Macc.4.16	1Macc.4.16
1Macc.4.17	1Macc.4.17	1Macc.4.17	1Macc.4.17
1Macc.4.18	1Macc.4.18	1Macc.4.18	1Macc.4.18
1Macc.4.19	1Macc.4.19	1Macc.4.19	1Macc.4.19
1Macc.4.20	1Macc.4.20	1Macc.4.20	1Macc.4.20
1Macc.4.21	1Macc.4.21	1Macc.4.21	1Macc.4.21
1Macc.4.22	1Macc.4.22	1Macc.4.22	1Macc.4.22
1Macc.4.23	1Macc.4.23	1Macc.4.23	1Macc.4.23
1Macc.4.24	1Macc.4.24	1Macc.4.24	1Macc.4.24
1Macc.4.25	1Macc.4.25	1Macc.4.25	1Macc.4.25
1Macc.4.26	1Macc.4.26	1Macc.4.26	1Macc.4.26
1Macc.4.27	1Macc.4.27	1Macc.4.27	1Macc.4.27
1Macc.4.28	1Macc.4.28	1Macc.4.28	1Macc.4.28
1Macc.4.29	1Macc.4.29	1Macc.4.29	1Macc.4.29
1Macc.4.30	1Macc.4.30	1Macc.4.30	1Macc.4.30
1Macc.4.31	1Macc.4.31	1Macc.4.31	1Macc.4.31
1Macc.4.32	1Macc.4.32	1Macc.4.32	1Macc.4.32
1Macc.4.33	1Macc.4.33	1Macc.4.33	1Macc.4.33
1Macc.4.34	1Macc.4.34	1Macc.4.34	1Macc.4.34
1Macc.4.35	1Macc.4.35	1Macc.4.35	1Macc.4.35
1Macc.4.36	1Macc.4.36	1Macc.4.36	1Macc.4.36
1Macc.4.37	1Macc.4.37	1Macc.4.37	1Macc.4.37
1Macc.4.38	1Macc.4.38	1Macc.4.38	1Macc.4.38
1Macc.4.39	1Macc.4.39	1Macc.4.39	1Macc.4.39
1Macc.4.40	1Macc.4.40	1Macc.4.40	1Macc.4.40
1Macc.4.41	1Macc.4.41	1Macc.4.41	1Macc.4.41
1Macc.4.42	1Macc.4.42	1Macc.4.42	1Macc.4.42
1Macc.4.43	1Macc.4.43	1Macc.4.43	1Macc.4.43
1Macc.4.44	1Macc.4.44	1Macc.4.44	1Macc.4.44
1Macc.4.45	1Macc.4.45	1Macc.4.45	1Macc.4.45
1Macc.4.46	1Macc.4.46	1Macc.4.46	1Macc.4.46
1Macc.4.47	1Macc.4.47	1Macc.4.47	1Macc.4.47
1Macc.4.48	1Macc.4.48	1Macc.4.48	1Macc.4.48
1Macc.4.49	1Macc.4.49	1Macc.4.49	1Macc.4.49
1Macc.4.50	1Macc.4.50	1Macc.4.50	1Macc.4.50
1Macc.4.51	1Macc.4.51	1Macc.4.51	1Macc.4.51
1Macc.4.52	1Macc.4.52	1Macc.4.52	1Macc.4.52
1Macc.4.53	1Macc.4.53	1Macc.4.53	1Macc.4.53
1Macc.4.54	1Macc.4.54	1Macc.4.54	1Macc.4.54
1Macc.4.55	1Macc.4.55	1Macc.4.55	1Macc.4.55
1Macc.4.56	1Macc.4.56	1Macc.4.56	1Macc.4.56
1Macc.4.57	1Macc.4.57	1Macc.4.57	1Macc.4.57
1Macc.4.58	1Macc.4.58	1Macc.4.58	1Macc.4.58
1Macc.4.59	1Macc.4.59	1Macc.4.59	1Macc.4.59
1Macc.4.60	1Macc.4.60	1Macc.4.60	1Macc.4.60
1Macc.4.61	1Macc.4.61	1Macc.4.61	1Macc.4.61
1Macc.5.1	1Macc.5.1	1Macc.5.1	1Macc.5.1
1Macc.5.2	1Macc.5.2	1Macc.5.2	1Macc.5.2
1Macc.5.3	1Macc.5.3	1Macc.5.3	1Macc.5.3
1Macc.5.4	1Macc.5.4	1Macc.5.4	1Macc.5.4
1Macc.5.5	1Macc.5.5	1Macc.5.5	1Macc.5.5
1Macc.5.6	1Macc.5.6	1Macc.5.6	1Macc.5.6
1Macc.5.7	1Macc.5.7	1Macc.5.7	1Macc.5.7
1Macc.5.8	1Macc.5.8	1Macc.5.8	1Macc.5.8
1Macc.5.9	1Macc.5.9	1Macc.5.9	1Macc.5.9
1Macc.5.10	1Macc.5.10	1Macc.5.10	1Macc.5.10
1Macc.5.11	1Macc.5.11	1Macc.5.11	1Macc.5.11
1Macc.5.12	1Macc.5.12	1Macc.5.12	1Macc.5.12
1Macc.5.13	1Macc.5.13	1Macc.5.13	1Macc.5.13
1Macc.5.14	1Macc.5.14	1Macc.5.14	1Macc.5.14
1Macc.5.15	1Macc.5.15	1Macc.5.15	1Macc.5.15
1Macc.5.16	1Macc.5.16	1Macc.5.16	1Macc.5.16
1Macc.5.17	1Macc.5.17	1Macc.5.17	1Macc.5.17
1Macc.5.18	1Macc.5.18	1Macc.5.18	1Macc.5.18
1Macc.5.19	1Macc.5.19	1Macc.5.19	1Macc.5.19
1Macc.5.20	1Macc.5.20	1Macc.5.20	1Macc.5.20
1Macc.5.21	1Macc.5.21	1Macc.5.21	1Macc.5.21
1Macc.5.22	1Macc.5.22	1Macc.5.22	1Macc.5.22
1Macc.5.23	1Macc.5.23	1Macc.5.23	1Macc.5.23
1Macc.5.24	1Macc.5.24	1Macc.5.24	1Macc.5.24
1Macc.5.25	1Macc.5.25	1Macc.5.25	1Macc.5.25
1Macc.5.26	1Macc.5.26	1Macc.5.26	1Macc.5.26
1Macc.5.27	1Macc.5.27	1Macc.5.27	1Macc.5.27
1Macc.5.28	1Macc.5.28	1Macc.5.28	1Macc.5.28
1Macc.5.29	1Macc.5.29	1Macc.5.29	1Macc.5.29
1Macc.5.30	1Macc.5.30	1Macc.5.30	1Macc.5.30
1Macc.5.31	1Macc.5.31	1Macc.5.31	1Macc.5.31
1Macc.5.32	1Macc.5.32	1Macc.5.32	1Macc.5.32
1Macc.5.33	1Macc.5.33	1Macc.5.33	1Macc.5.33
1Macc.5.34	1Macc.5.34	1Macc.5.34	1Macc.5.34
1Macc.5.35	1Macc.5.35	1Macc.5.35	1Macc.5.35
1Macc.5.36	1Macc.5.36	1Macc.5.36	1Macc.5.36
1Macc.5.37	1Macc.5.37	1Macc.5.37	1Macc.5.37
1Macc.5.38	1Macc.5.38	1Macc.5.38	1Macc.5.38
1Macc.5.39	1Macc.5.39	1Macc.5.39	1Macc.5.39
1Macc.5.40	1Macc.5.40	1Macc.5.40	1Macc.5.40
1Macc.5.41	1Macc.5.41	1Macc.5.41	1Macc.5.41
1Macc.5.42	1Macc.5.42	1Macc.5.42	1Macc.5.42
1Macc.5.43	1Macc.5.43	1Macc.5.43	1Macc.5.43
1Macc.5.44	1Macc.5.44	1Macc.5.44	1Macc.5.44
1Macc.5.45	1Macc.5.45	1Macc.5.45	1Macc.5.45
1Macc.5.46	1Macc.5.46	1Macc.5.46	1Macc.5.46
1Macc.5.47	1Macc.5.47	1Macc.5.47	1Macc.5.47
1Macc.5.48	1Macc.5.48	1Macc.5.48	1Macc.5.48
1Macc.5.49	1Macc.5.49	1Macc.5.49	1Macc.5.49
1Macc.5.50	1Macc.5.50	1Macc.5.50	1Macc.5.50
1Macc.5.51	1Macc.5.51	1Macc.5.51	1Macc.5.51
1Macc.5.52	1Macc.5.52	1Macc.5.52	1Macc.5.52
1Macc.5.53	1Macc.5.53	1Macc.5.53	1Macc.5.53
1Macc.5.54	1Macc.5.54	1Macc.5.54	1Macc.5.54
1Macc.5.55	1Macc.5.55	1Macc.5.55	1Macc.5.55
1Macc.5.56	1Macc.5.56	1Macc.5.56	1Macc.5.56
1Macc.5.57	1Macc.5.57	1Macc.5.57	1Macc.5.57
1Macc.5.58	1Macc.5.58	1Macc.5.58	1Macc.5.58
1Macc.5.59	1Macc.5.59	1Macc.5.59	1Macc.5.59
1Macc.5.60	1Macc.5.60	1Macc.5.60	1Macc.5.60
1Macc.5.61	1Macc.5.61	1Macc.5.61	1Macc.5.61
1Macc.5.62	1Macc.5.62	1Macc.5.62	1Macc.5.62
1Macc.5.63	1Macc.5.63	1Macc.5.63	1Macc.5.63
1Macc.5.64	1Macc.5.64	1Macc.5.64	1Macc.5.64
1Macc.5.65	1Macc.5.65	1Macc.5.65	1Macc.5.65
1Macc.5.66	1Macc.5.66	1Macc.5.66	1Macc.5.66
1Macc.5.67	1Macc.5.67	1Macc.5.67	1Macc.5.67
1Macc.5.68	1Macc.5.68	1Macc.5.68	1Macc.5.68
1Macc.6.1	1Macc.6.1	1Macc.6.1	1Macc.6.1
1Macc.6.2	1Macc.6.2	1Macc.6.2	1Macc.6.2
1Macc.6.3	1Macc.6.3	1Macc.6.3	1Macc.6.3
1Macc.6.4	1Macc.6.4	1Macc.6.4	1Macc.6.4
1Macc.6.5	1Macc.6.5	1Macc.6.5	1Macc.6.5
1Macc.6.6	1Macc.6.6	1Macc.6.6	1Macc.6.6
1Macc.6.7	1Macc.6.7	1Macc.6.7	1Macc.6.7
1Macc.6.8	1Macc.6.8	1Macc.6.8	1Macc.6.8
1Macc.6.9	1Macc.6.9	1Macc.6.9	1Macc.6.9
1Macc.6.10	1Macc.6.10	1Macc.6.10	1Macc.6.10
1Macc.6.11	1Macc.6.11	1Macc.6.11	1Macc.6.11
1Macc.6.12	1Macc.6.12	1Macc.6.12	1Macc.6.12
1Macc.6.13	1Macc.6.13	1Macc.6.13	1Macc.6.13
1Macc.6.14	1Macc.6.14	1Macc.6.14	1Macc.6.14
1Macc.6.15	1Macc.6.15	1Macc.6.15	1Macc.6.15
1Macc.6.16	1Macc.6.16	1Macc.6.16	1Macc.6.16
1Macc.6.17	1Macc.6.17	1Macc.6.17	1Macc.6.17
1Macc.6.18	1Macc.6.18	1Macc.6.18	1Macc.6.18
1Macc.6.19	1Macc.6.19	1Macc.6.19	1Macc.6.19
1Macc.6.20	1Macc.6.20	1Macc.6.20	1Macc.6.20
1Macc.6.21	1Macc.6.21	1Macc.6.21	1Macc.6.21
1Macc.6.22	1Macc.6.22	1Macc.6.22	1Macc.6.22
1Macc.6.23	1Macc.6.23	1Macc.6.23	1Macc.6.23
1Macc.6.24	1Macc.6.24	1Macc.6.24	1Macc.6.24
1Macc.6.25	1Macc.6.25	1Macc.6.25	1Macc.6.25
1Macc.6.26	1Macc.6.26	1Macc.6.26	1Macc.6.26
1Macc.6.27	1Macc.6.27	1Macc.6.27	1Macc.6.27
1Macc.6.28	1Macc.6.28	1Macc.6.28	1Macc.6.28
1Macc.6.29	1Macc.6.29	1Macc.6.29	1Macc.6.29
1Macc.6.30	1Macc.6.30	1Macc.6.30	1Macc.6.30
1Macc.6.31	1Macc.6.31	1Macc.6.31	1Macc.6.31
1Macc.6.32	1Macc.6.32	1Macc.6.32	1Macc.6.32
1Macc.6.33	1Macc.6.33	1Macc.6.33	1Macc.6.33
1Macc.6.34	1Macc.6.34	1Macc.6.34	1Macc.6.34
1Macc.6.35	1Macc.6.35	1Macc.6.35	1Macc.6.35
1Macc.6.36	1Macc.6.36	1Macc.6.36	1Macc.6.36
1Macc.6.37	1Macc.6.37	1Macc.6.37	1Macc.6.37
1Macc.6.38	1Macc.6.38	1Macc.6.38	1Macc.6.38
1Macc.6.39	1Macc.6.39	1Macc.6.39	1Macc.6.39
1Macc.6.40	1Macc.6.40	1Macc.6.40	1Macc.6.40
1Macc.6.41	1Macc.6.41	1Macc.6.41	1Macc.6.41
1Macc.6.42	1Macc.6.42	1Macc.6.42	1Macc.6.42
1Macc.6.43	1Macc.6.43	1Macc.6.43	1Macc.6.43
1Macc.6.44	1Macc.6.44	1Macc.6.44	1Macc.6.44
1Macc.6.45	1Macc.6.45	1Macc.6.45	1Macc.6.45
1Macc.6.46	1Macc.6.46	1Macc.6.46	1Macc.6.46
1Macc.6.47	1Macc.6.47	1Macc.6.47	1Macc.6.47
1Macc.6.48	1Macc.6.48	1Macc.6.48	1Macc.6.48
1Macc.6.49	1Macc.6.49	1Macc.6.49	1Macc.6.49
1Macc.6.50	1Macc.6.50	1Macc.6.50	1Macc.6.50
1Macc.6.51	1Macc.6.51	1Macc.6.51	1Macc.6.51
1Macc.6.52	1Macc.6.52	1Macc.6.52	1Macc.6.52
1Macc.6.53	1Macc.6.53	1Macc.6.53	1Macc.6.53
1Macc.6.54	1Macc.6.54	1Macc.6.54	1Macc.6.54
1Macc.6.55	1Macc.6.55	1Macc.6.55	1Macc.6.55
1Macc.6.56	1Macc.6.56	1Macc.6.56	1Macc.6.56
1Macc.6.57	1Macc.6.57	1Macc.6.57	1Macc.6.57
1Macc.6.58	1Macc.6.58	1Macc.6.58	1Macc.6.58
1Macc.6.59	1Macc.6.59	1Macc.6.59	1Macc.6.59
1Macc.6.60	1Macc.6.60	1Macc.6.60	1Macc.6.60
1Macc.6.61	1Macc.6.61	1Macc.6.61	1Macc.6.61
1Macc.6.62	1Macc.6.62	1Macc.6.62	1Macc.6.62
1Macc.6.63	1Macc.6.63	1Macc.6.63	1Macc.6.63
1Macc.7.1	1Macc.7.1	1Macc.7.1	1Macc.7.1
1Macc.7.2	1Macc.7.2	1Macc.7.2	1Macc.7.2
1Macc.7.3	1Macc.7.3	1Macc.7.3	1Macc.7.3
1Macc.7.4	1Macc.7.4	1Macc.7.4	1Macc.7.4
1Macc.7.5	1Macc.7.5	1Macc.7.5	1Macc.7.5
1Macc.7.6	1Macc.7.6	1Macc.7.6	1Macc.7.6
1Macc.7.7	1Macc.7.7	1Macc.7.7	1Macc.7.7
1Macc.7.8	1Macc.7.8	1Macc.7.8	1Macc.7.8
1Macc.7.9	1Macc.7.9	1Macc.7.9	1Macc.7.9
1Macc.7.10	1Macc.7.10	1Macc.7.10	1Macc.7.10
1Macc.7.11	1Macc.7.11	1Macc.7.11	1Macc.7.11
1Macc.7.12	1Macc.7.12	1Macc.7.12	1Macc.7.12
1Macc.7.13	1Macc.7.13	1Macc.7.13	1Macc.7.13
1Macc.7.14	1Macc.7.14	1Macc.7.14	1Macc.7.14
1Macc.7.15	1Macc.7.15	1Macc.7.15	1Macc.7.15
1Macc.7.16	1Macc.7.16	1Macc.7.16	1Macc.7.16
1Macc.7.17	1Macc.7.17	1Macc.7.17	1Macc.7.17
1Macc.7.18	1Macc.7.18	1Macc.7.18	1Macc.7.18
1Macc.7.19	1Macc.7.19	1Macc.7.19	1Macc.7.19
1Macc.7.20	1Macc.7.20	1Macc.7.20	1Macc.7.20
1Macc.7.21	1Macc.7.21	1Macc.7.21	1Macc.7.21
1Macc.7.22	1Macc.7.22	1Macc.7.22	1Macc.7.22
1Macc.7.23	1Macc.7.23	1Macc.7.23	1Macc.7.23
1Macc.7.24	1Macc.7.24	1Macc.7.24	1Macc.7.24
1Macc.7.25	1Macc.7.25	1Macc.7.25	1Macc.7.25
1Macc.7.26	1Macc.7.26	1Macc.7.26	1Macc.7.26
1Macc.7.27	1Macc.7.27	1Macc.7.27	1Macc.7.27
1Macc.7.28	1Macc.7.28	1Macc.7.28	1Macc.7.28
1Macc.7.29	1Macc.7.29	1Macc.7.29	1Macc.7.29
1Macc.7.30	1Macc.7.30	1Macc.7.30	1Macc.7.30
1Macc.7.31	1Macc.7.31	1Macc.7.31	1Macc.7.31
1Macc.7.32	1Macc.7.32	1Macc.7.32	1Macc.7.32
1Macc.7.33	1Macc.7.33	1Macc.7.33	1Macc.7.33
1Macc.7.34	1Macc.7.34	1Macc.7.34	1Macc.7.34
1Macc.7.35	1Macc.7.35	1Macc.7.35	1Macc.7.35
1Macc.7.36	1Macc.7.36	1Macc.7.36	1Macc.7.36
1Macc.7.37	1Macc.7.37	1Macc.7.37	1Macc.7.37
1Macc.7.38	1Macc.7.38	1Macc.7.38	1Macc.7.38
1Macc.7.39	1Macc.7.39	1Macc.7.39	1Macc.7.39
1Macc.7.40	1Macc.7.40	1Macc.7.40	1Macc.7.40
1Macc.7.41	1Macc.7.41	1Macc.7.41	1Macc.7.41
1Macc.7.42	1Macc.7.42	1Macc.7.42	1Macc.7.42
1Macc.7.43	1Macc.7.43	1Macc.7.43	1Macc.7.43
1Macc.7.44	1Macc.7.44	1Macc.7.44	1Macc.7.44
1Macc.7.45	1Macc.7.45	1Macc.7.45	1Macc.7.45
1Macc.7.46	1Macc.7.46	1Macc.7.46	1Macc.7.46
1Macc.7.47	1Macc.7.47	1Macc.7.47	1Macc.7.47
1Macc.7.48	1Macc.7.48	1Macc.7.48	1Macc.7.48
1Macc.7.49	1Macc.7.49	1Macc.7.49	1Macc.7.49
1Macc.7.50	1Macc.7.50	1Macc.7.50	1Macc.7.50
1Macc.8.1	1Macc.8.1	1Macc.8.1	1Macc.8.1
1Macc.8.2	1Macc.8.2	1Macc.8.2	1Macc.8.2
1Macc.8.3	1Macc.8.3	1Macc.8.3	1Macc.8.3
1Macc.8.4	1Macc.8.4	1Macc.8.4	1Macc.8.4
1Macc.8.5	1Macc.8.5	1Macc.8.5	1Macc.8.5
1Macc.8.6	1Macc.8.6	1Macc.8.6	1Macc.8.6
1Macc.8.7	1Macc.8.7	1Macc.8.7	1Macc.8.7
1Macc.8.8	1Macc.8.8	1Macc.8.8	1Macc.8.8
1Macc.8.9	1Macc.8.9	1Macc.8.9	1Macc.8.9
1Macc.8.10	1Macc.8.10	1Macc.8.10	1Macc.8.10
1Macc.8.11	1Macc.8.11	1Macc.8.11	1Macc.8.11
1Macc.8.12	1Macc.8.12	1Macc.8.12	1Macc.8.12
1Macc.8.13	1Macc.8.13	1Macc.8.13	1Macc.8.13
1Macc.8.14	1Macc.8.14	1Macc.8.14	1Macc.8.14
1Macc.8.15	1Macc.8.15	1Macc.8.15	1Macc.8.15
1Macc.8.16	1Macc.8.16	1Macc.8.16	1Macc.8.16
1Macc.8.17	1Macc.8.17	1Macc.8.17	1Macc.8.17
1Macc.8.18	1Macc.8.18	1Macc.8.18	1Macc.8.18
1Macc.8.19	1Macc.8.19	1Macc.8.19	1Macc.8.19
1Macc.8.20	1Macc.8.20	1Macc.8.20	1Macc.8.20
1Macc.8.21	1Macc.8.21	1Macc.8.21	1Macc.8.21
1Macc.8.22	1Macc.8.22	1Macc.8.22	1Macc.8.22
1Macc.8.23	1Macc.8.23	1Macc.8.23	1Macc.8.23
1Macc.8.24	1Macc.8.24	1Macc.8.24	1Macc.8.24
1Macc.8.25	1Macc.8.25	1Macc.8.25	1Macc.8.25
1Macc.8.26	1Macc.8.26	1Macc.8.26	1Macc.8.26
1Macc.8.27	1Macc.8.27	1Macc.8.27	1Macc.8.27
1Macc.8.28	1Macc.8.28	1Macc.8.28	1Macc.8.28
1Macc.8.29	1Macc.8.29	1Macc.8.29	1Macc.8.29
1Macc.8.30	1Macc.8.30	1Macc.8.30	1Macc.8.30
1Macc.8.31	1Macc.8.31	1Macc.8.31	1Macc.8.31
1Macc.8.32	1Macc.8.32	1Macc.8.32	1Macc.8.32
1Macc.9.1	1Macc.9.1	1Macc.9.1	1Macc.9.1
1Macc.9.2	1Macc.9.2	1Macc.9.2	1Macc.9.2
1Macc.9.3	1Macc.9.3	1Macc.9.3	1Macc.9.3
1Macc.9.4	1Macc.9.4	1Macc.9.4	1Macc.9.4
1Macc.9.5	1Macc.9.5	1Macc.9.5	1Macc.9.5
1Macc.9.6	1Macc.9.6	1Macc.9.6	1Macc.9.6
1Macc.9.7	1Macc.9.7	1Macc.9.7	1Macc.9.7
1Macc.9.8	1Macc.9.8	1Macc.9.8	1Macc.9.8
1Macc.9.9	1Macc.9.9	1Macc.9.9	1Macc.9.9
1Macc.9.10	1Macc.9.10	1Macc.9.10	1Macc.9.10
1Macc.9.11	1Macc.9.11	1Macc.9.11	1Macc.9.11
1Macc.9.12	1Macc.9.12	1Macc.9.12	1Macc.9.12
1Macc.9.13	1Macc.9.13	1Macc.9.13	1Macc.9.13
1Macc.9.14	1Macc.9.14	1Macc.9.14	1Macc.9.14
1Macc.9.15	1Macc.9.15	1Macc.9.15	1Macc.9.15
1Macc.9.16	1Macc.9.16	1Macc.9.16	1Macc.9.16
1Macc.9.17	1Macc.9.17	1Macc.9.17	1Macc.9.17
1Macc.9.18	1Macc.9.18	1Macc.9.18	1Macc.9.18
1Macc.9.19	1Macc.9.19	1Macc.9.19	1Macc.9.19
1Macc.9.20	1Macc.9.20	1Macc.9.20	1Macc.9.20
1Macc.9.21	1Macc.9.21	1Macc.9.21	1Macc.9.21
1Macc.9.22	1Macc.9.22	1Macc.9.22	1Macc.9.22
1Macc.9.23	1Macc.9.23	1Macc.9.23	1Macc.9.23
1Macc.9.24	1Macc.9.24	1Macc.9.24	1Macc.9.24
1Macc.9.25	1Macc.9.25	1Macc.9.25	1Macc.9.25
1Macc.9.26	1Macc.9.26	1Macc.9.26	1Macc.9.26
1Macc.9.27	1Macc.9.27	1Macc.9.27	1Macc.9.27
1Macc.9.28	1Macc.9.28	1Macc.9.28	1Macc.9.28
1Macc.9.29	1Macc.9.29	1Macc.9.29	1Macc.9.29
1Macc.9.30	1Macc.9.30	1Macc.9.30	1Macc.9.30
1Macc.9.31	1Macc.9.31	1Macc.9.31	1Macc.9.31
1Macc.9.32	1Macc.9.32	1Macc.9.32	1Macc.9.32
1Macc.9.33	1Macc.9.33	1Macc.9.33	1Macc.9.33
1Macc.9.34	1Macc.9.34	1Macc.9.34	1Macc.9.34
1Macc.9.35	1Macc.9.35	1Macc.9.35	1Macc.9.35
1Macc.9.36	1Macc.9.36	1Macc.9.36	1Macc.9.36
1Macc.9.37	1Macc.9.37	1Macc.9.37	1Macc.9.37
1Macc.9.38	1Macc.9.38	1Macc.9.38	1Macc.9.38
1Macc.9.39	1Macc.9.39	1Macc.9.39	1Macc.9.39
1Macc.9.40	1Macc.9.40	1Macc.9.40	1Macc.9.40
1Macc.9.41	1Macc.9.41	1Macc.9.41	1Macc.9.41
1Macc.9.42	1Macc.9.42	1Macc.9.42	1Macc.9.42
1Macc.9.43	1Macc.9.43	1Macc.9.43	1Macc.9.43
1Macc.9.44	1Macc.9.44	1Macc.9.44	1Macc.9.44
1Macc.9.45	1Macc.9.45	1Macc.9.45	1Macc.9.45
1Macc.9.46	1Macc.9.46	1Macc.9.46	1Macc.9.46
1Macc.9.47	1Macc.9.47	1Macc.9.47	1Macc.9.47
1Macc.9.48	1Macc.9.48	1Macc.9.48	1Macc.9.48
1Macc.9.49	1Macc.9.49	1Macc.9.49	1Macc.9.49
1Macc.9.50	1Macc.9.50	1Macc.9.50	1Macc.9.50
1Macc.9.51	1Macc.9.51	1Macc.9.51	1Macc.9.51
1Macc.9.52	1Macc.9.52	1Macc.9.52	1Macc.9.52
1Macc.9.53	1Macc.9.53	1Macc.9.53	1Macc.9.53
1Macc.9.54	1Macc.9.54	1Macc.9.54	1Macc.9.54
1Macc.9.55	1Macc.9.55	1Macc.9.55	1Macc.9.55
1Macc.9.56	1Macc.9.56	1Macc.9.56	1Macc.9.56
1Macc.9.57	1Macc.9.57	1Macc.9.57	1Macc.9.57
1Macc.9.58	1Macc.9.58	1Macc.9.58	1Macc.9.58
1Macc.9.59	1Macc.9.59	1Macc.9.59	1Macc.9.59
1Macc.9.60	1Macc.9.60	1Macc.9.60	1Macc.9.60
1Macc.9.61	1Macc.9.61	1Macc.9.61	1Macc.9.61
1Macc.9.62	1Macc.9.62	1Macc.9.62	1Macc.9.62
1Macc.9.63	1Macc.9.63	1Macc.9.63	1Macc.9.63
1Macc.9.64	1Macc.9.64	1Macc.9.64	1Macc.9.64
1Macc.9.65	1Macc.9.65	1Macc.9.65	1Macc.9.65
1Macc.9.66	1Macc.9.66	1Macc.9.66	1Macc.9.66
1Macc.9.67	1Macc.9.67	1Macc.9.67	1Macc.9.67
1Macc.9.68	1Macc.9.68	1Macc.9.68	1Macc.9.68
1Macc.9.69	1Macc.9.69	1Macc.9.69	1Macc.9.69
1Macc.9.70	1Macc.9.70	1Macc.9.70	1Macc.9.70
1Macc.9.71	1Macc.9.71	1Macc.9.71	1Macc.9.71
1Macc.9.72	1Macc.9.72	1Macc.9.72	1Macc.9.72
1Macc.9.73	1Macc.9.73	1Macc.9.73	1Macc.9.73
1Macc.10.1	1Macc.10.1	1Macc.10.1	1Macc.10.1
1Macc.10.2	1Macc.10.2	1Macc.10.2	1Macc.10.2
1Macc.10.3	1Macc.10.3	1Macc.10.3	1Macc.10.3
1Macc.10.4	1Macc.10.4	1Macc.10.4	1Macc.10.4
1Macc.10.5	1Macc.10.5	1Macc.10.5	1Macc.10.5
1Macc.10.6	1Macc.10.6	1Macc.10.6	1Macc.10.6
1Macc.10.7	1Macc.10.7	1Macc.10.7	1Macc.10.7
1Macc.10.8	1Macc.10.8	1Macc.10.8	1Macc.10.8
1Macc.10.9	1Macc.10.9	1Macc.10.9	1Macc.10.9
1Macc.10.10	1Macc.10.10	1Macc.10.10	1Macc.10.10
1Macc.10.11	1Macc.10.11	1Macc.10.11	1Macc.10.11
1Macc.10.12	1Macc.10.12	1Macc.10.12	1Macc.10.12
1Macc.10.13	1Macc.10.13	1Macc.10.13	1Macc.10.13
1Macc.10.14	1Macc.10.14	1Macc.10.14	1Macc.10.14
1Macc.10.15	1Macc.10.15	1Macc.10.15	1Macc.10.15
1Macc.10.16	1Macc.10.16	1Macc.10.16	1Macc.10.16
1Macc.10.17	1Macc.10.17	1Macc.10.17	1Macc.10.17
1Macc.10.18	1Macc.10.18	1Macc.10.18	1Macc.10.18
1Macc.10.19	1Macc.10.19	1Macc.10.19	1Macc.10.19
1Macc.10.20	1Macc.10.20	1Macc.10.20	1Macc.10.20
1Macc.10.21	1Macc.10.21	1Macc.10.21	1Macc.10.21
1Macc.10.22	1Macc.10.22	1Macc.10.22	1Macc.10.22
1Macc.10.23	1Macc.10.23	1Macc.10.23	1Macc.10.23
1Macc.10.24	1Macc.10.24	1Macc.10.24	1Macc.10.24
1Macc.10.25	1Macc.10.25	1Macc.10.25	1Macc.10.25
1Macc.10.26	1Macc.10.26	1Macc.10.26	1Macc.10.26
1Macc.10.27	1Macc.10.27	1Macc.10.27	1Macc.10.27
1Macc.10.28	1Macc.10.28	1Macc.10.28	1Macc.10.28
1Macc.10.29	1Macc.10.29	1Macc.10.29	1Macc.10.29
1Macc.10.30	1Macc.10.30	1Macc.10.30	1Macc.10.30
1Macc.10.31	1Macc.10.31	1Macc.10.31	1Macc.10.31
1Macc.10.32	1Macc.10.32	1Macc.10.32	1Macc.10.32
1Macc.10.33	1Macc.10.33	1Macc.10.33	1Macc.10.33
1Macc.10.34	1Macc.10.34	1Macc.10.34	1Macc.10.34
1Macc.10.35	1Macc.10.35	1Macc.10.35	1Macc.10.35
1Macc.10.36	1Macc.10.36	1Macc.10.36	1Macc.10.36
1Macc.10.37	1Macc.10.37	1Macc.10.37	1Macc.10.37
1Macc.10.38	1Macc.10.38	1Macc.10.38	1Macc.10.38
1Macc.10.39	1Macc.10.39	1Macc.10.39	1Macc.10.39
1Macc.10.40	1Macc.10.40	1Macc.10.40	1Macc.10.40
1Macc.10.41	1Macc.10.41	1Macc.10.41	1Macc.10.41
1Macc.10.42	1Macc.10.42	1Macc.10.42	1Macc.10.42
1Macc.10.43	1Macc.10.43	1Macc.10.43	1Macc.10.43
1Macc.10.44	1Macc.10.44	1Macc.10.44	1Macc.10.44
1Macc.10.45	1Macc.10.45	1Macc.10.45	1Macc.10.45
1Macc.10.46	1Macc.10.46	1Macc.10.46	1Macc.10.46
1Macc.10.47	1Macc.10.47	1Macc.10.47	1Macc.10.47
1Macc.10.48	1Macc.10.48	1Macc.10.48	1Macc.10.48
1Macc.10.49	1Macc.10.49	1Macc.10.49	1Macc.10.49
1Macc.10.50	1Macc.10.50	1Macc.10.50	1Macc.10.50
1Macc.10.51	1Macc.10.51	1Macc.10.51	1Macc.10.51
1Macc.10.52	1Macc.10.52	1Macc.10.52	1Macc.10.52
1Macc.10.53	1Macc.10.53	1Macc.10.53	1Macc.10.53
1Macc.10.54	1Macc.10.54	1Macc.10.54	1Macc.10.54
1Macc.10.55	1Macc.10.55	1Macc.10.55	1Macc.10.55
1Macc.10.56	1Macc.10.56	1Macc.10.56	1Macc.10.56
1Macc.10.57	1Macc.10.57	1Macc.10.57	1Macc.10.57
1Macc.10.58	1Macc.10.58	1Macc.10.58	1Macc.10.58
1Macc.10.59	1Macc.10.59	1Macc.10.59	1Macc.10.59
1Macc.10.60	1Macc.10.60	1Macc.10.60	1Macc.10.60
1Macc.10.61	1Macc.10.61	1Macc.10.61	1Macc.10.61
1Macc.10.62	1Macc.10.62	1Macc.10.62	1Macc.10.62
1Macc.10.63	1Macc.10.63	1Macc.10.63	1Macc.10.63
1Macc.10.64	1Macc.10.64	1Macc.10.64	1Macc.10.64
1Macc.10.65	1Macc.10.65	1Macc.10.65	1Macc.10.65
1Macc.10.66	1Macc.10.66	1Macc.10.66	1Macc.10.66
1Macc.10.67	1Macc.10.67	1Macc.10.67	1Macc.10.67
1Macc.10.68	1Macc.10.68	1Macc.10.68	1Macc.10.68
1Macc.10.69	1Macc.10.69	1Macc.10.69	1Macc.10.69
1Macc.10.70	1Macc.10.70	1Macc.10.70	1Macc.10.70
1Macc.10.71	1Macc.10.71	1Macc.10.71	1Macc.10.71
1Macc.10.72	1Macc.10.72	1Macc.10.72	1Macc.10.72
1Macc.10.73	1Macc.10.73	1Macc.10.73	1Macc.10.73
1Macc.10.74	1Macc.10.74	1Macc.10.74	1Macc.10.74
1Macc.10.75	1Macc.10.75	1Macc.10.75	1Macc.10.75
1Macc.10.76	1Macc.10.76	1Macc.10.76	1Macc.10.76
1Macc.10.77	1Macc.10.77	1Macc.10.77	1Macc.10.77
1Macc.10.78	1Macc.10.78	1Macc.10.78	1Macc.10.78
1Macc.10.79	1Macc.10.79	1Macc.10.79	1Macc.10.79
1Macc.10.80	1Macc.10.80	1Macc.10.80	1Macc.10.80
1Macc.10.81	1Macc.10.81	1Macc.10.81	1Macc.10.81
1Macc.10.82	1Macc.10.82	1Macc.10.82	1Macc.10.82
1Macc.10.83	1Macc.10.83	1Macc.10.83	1Macc.10.83
1Macc.10.84	1Macc.10.84	1Macc.10.84	1Macc.10.84
1Macc.10.85	1Macc.10.85	1Macc.10.85	1Macc.10.85
1Macc.10.86	1Macc.10.86	1Macc.10.86	1Macc.10.86
1Macc.10.87	1Macc.10.87	1Macc.10.87	1Macc.10.87
1Macc.10.88	1Macc.10.88	1Macc.10.88	1Macc.10.88
1Macc.10.89	1Macc.10.89	1Macc.10.89	1Macc.10.89
1Macc.11.1	1Macc.11.1	1Macc.11.1	1Macc.11.1
1Macc.11.2	1Macc.11.2	1Macc.11.2	1Macc.11.2
1Macc.11.3	1Macc.11.3	1Macc.11.3	1Macc.11.3
1Macc.11.4	1Macc.11.4	1Macc.11.4	1Macc.11.4
1Macc.11.5	1Macc.11.5	1Macc.11.5	1Macc.11.5
1Macc.11.6	1Macc.11.6	1Macc.11.6	1Macc.11.6
1Macc.11.7	1Macc.11.7	1Macc.11.7	1Macc.11.7
1Macc.11.8	1Macc.11.8	1Macc.11.8	1Macc.11.8
1Macc.11.9	1Macc.11.9	1Macc.11.9	1Macc.11.9
1Macc.11.10	1Macc.11.10	1Macc.11.10	1Macc.11.10
1Macc.11.11	1Macc.11.11	1Macc.11.11	1Macc.11.11
1Macc.11.12	1Macc.11.12	1Macc.11.12	1Macc.11.12
1Macc.11.13	1Macc.11.13	1Macc.11.13	1Macc.11.13
1Macc.11.14	1Macc.11.14	1Macc.11.14	1Macc.11.14
1Macc.11.15	1Macc.11.15	1Macc.11.15	1Macc.11.15
1Macc.11.16	1Macc.11.16	1Macc.11.16	1Macc.11.16
1Macc.11.17	1Macc.11.17	1Macc.11.17	1Macc.11.17
1Macc.11.18	1Macc.11.18	1Macc.11.18	1Macc.11.18
1Macc.11.19	1Macc.11.19	1Macc.11.19	1Macc.11.19
1Macc.11.20	1Macc.11.20	1Macc.11.20	1Macc.11.20
1Macc.11.21	1Macc.11.21	1Macc.11.21	1Macc.11.21
1Macc.11.22	1Macc.11.22	1Macc.11.22	1Macc.11.22
1Macc.11.23	1Macc.11.23	1Macc.11.23	1Macc.11.23
1Macc.11.24	1Macc.11.24	1Macc.11.24	1Macc.11.24
1Macc.11.25	1Macc.11.25	1Macc.11.25	1Macc.11.25
1Macc.11.26	1Macc.11.26	1Macc.11.26	1Macc.11.26
1Macc.11.27	1Macc.11.27	1Macc.11.27	1Macc.11.27
1Macc.11.28	1Macc.11.28	1Macc.11.28	1Macc.11.28
1Macc.11.29	1Macc.11.29	1Macc.11.29	1Macc.11.29
1Macc.11.30	1Macc.11.30	1Macc.11.30	1Macc.11.30
1Macc.11.31	1Macc.11.31	1Macc.11.31	1Macc.11.31
1Macc.11.32	1Macc.11.32	1Macc.11.32	1Macc.11.32
1Macc.11.33	1Macc.11.33	1Macc.11.33	1Macc.11.33
1Macc.11.34	1Macc.11.34	1Macc.11.34	1Macc.11.34
1Macc.11.35	1Macc.11.35	1Macc.11.35	1Macc.11.35
1Macc.11.36	1Macc.11.36	1Macc.11.36	1Macc.11.36
1Macc.11.37	1Macc.11.37	1Macc.11.37	1Macc.11.37
1Macc.11.38	1Macc.11.38	1Macc.11.38	1Macc.11.38
1Macc.11.39	1Macc.11.39	1Macc.11.39	1Macc.11.39
1Macc.11.40	1Macc.11.40	1Macc.11.40	1Macc.11.40
1Macc.11.41	1Macc.11.41	1Macc.11.41	1Macc.11.41
1Macc.11.42	1Macc.11.42	1Macc.11.42	1Macc.11.42
1Macc.11.43	1Macc.11.43	1Macc.11.43	1Macc.11.43
1Macc.11.44	1Macc.11.44	1Macc.11.44	1Macc.11.44
1Macc.11.45	1Macc.11.45	1Macc.11.45	1Macc.11.45
1Macc.11.46	1Macc.11.46	1Macc.11.46	1Macc.11.46
1Macc.11.47	1Macc.11.47	1Macc.11.47	1Macc.11.47
1Macc.11.48	1Macc.11.48	1Macc.11.48	1Macc.11.48
1Macc.11.49	1Macc.11.49	1Macc.11.49	1Macc.11.49
1Macc.11.50	1Macc.11.50	1Macc.11.50	1Macc.11.50
1Macc.11.51	1Macc.11.51	1Macc.11.51	1Macc.11.51
1Macc.11.52	1Macc.11.52	1Macc.11.52	1Macc.11.52
1Macc.11.53	1Macc.11.53	1Macc.11.53	1Macc.11.53
1Macc.11.54	1Macc.11.54	1Macc.11.54	1Macc.11.54
1Macc.11.55	1Macc.11.55	1Macc.11.55	1Macc.11.55
1Macc.11.56	1Macc.11.56	1Macc.11.56	1Macc.11.56
1Macc.11.57	1Macc.11.57	1Macc.11.57	1Macc.11.57
1Macc.11.58	1Macc.11.58	1Macc.11.58	1Macc.11.58
1Macc.11.59	1Macc.11.59	1Macc.11.59	1Macc.11.59
1Macc.11.60	1Macc.11.60	1Macc.11.60	1Macc.11.60
1Macc.11.61	1Macc.11.61	1Macc.11.61	1Macc.11.61
1Macc.11.62	1Macc.11.62	1Macc.11.62	1Macc.11.62
1Macc.11.63	1Macc.11.63	1Macc.11.63	1Macc.11.63
1Macc.11.64	1Macc.11.64	1Macc.11.64	1Macc.11.64
1Macc.11.65	1Macc.11.65	1Macc.11.65	1Macc.11.65
1Macc.11.66	1Macc.11.66	1Macc.11.66	1Macc.11.66
1Macc.11.67	1Macc.11.67	1Macc.11.67	1Macc.11.67
1Macc.11.68	1Macc.11.68	1Macc.11.68	1Macc.11.68
1Macc.11.69	1Macc.11.69	1Macc.11.69	1Macc.11.69
1Macc.11.70	1Macc.11.70	1Macc.11.70	1Macc.11.70
1Macc.11.71	1Macc.11.71	1Macc.11.71	1Macc.11.71
1Macc.11.72	1Macc.11.72	1Macc.11.72	1Macc.11.72
1Macc.11.73	1Macc.11.73	1Macc.11.73	1Macc.11.73
1Macc.11.74	1Macc.11.74	1Macc.11.74	1Macc.11.74
1Macc.12.1	1Macc.12.1	1Macc.12.1	1Macc.12.1
1Macc.12.2	1Macc.12.2	1Macc.12.2	1Macc.12.2
1Macc.12.3	1Macc.12.3	1Macc.12.3	1Macc.12.3
1Macc.12.4	1Macc.12.4	1Macc.12.4	1Macc.12.4
1Macc.12.5	1Macc.12.5	1Macc.12.5	1Macc.12.5
1Macc.12.6	1Macc.12.6	1Macc.12.6	1Macc.12.6
1Macc.12.7	1Macc.12.7	1Macc.12.7	1Macc.12.7
1Macc.12.8	1Macc.12.8	1Macc.12.8	1Macc.12.8
1Macc.12.9	1Macc.12.9	1Macc.12.9	1Macc.12.9
1Macc.12.10	1Macc.12.10	1Macc.12.10	1Macc.12.10
1Macc.12.11	1Macc.12.11	1Macc.12.11	1Macc.12.11
1Macc.12.12			1Macc.12.12
1Macc.12.13	1Macc.12.13	1Macc.12.13	1Macc.12.13
1Macc.12.14	1Macc.12.14	1Macc.12.14	1Macc.12.14
1Macc.12.15	1Macc.12.15	1Macc.12.15	1Macc.12.15
1Macc.12.16	1Macc.12.16	1Macc.12.16	1Macc.12.16
1Macc.12.17	1Macc.12.17	1Macc.12.17	1Macc.12.17
1Macc.12.18	1Macc.12.18	1Macc.12.18	1Macc.12.18
1Macc.12.19	1Macc.12.19	1Macc.12.19	1Macc.12.19
1Macc.12.20	1Macc.12.20	1Macc.12.20	1Macc.12.20
1Macc.12.21	1Macc.12.21	1Macc.12.21	1Macc.12.21
1Macc.12.22	1Macc.12.22	1Macc.12.22	1Macc.12.22
1Macc.12.23	1Macc.12.23	1Macc.12.23	1Macc.12.23
1Macc.12.24	1Macc.12.24	1Macc.12.24	1Macc.12.24
1Macc.12.25	1Macc.12.25	1Macc.12.25	1Macc.12.25
1Macc.12.26	1Macc.12.26	1Macc.12.26	1Macc.12.26
1Macc.12.27	1Macc.12.27	1Macc.12.27	1Macc.12.27
1Macc.12.28	1Macc.12.28	1Macc.12.28	1Macc.12.28
1Macc.12.29	1Macc.12.29	1Macc.12.29	1Macc.12.29
1Macc.12.30	1Macc.12.30	1Macc.12.30	1Macc.12.30
1Macc.12.31	1Macc.12.31	1Macc.12.31	1Macc.12.31
1Macc.12.32	1Macc.12.32	1Macc.12.32	1Macc.12.32
1Macc.12.33	1Macc.12.33	1Macc.12.33	1Macc.12.33
1Macc.12.34	1Macc.12.34	1Macc.12.34	1Macc.12.34
1Macc.12.35	1Macc.12.35	1Macc.12.35	1Macc.12.35
1Macc.12.36	1Macc.12.36	1Macc.12.36	1Macc.12.36
1Macc.12.37	1Macc.12.37	1Macc.12.37	1Macc.12.37
1Macc.12.38	1Macc.12.38	1Macc.12.38	1Macc.12.38
1Macc.12.39	1Macc.12.39	1Macc.12.39	1Macc.12.39
1Macc.12.40	1Macc.12.40	1Macc.12.40	1Macc.12.40
1Macc.12.41	1Macc.12.41	1Macc.12.41	1Macc.12.41
1Macc.12.42	1Macc.12.42	1Macc.12.42	1Macc.12.42
1Macc.12.43	1Macc.12.43	1Macc.12.43	1Macc.12.43
1Macc.12.44	1Macc.12.44	1Macc.12.44	1Macc.12.44
1Macc.12.45	1Macc.12.45	1Macc.12.45	1Macc.12.45
1Macc.12.46	1Macc.12.46	1Macc.12.46	1Macc.12.46
1Macc.12.47	1Macc.12.47	1Macc.12.47	1Macc.12.47
1Macc.12.48	1Macc.12.48	1Macc.12.48	1Macc.12.48
1Macc.12.49	1Macc.12.49	1Macc.12.49	1Macc.12.49
1Macc.12.50	1Macc.12.50	1Macc.12.50	1Macc.12.50
1Macc.12.51	1Macc.12.51	1Macc.12.51	1Macc.12.51
1Macc.12.52	1Macc.12.52	1Macc.12.52	1Macc.12.52
1Macc.12.53	1Macc.12.53 1Macc.12.54	1Macc.12.53 1Macc.12.54	1Macc.12.53
1Macc.13.1	1Macc.13.1	1Macc.13.1	1Macc.13.1
1Macc.13.2	1Macc.13.2	1Macc.13.2	1Macc.13.2
1Macc.13.3	1Macc.13.3	1Macc.13.3	1Macc.13.3
1Macc.13.4	1Macc.13.4	1Macc.13.4	1Macc.13.4
1Macc.13.5	1Macc.13.5	1Macc.13.5	1Macc.13.5
1Macc.13.6	1Macc.13.6	1Macc.13.6	1Macc.13.6
1Macc.13.7	1Macc.13.7	1Macc.13.7	1Macc.13.7
1Macc.13.8	1Macc.13.8	1Macc.13.8	1Macc.13.8
1Macc.13.9	1Macc.13.9	1Macc.13.9	1Macc.13.9
1Macc.13.10	1Macc.13.10	1Macc.13.10	1Macc.13.10
1Macc.13.11	1Macc.13.11	1Macc.13.11	1Macc.13.11
1Macc.13.12	1Macc.13.12	1Macc.13.12	1Macc.13.12
1Macc.13.13	1Macc.13.13	1Macc.13.13	1Macc.13.13
1Macc.13.14	1Macc.13.14	1Macc.13.14	1Macc.13.14
1Macc.13.15	1Macc.13.15	1Macc.13.15	1Macc.13.15
1Macc.13.16	1Macc.13.16	1Macc.13.16	1Macc.13.16
1Macc.13.17	1Macc.13.17	1Macc.13.17	1Macc.13.17
1Macc.13.18	1Macc.13.18	1Macc.13.18	1Macc.13.18
1Macc.13.19	1Macc.13.19	1Macc.13.19	1Macc.13.19
1Macc.13.20	1Macc.13.20	1Macc.13.20	1Macc.13.20
1Macc.13.21	1Macc.13.21	1Macc.13.21	1Macc.13.21
1Macc.13.22	1Macc.13.22	1Macc.13.22	1Macc.13.22
1Macc.13.23	1Macc.13.23	1Macc.13.23	1Macc.13.23
1Macc.13.24	1Macc.13.24	1Macc.13.24	1Macc.13.24
1Macc.13.25	1Macc.13.25	1Macc.13.25	1Macc.13.25
1Macc.13.26	1Macc.13.26	1Macc.13.26	1Macc.13.26
1Macc.13.27	1Macc.13.27	1Macc.13.27	1Macc.13.27
1Macc.13.28	1Macc.13.28	1Macc.13.28	1Macc.13.28
1Macc.13.29	1Macc.13.29	1Macc.13.29	1Macc.13.29
1Macc.13.30	1Macc.13.30	1Macc.13.30	1Macc.13.30
1Macc.13.31	1Macc.13.31	1Macc.13.31	1Macc.13.31
1Macc.13.32	1Macc.13.32	1Macc.13.32	1Macc.13.32
1Macc.13.33	1Macc.13.33	1Macc.13.33	1Macc.13.33
1Macc.13.34	1Macc.13.34	1Macc.13.34	1Macc.13.34
1Macc.13.35	1Macc.13.35	1Macc.13.35	1Macc.13.35
1Macc.13.36	1Macc.13.36	1Macc.13.36	1Macc.13.36
1Macc.13.37	1Macc.13.37	1Macc.13.37	1Macc.13.37
1Macc.13.38	1Macc.13.38	1Macc.13.38	1Macc.13.38
1Macc.13.39	1Macc.13.39	1Macc.13.39	1Macc.13.39
1Macc.13.40	1Macc.13.40	1Macc.13.40	1Macc.13.40
1Macc.13.41	1Macc.13.41	1Macc.13.41	1Macc.13.41
1Macc.13.42	1Macc.13.42	1Macc.13.42	1Macc.13.42
1Macc.13.43	1Macc.13.43	1Macc.13.43	1Macc.13.43
1Macc.13.44	1Macc.13.44	1Macc.13.44	1Macc.13.44
1Macc.13.45	1Macc.13.45	1Macc.13.45	1Macc.13.45
1Macc.13.46	1Macc.13.46	1Macc.13.46	1Macc.13.46
1Macc.13.47	1Macc.13.47	1Macc.13.47	1Macc.13.47
1Macc.13.48	1Macc.13.48	1Macc.13.48	1Macc.13.48
1Macc.13.49	1Macc.13.49	1Macc.13.49	1Macc.13.49
1Macc.13.50	1Macc.13.50	1Macc.13.50	1Macc.13.50
1Macc.13.51	1Macc.13.51	1Macc.13.51	1Macc.13.51
1Macc.13.52	1Macc.13.52 1Macc.13.53	1Macc.13.52 1Macc.13.53	1Macc.13.52
1Macc.13.53	1Macc.13.54	1Macc.13.54	1Macc.13.53
1Macc.14.1	1Macc.14.1	1Macc.14.1	1Macc.14.1
1Macc.14.2	1Macc.14.2	1Macc.14.2	1Macc.14.2
1Macc.14.3	1Macc.14.3	1Macc.14.3	1Macc.14.3
1Macc.14.4	1Macc.14.4	1Macc.14.4	1Macc.14.4
1Macc.14.5	1Macc.14.5	1Macc.14.5	1Macc.14.5
1Macc.14.6	1Macc.14.6	1Macc.14.6	1Macc.14.6
1Macc.14.7	1Macc.14.7	1Macc.14.7	1Macc.14.7
1Macc.14.8	1Macc.14.8	1Macc.14.8	1Macc.14.8
1Macc.14.9	1Macc.14.9	1Macc.14.9	1Macc.14.9
1Macc.14.10	1Macc.14.10	1Macc.14.10	1Macc.14.10
1Macc.14.11	1Macc.14.11	1Macc.14.11	1Macc.14.11
1Macc.14.12	1Macc.14.12	1Macc.14.12	1Macc.14.12
1Macc.14.13	1Macc.14.13	1Macc.14.13	1Macc.14.13
1Macc.14.14	1Macc.14.14	1Macc.14.14	1Macc.14.14
1Macc.14.15	1Macc.14.15	1Macc.14.15	1Macc.14.15
1Macc.14.16	1Macc.14.16	1Macc.14.16	1Macc.14.16
1Macc.14.17	1Macc.14.17	1Macc.14.17	1Macc.14.17
1Macc.14.18	1Macc.14.18	1Macc.14.18	1Macc.14.18
1Macc.14.19	1Macc.14.19	1Macc.14.19	1Macc.14.19
1Macc.14.20	1Macc.14.20	1Macc.14.20	1Macc.14.20
1Macc.14.21	1Macc.14.21	1Macc.14.21	1Macc.14.21
1Macc.14.22	1Macc.14.22	1Macc.14.22	1Macc.14.22
1Macc.14.23	1Macc.14.23	1Macc.14.23	1Macc.14.23
1Macc.14.24	1Macc.14.24	1Macc.14.24	1Macc.14.24
1Macc.14.25	1Macc.14.25	1Macc.14.25	1Macc.14.25
1Macc.14.26	1Macc.14.26	1Macc.14.26	1Macc.14.26
1Macc.14.27	1Macc.14.27	1Macc.14.27	1Macc.14.27
1Macc.14.28	1Macc.14.28	1Macc.14.28	1Macc.14.28
1Macc.14.29	1Macc.14.29	1Macc.14.29	1Macc.14.29
1Macc.14.30	1Macc.14.30	1Macc.14.30	1Macc.14.30
1Macc.14.31	1Macc.14.31	1Macc.14.31	1Macc.14.31
1Macc.14.32	1Macc.14.32	1Macc.14.32	1Macc.14.32
1Macc.14.33	1Macc.14.33	1Macc.14.33	1Macc.14.33
1Macc.14.34	1Macc.14.34	1Macc.14.34	1Macc.14.34
1Macc.14.35	1Macc.14.35	1Macc.14.35	1Macc.14.35
1Macc.14.36	1Macc.14.36	1Macc.14.36	1Macc.14.36
1Macc.14.37	1Macc.14.37	1Macc.14.37	1Macc.14.37
1Macc.14.38	1Macc.14.38	1Macc.14.38	1Macc.14.38
1Macc.14.39	1Macc.14.39	1Macc.14.39	1Macc.14.39
1Macc.14.40	1Macc.14.40	1Macc.14.40	1Macc.14.40
1Macc.14.41	1Macc.14.41	1Macc.14.41	1Macc.14.41
1Macc.14.42	1Macc.14.42	1Macc.14.42	1Macc.14.42
1Macc.14.43	1Macc.14.43	1Macc.14.43	1Macc.14.43
1Macc.14.44	1Macc.14.44	1Macc.14.44	1Macc.14.44
1Macc.14.45	1Macc.14.45	1Macc.14.45	1Macc.14.45
1Macc.14.46	1Macc.14.46	1Macc.14.46	1Macc.14.46
1Macc.14.47	1Macc.14.47	1Macc.14.47	1Macc.14.47
1Macc.14.48	1Macc.14.48	1Macc.14.48	1Macc.14.48
1Macc.14.49	1Macc.14.49	1Macc.14.49	1Macc.14.49
1Macc.15.1	1Macc.15.1	1Macc.15.1	1Macc.15.1
1Macc.15.2	1Macc.15.2	1Macc.15.2	1Macc.15.2
1Macc.15.3	1Macc.15.3	1Macc.15.3	1Macc.15.3
1Macc.15.4	1Macc.15.4	1Macc.15.4	1Macc.15.4
1Macc.15.5	1Macc.15.5	1Macc.15.5	1Macc.15.5
1Macc.15.6	1Macc.15.6	1Macc.15.6	1Macc.15.6
1Macc.15.7	1Macc.15.7	1Macc.15.7	1Macc.15.7
1Macc.15.8	1Macc.15.8	1Macc.15.8	1Macc.15.8
1Macc.15.9	1Macc.15.9	1Macc.15.9	1Macc.15.9
1Macc.15.10	1Macc.15.10	1Macc.15.10	1Macc.15.10
1Macc.15.11	1Macc.15.11	1Macc.15.11	1Macc.15.11
1Macc.15.12	1Macc.15.12	1Macc.15.12	1Macc.15.12
1Macc.15.13	1Macc.15.13	1Macc.15.13	1Macc.15.13
1Macc.15.14	1Macc.15.14	1Macc.15.14	1Macc.15.14
1Macc.15.15	1Macc.15.15	1Macc.15.15	1Macc.15.15
1Macc.15.16	1Macc.15.16	1Macc.15.16	1Macc.15.16
1Macc.15.17	1Macc.15.17	1Macc.15.17	1Macc.15.17
1Macc.15.18	1Macc.15.18	1Macc.15.18	1Macc.15.18
1Macc.15.19	1Macc.15.19	1Macc.15.19	1Macc.15.19
1Macc.15.20	1Macc.15.20	1Macc.15.20	1Macc.15.20
1Macc.15.21	1Macc.15.21	1Macc.15.21	1Macc.15.21
1Macc.15.22	1Macc.15.22	1Macc.15.22	1Macc.15.22
1Macc.15.23	1Macc.15.23	1Macc.15.23	1Macc.15.23
1Macc.15.24	1Macc.15.24	1Macc.15.24	1Macc.15.24
1Macc.15.25	1Macc.15.25	1Macc.15.25	1Macc.15.25
1Macc.15.26	1Macc.15.26	1Macc.15.26	1Macc.15.26
1Macc.15.27	1Macc.15.27	1Macc.15.27	1Macc.15.27
1Macc.15.28	1Macc.15.28	1Macc.15.28	1Macc.15.28
1Macc.15.29	1Macc.15.29	1Macc.15.29	1Macc.15.29
1Macc.15.30	1Macc.15.30	1Macc.15.30	1Macc.15.30
1Macc.15.31	1Macc.15.31	1Macc.15.31	1Macc.15.31
1Macc.15.32	1Macc.15.32	1Macc.15.32	1Macc.15.32
1Macc.15.33	1Macc.15.33	1Macc.15.33	1Macc.15.33
1Macc.15.34	1Macc.15.34	1Macc.15.34	1Macc.15.34
1Macc.15.35	1Macc.15.35	1Macc.15.35	1Macc.15.35
1Macc.15.36	1Macc.15.36	1Macc.15.36	1Macc.15.36
1Macc.15.37	1Macc.15.37	1Macc.15.37	1Macc.15.37
1Macc.15.38	1Macc.15.38	1Macc.15.38	1Macc.15.38
1Macc.15.39	1Macc.15.39	1Macc.15.39	1Macc.15.39
1Macc.15.40	1Macc.15.40	1Macc.15.40	1Macc.15.40
1Macc.15.41	1Macc.15.41	1Macc.15.41	1Macc.15.41
1Macc.16.1	1Macc.16.1	1Macc.16.1	1Macc.16.1
1Macc.16.2	1Macc.16.2	1Macc.16.2	1Macc.16.2
1Macc.16.3	1Macc.16.3	1Macc.16.3	1Macc.16.3
1Macc.16.4	1Macc.16.4	1Macc.16.4	1Macc.16.4
1Macc.16.5	1Macc.16.5	1Macc.16.5	1Macc.16.5
1Macc.16.6	1Macc.16.6	1Macc.16.6	1Macc.16.6
1Macc.16.7	1Macc.16.7	1Macc.16.7	1Macc.16.7
1Macc.16.8	1Macc.16.8	1Macc.16.8	1Macc.16.8
1Macc.16.9	1Macc.16.9	1Macc.16.9	1Macc.16.9
1Macc.16.10	1Macc.16.10	1Macc.16.10	1Macc.16.10
1Macc.16.11	1Macc.16.11	1Macc.16.11	1Macc.16.11
1Macc.16.12	1Macc.16.12	1Macc.16.12	1Macc.16.12
1Macc.16.13	1Macc.16.13	1Macc.16.13	1Macc.16.13
1Macc.16.14	1Macc.16.14	1Macc.16.14	1Macc.16.14
1Macc.16.15	1Macc.16.15	1Macc.16.15	1Macc.16.15
1Macc.16.16	1Macc.16.16	1Macc.16.16	1Macc.16.16
1Macc.16.17	1Macc.16.17	1Macc.16.17	1Macc.16.17
1Macc.16.18	1Macc.16.18	1Macc.16.18	1Macc.16.18
1Macc.16.19	1Macc.16.19	1Macc.16.19	1Macc.16.19
1Macc.16.20	1Macc.16.20	1Macc.16.20	1Macc.16.20
1Macc.16.21	1Macc.16.21	1Macc.16.21	1Macc.16.21
1Macc.16.22	1Macc.16.22	1Macc.16.22	1Macc.16.22
1Macc.16.23	1Macc.16.23	1Macc.16.23	1Macc.16.23
1Macc.16.24	1Macc.16.24	1Macc.16.24	1Macc.16.24
2Macc.1.1	2Macc.1.1	2Macc.1.1	2Macc.1.1
2Macc.1.2	2Macc.1.2	2Macc.1.2	2Macc.1.2
2Macc.1.3	2Macc.1.3	2Macc.1.3	2Macc.1.3
2Macc.1.4	2Macc.1.4	2Macc.1.4	2Macc.1.4
2Macc.1.5	2Macc.1.5	2Macc.1.5	2Macc.1.5
2Macc.1.6	2Macc.1.6	2Macc.1.6	2Macc.1.6
2Macc.1.7	2Macc.1.7	2Macc.1.7	2Macc.1.7
2Macc.1.8	2Macc.1.8	2Macc.1.8	2Macc.1.8
2Macc.1.9	2Macc.1.9	2Macc.1.9	2Macc.1.9
2Macc.1.10	2Macc.1.10	2Macc.1.10	2Macc.1.10
2Macc.1.11	2Macc.1.11	2Macc.1.11	2Macc.1.11
2Macc.1.12	2Macc.1.12	2Macc.1.12	2Macc.1.12
2Macc.1.13	2Macc.1.13	2Macc.1.13	2Macc.1.13
2Macc.1.14	2Macc.1.14	2Macc.1.14	2Macc.1.14
2Macc.1.15	2Macc.1.15	2Macc.1.15	2Macc.1.15
2Macc.1.16	2Macc.1.16	2Macc.1.16	2Macc.1.16
2Macc.1.17	2Macc.1.17	2Macc.1.17	2Macc.1.17
2Macc.1.18	2Macc.1.18	2Macc.1.18	2Macc.1.18
2Macc.1.19	2Macc.1.19	2Macc.1.19	2Macc.1.19
2Macc.1.20	2Macc.1.20	2Macc.1.20	2Macc.1.20
2Macc.1.21	2Macc.1.21	2Macc.1.21	2Macc.1.21
2Macc.1.22	2Macc.1.22	2Macc.1.22	2Macc.1.22
2Macc.1.23	2Macc.1.23	2Macc.1.23	2Macc.1.23
2Macc.1.24	2Macc.1.24	2Macc.1.24	2Macc.1.24
2Macc.1.25	2Macc.1.25	2Macc.1.25	2Macc.1.25
2Macc.1.26	2Macc.1.26	2Macc.1.26	2Macc.1.26
2Macc.1.27	2Macc.1.27	2Macc.1.27	2Macc.1.27
2Macc.1.28	2Macc.1.28	2Macc.1.28	2Macc.1.28
2Macc.1.29	2Macc.1.29	2Macc.1.29	2Macc.1.29
2Macc.1.30	2Macc.1.30	2Macc.1.30	2Macc.1.30
2Macc.1.31	2Macc.1.31	2Macc.1.31	2Macc.1.31
2Macc.1.32	2Macc.1.32	2Macc.1.32	2Macc.1.32
2Macc.1.33	2Macc.1.33	2Macc.1.33	2Macc.1.33
2Macc.1.34	2Macc.1.34	2Macc.1.34	2Macc.1.34
2Macc.1.35	2Macc.1.35	2Macc.1.35	2Macc.1.35
2Macc.1.36	2Macc.1.36	2Macc.1.36	2Macc.1.36
2Macc.2.1	2Macc.2.1	2Macc.2.1	2Macc.2.1
2Macc.2.2	2Macc.2.2	2Macc.2.2	2Macc.2.2
2Macc.2.3	2Macc.2.3	2Macc.2.3	2Macc.2.3
2Macc.2.4	2Macc.2.4	2Macc.2.4	2Macc.2.4
2Macc.2.5	2Macc.2.5	2Macc.2.5	2Macc.2.5
2Macc.2.6	2Macc.2.6	2Macc.2.6	2Macc.2.6
2Macc.2.7	2Macc.2.7	2Macc.2.7	2Macc.2.7
2Macc.2.8	2Macc.2.8	2Macc.2.8	2Macc.2.8
2Macc.2.9	2Macc.2.9	2Macc.2.9	2Macc.2.9
2Macc.2.10	2Macc.2.10	2Macc.2.10	2Macc.2.10
2Macc.2.11	2Macc.2.11	2Macc.2.11	2Macc.2.11
2Macc.2.12	2Macc.2.12	2Macc.2.12	2Macc.2.12
2Macc.2.13	2Macc.2.13	2Macc.2.13	2Macc.2.13
2Macc.2.14	2Macc.2.14	2Macc.2.14	2Macc.2.14
2Macc.2.15	2Macc.2.15	2Macc.2.15	2Macc.2.15
2Macc.2.16	2Macc.2.16	2Macc.2.16	2Macc.2.16
2Macc.2.17	2Macc.2.17	2Macc.2.17	2Macc.2.17
2Macc.2.18	2Macc.2.18	2Macc.2.18	2Macc.2.18
2Macc.2.19	2Macc.2.20	2Macc.2.20	2Macc.2.19
2Macc.2.20	2Macc.2.21	2Macc.2.21	2Macc.2.20
2Macc.2.21	2Macc.2.22	2Macc.2.22	2Macc.2.21
2Macc.2.22	2Macc.2.23	2Macc.2.23	2Macc.2.22
2Macc.2.23	2Macc.2.24	2Macc.2.24	2Macc.2.23
2Macc.2.24	2Macc.2.25	2Macc.2.25	2Macc.2.24
2Macc.2.25	2Macc.2.26	2Macc.2.26	2Macc.2.25
2Macc.2.26	2Macc.2.27	2Macc.2.27	2Macc.2.26
2Macc.2.27	2Macc.2.28	2Macc.2.28	2Macc.2.27
2Macc.2.28	2Macc.2.29	2Macc.2.29	2Macc.2.28
2Macc.2.29	2Macc.2.30	2Macc.2.30	2Macc.2.29
2Macc.2.30	2Macc.2.31	2Macc.2.31	2Macc.2.30
2Macc.2.31	2Macc.2.32	2Macc.2.32	2Macc.2.31
2Macc.2.32	2Macc.2.33	2Macc.2.33	2Macc.2.32
2Macc.3.1	2Macc.3.1	2Macc.3.1	2Macc.3.1
2Macc.3.2	2Macc.3.2	2Macc.3.2	2Macc.3.2
2Macc.3.3	2Macc.3.3	2Macc.3.3	2Macc.3.3
2Macc.3.4	2Macc.3.4	2Macc.3.4	2Macc.3.4
2Macc.3.5	2Macc.3.5	2Macc.3.5	2Macc.3.5
2Macc.3.6	2Macc.3.6	2Macc.3.6	2Macc.3.6
2Macc.3.7	2Macc.3.7	2Macc.3.7	2Macc.3.7
2Macc.3.8	2Macc.3.8	2Macc.3.8	2Macc.3.8
2Macc.3.9	2Macc.3.9	2Macc.3.9	2Macc.3.9
2Macc.3.10	2Macc.3.10	2Macc.3.10	2Macc.3.10
2Macc.3.11	2Macc.3.11	2Macc.3.11	2Macc.3.11
2Macc.3.12	2Macc.3.12	2Macc.3.12	2Macc.3.12
2Macc.3.13	2Macc.3.13	2Macc.3.13	2Macc.3.13
2Macc.3.14	2Macc.3.14	2Macc.3.14	2Macc.3.14
2Macc.3.15	2Macc.3.15	2Macc.3.15	2Macc.3.15
2Macc.3.16	2Macc.3.16	2Macc.3.16	2Macc.3.16
2Macc.3.17	2Macc.3.17	2Macc.3.17	2Macc.3.17
2Macc.3.18	2Macc.3.18	2Macc.3.18	2Macc.3.18
2Macc.3.19	2Macc.3.19	2Macc.3.19	2Macc.3.19
2Macc.3.20	2Macc.3.20	2Macc.3.20	2Macc.3.20
2Macc.3.21	2Macc.3.21	2Macc.3.21	2Macc.3.21
2Macc.3.22	2Macc.3.22	2Macc.3.22	2Macc.3.22
2Macc.3.23	2Macc.3.23	2Macc.3.23	2Macc.3.23
2Macc.3.24	2Macc.3.24	2Macc.3.24	2Macc.3.24
2Macc.3.25	2Macc.3.25	2Macc.3.25	2Macc.3.25
2Macc.3.26	2Macc.3.26	2Macc.3.26	2Macc.3.26
2Macc.3.27	2Macc.3.27	2Macc.3.27	2Macc.3.27
2Macc.3.28	2Macc.3.28	2Macc.3.28	2Macc.3.28
2Macc.3.29	2Macc.3.29	2Macc.3.29	2Macc.3.29
2Macc.3.30	2Macc.3.30	2Macc.3.30	2Macc.3.30
2Macc.3.31	2Macc.3.31	2Macc.3.31	2Macc.3.31
2Macc.3.32	2Macc.3.32	2Macc.3.32	2Macc.3.32
2Macc.3.33	2Macc.3.33	2Macc.3.33	2Macc.3.33
2Macc.3.34	2Macc.3.34	2Macc.3.34	2Macc.3.34
2Macc.3.35	2Macc.3.35	2Macc.3.35	2Macc.3.35
2Macc.3.36	2Macc.3.36	2Macc.3.36	2Macc.3.36
2Macc.3.37	2Macc.3.37	2Macc.3.37	2Macc.3.37
2Macc.3.38	2Macc.3.38	2Macc.3.38	2Macc.3.38
2Macc.3.39	2Macc.3.39	2Macc.3.39	2Macc.3.39
2Macc.3.40	2Macc.3.40	2Macc.3.40	2Macc.3.40
2Macc.4.1	2Macc.4.1	2Macc.4.1	2Macc.4.1
2Macc.4.2	2Macc.4.2	2Macc.4.2	2Macc.4.2
2Macc.4.3	2Macc.4.3	2Macc.4.3	2Macc.4.3
2Macc.4.4	2Macc.4.4	2Macc.4.4	2Macc.4.4
2Macc.4.5	2Macc.4.5	2Macc.4.5	2Macc.4.5
2Macc.4.6	2Macc.4.6	2Macc.4.6	2Macc.4.6
2Macc.4.7	2Macc.4.7	2Macc.4.7	2Macc.4.7
2Macc.4.8	2Macc.4.8	2Macc.4.8	2Macc.4.8
2Macc.4.9	2Macc.4.9	2Macc.4.9	2Macc.4.9
2Macc.4.10	2Macc.4.10	2Macc.4.10	2Macc.4.10
2Macc.4.11	2Macc.4.11	2Macc.4.11	2Macc.4.11
2Macc.4.12	2Macc.4.12	2Macc.4.12	2Macc.4.12
2Macc.4.13	2Macc.4.13	2Macc.4.13	2Macc.4.13
2Macc.4.14	2Macc.4.14	2Macc.4.14	2Macc.4.14
2Macc.4.15	2Macc.4.15	2Macc.4.15	2Macc.4.15
2Macc.4.16	2Macc.4.16	2Macc.4.16	2Macc.4.16
2Macc.4.17	2Macc.4.17	2Macc.4.17	2Macc.4.17
2Macc.4.18	2Macc.4.18	2Macc.4.18	2Macc.4.18
2Macc.4.19	2Macc.4.19	2Macc.4.19	2Macc.4.19
2Macc.4.20	2Macc.4.20	2Macc.4.20	2Macc.4.20
2Macc.4.21	2Macc.4.21	2Macc.4.21	2Macc.4.21
2Macc.4.22	2Macc.4.22	2Macc.4.22	2Macc.4.22
2Macc.4.23	2Macc.4.23	2Macc.4.23	2Macc.4.23
2Macc.4.24	2Macc.4.24	2Macc.4.24	2Macc.4.24
2Macc.4.25	2Macc.4.25	2Macc.4.25	2Macc.4.25
2Macc.4.26	2Macc.4.26	2Macc.4.26	2Macc.4.26
2Macc.4.27	2Macc.4.27	2Macc.4.27	2Macc.4.27
2Macc.4.28	2Macc.4.28	2Macc.4.28	2Macc.4.28
2Macc.4.29	2Macc.4.29	2Macc.4.29	2Macc.4.29
2Macc.4.30	2Macc.4.30	2Macc.4.30	2Macc.4.30
2Macc.4.31	2Macc.4.31	2Macc.4.31	2Macc.4.31
2Macc.4.32	2Macc.4.32	2Macc.4.32	2Macc.4.32
2Macc.4.33	2Macc.4.33	2Macc.4.33	2Macc.4.33
2Macc.4.34	2Macc.4.34	2Macc.4.34	2Macc.4.34
2Macc.4.35	2Macc.4.35	2Macc.4.35	2Macc.4.35
2Macc.4.36	2Macc.4.36	2Macc.4.36	2Macc.4.36
2Macc.4.37	2Macc.4.37	2Macc.4.37	2Macc.4.37
2Macc.4.38	2Macc.4.38	2Macc.4.38	2Macc.4.38
2Macc.4.39	2Macc.4.39	2Macc.4.39	2Macc.4.39
2Macc.4.40	2Macc.4.40	2Macc.4.40	2Macc.4.40
2Macc.4.41	2Macc.4.41	2Macc.4.41	2Macc.4.41
2Macc.4.42	2Macc.4.42	2Macc.4.42	2Macc.4.42
2Macc.4.43	2Macc.4.43	2Macc.4.43	2Macc.4.43
2Macc.4.44	2Macc.4.44	2Macc.4.44	2Macc.4.44
2Macc.4.45	2Macc.4.45	2Macc.4.45	2Macc.4.45
2Macc.4.46	2Macc.4.46	2Macc.4.46	2Macc.4.46
2Macc.4.47	2Macc.4.47	2Macc.4.47	2Macc.4.47
2Macc.4.48	2Macc.4.48	2Macc.4.48	2Macc.4.48
2Macc.4.49	2Macc.4.49	2Macc.4.49	2Macc.4.49
2Macc.4.50	2Macc.4.50	2Macc.4.50	2Macc.4.50
2Macc.5.1	2Macc.5.1	2Macc.5.1	2Macc.5.1
2Macc.5.2	2Macc.5.2	2Macc.5.2	2Macc.5.2
2Macc.5.3	2Macc.5.3	2Macc.5.3	2Macc.5.3
2Macc.5.4	2Macc.5.4	2Macc.5.4	2Macc.5.4
2Macc.5.5	2Macc.5.5	2Macc.5.5	2Macc.5.5
2Macc.5.6	2Macc.5.6	2Macc.5.6	2Macc.5.6
2Macc.5.7	2Macc.5.7	2Macc.5.7	2Macc.5.7
2Macc.5.8	2Macc.5.8	2Macc.5.8	2Macc.5.8
2Macc.5.9	2Macc.5.9	2Macc.5.9	2Macc.5.9
2Macc.5.10	2Macc.5.10	2Macc.5.10	2Macc.5.10
2Macc.5.11	2Macc.5.11	2Macc.5.11	2Macc.5.11
2Macc.5.12	2Macc.5.12	2Macc.5.12	2Macc.5.12
2Macc.5.13	2Macc.5.13	2Macc.5.13	2Macc.5.13
2Macc.5.14	2Macc.5.14	2Macc.5.14	2Macc.5.14
2Macc.5.15	2Macc.5.15	2Macc.5.15	2Macc.5.15
2Macc.5.16	2Macc.5.16	2Macc.5.16	2Macc.5.16
2Macc.5.17	2Macc.5.17	2Macc.5.17	2Macc.5.17
2Macc.5.18	2Macc.5.18	2Macc.5.18	2Macc.5.18
2Macc.5.19	2Macc.5.19	2Macc.5.19	2Macc.5.19
2Macc.5.20	2Macc.5.20	2Macc.5.20	2Macc.5.20
2Macc.5.21	2Macc.5.21	2Macc.5.21	2Macc.5.21
2Macc.5.22	2Macc.5.22	2Macc.5.22	2Macc.5.22
2Macc.5.23	2Macc.5.23	2Macc.5.23	2Macc.5.23
2Macc.5.24	2Macc.5.24	2Macc.5.24	2Macc.5.24
2Macc.5.25	2Macc.5.25	2Macc.5.25	2Macc.5.25
2Macc.5.26	2Macc.5.26	2Macc.5.26	2Macc.5.26
2Macc.5.27	2Macc.5.27	2Macc.5.27	2Macc.5.27
2Macc.6.1	2Macc.6.1	2Macc.6.1	2Macc.6.1
2Macc.6.2	2Macc.6.2	2Macc.6.2	2Macc.6.2
2Macc.6.3	2Macc.6.3	2Macc.6.3	2Macc.6.3
2Macc.6.4	2Macc.6.4	2Macc.6.4	2Macc.6.4
2Macc.6.5	2Macc.6.5	2Macc.6.5	2Macc.6.5
2Macc.6.6	2Macc.6.6	2Macc.6.6	2Macc.6.6
2Macc.6.7	2Macc.6.7	2Macc.6.7	2Macc.6.7
2Macc.6.8	2Macc.6.8	2Macc.6.8	2Macc.6.8
2Macc.6.9	2Macc.6.9	2Macc.6.9	2Macc.6.9
2Macc.6.10	2Macc.6.10	2Macc.6.10	2Macc.6.10
2Macc.6.11	2Macc.6.11	2Macc.6.11	2Macc.6.11
2Macc.6.12	2Macc.6.12	2Macc.6.12	2Macc.6.12
2Macc.6.13	2Macc.6.13	2Macc.6.13	2Macc.6.13
2Macc.6.14	2Macc.6.14	2Macc.6.14	2Macc.6.14
2Macc.6.15	2Macc.6.15	2Macc.6.15	2Macc.6.15
2Macc.6.16	2Macc.6.16	2Macc.6.16	2Macc.6.16
2Macc.6.17	2Macc.6.17	2Macc.6.17	2Macc.6.17
2Macc.6.18	2Macc.6.18	2Macc.6.18	2Macc.6.18
2Macc.6.19	2Macc.6.19	2Macc.6.19	2Macc.6.19
2Macc.6.20	2Macc.6.20	2Macc.6.20	2Macc.6.20
2Macc.6.21	2Macc.6.21	2Macc.6.21	2Macc.6.21
2Macc.6.22	2Macc.6.22	2Macc.6.22	2Macc.6.22
2Macc.6.23	2Macc.6.23	2Macc.6.23	2Macc.6.23
2Macc.6.24	2Macc.6.24	2Macc.6.24	2Macc.6.24
2Macc.6.25	2Macc.6.25	2Macc.6.25	2Macc.6.25
2Macc.6.26	2Macc.6.26	2Macc.6.26	2Macc.6.26
2Macc.6.27	2Macc.6.27	2Macc.6.27	2Macc.6.27
2Macc.6.28	2Macc.6.28	2Macc.6.28	2Macc.6.28
2Macc.6.29	2Macc.6.29	2Macc.6.29	2Macc.6.29
2Macc.6.30	2Macc.6.30	2Macc.6.30	2Macc.6.30
2Macc.6.31	2Macc.6.31	2Macc.6.31	2Macc.6.31
2Macc.7.1	2Macc.7.1	2Macc.7.1	2Macc.7.1
2Macc.7.2	2Macc.7.2	2Macc.7.2	2Macc.7.2
2Macc.7.3	2Macc.7.3	2Macc.7.3	2Macc.7.3
2Macc.7.4	2Macc.7.4	2Macc.7.4	2Macc.7.4
2Macc.7.5	2Macc.7.5	2Macc.7.5	2Macc.7.5
2Macc.7.6	2Macc.7.6	2Macc.7.6	2Macc.7.6
2Macc.7.7	2Macc.7.7	2Macc.7.7	2Macc.7.7
2Macc.7.8	2Macc.7.8	2Macc.7.8	2Macc.7.8
2Macc.7.9	2Macc.7.9	2Macc.7.9	2Macc.7.9
2Macc.7.10	2Macc.7.10	2Macc.7.10	2Macc.7.10
2Macc.7.11	2Macc.7.11	2Macc.7.11	2Macc.7.11
2Macc.7.12	2Macc.7.12	2Macc.7.12	2Macc.7.12
2Macc.7.13	2Macc.7.13	2Macc.7.13	2Macc.7.13
2Macc.7.14	2Macc.7.14	2Macc.7.14	2Macc.7.14
2Macc.7.15	2Macc.7.15	2Macc.7.15	2Macc.7.15
2Macc.7.16	2Macc.7.16	2Macc.7.16	2Macc.7.16
2Macc.7.17	2Macc.7.17	2Macc.7.17	2Macc.7.17
2Macc.7.18	2Macc.7.18	2Macc.7.18	2Macc.7.18
2Macc.7.19	2Macc.7.19	2Macc.7.19	2Macc.7.19
2Macc.7.20	2Macc.7.20	2Macc.7.20	2Macc.7.20
2Macc.7.21	2Macc.7.21	2Macc.7.21	2Macc.7.21
2Macc.7.22	2Macc.7.22	2Macc.7.22	2Macc.7.22
2Macc.7.23	2Macc.7.23	2Macc.7.23	2Macc.7.23
2Macc.7.24	2Macc.7.24	2Macc.7.24	2Macc.7.24
2Macc.7.25	2Macc.7.25	2Macc.7.25	2Macc.7.25
2Macc.7.26	2Macc.7.26	2Macc.7.26	2Macc.7.26
2Macc.7.27	2Macc.7.27	2Macc.7.27	2Macc.7.27
2Macc.7.28	2Macc.7.28	2Macc.7.28	2Macc.7.28
2Macc.7.29	2Macc.7.29	2Macc.7.29	2Macc.7.29
2Macc.7.30	2Macc.7.30	2Macc.7.30	2Macc.7.30
2Macc.7.31	2Macc.7.31	2Macc.7.31	2Macc.7.31
2Macc.7.32	2Macc.7.32	2Macc.7.32	2Macc.7.32
2Macc.7.33	2Macc.7.33	2Macc.7.33	2Macc.7.33
2Macc.7.34	2Macc.7.34	2Macc.7.34	2Macc.7.34
2Macc.7.35	2Macc.7.35	2Macc.7.35	2Macc.7.35
2Macc.7.36	2Macc.7.36	2Macc.7.36	2Macc.7.36
2Macc.7.37	2Macc.7.37	2Macc.7.37	2Macc.7.37
2Macc.7.38	2Macc.7.38	2Macc.7.38	2Macc.7.38
2Macc.7.39	2Macc.7.39	2Macc.7.39	2Macc.7.39
2Macc.7.40	2Macc.7.40	2Macc.7.40	2Macc.7.40
2Macc.7.41	2Macc.7.41	2Macc.7.41	2Macc.7.41
2Macc.7.42	2Macc.7.42	2Macc.7.42	2Macc.7.42
2Macc.8.1	2Macc.8.1	2Macc.8.1	2Macc.8.1
2Macc.8.2	2Macc.8.2	2Macc.8.2	2Macc.8.2
2Macc.8.3	2Macc.8.3	2Macc.8.3	2Macc.8.3
2Macc.8.4	2Macc.8.4	2Macc.8.4	2Macc.8.4
2Macc.8.5	2Macc.8.5	2Macc.8.5	2Macc.8.5
2Macc.8.6	2Macc.8.6	2Macc.8.6	2Macc.8.6
2Macc.8.7	2Macc.8.7	2Macc.8.7	2Macc.8.7
2Macc.8.8	2Macc.8.8	2Macc.8.8	2Macc.8.8
2Macc.8.9	2Macc.8.9	2Macc.8.9	2Macc.8.9
2Macc.8.10	2Macc.8.10	2Macc.8.10	2Macc.8.10
2Macc.8.11	2Macc.8.11	2Macc.8.11	2Macc.8.11
2Macc.8.12	2Macc.8.12	2Macc.8.12	2Macc.8.12
2Macc.8.13	2Macc.8.13	2Macc.8.13	2Macc.8.13
2Macc.8.14	2Macc.8.14	2Macc.8.14	2Macc.8.14
2Macc.8.15	2Macc.8.15	2Macc.8.15	2Macc.8.15
2Macc.8.16	2Macc.8.16	2Macc.8.16	2Macc.8.16
2Macc.8.17	2Macc.8.17	2Macc.8.17	2Macc.8.17
2Macc.8.18	2Macc.8.18	2Macc.8.18	2Macc.8.18
2Macc.8.19	2Macc.8.19	2Macc.8.19	2Macc.8.19
2Macc.8.20	2Macc.8.20	2Macc.8.20	2Macc.8.20
2Macc.8.21	2Macc.8.21	2Macc.8.21	2Macc.8.21
2Macc.8.22	2Macc.8.22	2Macc.8.22	2Macc.8.22
2Macc.8.23	2Macc.8.23	2Macc.8.23	2Macc.8.23
2Macc.8.24	2Macc.8.24	2Macc.8.24	2Macc.8.24
2Macc.8.25	2Macc.8.25	2Macc.8.25	2Macc.8.25
2Macc.8.26	2Macc.8.26	2Macc.8.26	2Macc.8.26
2Macc.8.27	2Macc.8.27	2Macc.8.27	2Macc.8.27
2Macc.8.28	2Macc.8.28	2Macc.8.28	2Macc.8.28
2Macc.8.29	2Macc.8.29	2Macc.8.29	2Macc.8.29
2Macc.8.30	2Macc.8.30	2Macc.8.30	2Macc.8.30
2Macc.8.31	2Macc.8.31	2Macc.8.31	2Macc.8.31
2Macc.8.32	2Macc.8.32	2Macc.8.32	2Macc.8.32
2Macc.8.33	2Macc.8.33	2Macc.8.33	2Macc.8.33
2Macc.8.34	2Macc.8.34	2Macc.8.34	2Macc.8.34
2Macc.8.35	2Macc.8.35	2Macc.8.35	2Macc.8.35
2Macc.8.36	2Macc.8.36	2Macc.8.36	2Macc.8.36
2Macc.9.1	2Macc.9.1	2Macc.9.1	2Macc.9.1
2Macc.9.2	2Macc.9.2	2Macc.9.2	2Macc.9.2
2Macc.9.3	2Macc.9.3	2Macc.9.3	2Macc.9.3
2Macc.9.4	2Macc.9.4	2Macc.9.4	2Macc.9.4
2Macc.9.5	2Macc.9.5	2Macc.9.5	2Macc.9.5
2Macc.9.6	2Macc.9.6	2Macc.9.6	2Macc.9.6
2Macc.9.7	2Macc.9.7	2Macc.9.7	2Macc.9.7
2Macc.9.8	2Macc.9.8	2Macc.9.8	2Macc.9.8
2Macc.9.9	2Macc.9.9	2Macc.9.9	2Macc.9.9
2Macc.9.10	2Macc.9.10	2Macc.9.10	2Macc.9.10
2Macc.9.11	2Macc.9.11	2Macc.9.11	2Macc.9.11
2Macc.9.12	2Macc.9.12	2Macc.9.12	2Macc.9.12
2Macc.9.13	2Macc.9.13	2Macc.9.13	2Macc.9.13
2Macc.9.14	2Macc.9.14	2Macc.9.14	2Macc.9.14
2Macc.9.15	2Macc.9.15	2Macc.9.15	2Macc.9.15
2Macc.9.16	2Macc.9.16	2Macc.9.16	2Macc.9.16
2Macc.9.17	2Macc.9.17	2Macc.9.17	2Macc.9.17
2Macc.9.18	2Macc.9.18	2Macc.9.18	2Macc.9.18
2Macc.9.19	2Macc.9.19	2Macc.9.19	2Macc.9.19
2Macc.9.20	2Macc.9.20	2Macc.9.20	2Macc.9.20
2Macc.9.21	2Macc.9.21	2Macc.9.21	2Macc.9.21
2Macc.9.22	2Macc.9.22	2Macc.9.22	2Macc.9.22
2Macc.9.23	2Macc.9.23	2Macc.9.23	2Macc.9.23
2Macc.9.24	2Macc.9.24	2Macc.9.24	2Macc.9.24
2Macc.9.25	2Macc.9.25	2Macc.9.25	2Macc.9.25
2Macc.9.26	2Macc.9.26	2Macc.9.26	2Macc.9.26
2Macc.9.27	2Macc.9.27	2Macc.9.27	2Macc.9.27
2Macc.9.28	2Macc.9.28	2Macc.9.28	2Macc.9.28
2Macc.9.29	2Macc.9.29	2Macc.9.29	2Macc.9.29
2Macc.10.1	2Macc.10.1	2Macc.10.1	2Macc.10.1
2Macc.10.2	2Macc.10.2	2Macc.10.2	2Macc.10.2
2Macc.10.3	2Macc.10.3	2Macc.10.3	2Macc.10.3
2Macc.10.4	2Macc.10.4	2Macc.10.4	2Macc.10.4
2Macc.10.5	2Macc.10.5	2Macc.10.5	2Macc.10.5
2Macc.10.6	2Macc.10.6	2Macc.10.6	2Macc.10.6
2Macc.10.7	2Macc.10.7	2Macc.10.7	2Macc.10.7
2Macc.10.8	2Macc.10.8	2Macc.10.8	2Macc.10.8
2Macc.10.9	2Macc.10.9	2Macc.10.9	2Macc.10.9
2Macc.10.10	2Macc.10.10	2Macc.10.10	2Macc.10.10
2Macc.10.11	2Macc.10.11	2Macc.10.11	2Macc.10.11
2Macc.10.12	2Macc.10.12	2Macc.10.12	2Macc.10.12
2Macc.10.13	2Macc.10.13	2Macc.10.13	2Macc.10.13
2Macc.10.14	2Macc.10.14	2Macc.10.14	2Macc.10.14
2Macc.10.15	2Macc.10.15	2Macc.10.15	2Macc.10.15
2Macc.10.16	2Macc.10.16	2Macc.10.16	2Macc.10.16
2Macc.10.17	2Macc.10.17	2Macc.10.17	2Macc.10.17
2Macc.10.18	2Macc.10.18	2Macc.10.18	2Macc.10.18
2Macc.10.19	2Macc.10.19	2Macc.10.19	2Macc.10.19
2Macc.10.20	2Macc.10.20	2Macc.10.20	2Macc.10.20
2Macc.10.21	2Macc.10.21	2Macc.10.21	2Macc.10.21
2Macc.10.22	2Macc.10.22	2Macc.10.22	2Macc.10.22
2Macc.10.23	2Macc.10.23	2Macc.10.23	2Macc.10.23
2Macc.10.24	2Macc.10.24	2Macc.10.24	2Macc.10.24
2Macc.10.25	2Macc.10.25	2Macc.10.25	2Macc.10.25
2Macc.10.26	2Macc.10.26	2Macc.10.26	2Macc.10.26
2Macc.10.27	2Macc.10.27	2Macc.10.27	2Macc.10.27
2Macc.10.28	2Macc.10.28	2Macc.10.28	2Macc.10.28
2Macc.10.29	2Macc.10.29	2Macc.10.29	2Macc.10.29
2Macc.10.30	2Macc.10.30	2Macc.10.30	2Macc.10.30
2Macc.10.31	2Macc.10.31	2Macc.10.31	2Macc.10.31
2Macc.10.32	2Macc.10.32	2Macc.10.32	2Macc.10.32
2Macc.10.33	2Macc.10.33	2Macc.10.33	2Macc.10.33
2Macc.10.34	2Macc.10.34	2Macc.10.34	2Macc.10.34
2Macc.10.35	2Macc.10.35	2Macc.10.35	2Macc.10.35
2Macc.10.36	2Macc.10.36	2Macc.10.36	2Macc.10.36
2Macc.10.37	2Macc.10.37	2Macc.10.37	2Macc.10.37
2Macc.10.38	2Macc.10.38	2Macc.10.38	2Macc.10.38
2Macc.11.1	2Macc.11.1	2Macc.11.1	2Macc.11.1
2Macc.11.2	2Macc.11.2	2Macc.11.2	2Macc.11.2
2Macc.11.3	2Macc.11.3	2Macc.11.3	2Macc.11.3
2Macc.11.4	2Macc.11.4	2Macc.11.4	2Macc.11.4
2Macc.11.5	2Macc.11.5	2Macc.11.5	2Macc.11.5
2Macc.11.6	2Macc.11.6	2Macc.11.6	2Macc.11.6
2Macc.11.7	2Macc.11.7	2Macc.11.7	2Macc.11.7
2Macc.11.8	2Macc.11.8	2Macc.11.8	2Macc.11.8
2Macc.11.9	2Macc.11.9	2Macc.11.9	2Macc.11.9
2Macc.11.10	2Macc.11.10	2Macc.11.10	2Macc.11.10
2Macc.11.11	2Macc.11.11	2Macc.11.11	2Macc.11.11
2Macc.11.12	2Macc.11.12	2Macc.11.12	2Macc.11.12
2Macc.11.13	2Macc.11.13	2Macc.11.13	2Macc.11.13
2Macc.11.14	2Macc.11.14	2Macc.11.14	2Macc.11.14
2Macc.11.15	2Macc.11.15	2Macc.11.15	2Macc.11.15
2Macc.11.16	2Macc.11.16	2Macc.11.16	2Macc.11.16
2Macc.11.17	2Macc.11.17	2Macc.11.17	2Macc.11.17
2Macc.11.18	2Macc.11.18	2Macc.11.18	2Macc.11.18
2Macc.11.19	2Macc.11.19	2Macc.11.19	2Macc.11.19
2Macc.11.20	2Macc.11.20	2Macc.11.20	2Macc.11.20
2Macc.11.21	2Macc.11.21	2Macc.11.21	2Macc.11.21
2Macc.11.22	2Macc.11.22	2Macc.11.22	2Macc.11.22
2Macc.11.23	2Macc.11.23	2Macc.11.23	2Macc.11.23
2Macc.11.24	2Macc.11.24	2Macc.11.24	2Macc.11.24
2Macc.11.25	2Macc.11.25	2Macc.11.25	2Macc.11.25
2Macc.11.26	2Macc.11.26	2Macc.11.26	2Macc.11.26
2Macc.11.27	2Macc.11.27	2Macc.11.27	2Macc.11.27
2Macc.11.28	2Macc.11.28	2Macc.11.28	2Macc.11.28
2Macc.11.29	2Macc.11.29	2Macc.11.29	2Macc.11.29
2Macc.11.30	2Macc.11.30	2Macc.11.30	2Macc.11.30
2Macc.11.31	2Macc.11.31	2Macc.11.31	2Macc.11.31
2Macc.11.32	2Macc.11.32	2Macc.11.32	2Macc.11.32
2Macc.11.33	2Macc.11.33 2Macc.11.38	2Macc.11.33 2Macc.11.38	2Macc.11.33
2Macc.11.34	2Macc.11.34	2Macc.11.34	2Macc.11.34
2Macc.11.35	2Macc.11.35	2Macc.11.35	2Macc.11.35
2Macc.11.36	2Macc.11.36	2Macc.11.36	2Macc.11.36
2Macc.11.37	2Macc.11.37	2Macc.11.37	2Macc.11.37
2Macc.11.38			2Macc.11.38
2Macc.12.1	2Macc.12.1	2Macc.12.1	2Macc.12.1
2Macc.12.2	2Macc.12.2	2Macc.12.2	2Macc.12.2
2Macc.12.3	2Macc.12.3	2Macc.12.3	2Macc.12.3
2Macc.12.4	2Macc.12.4	2Macc.12.4	2Macc.12.4
2Macc.12.5	2Macc.12.5	2Macc.12.5	2Macc.12.5
2Macc.12.6	2Macc.12.6	2Macc.12.6	2Macc.12.6
2Macc.12.7	2Macc.12.7	2Macc.12.7	2Macc.12.7
2Macc.12.8	2Macc.12.8	2Macc.12.8	2Macc.12.8
2Macc.12.9	2Macc.12.9	2Macc.12.9	2Macc.12.9
2Macc.12.10	2Macc.12.10	2Macc.12.10	2Macc.12.10
2Macc.12.11	2Macc.12.11	2Macc.12.11	2Macc.12.11
2Macc.12.12	2Macc.12.12	2Macc.12.12	2Macc.12.12
2Macc.12.13	2Macc.12.13	2Macc.12.13	2Macc.12.13
2Macc.12.14	2Macc.12.14	2Macc.12.14	2Macc.12.14
2Macc.12.15	2Macc.12.15	2Macc.12.15	2Macc.12.15
2Macc.12.16	2Macc.12.16	2Macc.12.16	2Macc.12.16
2Macc.12.17	2Macc.12.17	2Macc.12.17	2Macc.12.17
2Macc.12.18	2Macc.12.18	2Macc.12.18	2Macc.12.18
2Macc.12.19	2Macc.12.19	2Macc.12.19	2Macc.12.19
2Macc.12.20	2Macc.12.20	2Macc.12.20	2Macc.12.20
2Macc.12.21	2Macc.12.21	2Macc.12.21	2Macc.12.21
2Macc.12.22	2Macc.12.22	2Macc.12.22	2Macc.12.22
2Macc.12.23	2Macc.12.23	2Macc.12.23	2Macc.12.23
2Macc.12.24	2Macc.12.24	2Macc.12.24	2Macc.12.24
2Macc.12.25	2Macc.12.25	2Macc.12.25	2Macc.12.25
2Macc.12.26	2Macc.12.26	2Macc.12.26	2Macc.12.26
2Macc.12.27	2Macc.12.27	2Macc.12.27	2Macc.12.27
2Macc.12.28	2Macc.12.28	2Macc.12.28	2Macc.12.28
2Macc.12.29	2Macc.12.29	2Macc.12.29	2Macc.12.29
2Macc.12.30	2Macc.12.30	2Macc.12.30	2Macc.12.30
2Macc.12.31	2Macc.12.31	2Macc.12.31	2Macc.12.31
2Macc.12.32	2Macc.12.32	2Macc.12.32	2Macc.12.32
2Macc.12.33	2Macc.12.33	2Macc.12.33	2Macc.12.33
2Macc.12.34	2Macc.12.34	2Macc.12.34	2Macc.12.34
2Macc.12.35	2Macc.12.35	2Macc.12.35	2Macc.12.35
2Macc.12.36	2Macc.12.36	2Macc.12.36	2Macc.12.36
2Macc.12.37	2Macc.12.37	2Macc.12.37	2Macc.12.37
2Macc.12.38	2Macc.12.38	2Macc.12.38	2Macc.12.38
2Macc.12.39	2Macc.12.39	2Macc.12.39	2Macc.12.39
2Macc.12.40	2Macc.12.40	2Macc.12.40	2Macc.12.40
2Macc.12.41	2Macc.12.41	2Macc.12.41	2Macc.12.41
2Macc.12.42	2Macc.12.42	2Macc.12.42	2Macc.12.42
2Macc.12.43	2Macc.12.43	2Macc.12.43	2Macc.12.43
2Macc.12.44	2Macc.12.44	2Macc.12.44	2Macc.12.44
2Macc.12.45	2Macc.12.45	2Macc.12.45	2Macc.12.45
2Macc.13.1	2Macc.13.1	2Macc.13.1	2Macc.13.1
2Macc.13.2	2Macc.13.2	2Macc.13.2	2Macc.13.2
2Macc.13.3	2Macc.13.3	2Macc.13.3	2Macc.13.3
2Macc.13.4	2Macc.13.4	2Macc.13.4	2Macc.13.4
2Macc.13.5	2Macc.13.5	2Macc.13.5	2Macc.13.5
2Macc.13.6	2Macc.13.6	2Macc.13.6	2Macc.13.6
2Macc.13.7	2Macc.13.7	2Macc.13.7	2Macc.13.7
2Macc.13.8	2Macc.13.8	2Macc.13.8	2Macc.13.8
2Macc.13.9	2Macc.13.9	2Macc.13.9	2Macc.13.9
2Macc.13.10	2Macc.13.10	2Macc.13.10	2Macc.13.10
2Macc.13.11	2Macc.13.11	2Macc.13.11	2Macc.13.11
2Macc.13.12	2Macc.13.12	2Macc.13.12	2Macc.13.12
2Macc.13.13	2Macc.13.13	2Macc.13.13	2Macc.13.13
2Macc.13.14	2Macc.13.14	2Macc.13.14	2Macc.13.14
2Macc.13.15	2Macc.13.15	2Macc.13.15	2Macc.13.15
2Macc.13.16	2Macc.13.16	2Macc.13.16	2Macc.13.16
2Macc.13.17	2Macc.13.17	2Macc.13.17	2Macc.13.17
2Macc.13.18	2Macc.13.18	2Macc.13.18	2Macc.13.18
2Macc.13.19	2Macc.13.19	2Macc.13.19	2Macc.13.19
2Macc.13.20	2Macc.13.20	2Macc.13.20	2Macc.13.20
2Macc.13.21	2Macc.13.21	2Macc.13.21	2Macc.13.21
2Macc.13.22	2Macc.13.22	2Macc.13.22	2Macc.13.22
2Macc.13.23	2Macc.13.23	2Macc.13.23	2Macc.13.23
2Macc.13.24	2Macc.13.24	2Macc.13.24	2Macc.13.24
2Macc.13.25	2Macc.13.25	2Macc.13.25	2Macc.13.25
2Macc.13.26	2Macc.13.26	2Macc.13.26	2Macc.13.26
2Macc.14.1	2Macc.14.1	2Macc.14.1	2Macc.14.1
2Macc.14.2	2Macc.14.2	2Macc.14.2	2Macc.14.2
2Macc.14.3	2Macc.14.3	2Macc.14.3	2Macc.14.3
2Macc.14.4	2Macc.14.4	2Macc.14.4	2Macc.14.4
2Macc.14.5	2Macc.14.5	2Macc.14.5	2Macc.14.5
2Macc.14.6	2Macc.14.6	2Macc.14.6	2Macc.14.6
2Macc.14.7	2Macc.14.7	2Macc.14.7	2Macc.14.7
2Macc.14.8	2Macc.14.8	2Macc.14.8	2Macc.14.8
2Macc.14.9	2Macc.14.9	2Macc.14.9	2Macc.14.9
2Macc.14.10	2Macc.14.10	2Macc.14.10	2Macc.14.10
2Macc.14.11	2Macc.14.11	2Macc.14.11	2Macc.14.11
2Macc.14.12	2Macc.14.12	2Macc.14.12	2Macc.14.12
2Macc.14.13	2Macc.14.13	2Macc.14.13	2Macc.14.13
2Macc.14.14	2Macc.14.14	2Macc.14.14	2Macc.14.14
2Macc.14.15	2Macc.14.15	2Macc.14.15	2Macc.14.15
2Macc.14.16	2Macc.14.16	2Macc.14.16	2Macc.14.16
2Macc.14.17	2Macc.14.17	2Macc.14.17	2Macc.14.17
2Macc.14.18	2Macc.14.18	2Macc.14.18	2Macc.14.18
2Macc.14.19	2Macc.14.19	2Macc.14.19	2Macc.14.19
2Macc.14.20	2Macc.14.20	2Macc.14.20	2Macc.14.20
2Macc.14.21	2Macc.14.21	2Macc.14.21	2Macc.14.21
2Macc.14.22	2Macc.14.22	2Macc.14.22	2Macc.14.22
2Macc.14.23	2Macc.14.23	2Macc.14.23	2Macc.14.23
2Macc.14.24	2Macc.14.24	2Macc.14.24	2Macc.14.24
2Macc.14.25	2Macc.14.25	2Macc.14.25	2Macc.14.25
2Macc.14.26	2Macc.14.26	2Macc.14.26	2Macc.14.26
2Macc.14.27	2Macc.14.27	2Macc.14.27	2Macc.14.27
2Macc.14.28	2Macc.14.28	2Macc.14.28	2Macc.14.28
2Macc.14.29	2Macc.14.29	2Macc.14.29	2Macc.14.29
2Macc.14.30	2Macc.14.30	2Macc.14.30	2Macc.14.30
2Macc.14.31	2Macc.14.31	2Macc.14.31	2Macc.14.31
2Macc.14.32	2Macc.14.32	2Macc.14.32	2Macc.14.32
2Macc.14.33	2Macc.14.33	2Macc.14.33	2Macc.14.33
2Macc.14.34	2Macc.14.34	2Macc.14.34	2Macc.14.34
2Macc.14.35	2Macc.14.35	2Macc.14.35	2Macc.14.35
2Macc.14.36	2Macc.14.36	2Macc.14.36	2Macc.14.36
2Macc.14.37	2Macc.14.37	2Macc.14.37	2Macc.14.37
2Macc.14.38	2Macc.14.38	2Macc.14.38	2Macc.14.38
2Macc.14.39	2Macc.14.39	2Macc.14.39	2Macc.14.39
2Macc.14.40	2Macc.14.40	2Macc.14.40	2Macc.14.40
2Macc.14.41	2Macc.14.41	2Macc.14.41	2Macc.14.41
2Macc.14.42	2Macc.14.42	2Macc.14.42	2Macc.14.42
2Macc.14.43	2Macc.14.43	2Macc.14.43	2Macc.14.43
2Macc.14.44	2Macc.14.44	2Macc.14.44	2Macc.14.44
2Macc.14.45	2Macc.14.45	2Macc.14.45	2Macc.14.45
2Macc.14.46	2Macc.14.46	2Macc.14.46	2Macc.14.46
2Macc.15.1	2Macc.15.1	2Macc.15.1	2Macc.15.1
2Macc.15.2	2Macc.15.2	2Macc.15.2	2Macc.15.2
2Macc.15.3	2Macc.15.3	2Macc.15.3	2Macc.15.3
2Macc.15.4	2Macc.15.4	2Macc.15.4	2Macc.15.4
2Macc.15.5	2Macc.15.5	2Macc.15.5	2Macc.15.5
2Macc.15.6	2Macc.15.6	2Macc.15.6	2Macc.15.6
2Macc.15.7	2Macc.15.7	2Macc.15.7	2Macc.15.7
2Macc.15.8	2Macc.15.8	2Macc.15.8	2Macc.15.8
2Macc.15.9	2Macc.15.9	2Macc.15.9	2Macc.15.9
2Macc.15.10	2Macc.15.10	2Macc.15.10	2Macc.15.10
2Macc.15.11	2Macc.15.11	2Macc.15.11	2Macc.15.11
2Macc.15.12	2Macc.15.12	2Macc.15.12	2Macc.15.12
2Macc.15.13	2Macc.15.13	2Macc.15.13	2Macc.15.13
2Macc.15.14	2Macc.15.14	2Macc.15.14	2Macc.15.14
2Macc.15.15	2Macc.15.15	2Macc.15.15	2Macc.15.15
2Macc.15.16	2Macc.15.16	2Macc.15.16	2Macc.15.16
2Macc.15.17	2Macc.15.17	2Macc.15.17	2Macc.15.17
2Macc.15.18	2Macc.15.18	2Macc.15.18	2Macc.15.18
2Macc.15.19	2Macc.15.19	2Macc.15.19	2Macc.15.19
2Macc.15.20	2Macc.15.20	2Macc.15.20	2Macc.15.20
2Macc.15.21	2Macc.15.21	2Macc.15.21	2Macc.15.21
2Macc.15.22	2Macc.15.22	2Macc.15.22	2Macc.15.22
2Macc.15.23	2Macc.15.23	2Macc.15.23	2Macc.15.23
2Macc.15.24	2Macc.15.24	2Macc.15.24	2Macc.15.24
2Macc.15.25	2Macc.15.25	2Macc.15.25	2Macc.15.25
2Macc.15.26	2Macc.15.26	2Macc.15.26	2Macc.15.26
2Macc.15.27	2Macc.15.27	2Macc.15.27	2Macc.15.27
2Macc.15.28	2Macc.15.28	2Macc.15.28	2Macc.15.28
2Macc.15.29	2Macc.15.29	2Macc.15.29	2Macc.15.29
2Macc.15.30	2Macc.15.30	2Macc.15.30	2Macc.15.30
2Macc.15.31	2Macc.15.31	2Macc.15.31	2Macc.15.31
2Macc.15.32	2Macc.15.32	2Macc.15.32	2Macc.15.32
2Macc.15.33	2Macc.15.33	2Macc.15.33	2Macc.15.33
2Macc.15.34	2Macc.15.34	2Macc.15.34	2Macc.15.34
2Macc.15.35	2Macc.15.35	2Macc.15.35	2Macc.15.35
2Macc.15.36	2Macc.15.36 2Macc.15.37	2Macc.15.36 2Macc.15.37	2Macc.15.36
2Macc.15.37	2Macc.15.38	2Macc.15.38	2Macc.15.37
2Macc.15.38	2Macc.15.39	2Macc.15.39	2Macc.15.38
2Macc.15.39	2Macc.15.40	2Macc.15.40	2Macc.15.39
1Esd.1.1			1Esd.1.1
1Esd.1.2			1Esd.1.2
1Esd.1.3			1Esd.1.3
1Esd.1.4			1Esd.1.4
1Esd.1.5			1Esd.1.5
1Esd.1.6			1Esd.1.6
1Esd.1.7			1Esd.1.7
1Esd.1.8			1Esd.1.8
1Esd.1.9			1Esd.1.9
1Esd.1.10			1Esd.1.10
1Esd.1.11			1Esd.1.11
1Esd.1.12			1Esd.1.12
1Esd.1.13			1Esd.1.13
1Esd.1.14			1Esd.1.14
1Esd.1.15			1Esd.1.15
1Esd.1.16			1Esd.1.16
1Esd.1.17			1Esd.1.17
1Esd.1.18			1Esd.1.18
1Esd.1.19			1Esd.1.19
1Esd.1.20			1Esd.1.20
1Esd.1.21			1Esd.1.21
1Esd.1.22			1Esd.1.22
1Esd.1.23			1Esd.1.23
1Esd.1.24			1Esd.1.24
1Esd.1.25			1Esd.1.25
1Esd.1.26			1Esd.1.26
1Esd.1.27			1Esd.1.27
1Esd.1.28			1Esd.1.28
1Esd.1.29			1Esd.1.29
1Esd.1.30			1Esd.1.30
1Esd.1.31			1Esd.1.31
1Esd.1.32			1Esd.1.32
1Esd.1.33			1Esd.1.33
1Esd.1.34			1Esd.1.34
1Esd.1.35			1Esd.1.35
1Esd.1.36			1Esd.1.36
1Esd.1.37			1Esd.1.37
1Esd.1.38			1Esd.1.38
1Esd.1.39			1Esd.1.39
1Esd.1.40			1Esd.1.40
1Esd.1.41			1Esd.1.41
1Esd.1.42			1Esd.1.42
1Esd.1.43			1Esd.1.43
1Esd.1.44			1Esd.1.44
1Esd.1.45			1Esd.1.45
1Esd.1.46			1Esd.1.46
1Esd.1.47			1Esd.1.47
1Esd.1.48			1Esd.1.48
1Esd.1.49			1Esd.1.49
1Esd.1.50			1Esd.1.50
1Esd.1.51			1Esd.1.51
1Esd.1.52			1Esd.1.52
1Esd.1.53			1Esd.1.53
1Esd.1.54			1Esd.1.54
1Esd.1.55			1Esd.1.55
1Esd.1.56			1Esd.1.56
1Esd.1.57			1Esd.1.57
1Esd.1.58			1Esd.1.58
1Esd.2.1			1Esd.2.1
1Esd.2.2			1Esd.2.2
1Esd.2.3			1Esd.2.3
1Esd.2.4			1Esd.2.4
1Esd.2.5			1Esd.2.5
1Esd.2.6			1Esd.2.6
1Esd.2.7			1Esd.2.7
1Esd.2.8			1Esd.2.8
1Esd.2.9			1Esd.2.9
1Esd.2.10			1Esd.2.10
1Esd.2.11			1Esd.2.11
1Esd.2.12			1Esd.2.12
1Esd.2.13			1Esd.2.13
1Esd.2.14			1Esd.2.14
1Esd.2.15			1Esd.2.15
1Esd.2.16			1Esd.2.16
1Esd.2.17			1Esd.2.17
1Esd.2.18			1Esd.2.18
1Esd.2.19			1Esd.2.19
1Esd.2.20			1Esd.2.20
1Esd.2.21			1Esd.2.21
1Esd.2.22			1Esd.2.22
1Esd.2.23			1Esd.2.23
1Esd.2.24			1Esd.2.24
1Esd.2.25			1Esd.2.25
1Esd.2.26			1Esd.2.26
1Esd.2.27			1Esd.2.27
1Esd.2.28			1Esd.2.28
1Esd.2.29			1Esd.2.29
1Esd.2.30			1Esd.2.30
1Esd.3.1			1Esd.3.1
1Esd.3.2			1Esd.3.2
1Esd.3.3			1Esd.3.3
1Esd.3.4			1Esd.3.4
1Esd.3.5			1Esd.3.5
1Esd.3.6			1Esd.3.6
1Esd.3.7			1Esd.3.7
1Esd.3.8			1Esd.3.8
1Esd.3.9			1Esd.3.9
1Esd.3.10			1Esd.3.10
1Esd.3.11			1Esd.3.11
1Esd.3.12			1Esd.3.12
1Esd.3.13			1Esd.3.13
1Esd.3.14			1Esd.3.14
1Esd.3.15			1Esd.3.15
1Esd.3.16			1Esd.3.16
1Esd.3.17			1Esd.3.17
1Esd.3.18			1Esd.3.18
1Esd.3.19			1Esd.3.19
1Esd.3.20			1Esd.3.20
1Esd.3.21			1Esd.3.21
1Esd.3.22			1Esd.3.22
1Esd.3.23			1Esd.3.23
1Esd.3.24			1Esd.3.24
1Esd.4.1			1Esd.4.1
1Esd.4.2			1Esd.4.2
1Esd.4.3			1Esd.4.3
1Esd.4.4			1Esd.4.4
1Esd.4.5			1Esd.4.5
1Esd.4.6			1Esd.4.6
1Esd.4.7			1Esd.4.7
1Esd.4.8			1Esd.4.8
1Esd.4.9			1Esd.4.9
1Esd.4.10			1Esd.4.10
1Esd.4.11			1Esd.4.11
1Esd.4.12			1Esd.4.12
1Esd.4.13			1Esd.4.13
1Esd.4.14			1Esd.4.14
1Esd.4.15			1Esd.4.15
1Esd.4.16			1Esd.4.16
1Esd.4.17			1Esd.4.17
1Esd.4.18			1Esd.4.18
1Esd.4.19			1Esd.4.19
1Esd.4.20			1Esd.4.20
1Esd.4.21			1Esd.4.21
1Esd.4.22			1Esd.4.22
1Esd.4.23			1Esd.4.23
1Esd.4.24			1Esd.4.24
1Esd.4.25			1Esd.4.25
1Esd.4.26			1Esd.4.26
1Esd.4.27			1Esd.4.27
1Esd.4.28			1Esd.4.28
1Esd.4.29			1Esd.4.29
1Esd.4.30			1Esd.4.30
1Esd.4.31			1Esd.4.31
1Esd.4.32			1Esd.4.32
1Esd.4.33			1Esd.4.33
1Esd.4.34			1Esd.4.34
1Esd.4.35			1Esd.4.35
1Esd.4.36			1Esd.4.36
1Esd.4.37			1Esd.4.37
1Esd.4.38			1Esd.4.38
1Esd.4.39			1Esd.4.39
1Esd.4.40			1Esd.4.40
1Esd.4.41			1Esd.4.41
1Esd.4.42			1Esd.4.42
1Esd.4.43			1Esd.4.43
1Esd.4.44			1Esd.4.44
1Esd.4.45			1Esd.4.45
1Esd.4.46			1Esd.4.46
1Esd.4.47			1Esd.4.47
1Esd.4.48			1Esd.4.48
1Esd.4.49			1Esd.4.49
1Esd.4.50			1Esd.4.50
1Esd.4.51			1Esd.4.51
1Esd.4.52			1Esd.4.52
1Esd.4.53			1Esd.4.53
1Esd.4.54			1Esd.4.54
1Esd.4.55			1Esd.4.55
1Esd.4.56			1Esd.4.56
1Esd.4.57			1Esd.4.57
1Esd.4.58			1Esd.4.58
1Esd.4.59			1Esd.4.59
1Esd.4.60			1Esd.4.60
1Esd.4.61			1Esd.4.61
1Esd.4.62			1Esd.4.62
1Esd.4.63			1Esd.4.63
1Esd.5.1			1Esd.5.1
1Esd.5.2			1Esd.5.2
1Esd.5.3			1Esd.5.3
1Esd.5.4			1Esd.5.4
1Esd.5.5			1Esd.5.5
1Esd.5.6			1Esd.5.6
1Esd.5.7			1Esd.5.7
1Esd.5.8			1Esd.5.8
1Esd.5.9			1Esd.5.9
1Esd.5.10			1Esd.5.10
1Esd.5.11			1Esd.5.11
1Esd.5.12			1Esd.5.12
1Esd.5.13			1Esd.5.13
1Esd.5.14			1Esd.5.14
1Esd.5.15			1Esd.5.15
1Esd.5.16			1Esd.5.16
1Esd.5.17			1Esd.5.17
1Esd.5.18			1Esd.5.18
1Esd.5.19			1Esd.5.19
1Esd.5.20			1Esd.5.20
1Esd.5.21			1Esd.5.21
1Esd.5.22			1Esd.5.22
1Esd.5.23			1Esd.5.23
1Esd.5.24			1Esd.5.24
1Esd.5.25			1Esd.5.25
1Esd.5.26			1Esd.5.26
1Esd.5.27			1Esd.5.27
1Esd.5.28			1Esd.5.28
1Esd.5.29			1Esd.5.29
1Esd.5.30			1Esd.5.30
1Esd.5.31			1Esd.5.31
1Esd.5.32			1Esd.5.32
1Esd.5.33			1Esd.5.33
1Esd.5.34			1Esd.5.34
1Esd.5.35			1Esd.5.35
1Esd.5.36			1Esd.5.36
1Esd.5.37			1Esd.5.37
1Esd.5.38			1Esd.5.38
1Esd.5.39			1Esd.5.39
1Esd.5.40			1Esd.5.40
1Esd.5.41			1Esd.5.41
1Esd.5.42			1Esd.5.42
1Esd.5.43			1Esd.5.43
1Esd.5.44			1Esd.5.44
1Esd.5.45			1Esd.5.45
1Esd.5.46			1Esd.5.46
1Esd.5.47			1Esd.5.47
1Esd.5.48			1Esd.5.48
1Esd.5.49			1Esd.5.49
1Esd.5.50			1Esd.5.50
1Esd.5.51			1Esd.5.51
1Esd.5.52			1Esd.5.52
1Esd.5.53			1Esd.5.53
1Esd.5.54			1Esd.5.54
1Esd.5.55			1Esd.5.55
1Esd.5.56			1Esd.5.56
1Esd.5.57			1Esd.5.57
1Esd.5.58			1Esd.5.58
1Esd.5.59			1Esd.5.59
1Esd.5.60			1Esd.5.60
1Esd.5.61			1Esd.5.61
1Esd.5.62			1Esd.5.62
1Esd.5.63			1Esd.5.63
1Esd.5.64			1Esd.5.64
1Esd.5.65			1Esd.5.65
1Esd.5.66			1Esd.5.66
1Esd.5.67			1Esd.5.67
1Esd.5.68			1Esd.5.68
1Esd.5.69			1Esd.5.69
1Esd.5.70			1Esd.5.70
1Esd.5.71			1Esd.5.71
1Esd.5.72			1Esd.5.72
1Esd.5.73			1Esd.5.73
1Esd.6.1			1Esd.6.1
1Esd.6.2			1Esd.6.2
1Esd.6.3			1Esd.6.3
1Esd.6.4			1Esd.6.4
1Esd.6.5			1Esd.6.5
1Esd.6.6			1Esd.6.6
1Esd.6.7			1Esd.6.7
1Esd.6.8			1Esd.6.8
1Esd.6.9			1Esd.6.9
1Esd.6.10			1Esd.6.10
1Esd.6.11			1Esd.6.11
1Esd.6.12			1Esd.6.12
1Esd.6.13			1Esd.6.13
1Esd.6.14			1Esd.6.14
1Esd.6.15			1Esd.6.15
1Esd.6.16			1Esd.6.16
1Esd.6.17			1Esd.6.17
1Esd.6.18			1Esd.6.18
1Esd.6.19			1Esd.6.19
1Esd.6.20			1Esd.6.20
1Esd.6.21			1Esd.6.21
1Esd.6.22			1Esd.6.22
1Esd.6.23			1Esd.6.23
1Esd.6.24			1Esd.6.24
1Esd.6.25			1Esd.6.25
1Esd.6.26			1Esd.6.26
1Esd.6.27			1Esd.6.27
1Esd.6.28			1Esd.6.28
1Esd.6.29			1Esd.6.29
1Esd.6.30			1Esd.6.30
1Esd.6.31			1Esd.6.31
1Esd.6.32			1Esd.6.32
1Esd.6.33			1Esd.6.33
1Esd.6.34			1Esd.6.34
1Esd.7.1			1Esd.7.1
1Esd.7.2			1Esd.7.2
1Esd.7.3			1Esd.7.3
1Esd.7.4			1Esd.7.4
1Esd.7.5			1Esd.7.5
1Esd.7.6			1Esd.7.6
1Esd.7.7			1Esd.7.7
1Esd.7.8			1Esd.7.8
1Esd.7.9			1Esd.7.9
1Esd.7.10			1Esd.7.10
1Esd.7.11			1Esd.7.11
1Esd.7.12			1Esd.7.12
1Esd.7.13			1Esd.7.13
1Esd.7.14			1Esd.7.14
1Esd.7.15			1Esd.7.15
1Esd.8.1			1Esd.8.1
1Esd.8.2			1Esd.8.2
1Esd.8.3			1Esd.8.3
1Esd.8.4			1Esd.8.4
1Esd.8.5			1Esd.8.5
1Esd.8.6			1Esd.8.6
1Esd.8.7			1Esd.8.7
1Esd.8.8			1Esd.8.8
1Esd.8.9			1Esd.8.9
1Esd.8.10			1Esd.8.10
1Esd.8.11			1Esd.8.11
1Esd.8.12			1Esd.8.12
1Esd.8.13			1Esd.8.13
1Esd.8.14			1Esd.8.14
1Esd.8.15			1Esd.8.15
1Esd.8.16			1Esd.8.16
1Esd.8.17			1Esd.8.17
1Esd.8.18			1Esd.8.18
1Esd.8.19			1Esd.8.19
1Esd.8.20			1Esd.8.20
1Esd.8.21			1Esd.8.21
1Esd.8.22			1Esd.8.22
1Esd.8.23			1Esd.8.23
1Esd.8.24			1Esd.8.24
1Esd.8.25			1Esd.8.25
1Esd.8.26			1Esd.8.26
1Esd.8.27			1Esd.8.27
1Esd.8.28			1Esd.8.28
1Esd.8.29			1Esd.8.29
1Esd.8.30			1Esd.8.30
1Esd.8.31			1Esd.8.31
1Esd.8.32			1Esd.8.32
1Esd.8.33			1Esd.8.33
1Esd.8.34			1Esd.8.34
1Esd.8.35			1Esd.8.35
1Esd.8.36			1Esd.8.36
1Esd.8.37			1Esd.8.37
1Esd.8.38			1Esd.8.38
1Esd.8.39			1Esd.8.39
1Esd.8.40			1Esd.8.40
1Esd.8.41			1Esd.8.41
1Esd.8.42			1Esd.8.42
1Esd.8.43			1Esd.8.43
1Esd.8.44			1Esd.8.44
1Esd.8.45			1Esd.8.45
1Esd.8.46			1Esd.8.46
1Esd.8.47			1Esd.8.47
1Esd.8.48			1Esd.8.48
1Esd.8.49			1Esd.8.49
1Esd.8.50			1Esd.8.50
1Esd.8.51			1Esd.8.51
1Esd.8.52			1Esd.8.52
1Esd.8.53			1Esd.8.53
1Esd.8.54			1Esd.8.54
1Esd.8.55			1Esd.8.55
1Esd.8.56			1Esd.8.56
1Esd.8.57			1Esd.8.57
1Esd.8.58			1Esd.8.58
1Esd.8.59			1Esd.8.59
1Esd.8.60			1Esd.8.60
1Esd.8.61			1Esd.8.61
1Esd.8.62			1Esd.8.62
1Esd.8.63			1Esd.8.63
1Esd.8.64			1Esd.8.64
1Esd.8.65			1Esd.8.65
1Esd.8.66			1Esd.8.66
1Esd.8.67			1Esd.8.67
1Esd.8.68			1Esd.8.68
1Esd.8.69			1Esd.8.69
1Esd.8.70			1Esd.8.70
1Esd.8.71			1Esd.8.71
1Esd.8.72			1Esd.8.72
1Esd.8.73			1Esd.8.73
1Esd.8.74			1Esd.8.74
1Esd.8.75			1Esd.8.75
1Esd.8.76			1Esd.8.76
1Esd.8.77			1Esd.8.77
1Esd.8.78			1Esd.8.78
1Esd.8.79			1Esd.8.79
1Esd.8.80			1Esd.8.80
1Esd.8.81			1Esd.8.81
1Esd.8.82			1Esd.8.82
1Esd.8.83			1Esd.8.83
1Esd.8.84			1Esd.8.84
1Esd.8.85			1Esd.8.85
1Esd.8.86			1Esd.8.86
1Esd.8.87			1Esd.8.87
1Esd.8.88			1Esd.8.88
1Esd.8.89			1Esd.8.89
1Esd.8.90			1Esd.8.90
1Esd.8.91			1Esd.8.91
1Esd.8.92			1Esd.8.92
1Esd.8.93			1Esd.8.93
1Esd.8.94			1Esd.8.94
1Esd.8.95			1Esd.8.95
1Esd.8.96			1Esd.8.96
1Esd.9.1			1Esd.9.1
1Esd.9.2			1Esd.9.2
1Esd.9.3			1Esd.9.3
1Esd.9.4			1Esd.9.4
1Esd.9.5			1Esd.9.5
1Esd.9.6			1Esd.9.6
1Esd.9.7			1Esd.9.7
1Esd.9.8			1Esd.9.8
1Esd.9.9			1Esd.9.9
1Esd.9.10			1Esd.9.10
1Esd.9.11			1Esd.9.11
1Esd.9.12			1Esd.9.12
1Esd.9.13			1Esd.9.13
1Esd.9.14			1Esd.9.14
1Esd.9.15			1Esd.9.15
1Esd.9.16			1Esd.9.16
1Esd.9.17			1Esd.9.17
1Esd.9.18			1Esd.9.18
1Esd.9.19			1Esd.9.19
1Esd.9.20			1Esd.9.20
1Esd.9.21			1Esd.9.21
1Esd.9.22			1Esd.9.22
1Esd.9.23			1Esd.9.23
1Esd.9.24			1Esd.9.24
1Esd.9.25			1Esd.9.25
1Esd.9.26			1Esd.9.26
1Esd.9.27			1Esd.9.27
1Esd.9.28			1Esd.9.28
1Esd.9.29			1Esd.9.29
1Esd.9.30			1Esd.9.30
1Esd.9.31			1Esd.9.31
1Esd.9.32			1Esd.9.32
1Esd.9.33			1Esd.9.33
1Esd.9.34			1Esd.9.34
1Esd.9.35			1Esd.9.35
1Esd.9.36			1Esd.9.36
1Esd.9.37			1Esd.9.37
1Esd.9.38			1Esd.9.38
1Esd.9.39			1Esd.9.39
1Esd.9.40			1Esd.9.40
1Esd.9.41			1Esd.9.41
1Esd.9.42			1Esd.9.42
1Esd.9.43			1Esd.9.43
1Esd.9.44			1Esd.9.44
1Esd.9.45			1Esd.9.45
1Esd.9.46			1Esd.9.46
1Esd.9.47			1Esd.9.47
1Esd.9.48			1Esd.9.48
1Esd.9.49			1Esd.9.49
1Esd.9.50			1Esd.9.50
1Esd.9.51			1Esd.9.51
1Esd.9.52			1Esd.9.52
1Esd.9.53			1Esd.9.53
1Esd.9.54			1Esd.9.54
1Esd.9.55			1Esd.9.55
PrMan.1.1			PrMan.1.1
PrMan.1.2			PrMan.1.2
PrMan.1.3			PrMan.1.3
PrMan.1.4			PrMan.1.4
PrMan.1.5			PrMan.1.5
PrMan.1.6			PrMan.1.6
PrMan.1.7			PrMan.1.7
PrMan.1.8			PrMan.1.8
PrMan.1.9			PrMan.1.9
PrMan.1.10			PrMan.1.10
PrMan.1.11			PrMan.1.11
PrMan.1.12			PrMan.1.12
PrMan.1.13			PrMan.1.13
PrMan.1.14			PrMan.1.14
PrMan.1.15			PrMan.1.15
2Esd.1.1			
2Esd.1.2			
2Esd.1.3			
2Esd.1.4			
2Esd.1.5			
2Esd.1.6			
2Esd.1.7			
2Esd.1.8			
2Esd.1.9			
2Esd.1.10			
2Esd.1.11			
2Esd.1.12			
2Esd.1.13			
2Esd.1.14			
2Esd.1.15			
2Esd.1.16			
2Esd.1.17			
2Esd.1.18			
2Esd.1.19			
2Esd.1.20			
2Esd.1.21			
2Esd.1.22			
2Esd.1.23			
2Esd.1.24			
2Esd.1.25			
2Esd.1.26			
2Esd.1.27			
2Esd.1.28			
2Esd.1.29			
2Esd.1.30			
2Esd.1.31			
2Esd.1.32			
2Esd.1.33			
2Esd.1.34			
2Esd.1.35			
2Esd.1.36			
2Esd.1.37			
2Esd.1.38			
2Esd.1.39			
2Esd.1.40			
2Esd.2.1			
2Esd.2.2			
2Esd.2.3			
2Esd.2.4			
2Esd.2.5			
2Esd.2.6			
2Esd.2.7			
2Esd.2.8			
2Esd.2.9			
2Esd.2.10			
2Esd.2.11			
2Esd.2.12			
2Esd.2.13			
2Esd.2.14			
2Esd.2.15			
2Esd.2.16			
2Esd.2.17			
2Esd.2.18			
2Esd.2.19			
2Esd.2.20			
2Esd.2.21			
2Esd.2.22			
2Esd.2.23			
2Esd.2.24			
2Esd.2.25			
2Esd.2.26			
2Esd.2.27			
2Esd.2.28			
2Esd.2.29			
2Esd.2.30			
2Esd.2.31			
2Esd.2.32			
2Esd.2.33			
2Esd.2.34			
2Esd.2.35			
2Esd.2.36			
2Esd.2.37			
2Esd.2.38			
2Esd.2.39			
2Esd.2.40			
2Esd.2.41			
2Esd.2.42			
2Esd.2.43			
2Esd.2.44			
2Esd.2.45			
2Esd.2.46			
2Esd.2.47			
2Esd.2.48			
2Esd.3.1			
2Esd.3.2			
2Esd.3.3			
2Esd.3.4			
2Esd.3.5			
2Esd.3.6			
2Esd.3.7			
2Esd.3.8			
2Esd.3.9			
2Esd.3.10			
2Esd.3.11			
2Esd.3.12			
2Esd.3.13			
2Esd.3.14			
2Esd.3.15			
2Esd.3.16			
2Esd.3.17			
2Esd.3.18			
2Esd.3.19			
2Esd.3.20			
2Esd.3.21			
2Esd.3.22			
2Esd.3.23			
2Esd.3.24			
2Esd.3.25			
2Esd.3.26			
2Esd.3.27			
2Esd.3.28			
2Esd.3.29			
2Esd.3.30			
2Esd.3.31			
2Esd.3.32			
2Esd.3.33			
2Esd.3.34			
2Esd.3.35			
2Esd.3.36			
2Esd.4.1			
2Esd.4.2			
2Esd.4.3			
2Esd.4.4			
2Esd.4.5			
2Esd.4.6			
2Esd.4.7			
2Esd.4.8			
2Esd.4.9			
2Esd.4.10			
2Esd.4.11			
2Esd.4.12			
2Esd.4.13			
2Esd.4.14			
2Esd.4.15			
2Esd.4.16			
2Esd.4.17			
2Esd.4.18			
2Esd.4.19			
2Esd.4.20			
2Esd.4.21			
2Esd.4.22			
2Esd.4.23			
2Esd.4.24			
2Esd.4.25			
2Esd.4.26			
2Esd.4.27			
2Esd.4.28			
2Esd.4.29			
2Esd.4.30			
2Esd.4.31			
2Esd.4.32			
2Esd.4.33			
2Esd.4.34			
2Esd.4.35			
2Esd.4.36			
2Esd.4.37			
2Esd.4.38			
2Esd.4.39			
2Esd.4.40			
2Esd.4.41			
2Esd.4.42			
2Esd.4.43			
2Esd.4.44			
2Esd.4.45			
2Esd.4.46			
2Esd.4.47			
2Esd.4.48			
2Esd.4.49			
2Esd.4.50			
2Esd.4.51			
2Esd.4.52			
2Esd.5.1			
2Esd.5.2			
2Esd.5.3			
2Esd.5.4			
2Esd.5.5			
2Esd.5.6			
2Esd.5.7			
2Esd.5.8			
2Esd.5.9			
2Esd.5.10			
2Esd.5.11			
2Esd.5.12			
2Esd.5.13			
2Esd.5.14			
2Esd.5.15			
2Esd.5.16			
2Esd.5.17			
2Esd.5.18			
2Esd.5.19			
2Esd.5.20			
2Esd.5.21			
2Esd.5.22			
2Esd.5.23			
2Esd.5.24			
2Esd.5.25			
2Esd.5.26			
2Esd.5.27			
2Esd.5.28			
2Esd.5.29			
2Esd.5.30			
2Esd.5.31			
2Esd.5.32			
2Esd.5.33			
2Esd.5.34			
2Esd.5.35			
2Esd.5.36			
2Esd.5.37			
2Esd.5.38			
2Esd.5.39			
2Esd.5.40			
2Esd.5.41			
2Esd.5.42			
2Esd.5.43			
2Esd.5.44			
2Esd.5.45			
2Esd.5.46			
2Esd.5.47			
2Esd.5.48			
2Esd.5.49			
2Esd.5.50			
2Esd.5.51			
2Esd.5.52			
2Esd.5.53			
2Esd.5.54			
2Esd.5.55			
2Esd.5.56			
2Esd.6.1			
2Esd.6.2			
2Esd.6.3			
2Esd.6.4			
2Esd.6.5			
2Esd.6.6			
2Esd.6.7			
2Esd.6.8			
2Esd.6.9			
2Esd.6.10			
2Esd.6.11			
2Esd.6.12			
2Esd.6.13			
2Esd.6.14			
2Esd.6.15			
2Esd.6.16			
2Esd.6.17			
2Esd.6.18			
2Esd.6.19			
2Esd.6.20			
2Esd.6.21			
2Esd.6.22			
2Esd.6.23			
2Esd.6.24			
2Esd.6.25			
2Esd.6.26			
2Esd.6.27			
2Esd.6.28			
2Esd.6.29			
2Esd.6.30			
2Esd.6.31			
2Esd.6.32			
2Esd.6.33			
2Esd.6.34			
2Esd.6.35			
2Esd.6.36			
2Esd.6.37			
2Esd.6.38			
2Esd.6.39			
2Esd.6.40			
2Esd.6.41			
2Esd.6.42			
2Esd.6.43			
2Esd.6.44			
2Esd.6.45			
2Esd.6.46			
2Esd.6.47			
2Esd.6.48			
2Esd.6.49			
2Esd.6.50			
2Esd.6.51			
2Esd.6.52			
2Esd.6.53			
2Esd.6.54			
2Esd.6.55			
2Esd.6.56			
2Esd.6.57			
2Esd.6.58			
2Esd.6.59			
2Esd.7.1			
2Esd.7.2			
2Esd.7.3			
2Esd.7.4			
2Esd.7.5			
2Esd.7.6			
2Esd.7.7			
2Esd.7.8			
2Esd.7.9			
2Esd.7.10			
2Esd.7.11			
2Esd.7.12			
2Esd.7.13			
2Esd.7.14			
2Esd.7.15			
2Esd.7.16			
2Esd.7.17			
2Esd.7.18			
2Esd.7.19			
2Esd.7.20			
2Esd.7.21			
2Esd.7.22			
2Esd.7.23			
2Esd.7.24			
2Esd.7.25			
2Esd.7.26			
2Esd.7.27			
2Esd.7.28			
2Esd.7.29			
2Esd.7.30			
2Esd.7.31			
2Esd.7.32			
2Esd.7.33			
2Esd.7.34			
2Esd.7.35			
2Esd.7.36			
2Esd.7.37			
2Esd.7.38			
2Esd.7.39			
2Esd.7.40			
2Esd.7.41			
2Esd.7.42			
2Esd.7.43			
2Esd.7.44			
2Esd.7.45			
2Esd.7.46			
2Esd.7.47			
2Esd.7.48			
2Esd.7.49			
2Esd.7.50			
2Esd.7.51			
2Esd.7.52			
2Esd.7.53			
2Esd.7.54			
2Esd.7.55			
2Esd.7.56			
2Esd.7.57			
2Esd.7.58			
2Esd.7.59			
2Esd.7.60			
2Esd.7.61			
2Esd.7.62			
2Esd.7.63			
2Esd.7.64			
2Esd.7.65			
2Esd.7.66			
2Esd.7.67			
2Esd.7.68			
2Esd.7.69			
2Esd.7.70			
2Esd.8.1			
2Esd.8.2			
2Esd.8.3			
2Esd.8.4			
2Esd.8.5			
2Esd.8.6			
2Esd.8.7			
2Esd.8.8			
2Esd.8.9			
2Esd.8.10			
2Esd.8.11			
2Esd.8.12			
2Esd.8.13			
2Esd.8.14			
2Esd.8.15			
2Esd.8.16			
2Esd.8.17			
2Esd.8.18			
2Esd.8.19			
2Esd.8.20			
2Esd.8.21			
2Esd.8.22			
2Esd.8.23			
2Esd.8.24			
2Esd.8.25			
2Esd.8.26			
2Esd.8.27			
2Esd.8.28			
2Esd.8.29			
2Esd.8.30			
2Esd.8.31			
2Esd.8.32			
2Esd.8.33			
2Esd.8.34			
2Esd.8.35			
2Esd.8.36			
2Esd.8.37			
2Esd.8.38			
2Esd.8.39			
2Esd.8.40			
2Esd.8.41			
2Esd.8.42			
2Esd.8.43			
2Esd.8.44			
2Esd.8.45			
2Esd.8.46			
2Esd.8.47			
2Esd.8.48			
2Esd.8.49			
2Esd.8.50			
2Esd.8.51			
2Esd.8.52			
2Esd.8.53			
2Esd.8.54			
2Esd.8.55			
2Esd.8.56			
2Esd.8.57			
2Esd.8.58			
2Esd.8.59			
2Esd.8.60			
2Esd.8.61			
2Esd.8.62			
2Esd.8.63			
2Esd.9.1			
2Esd.9.2			
2Esd.9.3			
2Esd.9.4			
2Esd.9.5			
2Esd.9.6			
2Esd.9.7			
2Esd.9.8			
2Esd.9.9			
2Esd.9.10			
2Esd.9.11			
2Esd.9.12			
2Esd.9.13			
2Esd.9.14			
2Esd.9.15			
2Esd.9.16			
2Esd.9.17			
2Esd.9.18			
2Esd.9.19			
2Esd.9.20			
2Esd.9.21			
2Esd.9.22			
2Esd.9.23			
2Esd.9.24			
2Esd.9.25			
2Esd.9.26			
2Esd.9.27			
2Esd.9.28			
2Esd.9.29			
2Esd.9.30			
2Esd.9.31			
2Esd.9.32			
2Esd.9.33			
2Esd.9.34			
2Esd.9.35			
2Esd.9.36			
2Esd.9.37			
2Esd.9.38			
2Esd.9.39			
2Esd.9.40			
2Esd.9.41			
2Esd.9.42			
2Esd.9.43			
2Esd.9.44			
2Esd.9.45			
2Esd.9.46			
2Esd.9.47			
2Esd.10.1			
2Esd.10.2			
2Esd.10.3			
2Esd.10.4			
2Esd.10.5			
2Esd.10.6			
2Esd.10.7			
2Esd.10.8			
2Esd.10.9			
2Esd.10.10			
2Esd.10.11			
2Esd.10.12			
2Esd.10.13			
2Esd.10.14			
2Esd.10.15			
2Esd.10.16			
2Esd.10.17			
2Esd.10.18			
2Esd.10.19			
2Esd.10.20			
2Esd.10.21			
2Esd.10.22			
2Esd.10.23			
2Esd.10.24			
2Esd.10.25			
2Esd.10.26			
2Esd.10.27			
2Esd.10.28			
2Esd.10.29			
2Esd.10.30			
2Esd.10.31			
2Esd.10.32			
2Esd.10.33			
2Esd.10.34			
2Esd.10.35			
2Esd.10.36			
2Esd.10.37			
2Esd.10.38			
2Esd.10.39			
2Esd.10.40			
2Esd.10.41			
2Esd.10.42			
2Esd.10.43			
2Esd.10.44			
2Esd.10.45			
2Esd.10.46			
2Esd.10.47			
2Esd.10.48			
2Esd.10.49			
2Esd.10.50			
2Esd.10.51			
2Esd.10.52			
2Esd.10.53			
2Esd.10.54			
2Esd.10.55			
2Esd.10.56			
2Esd.10.57			
2Esd.10.58			
2Esd.10.59			
2Esd.11.1			
2Esd.11.2			
2Esd.11.3			
2Esd.11.4			
2Esd.11.5			
2Esd.11.6			
2Esd.11.7			
2Esd.11.8			
2Esd.11.9			
2Esd.11.10			
2Esd.11.11			
2Esd.11.12			
2Esd.11.13			
2Esd.11.14			
2Esd.11.15			
2Esd.11.16			
2Esd.11.17			
2Esd.11.18			
2Esd.11.19			
2Esd.11.20			
2Esd.11.21			
2Esd.11.22			
2Esd.11.23			
2Esd.11.24			
2Esd.11.25			
2Esd.11.26			
2Esd.11.27			
2Esd.11.28			
2Esd.11.29			
2Esd.11.30			
2Esd.11.31			
2Esd.11.32			
2Esd.11.33			
2Esd.11.34			
2Esd.11.35			
2Esd.11.36			
2Esd.11.37			
2Esd.11.38			
2Esd.11.39			
2Esd.11.40			
2Esd.11.41			
2Esd.11.42			
2Esd.11.43			
2Esd.11.44			
2Esd.11.45			
2Esd.11.46			
2Esd.12.1			
2Esd.12.2			
2Esd.12.3			
2Esd.12.4			
2Esd.12.5			
2Esd.12.6			
2Esd.12.7			
2Esd.12.8			
2Esd.12.9			
2Esd.12.10			
2Esd.12.11			
2Esd.12.12			
2Esd.12.13			
2Esd.12.14			
2Esd.12.15			
2Esd.12.16			
2Esd.12.17			
2Esd.12.18			
2Esd.12.19			
2Esd.12.20			
2Esd.12.21			
2Esd.12.22			
2Esd.12.23			
2Esd.12.24			
2Esd.12.25			
2Esd.12.26			
2Esd.12.27			
2Esd.12.28			
2Esd.12.29			
2Esd.12.30			
2Esd.12.31			
2Esd.12.32			
2Esd.12.33			
2Esd.12.34			
2Esd.12.35			
2Esd.12.36			
2Esd.12.37			
2Esd.12.38			
2Esd.12.39			
2Esd.12.40			
2Esd.12.41			
2Esd.12.42			
2Esd.12.43			
2Esd.12.44			
2Esd.12.45			
2Esd.12.46			
2Esd.12.47			
2Esd.12.48			
2Esd.12.49			
2Esd.12.50			
2Esd.12.51			
2Esd.13.1			
2Esd.13.2			
2Esd.13.3			
2Esd.13.4			
2Esd.13.5			
2Esd.13.6			
2Esd.13.7			
2Esd.13.8			
2Esd.13.9			
2Esd.13.10			
2Esd.13.11			
2Esd.13.12			
2Esd.13.13			
2Esd.13.14			
2Esd.13.15			
2Esd.13.16			
2Esd.13.17			
2Esd.13.18			
2Esd.13.19			
2Esd.13.20			
2Esd.13.21			
2Esd.13.22			
2Esd.13.23			
2Esd.13.24			
2Esd.13.25			
2Esd.13.26			
2Esd.13.27			
2Esd.13.28			
2Esd.13.29			
2Esd.13.30			
2Esd.13.31			
2Esd.13.32			
2Esd.13.33			
2Esd.13.34			
2Esd.13.35			
2Esd.13.36			
2Esd.13.37			
2Esd.13.38			
2Esd.13.39			
2Esd.13.40			
2Esd.13.41			
2Esd.13.42			
2Esd.13.43			
2Esd.13.44			
2Esd.13.45			
2Esd.13.46			
2Esd.13.47			
2Esd.13.48			
2Esd.13.49			
2Esd.13.50			
2Esd.13.51			
2Esd.13.52			
2Esd.13.53			
2Esd.13.54			
2Esd.13.55			
2Esd.13.56			
2Esd.13.57			
2Esd.13.58			
2Esd.14.1			
2Esd.14.2			
2Esd.14.3			
2Esd.14.4			
2Esd.14.5			
2Esd.14.6			
2Esd.14.7			
2Esd.14.8			
2Esd.14.9			
2Esd.14.10			
2Esd.14.11			
2Esd.14.12			
2Esd.14.13			
2Esd.14.14			
2Esd.14.15			
2Esd.14.16			
2Esd.14.17			
2Esd.14.18			
2Esd.14.19			
2Esd.14.20			
2Esd.14.21			
2Esd.14.22			
2Esd.14.23			
2Esd.14.24			
2Esd.14.25			
2Esd.14.26			
2Esd.14.27			
2Esd.14.28			
2Esd.14.29			
2Esd.14.30			
2Esd.14.31			
2Esd.14.32			
2Esd.14.33			
2Esd.14.34			
2Esd.14.35			
2Esd.14.36			
2Esd.14.37			
2Esd.14.38			
2Esd.14.39			
2Esd.14.40			
2Esd.14.41			
2Esd.14.42			
2Esd.14.43			
2Esd.14.44			
2Esd.14.45			
2Esd.14.46			
2Esd.14.47			
2Esd.14.48			
2Esd.15.1			
2Esd.15.2			
2Esd.15.3			
2Esd.15.4			
2Esd.15.5			
2Esd.15.6			
2Esd.15.7			
2Esd.15.8			
2Esd.15.9			
2Esd.15.10			
2Esd.15.11			
2Esd.15.12			
2Esd.15.13			
2Esd.15.14			
2Esd.15.15			
2Esd.15.16			
2Esd.15.17			
2Esd.15.18			
2Esd.15.19			
2Esd.15.20			
2Esd.15.21			
2Esd.15.22			
2Esd.15.23			
2Esd.15.24			
2Esd.15.25			
2Esd.15.26			
2Esd.15.27			
2Esd.15.28			
2Esd.15.29			
2Esd.15.30			
2Esd.15.31			
2Esd.15.32			
2Esd.15.33			
2Esd.15.34			
2Esd.15.35			
2Esd.15.36			
2Esd.15.37			
2Esd.15.38			
2Esd.15.39			
2Esd.15.40			
2Esd.15.41			
2Esd.15.42			
2Esd.15.43			
2Esd.15.44			
2Esd.15.45			
2Esd.15.46			
2Esd.15.47			
2Esd.15.48			
2Esd.15.49			
2Esd.15.50			
2Esd.15.51			
2Esd.15.52			
2Esd.15.53			
2Esd.15.54			
2Esd.15.55			
2Esd.15.56			
2Esd.15.57			
2Esd.15.58			
2Esd.15.59			
2Esd.15.60			
2Esd.15.61			
2Esd.15.62			
2Esd.15.63			
2Esd.16.1			
2Esd.16.2			
2Esd.16.3			
2Esd.16.4			
2Esd.16.5			
2Esd.16.6			
2Esd.16.7			
2Esd.16.8			
2Esd.16.9			
2Esd.16.10			
2Esd.16.11			
2Esd.16.12			
2Esd.16.13			
2Esd.16.14			
2Esd.16.15			
2Esd.16.16			
2Esd.16.17			
2Esd.16.18			
2Esd.16.19			
2Esd.16.20			
2Esd.16.21			
2Esd.16.22			
2Esd.16.23			
2Esd.16.24			
2Esd.16.25			
2Esd.16.26			
2Esd.16.27			
2Esd.16.28			
2Esd.16.29			
2Esd.16.30			
2Esd.16.31			
2Esd.16.32			
2Esd.16.33			
2Esd.16.34			
2Esd.16.35			
2Esd.16.36			
2Esd.16.37			
2Esd.16.38			
2Esd.16.39			
2Esd.16.40			
2Esd.16.41			
2Esd.16.42			
2Esd.16.43			
2Esd.16.44			
2Esd.16.45			
2Esd.16.46			
2Esd.16.47			
2Esd.16.48			
2Esd.16.49			
2Esd.16.50			
2Esd.16.51			
2Esd.16.52			
2Esd.16.53			
2Esd.16.54			
2Esd.16.55			
2Esd.16.56			
2Esd.16.57			
2Esd.16.58			
2Esd.16.59			
2Esd.16.60			
2Esd.16.61			
2Esd.16.62			
2Esd.16.63			
2Esd.16.64			
2Esd.16.65			
2Esd.16.66			
2Esd.16.67			
2Esd.16.68			
2Esd.16.69			
2Esd.16.70			
2Esd.16.71			
2Esd.16.72			
2Esd.16.73			
2Esd.16.74			
2Esd.16.75			
2Esd.16.76			
2Esd.16.77			
2Esd.16.78			
