urn,author,work,label,year,likely_pd,status,description
urn:cts:greekLit:tlg0317.tlg001.1st1K-eng1,Acta Joannis,Acta Joannis,Acts of John,1924,yes,gap,"Acts of John. The Apocryphal New Testament, being the Apocryphal Gospels, Acts, Epistles, and Apocalypses. James, Montague Rhodes, translator. Oxford: Clarendon Press, 1924."
urn:cts:greekLit:tlg2948.tlg001.1st1K-eng1,Acta Philippi,Acta Philippi,Acts of Philip,1924,yes,gap,"Acts of Philip. The Apocryphal New Testament, being the Apocryphal Gospels, Acts, Epistles, and Apocalypses. James, Montague Rhodes, translator. Oxford: Clarendon Press, 1924."
urn:cts:greekLit:tlg2038.tlg001.1st1K-eng1,Acta Thomae,Acta Thomae,Acts of Thomas,1924,yes,gap,"Acts of Thomas. The Apocryphal New Testament, being the Apocryphal Gospels, Acts, Epistles, and Apocalypses. James, Montague Rhodes, translator. Oxford: Clarendon Press, 1924."
urn:cts:greekLit:tlg0026.tlg003.perseus-eng2,Aeschines,Against Ctesiphon,Against Ctesiphon,1958,check,gap,"The Speeches of Aeschines. Adams, Charles Darwin, editor. London: William Heinemann, Ltd.; New York: G.P. Putnam's Sons, 1919 (1958 printing)."
urn:cts:greekLit:tlg0026.tlg001.perseus-eng2,Aeschines,Against Timarchus,Against Timarchus,1958,check,gap,"The Speeches of Aeschines. Adams, Charles Darwin, translator. London: William Heinemann, Ltd.; New York: G.P. Putnam's Sons, 1919 (1958 printing)."
urn:cts:greekLit:tlg0026.tlg002.perseus-eng2,Aeschines,On the Embassy,On the Embassy,1958,check,gap,"The Speeches of Aeschines. Adams, Charles Darwin, translator. London: William Heinemann, Ltd.; New York: G.P. Putnam's Sons, 1919 (1958 printing)."
urn:cts:greekLit:tlg0085.tlg005.perseus-eng3,Aeschylus,Agamemnon,Agamemnon,1926,yes,gap,"Aeschylus, Volume 2. Smyth, Herbert Weir, translator. London; New York: William Heinemann; G.P. Putnam's Sons, 1926. (Modernized by Perseus.)"
urn:cts:greekLit:tlg0085.tlg005.perseus-eng4,Aeschylus,Agamemnon,Agamemnon,1889,yes,gap,"Aeschylus. The poetical works of Robert Browning, Volume 13. Browning, Robert, translator; Berdoe, Edward, editor. London: Smith, Elder and Co., 1889."
urn:cts:greekLit:tlg0085.tlg007.perseus-eng2,Aeschylus,Eumenides,Eumenides,1926,yes,gap,"Aeschylus, Volume 2. Smyth, Herbert Weir, translator. London; New York: William Heinemann; G.P. Putnam's Sons, 1926. (Modernized by Perseus.)"
urn:cts:greekLit:tlg0085.tlg006.perseus-eng2,Aeschylus,Libation Bearers,Libation Bearers,1926,yes,gap,"Aeschylus, Volume 2. Smyth, Herbert Weir, translator. London; New York: William Heinemann; G.P. Putnam's Sons, 1926. (Modernized by Perseus.)"
urn:cts:greekLit:tlg0085.tlg002.perseus-eng2,Aeschylus,Persians,Persians,1922,yes,gap,"Aeschylus, Volume 1. Smyth, Herbert Weir, translator. London; New York: William Heinemann; G.P. Putnam's Sons, 1922. (Modernized by Perseus.)"
urn:cts:greekLit:tlg0085.tlg003.perseus-eng2,Aeschylus,Prometheus Bound,Prometheus Bound,1922,yes,gap,"Aeschylus, Volume 1. Smyth, Herbert Weir, translator. London; New York: William Heinemann; G.P. Putnam's Sons, 1922. (Modernized by Perseus.)"
urn:cts:greekLit:tlg0085.tlg004.perseus-eng2,Aeschylus,Seven Against Thebes,Seven Against Thebes,1922,yes,gap,"Aeschylus, Volume 1. Smyth, Herbert Weir, translator. London; New York: William Heinemann; G.P. Putnam's Sons, 1922. (Modernized by Perseus.)"
urn:cts:greekLit:tlg0085.tlg001.perseus-eng2,Aeschylus,Supplices,Suppliant Maidens,1922,yes,gap,"Aeschylus, Volume 1. Smyth, Herbert Weir, translator. London; New York: William Heinemann; G.P. Putnam's Sons, 1922. (Modernized by Perseus.)"
urn:cts:greekLit:tlg0090.tlg001.opp-eng1,Agathemerus,Geographiae informatio,"Geographiae informatio, Greek Roman and Byzantine Studies",1985,check,gap,"Agathemerus, creator; Diller, Aubrey (1903-1985), editor and translator."
urn:cts:latinLit:stoa0023.stoa001.perseus-eng2,Ammianus Marcellinus,Res Gestae,History,1940,check,gap,"Ammianus Marcellinus. Ammianus Marcellinus, with an English translation, Vols. I-III. Rolfe, John C., translator. Cambridge, MA; London: Harvard University Press; W. Heinemann, 1935-1940 (printing)."
urn:cts:greekLit:tlg0027.tlg004.perseus-eng2,Andocides,Against Alcibiades,Against Alcibiades,1960,check,gap,"Andocides. Minor Attic Orators, Vol. 1. Maidment, Kenneth John, translator. London: William Heinemann, Ltd.; Cambridge, MA: Harvard University Press, 1941 (1960 printing)."
urn:cts:greekLit:tlg0027.tlg002.perseus-eng2,Andocides,On His Return,On His Return,1960,check,gap,"Andocides. Minor Attic Orators, Vol. 1. Maidment, Kenneth John, translator. London: William Heinemann, Ltd.; Cambridge, MA: Harvard University Press, 1941 (1960 printing)."
urn:cts:greekLit:tlg0027.tlg001.perseus-eng2,Andocides,On the Mysteries,On the Mysteries,1960,check,gap,"Andocides. Minor Attic Orators, Vol. 1. Maidment, Kenneth John, translator. London: William Heinemann, Ltd.; Cambridge, MA: Harvard University Press, 1941 (1960 printing)."
urn:cts:greekLit:tlg0027.tlg003.perseus-eng2,Andocides,On the Peace with Sparta,On the Peace with Sparta,1960,check,gap,"Andocides. Minor Attic Orators, Vol. 1. Maidment, Kenneth John, translator. London: William Heinemann, Ltd.; Cambridge, MA: Harvard University Press, 1941 (1960 printing)."
urn:cts:greekLit:tlg4037.tlg001.1st1K-eng1,Anonymi Paradoxographi,De Incredibilibus (excerpta Vaticana),Excerpta Vaticana,2014,check,gap,"Anonymi Paradoxographi. Rationalizing Myth in Antiquity, Hawes, Greta, author and translator. Oxford: Oxford University Press, 2014"
urn:cts:greekLit:tlg0028.tlg001.perseus-eng2,Antiphon,Against the Stepmother for Poisoning,Prosecution Of The Stepmother For Poisoning,1960,check,gap,"Antiphon. Minor Attic Orators, Vol. 1. Maidment, Kenneth John, translator. London: William Heinemann, Ltd.; Cambridge, MA: Harvard University Press, 1941 (printing); 1960 (reprint)."
urn:cts:greekLit:tlg0028.tlg006.perseus-eng2,Antiphon,On the Choreutes,On the Choreutes,1960,check,gap,"Antiphon. Minor Attic Orators, Vol. 1. Maidment, Kenneth John, translator. London: William Heinemann, Ltd.; Cambridge, MA: Harvard University Press, 1941 (printing); 1960 (reprint)."
urn:cts:greekLit:tlg0028.tlg005.perseus-eng2,Antiphon,On the murder of Herodes,On the Murder of Herodes,1960,check,gap,"Antiphon. Minor Attic Orators, Vol. 1. Maidment, Kenneth John, translator. London: William Heinemann, Ltd.; Cambridge, MA: Harvard University Press, 1941 (printing); 1960 (reprint)."
urn:cts:greekLit:tlg0028.tlg002.perseus-eng2,Antiphon,The First Tetralogy,The First Tetralogy: Anonymous Prosecution for Murder,1960,check,gap,"Antiphon. Minor Attic Orators, Vol. 1. Maidment, Kenneth John, translator. London: William Heinemann, Ltd.; Cambridge, MA: Harvard University Press, 1941 (printing); 1960 (reprint)."
urn:cts:greekLit:tlg0028.tlg003.perseus-eng2,Antiphon,The Second Tetralogy,The Second Tetralogy: Prosecution for Accidental Homicide,1960,check,gap,"Antiphon. Minor Attic Orators, Vol. 1. Maidment, Kenneth John, translator. London: William Heinemann, Ltd.; Cambridge, MA: Harvard University Press, 1941 (printing); 1960 (reprint)."
urn:cts:greekLit:tlg0028.tlg004.perseus-eng2,Antiphon,The Third Tetralogy,The Third Tetralogy: Prosecution for Murder Of One Who Pleads That He Was Acting in Self-Defence,1960,check,gap,"Antiphon. Minor Attic Orators, Vol. 1. Maidment, Kenneth John, translator. London: William Heinemann, Ltd.; Cambridge, MA: Harvard University Press, 1941 (printing); 1960 (reprint)."
urn:cts:greekLit:tlg0548.tlg002.perseus-eng2,Apollodorus,Epitome,Epitome,1921,yes,gap,"Apollodorus. The Library. Frazer, James George, Sir, editor. Cambridge, MA: Harvard University Press; London: William Heinemann Ltd. 1921"
urn:cts:greekLit:tlg0548.tlg001.perseus-eng2,Apollodorus,Library,Library,1921,yes,gap,"Apollodorus. The Library. Frazer, James George, Sir, editor. Cambridge, MA: Harvard University Press; London: William Heinemann Ltd. 1921."
urn:cts:greekLit:tlg0551.tlg017.perseus-eng2,Appianus of Alexandria,Civil Wars,The Roman History: The Civil Wars,1899,yes,gap,"Appianus. The Roman History of Appian of Alexandria, Volume 2: The Civil Wars. White, Horace, translator. New York: The Macmillan Company. London: Macmillan and Co. Ltd. 1899."
urn:cts:greekLit:tlg0551.tlg005.perseus-eng2,Appianus of Alexandria,Gallic History,The Roman History: The Gallic History,1899,yes,gap,"Appianus. The Roman History of Appian of Alexandria, Volume 1: The Foreign Wars. White, Horace, translator. New York: The Macmillan Company. London: Macmillan and Co. Ltd. 1899."
urn:cts:greekLit:tlg0551.tlg008.perseus-eng2,Appianus of Alexandria,Hannibalic War,The Roman History: The Hannibalic War,1899,yes,gap,"Appianus. The Roman History of Appian of Alexandria, Volume 1: The Foreign Wars. White, Horace, translator. New York: The Macmillan Company. London: Macmillan and Co. Ltd. 1899."
urn:cts:greekLit:tlg0551.tlg012.perseus-eng2,Appianus of Alexandria,Illyrian Wars,The Roman History: The Illyrian Wars,1899,yes,gap,"Appianus. The Roman History of Appian of Alexandria, Volume 1: The Foreign Wars. White, Horace, translator. New York: The Macmillan Company. London: Macmillan and Co. Ltd. 1899."
urn:cts:greekLit:tlg0551.tlg003.perseus-eng2,Appianus of Alexandria,Italy,The Roman History: Concerning Italy,1899,yes,gap,"Appianus. The Roman History of Appian of Alexandria, Volume 1: The Foreign Wars. White, Horace, translator. New York: The Macmillan Company. London: Macmillan and Co. Ltd. 1899."
urn:cts:greekLit:tlg0551.tlg002.perseus-eng2,Appianus of Alexandria,Kings,The Roman History: Concerning the Kings,1899,yes,gap,"Appianus. The Roman History of Appian of Alexandria, Volume 1: The Foreign Wars. White, Horace, translator. New York: The Macmillan Company. London: Macmillan and Co. Ltd. 1899."
urn:cts:greekLit:tlg0551.tlg011.perseus-eng2,Appianus of Alexandria,Macedonian Affairs,The Roman History: Macedonian Affairs,1899,yes,gap,"Appianus. The Roman History of Appian of Alexandria, Volume 1: The Foreign Wars. White, Horace, translator. New York: The Macmillan Company. London: Macmillan and Co. Ltd. 1899."
urn:cts:greekLit:tlg0551.tlg014.perseus-eng2,Appianus of Alexandria,Mithridatic Wars,The Roman History: The Mithridatic Wars,1899,yes,gap,"Appianus. The Roman History of Appian of Alexandria, Volume 1: The Foreign Wars. White, Horace, translator. New York: The Macmillan Company. London: Macmillan and Co. Ltd. 1899."
urn:cts:greekLit:tlg0551.tlg010.perseus-eng2,Appianus of Alexandria,Numidian Affairs,The Roman History: Numidian Affairs,1899,yes,gap,"Appianus. The Roman History of Appian of Alexandria, Volume 1: The Foreign Wars. White, Horace, translator. New York: The Macmillan Company. London: Macmillan and Co. Ltd. 1899."
urn:cts:greekLit:tlg0551.tlg001.perseus-eng2,Appianus of Alexandria,Proemium,The Roman History: Author's Preface,1899,yes,gap,"Appianus. The Roman History of Appian of Alexandria, Volume 1: The Foreign Wars. White, Horace, translator. New York: The Macmillan Company. London: Macmillan and Co. Ltd. 1899."
urn:cts:greekLit:tlg0551.tlg009.perseus-eng2,Appianus of Alexandria,Punic Wars,The Roman History: The Punic Wars,1899,yes,gap,"Appianus. The Roman History of Appian of Alexandria, Volume 1: The Foreign Wars. White, Horace, translator. New York: The Macmillan Company. London: Macmillan and Co. Ltd. 1899."
urn:cts:greekLit:tlg0551.tlg004.perseus-eng2,Appianus of Alexandria,Samnite History,The Roman History: The Samnite History,1899,yes,gap,"Appianus. The Roman History of Appian of Alexandria, Volume 1: The Foreign Wars. White, Horace, translator. New York: The Macmillan Company. London: Macmillan and Co. Ltd. 1899."
urn:cts:greekLit:tlg0551.tlg006.perseus-eng2,Appianus of Alexandria,Sicily and the Other Islands,The Roman History: Of Sicily and the Other Islands,1899,yes,gap,"Appianus. The Roman History of Appian of Alexandria, Volume 1: The Foreign Wars. White, Horace, translator. New York: The Macmillan Company. London: Macmillan and Co. Ltd. 1899."
urn:cts:greekLit:tlg0551.tlg013.perseus-eng2,Appianus of Alexandria,Syrian Wars,The Roman History: The Syrian Wars,1899,yes,gap,"Appianus. The Roman History of Appian of Alexandria, Volume 1: The Foreign Wars. White, Horace, translator. New York: The Macmillan Company. London: Macmillan and Co. Ltd. 1899."
urn:cts:greekLit:tlg0551.tlg007.perseus-eng2,Appianus of Alexandria,Wars in Spain,The Roman History: The Wars in Spain,1899,yes,gap,"Appianus. The Roman History of Appian of Alexandria, Volume 1: The Foreign Wars. White, Horace, translator. New York: The Macmillan Company. London: Macmillan and Co. Ltd. 1899."
urn:cts:greekLit:tlg0719.tlg001.perseus-eng2,Aretaeus of Cappadocia,De causis et signis acutorum morborum libri duo,On the Causes and Symptoms of Acute Diseases,1972,check,gap,"Aretaeus. The Extant Works of Aretaeus, The Cappadocian. Adams, Francis, translator. Boston, MA: Milford House, Inc., 1972 (reprint); London: Sydenham Society, 1856."
urn:cts:greekLit:tlg0719.tlg002.perseus-eng2,Aretaeus of Cappadocia,De causis et signis diuturnorum morborum libri duo,On the Causes and Symptoms of Chronic Diseases,1972,check,gap,"Aretaeus. The Extant Works of Aretaeus, The Cappadocian. Adams, Francis, translator. Boston, MA: Milford House, Inc., 1972 (reprint); London: Sydenham Society, 1856."
urn:cts:greekLit:tlg0719.tlg003.perseus-eng2,Aretaeus of Cappadocia,De curatione acutorum morborum libri duo,On the Therapeutics of Acute Diseases,1972,check,gap,"Aretaeus. The Extant Works of Aretaeus, The Cappadocian. Adams, Francis, translator. Boston, MA: Milford House, Inc., 1972 (reprint); London: Sydenham Society, 1856."
urn:cts:greekLit:tlg0719.tlg004.perseus-eng2,Aretaeus of Cappadocia,De curatione diuturnorum morborum libri duo,On the Cure of Chronic Diseases,1972,check,gap,"Aretaeus. The Extant Works of Aretaeus, The Cappadocian. Adams, Francis, translator. Boston, MA: Milford House, Inc., 1972 (reprint); London: Sydenham Society, 1856."
urn:cts:greekLit:tlg0019.tlg006.perseus-eng2,Aristophanes,Birds,Birds,1938,check,gap,"Aristophanes. The Complete Greek Drama, Vol. 2. Anonymous, translator. O'Neill, Eugene; Oates, Whitney Jennings, editors. New York: Random House, 1938 (printing)."
urn:cts:greekLit:tlg0019.tlg003.perseus-eng2,Aristophanes,Clouds,Clouds,1853,yes,gap,"Aristophanes. The Comedies of Aristophanes, Vol. I. Hickie, William James, translator. Bohn: London, 1853."
urn:cts:greekLit:tlg0086.tlg009.perseus-eng2,Aristotle,Eudemian Ethics,Eudemian Ethics,1935,check,author-shelf:aristotle,"Aristotle. The Athenian Constitution. The Eudemian Ethics. On Virtues and Vices. Rackham, Harris, editor. London: William Heinemann Ltd.; Cambridge, MA: Harvard University Press, 1935 (printing)."
urn:cts:greekLit:tlg0086.tlg025.perseus-eng2,Aristotle,Metaphysics,Metaphysics,1933,check,author-shelf:aristotle,"Aristotle. The Metaphysics, Vol. 1-2. Tredennick, Hugh, translator. London: William Heinemann; Cambridge, MA: Harvard University Press, 1933-35 (printing)."
urn:cts:greekLit:tlg0086.tlg010.perseus-eng2,Aristotle,Nicomachean Ethics,Nicomachean Ethics,1926,yes,author-shelf:aristotle,"Aristotle. The Nicomachean Ethics. Rackham, Harris, translator. London: William Heinemann; New York: G. P. Putnam's Sons, 1926 (printing)."
urn:cts:greekLit:tlg0086.tlg034.perseus-eng2,Aristotle,Poetics,Poetics,1939,check,author-shelf:aristotle,"Aristotle. The Poetics. ""Longinus,"" On the sublime. Demetrius, On Style. Fyfe, William Hamilton, translator. London: William Heinemann Ltd.; Cambridge, MA: Harvard University Press, 1939 (printing)."
urn:cts:greekLit:tlg0086.tlg035.perseus-eng2,Aristotle,Politics,Politics,1944,check,author-shelf:aristotle,"Aristotle. Politics. Rackham, Harris, translator. London: William Heinemann Ltd.; Cambridge, MA: Harvard University Press, 1944 (printing)."
urn:cts:greekLit:tlg0086.tlg038.perseus-eng2,Aristotle,Rhetoric,"The ""Art"" of Rhetoric",1926,yes,author-shelf:aristotle,"Aristotle. The ""Art"" of Rhetoric. Freese, John Henry, translator. London: William Heinemann, Ltd.; Cambridge, MA, Harvard University Press, 1926 (printing)."
urn:cts:greekLit:tlg0008.tlg001.perseus-eng2,Athenaeus of Naucratis,Deipnosophistae,The Deipnosophists,1854,yes,gap,"Athenaeus. The Deipnosophists or Banquet Of The Learned Of Athenaeus. Yonge, Charles Duke, translator. London: Henry G. Bohn, 1854."
urn:cts:greekLit:tlg0199.tlg002.perseus-eng2,Bacchylides,Dithyrambs,Dithyrambs,1996,check,gap,"Bacchylides. Odes. Svarlien, Diane Arnson, translator. New Haven, CT: Yale University Press; Medford, MA: Perseus Digital Library, 1996."
urn:cts:greekLit:tlg0199.tlg001.perseus-eng2,Bacchylides,Epinicians,Epinicians,1996,check,gap,"Bacchylides. Odes. Svarlien, Diane Arnson, translator. New Haven, CT: Yale University Press; Medford, MA: Perseus Digital Library, 1996."
urn:cts:greekLit:tlg1216.tlg001.perseus-eng1,Barnabae epistula,The Epistle of Barnabas,The Epistle of Barnabas,1912,yes,gap,"Barnabas. The Apostolic Fathers with an English Translation In Two Volumes. Vol. I. Lake, Kirsopp, translator. Cambridge, MA: Harvard University Press; London: William Heinemann Ltd. 1912."
urn:cts:latinLit:phi0472.phi001.perseus-eng3,"Catullus, C. Valerius",Carmina,Carmina,1894,yes,gap,"Catullus, Gaius Valerius. The Carmina of Caius Valerius Catullus. Burton, Sir Richard Francis, translator. London, Printed for the Translators, 1894."
urn:cts:latinLit:phi0472.phi001.perseus-eng4,"Catullus, C. Valerius",Carmina,Carmina,1894,yes,gap,"Catullus, Gaius Valerius. The Carmina of Caius Valerius Catullus. Smithers, Leonard Charles, prose translator. London, Printed for the Translators, 1894. (Modernized by Perseus.)"
urn:cts:latinLit:phi0836.phi002.perseus-eng2,"Celsus, Aulus Cornelius",De Medicina,De Medicina,1938,check,gap,"Celsus, Aulus Cornelius. De Medicina. Spencer, Walter George, translator. Cambridge, MA: Harvard University; London, England: W. Heinemann Ltd, 1935-1938."
urn:cts:latinLit:phi0474.phi019.perseus-eng2,"Cicero, Marcus Tullius",Cum Senatui gratias egit,In the Senate after his Return,1856,yes,gap,"Cicero. The Orations of Marcus Tullius Cicero, Vol. 3. Yonge, Charles Duke, translator. London: Bell, 1856."
urn:cts:latinLit:phi0474.phi018.perseus-eng2,"Cicero, Marcus Tullius",Cum populo gratias egit,Second Oration After Cicero's Return: Addressed to the People.,1856,yes,gap,"Cicero. The Orations of Marcus Tullius Cicero, Volume 2. Yonge, Charles Duke, translator. London: Bell, 1856."
urn:cts:latinLit:phi0474.phi052.perseus-eng2,"Cicero, Marcus Tullius",De Amicitia,Laelius on Friendship,1923,yes,gap,"Cicero. De Senectute, De Amicitia, De Divinatione. Falconer, William Armistead, translator. Cambridge, MA: Harvard University Press. London: William Heinemann Ltd. 1923 (printing)."
urn:cts:latinLit:phi0474.phi009.perseus-eng2,"Cicero, Marcus Tullius",De Imperio Cn. Pompei Ad Quirites,In Defense of the Proposed Manilian Law,1856,yes,gap,"Cicero. The Orations of Marcus Tullius Cicero, Volume 2. Yonge, Charles Duke, translator. London: Bell, 1856."
urn:cts:latinLit:phi0474.phi011.perseus-eng2,"Cicero, Marcus Tullius",De Lege Agraria,On the Agrarian Law,1856,yes,gap,"Cicero. The Orations of Marcus Tullius Cicero, Volume 2. Yonge, Charles Duke, translator. London: Bell, 1856."
urn:cts:latinLit:phi0474.phi004.perseus-eng2,"Cicero, Marcus Tullius",Divinatio in Q. Caecilium,Divinatio against Q. Caecilius,1903,yes,gap,"Cicero. The Orations of Marcus Tullius Cicero, Volume 1. Yonge, Charles Duke, translator. London: Bell, 1903."
urn:cts:latinLit:phi0474.phi005.perseus-eng2,"Cicero, Marcus Tullius",In C. Verrem,Against Verres,1903,yes,gap,"Cicero. The Orations of Marcus Tullius Cicero, Volume 1. Yonge, Charles Duke, translator. London: Bell, 1903."
urn:cts:latinLit:phi0474.phi013.perseus-eng2,"Cicero, Marcus Tullius",In Catilinam,Against L. Catiline,1856,yes,gap,"Cicero. The Orations of Marcus Tullius Cicero, Volume 2. Yonge, Charles Duke, translator. London: Bell, 1856."
urn:cts:latinLit:phi0474.phi035.perseus-eng1,"Cicero, Marcus Tullius",Philippicae,Philippics,1856,yes,gap,"Cicero. The Orations of Marcus Tullius Cicero, Vol. 4. Yonge, Charles Duke, translator. London: Bell, 1856."
urn:cts:latinLit:phi0474.phi008.perseus-eng2,"Cicero, Marcus Tullius",Pro A. Caecina,For Aulus Caecina,1856,yes,gap,"Cicero. The Orations of Marcus Tullius Cicero, Volume 2. Yonge, Charles Duke, translator. London: Bell, 1856."
urn:cts:latinLit:phi0474.phi010.perseus-eng2,"Cicero, Marcus Tullius",Pro A. Cluentio,For A. Cluentius,1856,yes,gap,"Cicero. The Orations of Marcus Tullius Cicero, Volume 2. Yonge, Charles Duke, translator. London: Bell, 1856."
urn:cts:latinLit:phi0474.phi016.perseus-eng2,"Cicero, Marcus Tullius",Pro Archia Poeta,For A.L. Archias,1856,yes,gap,"Cicero. The Orations of Marcus Tullius Cicero, Volume 2. Yonge, Charles Duke, translator. London: Bell, 1856."
urn:cts:latinLit:phi0474.phi012.perseus-eng3,"Cicero, Marcus Tullius",Pro C. Rabirio Perduellionis Reo Ad Quirites,For C. Rabirius,1856,yes,gap,"Cicero. The Orations of Marcus Tullius Cicero, Volume 2. Yonge, Charles Duke, translator. London: Bell, 1856."
urn:cts:latinLit:phi0474.phi007.perseus-eng2,"Cicero, Marcus Tullius",Pro Fonteio,For M. Fonteius,1856,yes,gap,"Cicero. The Orations of Marcus Tullius Cicero, Volume 2. Yonge, Charles Duke, translator. London: Bell, 1856."
urn:cts:latinLit:phi0474.phi017.perseus-eng2,"Cicero, Marcus Tullius",Pro L. Flacco,For L. Flaccus,1856,yes,gap,"Cicero. The Orations of Marcus Tullius Cicero, Volume 2. Yonge, Charles Duke, translator. London: Bell, 1856."
urn:cts:latinLit:phi0474.phi014.perseus-eng2,"Cicero, Marcus Tullius",Pro L. Murena,For L. Murena,1856,yes,gap,"Cicero. The Orations of Marcus Tullius Cicero, Volume 2. Yonge, Charles Duke, translator. London: Bell, 1856."
urn:cts:latinLit:phi0474.phi006.perseus-eng2,"Cicero, Marcus Tullius",Pro M. Tullio,For M. Tullius,1856,yes,gap,"Cicero. The Orations of Marcus Tullius Cicero, Volume 2. Yonge, Charles Duke, translator. London: Bell, 1856."
urn:cts:latinLit:phi0474.phi001.perseus-eng2,"Cicero, Marcus Tullius",Pro P. Quinctio,For Publius Quinctius,1903,yes,gap,"Cicero. The Orations of Marcus Tullius Cicero, Volume 1. Yonge, Charles Duke, translator. London: Bell, 1903."
urn:cts:latinLit:phi0474.phi015.perseus-eng2,"Cicero, Marcus Tullius",Pro P. Sulla,For P. Sulla,1856,yes,gap,"Cicero. The Orations of Marcus Tullius Cicero, Volume 2. Yonge, Charles Duke, translator. London: Bell, 1856."
urn:cts:latinLit:phi0474.phi003.perseus-eng2,"Cicero, Marcus Tullius",Pro Q. Roscio Comoedo,For Quintus Roscius the Actor,1903,yes,gap,"Cicero. The Orations of Marcus Tullius Cicero, Volume 1. Yonge, Charles Duke, translator. London: Bell, 1903."
urn:cts:latinLit:phi0474.phi002.perseus-eng2,"Cicero, Marcus Tullius",Pro S. Roscio Amerino,For Sextus Roscius of Ameria,1903,yes,gap,"Cicero. The Orations of Marcus Tullius Cicero, Volume 1. Yonge, Charles Duke, translator. London: Bell, 1903."
urn:cts:greekLit:tlg1271.tlg001.perseus-eng1,Clemens Romanus (Clement of Rome),The First Epistle of Clement to the Corinthians,The First Epistle of Clement to the Corinthians,1912,yes,gap,"Clement of Rome. The Apostolic Fathers, Volume 1. Lake, Kirsopp, editor. London: William Heinemann Ltd.; New York: The Macmillan Company, 1912."
urn:cts:greekLit:tlg1271.tlg002.perseus-eng1,Clemens Romanus (Clement of Rome),The Second Epistle of Clement to the Corinthians,The Second Epistle of Clement to the Corinthians,1912,yes,gap,"Clement of Rome. The Apostolic Fathers, Volume 1. Lake, Kirsopp, editor. London: William Heinemann Ltd.; New York: The Macmillan Company, 1912."
urn:cts:greekLit:tlg0535.tlg001.perseus-eng2,Demades,On the Twelve Years,On the Twelve Years,1962,check,gap,"Demades. Minor Attic Orators. Burtt, John Ormiston, editor. London: William Heinemann, Ltd., Cambridge, MA: Harvard University Press, 1954 (1962 printing)."
urn:cts:greekLit:tlg0014.tlg022.perseus-eng2,Demosthenes,Against Androtion,Against Androtion,1935,check,gap,"Demosthenes, Vol. III: Orations, XXI-XXVI. Vince, J. H., translator. Cambridge, MA: Harvard University Press, 1935 (printing)."
urn:cts:greekLit:tlg0014.tlg033.perseus-eng2,Demosthenes,Against Apaturius,Unknown Pleader Against Apaturius,1936,check,gap,"Demosthenes, Vol. IV: Private Orations, Vol 1. Murray, A. T., translator. Cambridge, MA: Harvard University Press, 1936 (printing)."
urn:cts:greekLit:tlg0014.tlg027.perseus-eng2,Demosthenes,Against Aphobus I,Against Aphobus I,1936,check,gap,"Demosthenes, Vol. IV: Private Orations, Vol 1. Murray, A. T., translator. Cambridge, MA: Harvard University Press, 1936 (printing)."
urn:cts:greekLit:tlg0014.tlg028.perseus-eng2,Demosthenes,Against Aphobus II,Against Aphobus II,1936,check,gap,"Demosthenes, Vol. IV: Private Orations, Vol 1. Murray, A. T., translator. Cambridge, MA: Harvard University Press, 1936 (printing)."
urn:cts:greekLit:tlg0014.tlg029.perseus-eng2,Demosthenes,Against Aphobus III,Against Aphobus III,1936,check,gap,"Demosthenes, Vol. IV: Private Orations, Vol 1. Murray, A. T., translator. Cambridge, MA: Harvard University Press, 1936 (printing)."
urn:cts:greekLit:tlg0014.tlg023.perseus-eng2,Demosthenes,Against Aristocrates,Against Aristocrates,1935,check,gap,"Demosthenes. Vol. III. Orations, XXI-XXVI. Vince, J. H., translator. Cambridge, MA: Harvard University Press, 1935 (printing)."
urn:cts:greekLit:tlg0014.tlg025.perseus-eng2,Demosthenes,Against Aristogeiton I,Against Aristogeiton I,1935,check,gap,"Demosthenes, Vol. III: Orations, XXI-XXVI. Vince, J. H., translator. Cambridge, MA: Harvard University Press, 1935 (printing)."
urn:cts:greekLit:tlg0014.tlg026.perseus-eng2,Demosthenes,Against Aristogeiton II,Against Aristogeiton II,1935,check,gap,"Demosthenes. Vol. III. Orations, XXI-XXVI. Vince, J. H., translator. Cambridge, MA: Harvard University Press, 1935 (printing)."
urn:cts:greekLit:tlg0014.tlg039.perseus-eng2,Demosthenes,Against Boeotus I,Mantitheus Against Boeotus I,1936,check,gap,"Demosthenes, Vol. IV: Private Orations, Vol 1. Murray, A. T., translator. Cambridge, MA: Harvard University Press, 1936 (printing)."
urn:cts:greekLit:tlg0014.tlg040.perseus-eng2,Demosthenes,Against Boeotus II,Mantitheus Against Boeotus II,1936,check,gap,"Demosthenes, Vol. IV: Private Orations, Vol 1. Murray, A. T., translator. Cambridge, MA: Harvard University Press, 1936 (printing)."
urn:cts:greekLit:tlg0014.tlg055.perseus-eng2,Demosthenes,Against Callicles,"The Son of Teisias Against Callicles, Regarding Damage to a Piece of Property",1939,check,gap,"Demosthenes, Vol. IV: Private Orations, Vol 3. Murray, A. T., translator. Cambridge, MA: Harvard University Press, 1939 (printing)."
urn:cts:greekLit:tlg0014.tlg054.perseus-eng2,Demosthenes,Against Conon,"Ariston Against Conon, an Action for Assault",1939,check,gap,"Demosthenes, Vol. IV: Private Orations, Vol 3. Murray, A. T., translator. Cambridge, MA: Harvard University Press, 1939 (printing)."
urn:cts:greekLit:tlg0014.tlg056.perseus-eng2,Demosthenes,Against Dionysodorus,Dareius Against Dionysodorus in the Matter of a Loan,1939,check,gap,"Demosthenes, Vol. IV: Private Orations, Vol 3. Murray, A. T., translator. Cambridge, MA: Harvard University Press, 1939 (printing)."
urn:cts:greekLit:tlg0014.tlg057.perseus-eng2,Demosthenes,Against Eubulides,"Euxitheus Against Eubulides, an Appeal",1939,check,gap,"Demosthenes, Vol. IV: Private Orations, Vol 3. Murray, A. T., translator. Cambridge, MA: Harvard University Press, 1939 (printing)."
urn:cts:greekLit:tlg0014.tlg047.perseus-eng2,Demosthenes,Against Evergus and Mnesibulus,"Unknown Pleader Against Evergus and Mnesibulus, About False Testimony",1939,check,gap,"Demosthenes, Vol. IV: Private Orations, Vol 2. Murray, A. T., translator. Cambridge, MA: Harvard University Press, 1939 (printing)."
urn:cts:greekLit:tlg0014.tlg035.perseus-eng2,Demosthenes,Against Lacritus,Androcles Against Lacritus,1936,check,gap,"Demosthenes, Vol. IV: Private Orations, Vol 1. Murray, A. T., translator. Cambridge, MA: Harvard University Press, 1936 (printing)."
urn:cts:greekLit:tlg0014.tlg044.perseus-eng2,Demosthenes,Against Leochares,Aristodemus Against Leochares Regarding the Estate of Archiades,1939,check,gap,"Demosthenes, Vol. IV: Private Orations, Vol 2. Murray, A. T., translator. Cambridge, MA: Harvard University Press, 1939 (printing)."
urn:cts:greekLit:tlg0014.tlg020.perseus-eng2,Demosthenes,Against Leptines,Against Leptines,1930,yes,gap,"Demosthenes. Vol. I. Olynthiacs, Philippics, Minor Public Speeches, Speech Against Leptines, I-XVII, XX. Vince, J. H., translator. Cambridge, MA: Harvard University Press, 1930 (printing)."
urn:cts:greekLit:tlg0014.tlg043.perseus-eng2,Demosthenes,Against Macartatus,Sositheus Against Macartatus in Regard to the Estate of Hagnias,1939,check,gap,"Demosthenes, Vol. IV: Private Orations, Vol 2. Murray, A. T., translator. Cambridge, MA: Harvard University Press, 1939 (printing)."
urn:cts:greekLit:tlg0014.tlg021.perseus-eng2,Demosthenes,Against Meidias,Against Meidias,1935,check,gap,"Demosthenes, Vol. III: Orations, XXI-XXVI. Vince, J. H., translator. Cambridge, MA: Harvard University Press, 1935 (printing)."
urn:cts:greekLit:tlg0014.tlg038.perseus-eng2,Demosthenes,Against Nausimachus and Xenopeithes,One of the Sons of Aristaechmus Against Nausimachus and Xenopeithes,1936,check,gap,"Demosthenes, Vol. IV: Private Orations, Vol 1. Murray, A. T., translator. Cambridge, MA: Harvard University Press, 1936 (printing)."
urn:cts:greekLit:tlg0014.tlg048.perseus-eng2,Demosthenes,Against Olympiodorus,"Callistratus Against Olympiodorus, an Action for Damages",1939,check,gap,"Demosthenes, Vol. IV: Private Orations, Vol 2. Murray, A. T., translator. Cambridge, MA: Harvard University Press, 1939 (printing)."
urn:cts:greekLit:tlg0014.tlg030.perseus-eng2,Demosthenes,Against Onetor I,"Against Onetor, An Ejectment Suit I",1936,check,gap,"Demosthenes, Vol. IV: Private Orations, Vol 1. Murray, A. T., translator. Cambridge, MA: Harvard University Press, 1936 (printing)."
urn:cts:greekLit:tlg0014.tlg031.perseus-eng2,Demosthenes,Against Onetor II,"Against Onetor, An Ejectment Suit II",1936,check,gap,"Demosthenes, Vol. IV: Private Orations, Vol 1. Murray, A. T., translator. Cambridge, MA: Harvard University Press, 1936 (printing)."
urn:cts:greekLit:tlg0014.tlg037.perseus-eng2,Demosthenes,Against Pantaenetus,Nicobulus Against Pantaenetus,1936,check,gap,"Demosthenes, Vol. IV: Private Orations, Vol 1. Murray, A. T., translator. Cambridge, MA: Harvard University Press, 1936 (printing)."
urn:cts:greekLit:tlg0014.tlg042.perseus-eng2,Demosthenes,Against Phaenippus,"Unknown Pleader Against Phaenippus, On an Exchange of Properties",1939,check,gap,"Demosthenes, Vol. IV: Private Orations, Vol 2. Murray, A. T., translator. Cambridge, MA: Harvard University Press, 1939 (printing)."
urn:cts:greekLit:tlg0014.tlg034.perseus-eng2,Demosthenes,Against Phormio,Plea of Chrysipus and Partner Against Phormio,1936,check,gap,"Demosthenes, Vol. IV: Private Orations, Vol 1. Murray, A. T., translator. Cambridge, MA: Harvard University Press, 1936 (printing)."
urn:cts:greekLit:tlg0014.tlg041.perseus-eng2,Demosthenes,Against Spudias,An Unknown Pleader Against Spudias in the Matter of a Marriage Proposal,1939,check,gap,"Demosthenes, Vol. IV: Private Orations, Vol 2. Murray, A. T., translator. Cambridge, MA: Harvard University Press, 1939 (printing)."
urn:cts:greekLit:tlg0014.tlg045.perseus-eng2,Demosthenes,Against Stephanus I,"Apollodorus Against Stephanus, Charged with False Testimony I",1939,check,gap,"Demosthenes, Vol. IV: Private Orations, Vol 2. Murray, A. T., translator. Cambridge, MA: Harvard University Press, 1939 (printing)."
urn:cts:greekLit:tlg0014.tlg046.perseus-eng2,Demosthenes,Against Stephanus II,"Apollodorus Against Stephanus, Charged with False Testimony II",1939,check,gap,"Demosthenes, Vol. IV: Private Orations, Vol 2. Murray, A. T., translator. Cambridge, MA: Harvard University Press, 1939 (printing)."
urn:cts:greekLit:tlg0014.tlg058.perseus-eng2,Demosthenes,Against Theocrines,"Epichares Against Theocrines, a Criminal Information",1939,check,gap,"Demosthenes, Vol. IV: Private Orations, Vol 3. Murray, A. T., translator. Cambridge, MA: Harvard University Press, 1939 (printing)."
urn:cts:greekLit:tlg0014.tlg024.perseus-eng2,Demosthenes,Against Timocrates,Against Timocrates,1935,check,gap,"Demosthenes, Vol. III: Orations, XXI-XXVI. Vince, J. H., translator. Cambridge, MA: Harvard University Press, 1935 (printing)."
urn:cts:greekLit:tlg0014.tlg032.perseus-eng2,Demosthenes,Against Zenothemis,Plea of Demo Against Zenothemis,1936,check,gap,"Demosthenes, Vol. IV: Private Orations, Vol 1. Murray, A. T., translator. Cambridge, MA: Harvard University Press, 1936 (printing)."
urn:cts:greekLit:tlg0014.tlg011.perseus-eng2,Demosthenes,Answer to Philip’s Letter,Answer to Philip’s Letter,1930,yes,gap,"Demosthenes, Vol. I: Olynthiacs, Philippics, Minor Public Speeches, Speech Against Leptines, I-XVII, XX. Vince, J. H., translator. Cambridge, MA: Harvard University Press, 1930 (printing)."
urn:cts:greekLit:tlg0014.tlg052.perseus-eng2,Demosthenes,Apollodorus Against Callippus,Apollodorus Against Callippus,1939,check,gap,"Demosthenes, Vol. IV: Private Orations, Vol 3. Murray, A. T., translator. Cambridge, MA: Harvard University Press, 1939 (printing)."
urn:cts:greekLit:tlg0014.tlg053.perseus-eng2,Demosthenes,Apollodorus Against Nicostratus,Apollodorus Against Nicostratus in the Matter of Slaves of Aresthusius,1939,check,gap,"Demosthenes, Vol. IV: Private Orations, Vol 3. Murray, A. T., translator. Cambridge, MA: Harvard University Press, 1939 (printing)."
urn:cts:greekLit:tlg0014.tlg050.perseus-eng2,Demosthenes,Apollodorus Against Polycles,Apollodorus Against Polycles for Expenses Incurred while Serving as Trierarch,1939,check,gap,"Demosthenes, Vol. IV: Private Orations, Vol 3. Murray, A. T., translator. Cambridge, MA: Harvard University Press, 1939 (printing)."
urn:cts:greekLit:tlg0014.tlg049.perseus-eng2,Demosthenes,Apollodorus Against Timotheus,Apollodorus Against Timotheus in the Matter of a Debt,1939,check,gap,"Demosthenes, Vol. IV: Private Orations, Vol 2. Murray, A. T., translator. Cambridge, MA: Harvard University Press, 1939 (printing)."
urn:cts:greekLit:tlg0014.tlg062.perseus-eng2,Demosthenes,Exordia,Exordia,1949,check,gap,"Demosthenes, Vol. VII: Funeral Speech, Erotic Essay, LX, LXI, Exordia and Letters. DeWitt, Norman W. and Norman J., translators. Cambridge, MA: Harvard University Press, 1949 (printing)."
urn:cts:greekLit:tlg0014.tlg001.perseus-eng2,Demosthenes,First Olynthiac,First Olynthiac,1930,yes,gap,"Demosthenes. Vol. I. Olynthiacs, Philippics, Minor Public Speeches, Speech Against Leptines, I-XVII, XX. Vince, J. H., translator. Cambridge, MA: Harvard University Press, 1930 (printing)."
urn:cts:greekLit:tlg0014.tlg036.perseus-eng2,Demosthenes,For Phormio,A Friend Pleading for Phormio,1936,check,gap,"Demosthenes, Vol. IV: Private Orations, Vol 1. Murray, A. T., translator. Cambridge, MA: Harvard University Press, 1936 (printing)."
urn:cts:greekLit:tlg0014.tlg015.perseus-eng2,Demosthenes,For the Liberty of the Rhodians,For the Liberty of the Rhodians,1930,yes,gap,"Demosthenes, Vol. I: Olynthiacs, Philippics, Minor Public Speeches, Speech Against Leptines, I-XVII, XX. Vince, J. H., translator. Cambridge, MA: Harvard University Press, 1930 (printing)."
urn:cts:greekLit:tlg0014.tlg016.perseus-eng2,Demosthenes,For the People of Megalopolis,For the People of Megalopolis,1930,yes,gap,"Demosthenes, Vol. I: Olynthiacs, Philippics, Minor Public Speeches, Speech Against Leptines, I-XVII, XX. Vince, J. H., translator. Cambridge, MA: Harvard University Press, 1930 (printing)."
urn:cts:greekLit:tlg0014.tlg063.perseus-eng2,Demosthenes,Letters,Letters,1949,check,gap,"Demosthenes, Vol. VII: Funeral Speech, Erotic Essay, LX, LXI, Exordia and Letters. DeWitt, Norman W. and Norman J., translators. Cambridge, MA: Harvard University Press, 1949 (printing)."
urn:cts:greekLit:tlg0014.tlg002.perseus-eng2,Demosthenes,Olynthiac 2,Second Olynthiac,1930,yes,gap,"Demosthenes, Vol. I: Olynthiacs, Philippics, Minor Public Speeches, Speech Against Leptines, I-XVII, XX. Vince, J. H., translator. Cambridge, MA: Harvard University Press, 1930 (printing)."
urn:cts:greekLit:tlg0014.tlg007.perseus-eng2,Demosthenes,On Halonnesus,On Halonnesus,1930,yes,gap,"Demosthenes, Vol. I: Olynthiacs, Philippics, Minor Public Speeches, Speech Against Leptines, I-XVII, XX. Vince, J. H., translator. Cambridge, MA: Harvard University Press, 1930 (printing)."
urn:cts:greekLit:tlg0014.tlg013.perseus-eng2,Demosthenes,On Organization,On Organization,1930,yes,gap,"Demosthenes, Vol. I: Olynthiacs, Philippics, Minor Public Speeches, Speech Against Leptines, I-XVII, XX. Vince, J. H., translator. Cambridge, MA: Harvard University Press, 1930 (printing)."
urn:cts:greekLit:tlg0014.tlg008.perseus-eng2,Demosthenes,On the Chersonese,On the Chersonese,1930,yes,gap,"Demosthenes, Vol. I: Olynthiacs, Philippics, Minor Public Speeches, Speech Against Leptines, I-XVII, XX. Vince, J. H., translator. Cambridge, MA: Harvard University Press, 1930 (printing)."
urn:cts:greekLit:tlg0014.tlg018.perseus-eng2,Demosthenes,On the Crown,On the Crown,1939,check,gap,"Demosthenes, Vol. II: De Corona, De Falsa Legatione, XVIII, XIX. Vince, C. A. and Vince, J. H., translators. Cambridge, MA: Harvard University Press, 1926 (1939 reprint)."
urn:cts:greekLit:tlg0014.tlg019.perseus-eng2,Demosthenes,On the False Embassy,On the Embassy,1939,check,gap,"Demosthenes, Vol. II: De Corona, De Falsa Legatione, XVIII, XIX. Vince, C. A. and Vince, J. H., translators. Cambridge, MA: Harvard University Press, 1926 (1939 reprint)."
urn:cts:greekLit:tlg0014.tlg014.perseus-eng2,Demosthenes,On the Navy-Boards,On the Navy-Boards,1930,yes,gap,"Demosthenes, Vol. I: Olynthiacs, Philippics, Minor Public Speeches, Speech Against Leptines, I-XVII, XX. Vince, J. H., translator. Cambridge, MA: Harvard University Press, 1930 (printing)."
urn:cts:greekLit:tlg0014.tlg005.perseus-eng2,Demosthenes,On the Peace,On the Peace,1930,yes,gap,"Demosthenes, Vol. I: Olynthiacs, Philippics, Minor Public Speeches, Speech Against Leptines, I-XVII, XX. Vince, J. H., translator. Cambridge, MA: Harvard University Press, 1930 (printing)."
urn:cts:greekLit:tlg0014.tlg017.perseus-eng2,Demosthenes,On the Treaty with Alexander,On the Treaty with Alexander,1930,yes,gap,"Demosthenes, Vol. I: Olynthiacs, Philippics, Minor Public Speeches, Speech Against Leptines, I-XVII, XX. Vince, J. H., translator. Cambridge, MA: Harvard University Press, 1930 (printing)."
urn:cts:greekLit:tlg0014.tlg051.perseus-eng2,Demosthenes,On the Trierarchic Crown,"On the Trierarchic Crown, by an Unknown Pleader",1939,check,gap,"Demosthenes, Vol. IV: Private Orations, Vol 3. Murray, A. T., translator. Cambridge, MA: Harvard University Press, 1939 (printing)."
urn:cts:greekLit:tlg0014.tlg004.perseus-eng2,Demosthenes,Philippic 1,First Philippic,1930,yes,gap,"Demosthenes, Vol. I: Olynthiacs, Philippics, Minor Public Speeches, Speech Against Leptines, I-XVII, XX. Vince, J. H., translator. Cambridge, MA: Harvard University Press, 1930 (printing)."
urn:cts:greekLit:tlg0014.tlg009.perseus-eng2,Demosthenes,Philippic 3,Third Philippic,1930,yes,gap,"Demosthenes, Vol. I: Olynthiacs, Philippics, Minor Public Speeches, Speech Against Leptines, I-XVII, XX. Vince, J. H., translator. Cambridge, MA: Harvard University Press, 1930 (printing)."
urn:cts:greekLit:tlg0014.tlg010.perseus-eng2,Demosthenes,Philippic 4,Fourth Philippic,1930,yes,gap,"Demosthenes, Vol. I: Olynthiacs, Philippics, Minor Public Speeches, Speech Against Leptines, I-XVII, XX. Vince, J. H., translator. Cambridge, MA: Harvard University Press, 1930 (printing)."
urn:cts:greekLit:tlg0014.tlg012.perseus-eng2,Demosthenes,Philip’s Letter,Philip’s Letter,1930,yes,gap,"Demosthenes, Vol. I: Olynthiacs, Philippics, Minor Public Speeches, Speech Against Leptines, I-XVII, XX. Vince, J. H., translator. Cambridge, MA: Harvard University Press, 1930 (printing)."
urn:cts:greekLit:tlg0014.tlg006.perseus-eng2,Demosthenes,Second Philippic,Second Philippic,1930,yes,gap,"Demosthenes, Vol. I: Olynthiacs, Philippics, Minor Public Speeches, Speech Against Leptines, I-XVII, XX. Vince, J. H., translator. Cambridge, MA: Harvard University Press, 1930 (printing)."
urn:cts:greekLit:tlg0014.tlg061.perseus-eng2,Demosthenes,The Erotic Essay,The Erotic Essay,1949,check,gap,"Demosthenes, Vol. VII: Funeral Speech, Erotic Essay, LX, LXI, Exordia and Letters. DeWitt, Norman W. and Norman J., translators. Cambridge, MA: Harvard University Press, 1949 (printing)."
urn:cts:greekLit:tlg0014.tlg060.perseus-eng2,Demosthenes,The Funeral Speech,The Funeral Speech,1949,check,gap,"Demosthenes, Vol. VII: Funeral Speech, Erotic Essay, LX, LXI, Exordia and Letters. DeWitt, Norman W. and Norman J., translators. Cambridge, MA: Harvard University Press, 1949 (printing)."
urn:cts:greekLit:tlg0014.tlg059.perseus-eng2,Demosthenes,Theomnestus and Apollodorus Against Neaera,Theomnestus and Apollodorus Against Neaera,1939,check,gap,"Demosthenes, Vol. IV: Private Orations, Vol 3. Murray, A. T., translator. Cambridge, MA: Harvard University Press, 1939 (printing)."
urn:cts:greekLit:tlg0014.tlg003.perseus-eng2,Demosthenes,Third Olynthiac,Third Olynthiac,1930,yes,gap,"Demosthenes, Vol. I: Olynthiacs, Philippics, Minor Public Speeches, Speech Against Leptines, I-XVII, XX. Vince, J. H., translator. Cambridge, MA: Harvard University Press, 1930 (printing)."
urn:cts:greekLit:tlg1311.tlg001.perseus-eng1,Didache,Didache,"The Didache, or Teaching of the Twelve Apostles",1912,yes,gap,"Didache. The Apostolic Fathers with an English translation In Two Volumes. Vol. I. Lake, Kirsopp, translator. Cambridge, MA: Harvard University Press; London: William Heinemann Ltd. 1912."
urn:cts:greekLit:tlg0029.tlg005.perseus-eng2,Dinarchus,Against Aristogiton,Against Aristogiton,1954,check,gap,"Dinarchus. Minor Attic Orators, Vol. 2. Burtt, J. O., translator. London: William Heinemann, Ltd.; Cambridge, MA: Harvard University Press, 1954 (printing)."
urn:cts:greekLit:tlg0029.tlg004.perseus-eng2,Dinarchus,Against Demosthenes,Against Demosthenes,1954,check,gap,"Dinarchus. Minor Attic Orators, Vol. 2. Burtt, J. O., translator. London: William Heinemann, Ltd.; Cambridge, MA: Harvard University Press, 1954 (printing)."
urn:cts:greekLit:tlg0029.tlg006.perseus-eng2,Dinarchus,Against Philocles,Against Philocles,1954,check,gap,"Dinarchus. Minor Attic Orators, Vol. 2. Burtt, J. O., translator. London: William Heinemann, Ltd.; Cambridge, MA: Harvard University Press, 1954 (printing)."
urn:cts:greekLit:tlg0004.tlg001.perseus-eng2,Diogenes Laertius,Vitae philosophorum,Lives of Eminent Philosophers,1925,yes,gap,"Diogenes Laertius. Hicks, R. D., editor. Cambridge, MA.: Harvard University Press; London: William Heinemann Ltd., 1925."
urn:cts:greekLit:tlg0557.tlg001.perseus-eng3,Epictetus,Discourses,Arrian's Discourses of Epictetus,1887,yes,gap,"Epictetus. The Discourses of Epictetus, with the Encheridion and Fragments. Long, George, translator. London: George Bell and Sons, 1887."
urn:cts:greekLit:tlg0557.tlg001.perseus-eng4,Epictetus,Discourses,The Discourses of Epictetus,1890,yes,gap,"Epictetus. The Works of Epictetus, His Discourses, in Four Books, the Enchiridion, and Fragments. Higginson, Thomas Wentworth, translator. New York: Thomas Nelson and Sons. 1890."
urn:cts:greekLit:tlg0557.tlg003a.perseus-eng3,Epictetus,Fragments,Fragments,1887,yes,gap,"Epictetus. The Discourses of Epictetus, with the Encheridion and Fragments. Long, George, translator. London: George Bell and Sons, 1887."
urn:cts:greekLit:tlg0557.tlg003a.perseus-eng4,Epictetus,Fragments,Fragments,1890,yes,gap,"Epictetus. The Works of Epictetus, His Discourses, in Four Books, the Enchiridion, and Fragments. Higginson, Thomas Wentworth, translator. New York: Thomas Nelson and Sons. 1890."
urn:cts:greekLit:tlg0557.tlg002.perseus-eng3,Epictetus,The Handbook,"The Encheiridion, or Manual",1887,yes,gap,"Epictetus. The Discourses of Epictetus, with the Encheridion and Fragments. Long, George, translator. London: George Bell and Sons, 1887."
urn:cts:greekLit:tlg0557.tlg002.perseus-eng4,Epictetus,The Handbook,The Enchiridion,1890,yes,gap,"Epictetus. The Works of Epictetus, His Discourses, in Four Books, the Enchiridion, and Fragments. Higginson, Thomas Wentworth, translator. New York: Thomas Nelson and Sons. 1890."
urn:cts:greekLit:tlg1799.tlg001.perseus-eng2,Euclid,Elementa,The Thirteen Books of Euclid's Elements,1908,yes,gap,"Euclid. The Thirteen Books of Euclid's Elements, Vols. 1-3. Heath, Thomas Little, editor. Cambridge, UK: Cambridge University Press, 1908."
urn:cts:greekLit:tlg0006.tlg002.perseus-eng2,Euripides,Alcestis,Alcestis,1906,yes,gap,"Euripides. The Plays of Euripides, Vol. I. Coleridge, Edward P., translator. London: George Bell and Sons, 1906."
urn:cts:greekLit:tlg0006.tlg006.perseus-eng2,Euripides,Andromache,Andromache,1891,yes,gap,"Euripides. The Plays of Euripides, Vol. II. Coleridge, Edward P., translator. London: George Bell and Sons, 1891."
urn:cts:greekLit:tlg0006.tlg017.perseus-eng2,Euripides,Bacchae,The Bacchae,1850,yes,gap,"Euripides. The Tragedies of Euripides. Vol. I. Buckley, Theodore Alois, translator. London: Henry G. Bohn, 1850. (Modernized by Perseus.)"
urn:cts:greekLit:tlg0006.tlg001.perseus-eng2,Euripides,Cyclops,The Cyclops,1891,yes,gap,"Euripides. The Plays of Euripides, Vol. II. Coleridge, Edward P., translator. London: George Bell and Sons, 1891."
urn:cts:greekLit:tlg0006.tlg012.perseus-eng2,Euripides,Electra,Electra,1891,yes,gap,"Euripides. The Plays of Euripides, Vol. II. Coleridge, Edward P., translator. London: George Bell and Sons, 1891. (Modernized by Perseus.)"
urn:cts:greekLit:tlg0006.tlg007.perseus-eng2,Euripides,Hecuba,Hecuba,1891,yes,gap,"Euripides. The Plays of Euripides, Vol. II. Coleridge, Edward P., translator. London: George Bell and Sons, 1891. (Modernized by Perseus.)"
urn:cts:greekLit:tlg0006.tlg014.perseus-eng2,Euripides,Helen,Helen,1906,yes,gap,"Euripides. The Plays of Euripides, Vol. I. Coleridge, Edward P., translator. London: George Bell and Sons, 1906. (Modernized by Perseus.)"
urn:cts:greekLit:tlg0006.tlg004.perseus-eng2,Euripides,Heracleidae,Heracleidae,1906,yes,gap,"Euripides. The Plays of Euripides, Vol. I. Coleridge, Edward P., translator. London: George Bell and Sons, 1906."
urn:cts:greekLit:tlg0006.tlg009.perseus-eng2,Euripides,Heracles,Heracles Mad,1891,yes,gap,"Euripides. The Plays of Euripides, Vol. II. Coleridge, Edward P., translator. London: George Bell and Sons, 1891. (Modernized by Perseus.)"
urn:cts:greekLit:tlg0006.tlg005.perseus-eng2,Euripides,Hippolytus,Hippolytus,1906,yes,gap,"Euripides. The Plays of Euripides, Vol. I. Coleridge, Edward P., translator. London: George Bell and Sons, 1906."
urn:cts:greekLit:tlg0006.tlg010.perseus-eng2,Euripides,Ion,Ion,1906,yes,gap,"Euripides. The Plays of Euripides, Vol. I. Coleridge, Edward P., translator. London: George Bell and Sons, 1906."
urn:cts:greekLit:tlg0006.tlg018.perseus-eng2,Euripides,Iphigenia in Aulis,Iphigenia at Aulis,1891,yes,gap,"Euripides. The Plays of Euripides, Vol. II. Coleridge, Edward P., translator. London: George Bell and Sons, 1891. (Modernized by Perseus.)"
urn:cts:greekLit:tlg0006.tlg013.perseus-eng2,Euripides,Iphigenia in Tauris,Iphigenia Among the Tauri,1891,yes,gap,"Euripides. The Plays of Euripides, Vol. II. Coleridge, Edward P., translator. London: George Bell and Sons, 1891. (Modernized by Perseus.)"
urn:cts:greekLit:tlg0006.tlg003.perseus-eng2,Euripides,Medea,Medea,1906,yes,gap,"Euripides. The Plays of Euripides, Vol. I. Coleridge, Edward P., translator. London: George Bell and Sons, 1906."
urn:cts:greekLit:tlg0006.tlg016.perseus-eng2,Euripides,Orestes,Orestes,1891,yes,gap,"Euripides. The Plays of Euripides, Vol. II. Coleridge, Edward P., translator. London: George Bell and Sons, 1891. (Modernized by Perseus.)"
urn:cts:greekLit:tlg0006.tlg019.perseus-eng3,Euripides,Rhesus,Rhesus,1906,yes,gap,"Euripides. The Plays of Euripides, Vol. I. Coleridge, Edward P., translator. London: George Bell and Sons, 1906. (Modernized by Perseus.)"
urn:cts:greekLit:tlg0006.tlg019.perseus-eng4,Euripides,Rhesus,Rhesus,1913,yes,gap,"Euripides. The Rhesus of Euripides. Murray, Gilbert, translator. London: George Allen and Company, Ltd., 1913."
urn:cts:greekLit:tlg0006.tlg008.perseus-eng2,Euripides,Suppliants,The Suppliants,1906,yes,gap,"Euripides. The Plays of Euripides, Vol. I. Coleridge, Edward P., translator. London: George Bell and Sons, 1906."
urn:cts:greekLit:tlg0006.tlg015.perseus-eng2,Euripides,The Phoenician Women,The Phoenician Maidens,1891,yes,gap,"Euripides. The Plays of Euripides, Vol. II. Coleridge, Edward P., translator. London: George Bell and Sons, 1891. (Modernized by Perseus.)"
urn:cts:greekLit:tlg0006.tlg011.perseus-eng2,Euripides,The Trojan Women,The Trojan Women,1906,yes,gap,"Euripides. The Plays of Euripides, Vol. I. Coleridge, Edward P., translator. London: George Bell and Sons, 1906. (Modernized by Perseus.)"
urn:cts:greekLit:tlg2018.tlg002.1st1K-eng1,Eusebius of Caesarea,Ecclesiastical History,Historia Ecclesiastica,1932,check,gap,"Eusebius. Historia Ecclesiastica, Volumes 1-2. Lake, Kirsopp, translator; Oulton, J.E.L., translator. London; New York: William Heinemann, G.P. Putnam's Sons, 1926-1932."
urn:cts:greekLit:tlg0526.tlg003.perseus-eng2,Flavius Josephus,Against Apion,Against Apion,1856,yes,gap,"The Works of Flavius Josephus. Whiston, William, translator. Auburn and Rochester, NY: Alden and Beardsley, 1856."
urn:cts:greekLit:tlg0526.tlg001.perseus-eng2,Flavius Josephus,Jewish Antiquities,Antiquities of the Jews,1856,yes,gap,"The Works of Flavius Josephus. Whiston, William, translator. Auburn and Rochester, NY: Alden and Beardsley, 1856."
urn:cts:greekLit:tlg0526.tlg002.perseus-eng2,Flavius Josephus,Life of Josephus,The Life of Flavius Josephus,1856,yes,gap,"The Works of Flavius Josephus. Whiston, William, translator. Auburn and Rochester, NY: Alden and Beardsley, 1856."
urn:cts:greekLit:tlg0526.tlg004.perseus-eng2,Flavius Josephus,The Jewish War,The Wars of the Jews,1856,yes,gap,"The Works of Flavius Josephus. Whiston, William, translator. Auburn and Rochester, NY: Alden and Beardsley, 1856."
urn:cts:greekLit:tlg0057.tlg010.perseus-eng2,Galen,De naturalibus facultatibus,On the Natural Faculties,1916,yes,gap,"Galen. On the Natural Faculties. Brock, Arthur John, translator. London: William Heinemann Ltd.; Cambridge, MA.: Harvard University Press, 1916."
urn:cts:latinLit:phi1254.phi001.perseus-eng1,"Gellius, Aulus",Noctes Atticae,Attic Nights,1927,yes,gap,"Gellius, Aulus. The Attic Nights of Aulus Gellius. Rolfe, John C., translator. Cambridge, Mass.; London: Harvard University Press; William Heinemann, 1927 (printing)."
urn:cts:greekLit:tlg1413.tlg001.1st1K-eng1,Heraclitus Paradoxographus,On Unbelievable Stories,On Unbelievable Stories,2021,check,gap,"Heraclitus Paradoxographus. On Unbelievable Stories. Hawes, Greta, et al., translators. Washington, DC: Center for Hellenic Studies, 2021. (Digital publication)."
urn:cts:greekLit:tlg1419.tlg001.perseus-eng1,"Hermas, 2nd cent.",The Shepherd of Hermas,Hermas,1913,yes,gap,"Hermas. The Apostolic Fathers with an English translation by Kirsopp Lake. In Two Volumes. Vol. II. Cambridge, MA: Harvard University Press; London: William Heinemann Ltd. 1913"
urn:cts:greekLit:tlg0016.tlg001.perseus-eng2,Herodotus,Histories,Histories,1925,yes,gap,"Herodotus. Godley, Alfred Denis, translator. Cambridge, MA; London: Harvard University Press; William Heinemann, Ltd., 1920-1925 (printing). (Modernized by Perseus.)"
urn:cts:greekLit:tlg0020.tlg003.perseus-eng2,Hesiod,Shield of Heracles,Shield of Heracles,1914,yes,author-shelf:hesiod,"Hesiod, The Homeric Hymns and Homerica. Evelyn-White, Hugh G., translator. London: William Heinmann; New York: The Macmillan Co., 1914."
urn:cts:greekLit:tlg0020.tlg001.perseus-eng2,Hesiod,Theogony,Θεογονία,1914,yes,author-shelf:hesiod,"Hesiod, The Homeric Hymns and Homerica. Evelyn-White, Hugh G., editor. London: William Heinmann; New York: The Macmillan Co., 1914."
urn:cts:greekLit:tlg0020.tlg002.perseus-eng2,Hesiod,Works and Days,Works and Days,1914,yes,author-shelf:hesiod,"Hesiod, The Homeric Hymns and Homerica. Evelyn-White, Hugh G., translator. London: William Heinmann; New York: The Macmillan Co., 1914."
urn:cts:greekLit:tlg0627.tlg012.perseus-eng2,Hippocrates,Aphorismi,Aphorisms,1886,yes,gap,"Hippocrates, The Genuine Works of Hippocrates, Vol. 2. Adams, Francis, translator. New York: William Wood and Company, 1886."
urn:cts:greekLit:tlg0627.tlg002.perseus-eng3,Hippocrates,"De aere, aquis, locis","Airs, Waters, and Places",1886,yes,gap,"Hippocrates, The Genuine Works of Hippocrates, Vol. 1. Adams, Francis, translator. New York: William Wood and Company, 1886."
urn:cts:greekLit:tlg0627.tlg002.perseus-eng4,Hippocrates,"De aere, aquis, locis",Airs Waters Places,1923,yes,gap,"Hippocrates, Vol. 1. Jones, William Henry Samuel, translator. London: William Heinemann Ltd.; Cambridge, MA: Harvard University Press, 1923 (printing)."
urn:cts:greekLit:tlg0627.tlg046.perseus-eng2,Hippocrates,De alimento,Nutriment,1923,yes,gap,"Hippocrates, Vol. 1. Jones, William Henry Samuel, editor. London: William Heinemann Ltd.; Cambridge, MA: Harvard University Press, 1923 (printing)."
urn:cts:greekLit:tlg0627.tlg010.perseus-eng2,Hippocrates,De articulis,On the Articulations,1886,yes,gap,"Hippocrates, The Genuine Works of Hippocrates, Vol. 2. Adams, Francis, translator. New York: William Wood and Company, 1886."
urn:cts:greekLit:tlg0627.tlg007.perseus-eng2,Hippocrates,De capitis vulneribus,On Injuries of the Head,1886,yes,gap,"Hippocrates, The Genuine Works of Hippocrates, Vol. 1. Adams, Francis, translator. New York: William Wood and Company, 1886."
urn:cts:greekLit:tlg0627.tlg004.perseus-eng2,Hippocrates,De diaeta in morbis acutis,On Regimen in Acute Diseases,1886,yes,gap,"Hippocrates, The Genuine Works of Hippocrates, Vol. 1. Adams, Francis, translator. New York: William Wood and Company, 1886."
urn:cts:greekLit:tlg0627.tlg030.perseus-eng2,Hippocrates,De fistulis,On Fistulae,1886,yes,gap,"Hippocrates, The Genuine Works of Hippocrates, Vol. 2. Adams, Francis, translator. New York: William Wood and Company, 1886."
urn:cts:greekLit:tlg0627.tlg009.perseus-eng2,Hippocrates,De fracturis,On Fractures,1886,yes,gap,"Hippocrates, The Genuine Works of Hippocrates, Vol. 2. Adams, Francis, translator. New York: William Wood and Company, 1886."
urn:cts:greekLit:tlg0627.tlg029.perseus-eng2,Hippocrates,De haemorrhoidibus,On Hemorrhoids,1886,yes,gap,"Hippocrates, The Genuine Works of Hippocrates, Vol. 2. Adams, Francis, translator. New York: William Wood and Company, 1886."
urn:cts:greekLit:tlg0627.tlg027.perseus-eng2,Hippocrates,De morbo sacro,On the Sacred Disease,1886,yes,gap,"Hippocrates, The Genuine Works of Hippocrates, Vol. 2. Adams, Francis, translator. New York: William Wood and Company, 1886."
urn:cts:greekLit:tlg0627.tlg008.perseus-eng2,Hippocrates,De officina medici,On the Surgery,1886,yes,gap,"Hippocrates, The Genuine Works of Hippocrates, Vol. 2. Adams, Francis, translator. New York: William Wood and Company, 1886."
urn:cts:greekLit:tlg0627.tlg001.perseus-eng3,Hippocrates,De prisca medicina,On Ancient Medicine,1886,yes,gap,"Hippocrates, The Genuine Works of Hippocrates, Vol. 1. Adams, Francis, translator. New York: William Wood and Company, 1886."
urn:cts:greekLit:tlg0627.tlg001.perseus-eng4,Hippocrates,De prisca medicina,Ancient Medicine,1923,yes,gap,"Hippocrates, Vol. 1. Jones, William Henry Samuel, translator. London: William Heinemann Ltd.; Cambridge, MA: Harvard University Press, 1923 (printing)."
urn:cts:greekLit:tlg0627.tlg028.perseus-eng2,Hippocrates,De ulceribus,On Ulcers,1886,yes,gap,"Hippocrates, The Genuine Works of Hippocrates, Vol. 2. Adams, Francis, translator. New York: William Wood and Company, 1886."
urn:cts:greekLit:tlg0627.tlg006.perseus-eng3,Hippocrates,Epidemiarum,The Epidemics,1886,yes,gap,"Hippocrates, The Genuine Works of Hippocrates, Vol. 1. Adams, Francis, translator. New York: William Wood and Company, 1886."
urn:cts:greekLit:tlg0627.tlg013.perseus-eng4,Hippocrates,Jusjurandum,The Oath,1886,yes,gap,"Hippocrates, The Genuine Works of Hippocrates, Vol. 2. Adams, Francis, translator. New York: William Wood and Company, 1886."
urn:cts:greekLit:tlg0627.tlg013.perseus-eng5,Hippocrates,Jusjurandum,Oath,1923,yes,gap,"Hippocrates, Vol. 1. Jones, William Henry Samuel, editor. London: William Heinemann Ltd.; Cambridge, MA: Harvard University Press, 1923 (printing)."
urn:cts:greekLit:tlg0627.tlg014.perseus-eng2,Hippocrates,Lex,The Law,1886,yes,gap,"Hippocrates, The Genuine Works of Hippocrates, Vol. 2. Adams, Francis, translator. New York: William Wood and Company, 1886."
urn:cts:greekLit:tlg0627.tlg051.perseus-eng2,Hippocrates,Praeceptiones,Precepts,1923,yes,gap,"Hippocrates, Vol. 1. Jones, William Henry Samuel, editor. London: William Heinemann Ltd.; Cambridge, MA: Harvard University Press, 1923 (printing)."
urn:cts:greekLit:tlg0627.tlg003.perseus-eng2,Hippocrates,Prognosticon,Of the Prognostics,1886,yes,gap,"Hippocrates, The Genuine Works of Hippocrates, Vol. 1. Adams, Francis, translator. New York: William Wood and Company, 1886."
urn:cts:greekLit:tlg0627.tlg011.perseus-eng2,Hippocrates,Vectiarius,Mochlicus,1886,yes,gap,"Hippocrates, The Genuine Works of Hippocrates, Vol. 2. Adams, Francis, translator. New York: William Wood and Company, 1886."
urn:cts:greekLit:tlg0012.tlg003.perseus-eng1,Homer,Homer’s Epigrams,Epigrams,1914,yes,held:hesiod-evelyn-white (Evelyn-White 1914 Epigrams of Homer),"Homer. Hesiod, The Homeric Hymns and Homerica. Evelyn-White, Hugh G. (Hugh Gerard), editor. London: William Heinmann; New York: The Macmillan Co., 1914."
urn:cts:greekLit:tlg0012.tlg001.perseus-eng3,Homer,Iliad,Iliad,1925,yes,gap,"Homer. The Iliad, Volume 1-2. Murray, A. T. (Augustus Taber), translator. London: William Heinmann; New York: G.P. Putnam's Sons, 1924-1925."
urn:cts:greekLit:tlg0012.tlg001.perseus-eng4,Homer,Iliad,Iliad,1902,yes,in-build:iliad-butler,"Homer. The Iliad of Homer, rendered into English prose for the use of those who cannot read the original. Butler, Samuel, 1835-1902, translator. London: Longmans, Green, and Co, 1898."
urn:cts:greekLit:tlg0012.tlg002.perseus-eng3,Homer,Odyssey,Odyssey,1919,yes,gap,"Homer. The Odyssey, Volume 1-2. Murray, A. T. (Augustus Taber), translator. London: William Heinmann; New York: G.P. Putnam's Sons, 1919."
urn:cts:greekLit:tlg0012.tlg002.perseus-eng4,Homer,Odyssey,Odyssey,1902,yes,in-build:odyssey-eng4,"Homer. The Odyssey: rendered into English prose for the use of those who cannot read the original. Butler, Samuel, 1835-1902, translator. Revised by Timothy Power and Gregory Nagy. London: A.C. Fifield, 1900."
urn:cts:greekLit:tlg0013.tlg001.perseus-eng2,Homeric Hymns,Hymn 1 to Dionysus,Hymn 1 to Dionysus,1914,yes,"held:hesiod-evelyn-white (Evelyn-White 1914 Homeric Hymns, in the Hesiod volume)","Anonymous. Hesiod, The Homeric Hymns and Homerica. Evelyn-White, Hugh G., translator. London: William Heinmann; New York: The Macmillan Co., 1914."
urn:cts:greekLit:tlg0013.tlg010.perseus-eng2,Homeric Hymns,Hymn 10 to Aphrodite,Hymn 10 to Aphrodite,1914,yes,"held:hesiod-evelyn-white (Evelyn-White 1914 Homeric Hymns, in the Hesiod volume)","Anonymous. Hesiod, The Homeric Hymns and Homerica. Evelyn-White, Hugh G., translator. London: William Heinmann; New York: The Macmillan Co., 1914."
urn:cts:greekLit:tlg0013.tlg011.perseus-eng2,Homeric Hymns,Hymn 11 To Athena,Hymn 11 to Athena,1914,yes,"held:hesiod-evelyn-white (Evelyn-White 1914 Homeric Hymns, in the Hesiod volume)","Anonymous. Hesiod, The Homeric Hymns and Homerica. Evelyn-White, Hugh G., translator. London: William Heinmann; New York: The Macmillan Co., 1914."
urn:cts:greekLit:tlg0013.tlg012.perseus-eng2,Homeric Hymns,Hymn 12 to Hera,Hymn 12 to Hera,1914,yes,"held:hesiod-evelyn-white (Evelyn-White 1914 Homeric Hymns, in the Hesiod volume)","Anonymous. Hesiod, The Homeric Hymns and Homerica. Evelyn-White, Hugh G., translator. London: William Heinmann; New York: The Macmillan Co., 1914."
urn:cts:greekLit:tlg0013.tlg013.perseus-eng2,Homeric Hymns,Hymn 13 to Demeter,Hymn 13 to Demeter,1914,yes,"held:hesiod-evelyn-white (Evelyn-White 1914 Homeric Hymns, in the Hesiod volume)","Anonymous. Hesiod, The Homeric Hymns and Homerica. Evelyn-White, Hugh G., translator. London: William Heinmann; New York: The Macmillan Co., 1914."
urn:cts:greekLit:tlg0013.tlg014.perseus-eng2,Homeric Hymns,Hymn 14 to the Mother of the Gods,Hymn 14 to the Mother of the Gods,1914,yes,"held:hesiod-evelyn-white (Evelyn-White 1914 Homeric Hymns, in the Hesiod volume)","Anonymous. Hesiod, The Homeric Hymns and Homerica. Evelyn-White, Hugh G., translator. London: William Heinmann; New York: The Macmillan Co., 1914."
urn:cts:greekLit:tlg0013.tlg015.perseus-eng2,Homeric Hymns,Hymn 15 To Heracles,Hymn 15 to Heracles,1914,yes,"held:hesiod-evelyn-white (Evelyn-White 1914 Homeric Hymns, in the Hesiod volume)","Anonymous. Hesiod, The Homeric Hymns and Homerica. Evelyn-White, Hugh G., translator. London: William Heinmann; New York: The Macmillan Co., 1914."
urn:cts:greekLit:tlg0013.tlg016.perseus-eng2,Homeric Hymns,Hymn 16 To Asclepius,Hymn 16 to Asclepius,1914,yes,"held:hesiod-evelyn-white (Evelyn-White 1914 Homeric Hymns, in the Hesiod volume)","Anonymous. Hesiod, The Homeric Hymns and Homerica. Evelyn-White, Hugh G., translator. London: William Heinmann; New York: The Macmillan Co., 1914."
urn:cts:greekLit:tlg0013.tlg017.perseus-eng2,Homeric Hymns,Hymn 17 To the Dioscuri,Hymn 17 To the Dioscuri,1914,yes,"held:hesiod-evelyn-white (Evelyn-White 1914 Homeric Hymns, in the Hesiod volume)","Anonymous. Hesiod, The Homeric Hymns and Homerica. Evelyn-White, Hugh G., translator. London: William Heinmann; New York: The Macmillan Co., 1914."
urn:cts:greekLit:tlg0013.tlg018.perseus-eng2,Homeric Hymns,Hymn 18 to Hermes,Hymn 18 to Hermes,1914,yes,"held:hesiod-evelyn-white (Evelyn-White 1914 Homeric Hymns, in the Hesiod volume)","Anonymous. Hesiod, The Homeric Hymns and Homerica. Evelyn-White, Hugh G., translator. London: William Heinmann; New York: The Macmillan Co., 1914."
urn:cts:greekLit:tlg0013.tlg019.perseus-eng2,Homeric Hymns,Hymn 19 to Pan,Hymn 19 to Pan,1914,yes,"held:hesiod-evelyn-white (Evelyn-White 1914 Homeric Hymns, in the Hesiod volume)","Anonymous. Hesiod, The Homeric Hymns and Homerica. Evelyn-White, Hugh G.,translator. London: William Heinmann; New York: The Macmillan Co., 1914."
urn:cts:greekLit:tlg0013.tlg002.perseus-eng2,Homeric Hymns,Hymn 2 to Demeter,Hymn 2 to Demeter,1914,yes,"held:hesiod-evelyn-white (Evelyn-White 1914 Homeric Hymns, in the Hesiod volume)","Anonymous. Hesiod, The Homeric Hymns and Homerica. Evelyn-White, Hugh G., translator. London: William Heinmann; New York: The Macmillan Co., 1914."
urn:cts:greekLit:tlg0013.tlg020.perseus-eng2,Homeric Hymns,Hymn 20 To Hephaestus,Hymn 20 to Hephaestus,1914,yes,"held:hesiod-evelyn-white (Evelyn-White 1914 Homeric Hymns, in the Hesiod volume)","Anonymous. Hesiod, The Homeric Hymns and Homerica. Evelyn-White, Hugh G., translator. London: William Heinmann; New York: The Macmillan Co., 1914."
urn:cts:greekLit:tlg0013.tlg021.perseus-eng2,Homeric Hymns,Hymn 21 To Apollo,Hymn 21 to Apollo,1914,yes,"held:hesiod-evelyn-white (Evelyn-White 1914 Homeric Hymns, in the Hesiod volume)","Anonymous. Hesiod, The Homeric Hymns and Homerica. Evelyn-White, Hugh G., translator. London: William Heinmann; New York: The Macmillan Co., 1914."
urn:cts:greekLit:tlg0013.tlg022.perseus-eng2,Homeric Hymns,Hymn 22 To Poseidon,Hymn 22 to Poseidon,1914,yes,"held:hesiod-evelyn-white (Evelyn-White 1914 Homeric Hymns, in the Hesiod volume)","Anonymous. Hesiod, The Homeric Hymns and Homerica. Evelyn-White, Hugh G., translator. London: William Heinmann; New York: The Macmillan Co., 1914."
urn:cts:greekLit:tlg0013.tlg023.perseus-eng2,Homeric Hymns,Hymn 23 to Zeus,Hymn 23 to Zeus,1914,yes,"held:hesiod-evelyn-white (Evelyn-White 1914 Homeric Hymns, in the Hesiod volume)","Anonymous. Hesiod, The Homeric Hymns and Homerica. Evelyn-White, Hugh G., translator. London: William Heinmann; New York: The Macmillan Co., 1914."
urn:cts:greekLit:tlg0013.tlg024.perseus-eng2,Homeric Hymns,Hymn 24 To Hestia,Hymn 24 to Hestia,1914,yes,"held:hesiod-evelyn-white (Evelyn-White 1914 Homeric Hymns, in the Hesiod volume)","Anonymous. Hesiod, The Homeric Hymns and Homerica. Evelyn-White, Hugh G., translator. London: William Heinmann; New York: The Macmillan Co., 1914."
urn:cts:greekLit:tlg0013.tlg025.perseus-eng2,Homeric Hymns,Hymn 25 To the Muses and Apollo,Hymn 25 to the Muses and Apollo,1914,yes,"held:hesiod-evelyn-white (Evelyn-White 1914 Homeric Hymns, in the Hesiod volume)","Anonymous. Hesiod, The Homeric Hymns and Homerica. Evelyn-White, Hugh G., translator. London: William Heinmann; New York: The Macmillan Co., 1914."
urn:cts:greekLit:tlg0013.tlg026.perseus-eng2,Homeric Hymns,Hymn 26 To Dionysus,Hymn 26 to Dionysus,1914,yes,"held:hesiod-evelyn-white (Evelyn-White 1914 Homeric Hymns, in the Hesiod volume)","Anonymous. Hesiod, The Homeric Hymns and Homerica. Evelyn-White, Hugh G., translator. London: William Heinmann; New York: The Macmillan Co., 1914."
urn:cts:greekLit:tlg0013.tlg027.perseus-eng2,Homeric Hymns,Hymn 27 to Artemis,Hymn 27 to Artemis,1914,yes,"held:hesiod-evelyn-white (Evelyn-White 1914 Homeric Hymns, in the Hesiod volume)","Anonymous. Hesiod, The Homeric Hymns and Homerica. Evelyn-White, Hugh G., translator. London: William Heinmann; New York: The Macmillan Co., 1914."
urn:cts:greekLit:tlg0013.tlg028.perseus-eng2,Homeric Hymns,Hymn 28 to Athena,Hymn 28 to Athena,1914,yes,"held:hesiod-evelyn-white (Evelyn-White 1914 Homeric Hymns, in the Hesiod volume)","Anonymous. Hesiod, The Homeric Hymns and Homerica. Evelyn-White, Hugh G., translator. London: William Heinmann; New York: The Macmillan Co., 1914."
urn:cts:greekLit:tlg0013.tlg029.perseus-eng2,Homeric Hymns,Hymn 29 to Hestia,Hymn 29 to Hestia,1914,yes,"held:hesiod-evelyn-white (Evelyn-White 1914 Homeric Hymns, in the Hesiod volume)","Anonymous. Hesiod, The Homeric Hymns and Homerica. Evelyn-White, Hugh G., translator. London: William Heinmann; New York: The Macmillan Co., 1914."
urn:cts:greekLit:tlg0013.tlg003.perseus-eng2,Homeric Hymns,Hymn 3 to Delian and Pythian Apollo,Hymn 3 to Apollo,1914,yes,"held:hesiod-evelyn-white (Evelyn-White 1914 Homeric Hymns, in the Hesiod volume)","Anonymous. Hesiod, The Homeric Hymns and Homerica. Evelyn-White, Hugh G., translator. London: William Heinmann; New York: The Macmillan Co., 1914."
urn:cts:greekLit:tlg0013.tlg030.perseus-eng2,Homeric Hymns,Hymn 30 to Earth,Hymn 30 to Earth,1914,yes,"held:hesiod-evelyn-white (Evelyn-White 1914 Homeric Hymns, in the Hesiod volume)","Anonymous. Hesiod, The Homeric Hymns and Homerica. Evelyn-White, Hugh G., translator. London: William Heinmann; New York: The Macmillan Co., 1914."
urn:cts:greekLit:tlg0013.tlg031.perseus-eng2,Homeric Hymns,Hymn 31 to Helios,Hymn 31 to Helios,1914,yes,"held:hesiod-evelyn-white (Evelyn-White 1914 Homeric Hymns, in the Hesiod volume)","Anonymous. Hesiod, The Homeric Hymns and Homerica. Evelyn-White, Hugh G., translator. London: William Heinmann; New York: The Macmillan Co., 1914."
urn:cts:greekLit:tlg0013.tlg032.perseus-eng2,Homeric Hymns,Hymn 32 To Selene,Hymn 32 to Selene,1914,yes,"held:hesiod-evelyn-white (Evelyn-White 1914 Homeric Hymns, in the Hesiod volume)","Anonymous. Hesiod, The Homeric Hymns and Homerica. Evelyn-White, Hugh G., translator. London: William Heinmann; New York: The Macmillan Co., 1914."
urn:cts:greekLit:tlg0013.tlg033.perseus-eng2,Homeric Hymns,Hymn 33 To the Dioscuri,Hymn 33 to the Dioscuri,1914,yes,"held:hesiod-evelyn-white (Evelyn-White 1914 Homeric Hymns, in the Hesiod volume)","Anonymous. Hesiod, The Homeric Hymns and Homerica. Evelyn-White, Hugh G., translator. London: William Heinmann; New York: The Macmillan Co., 1914."
urn:cts:greekLit:tlg0013.tlg004.perseus-eng2,Homeric Hymns,Hymn 4 to Hermes,Hymn 4 to Hermes,1914,yes,"held:hesiod-evelyn-white (Evelyn-White 1914 Homeric Hymns, in the Hesiod volume)","Anonymous. Hesiod, The Homeric Hymns and Homerica. Evelyn-White, Hugh G., translator. London: William Heinmann; New York: The Macmillan Co., 1914."
urn:cts:greekLit:tlg0013.tlg005.perseus-eng2,Homeric Hymns,Hymn 5 to Aphrodite,Hymn 5 to Aphrodite,1914,yes,"held:hesiod-evelyn-white (Evelyn-White 1914 Homeric Hymns, in the Hesiod volume)","Anonymous. Hesiod, The Homeric Hymns and Homerica. Evelyn-White, Hugh G., translator. London: William Heinmann; New York: The Macmillan Co., 1914."
urn:cts:greekLit:tlg0013.tlg006.perseus-eng2,Homeric Hymns,Hymn 6 to Aphrodite,Hymn 6 to Aphrodite,1914,yes,"held:hesiod-evelyn-white (Evelyn-White 1914 Homeric Hymns, in the Hesiod volume)","Anonymous. Hesiod, The Homeric Hymns and Homerica. Evelyn-White, Hugh G., translator. London: William Heinmann; New York: The Macmillan Co., 1914."
urn:cts:greekLit:tlg0013.tlg007.perseus-eng2,Homeric Hymns,Hymn 7 to Dionysus,Hymn 7 to Dionysus,1914,yes,"held:hesiod-evelyn-white (Evelyn-White 1914 Homeric Hymns, in the Hesiod volume)","Anonymous. Hesiod, The Homeric Hymns and Homerica. Evelyn-White, Hugh G., translator. London: William Heinmann; New York: The Macmillan Co., 1914."
urn:cts:greekLit:tlg0013.tlg008.perseus-eng2,Homeric Hymns,Hymn 8 to Ares,Hymn 8 to Ares,1914,yes,"held:hesiod-evelyn-white (Evelyn-White 1914 Homeric Hymns, in the Hesiod volume)","Anonymous. Hesiod, The Homeric Hymns and Homerica. Evelyn-White, Hugh G., translator. London: William Heinmann; New York: The Macmillan Co., 1914."
urn:cts:greekLit:tlg0013.tlg009.perseus-eng2,Homeric Hymns,Hymn 9 to Artemis,Hymn 9 to Artemis,1914,yes,"held:hesiod-evelyn-white (Evelyn-White 1914 Homeric Hymns, in the Hesiod volume)","Anonymous. Hesiod, The Homeric Hymns and Homerica. Evelyn-White, Hugh G., translator. London: William Heinmann; New York: The Macmillan Co., 1914."
urn:cts:latinLit:phi0893.phi006.perseus-eng2,Horace,Ars Poetica,The Art of Poetry: To the Pisos,1862,yes,gap,"Horace. The Works of Horace. Smart, Christopher, translator. Buckley, Theodoore Alois, editor. New York: Harper and Brothers, 1862."
urn:cts:latinLit:phi0893.phi001.perseus-eng2,Horace,Odes,Odes,1882,yes,gap,"Horace. The Odes and Carmen Saeculare of Horace. Conington, John, translator. London: George Bell and Sons, 1882."
urn:cts:latinLit:phi0893.phi004.perseus-eng2,Horace,Satires,Satires,1862,yes,gap,"Horace. The Works of Horace. Vol. II. Smart, Christopher, translator. Buckley, Theodoore Alois, editor. New York: Harper and Brothers, 1862."
urn:cts:greekLit:tlg0030.tlg003.perseus-eng2,Hyperides,Against Athenogenes,Against Athenogenes,1954,check,gap,"Hyperides. Minor Attic Orators, Vol. 2. Burtt, J. O., translator. London: William Heinemann, Ltd.; Cambridge, MA: Harvard University Press, 1954 (printing)."
urn:cts:greekLit:tlg0030.tlg005.perseus-eng2,Hyperides,Against Demosthenes,Against Demosthenes,1954,check,gap,"Hyperides. Minor Attic Orators, Vol. 2. Burtt, J. O., translator. London: William Heinemann, Ltd.; Cambridge, MA: Harvard University Press, 1954 (printing)."
urn:cts:greekLit:tlg0030.tlg002.perseus-eng2,Hyperides,Against Philippides,Against Philippides,1954,check,gap,"Hyperides. Minor Attic Orators, Vol. 2. Burtt, J. O., translator. London: William Heinemann, Ltd.; Cambridge, MA: Harvard University Press, 1954 (printing)."
urn:cts:greekLit:tlg0030.tlg006.perseus-eng2,Hyperides,Funeral Oration,Funeral Oration,1954,check,gap,"Hyperides. Minor Attic Orators, Vol. 2. Burtt, J. O., translator. London: William Heinemann, Ltd.; Cambridge, MA: Harvard University Press, 1954 (printing)."
urn:cts:greekLit:tlg0030.tlg004.perseus-eng2,Hyperides,In Defence of Euxenippus,In Defence of Euxenippus,1954,check,gap,"Hyperides. Minor Attic Orators, Vol. 2. Burtt, J. O., translator. London: William Heinemann, Ltd.; Cambridge, MA: Harvard University Press, 1954 (printing)."
urn:cts:greekLit:tlg0030.tlg001.perseus-eng2,Hyperides,In Defence of Lycophron,In Defence of Lycophron,1954,check,gap,"Hyperides. Minor Attic Orators, Vol. 2. Burtt, J. O., translator. London: William Heinemann, Ltd.; Cambridge, MA: Harvard University Press, 1954 (printing)."
urn:cts:greekLit:tlg1443.tlg001.perseus-eng1,Ignatius of Antioch,Epistles,The Epistles of Saint Ignatius,1912,yes,gap,"Ignatius of Antioch. The Apostolic Fathers, Volume 1. Lake, Kirsopp, translator. Cambridge, MA: Harvard University Press; London: William Heinemann Ltd., 1912."
urn:cts:greekLit:tlg0017.tlg012.perseus-eng2,Isaeus,On Behalf of Euphiletus,On Behalf of Euphiletus,1962,check,gap,"Isaeus. Forster, Edward Seymour, translator. Cambridge, MA: Harvard University Press; London: William Heinemann Ltd., 1927 (1962 printing)."
urn:cts:greekLit:tlg0017.tlg003.perseus-eng2,Isaeus,On The Estate Of Pyrrhus,On The Estate Of Pyrrhus,1962,check,gap,"Isaeus. Forster, Edward Seymour, translator. Cambridge, MA: Harvard University Press; London: William Heinemann Ltd., 1927 (1962 printing)."
urn:cts:greekLit:tlg0017.tlg007.perseus-eng2,Isaeus,On The Estate of Apollodorus,On The Estate of Apollodorus,1962,check,gap,"Isaeus. Forster, Edward Seymour, translator. Cambridge, MA: Harvard University Press; London: William Heinemann Ltd., 1927 (1962 printing)."
urn:cts:greekLit:tlg0017.tlg010.perseus-eng2,Isaeus,On The Estate of Aristarchus,On The Estate of Aristarchus,1962,check,gap,"Isaeus. Forster, Edward Seymour, translator. Cambridge, MA: Harvard University Press; London: William Heinemann Ltd., 1927 (1962 printing)."
urn:cts:greekLit:tlg0017.tlg008.perseus-eng2,Isaeus,On The Estate of Ciron,On The Estate of Ciron,1962,check,gap,"Isaeus. Forster, Edward Seymour, translator. Cambridge, MA: Harvard University Press; London: William Heinemann Ltd., 1927 (1962 printing)."
urn:cts:greekLit:tlg0017.tlg001.perseus-eng2,Isaeus,On The Estate of Cleonymus,On The Estate of Cleonymus,1962,check,gap,"Isaeus. Forster, Edward Seymour, translator. Cambridge, MA: Harvard University Press; London: William Heinemann Ltd., 1927 (1962 printing)."
urn:cts:greekLit:tlg0017.tlg009.perseus-eng2,Isaeus,On the Estate of Astyphilus,On the Estate of Astyphilus,1962,check,gap,"Isaeus. Forster, Edward Seymour, translator. Cambridge, MA: Harvard University Press; London: William Heinemann Ltd., 1927 (1962 printing)."
urn:cts:greekLit:tlg0017.tlg005.perseus-eng2,Isaeus,On the Estate of Dicaeogenes,On the Estate of Dicaeogenes,1962,check,gap,"Isaeus. Forster, Edward Seymour, translator. Cambridge, MA: Harvard University Press; London: William Heinemann Ltd., 1927 (1962 printing)."
urn:cts:greekLit:tlg0017.tlg011.perseus-eng2,Isaeus,On the Estate of Hagnias,On the Estate of Hagnias,1962,check,gap,"Isaeus. Forster, Edward Seymour, translator. Cambridge, MA: Harvard University Press; London: William Heinemann Ltd., 1927 (1962 printing)."
urn:cts:greekLit:tlg0017.tlg002.perseus-eng2,Isaeus,On the Estate of Menecles,On the Estate of Menecles,1962,check,gap,"Isaeus. Forster, Edward Seymour, translator. Cambridge, MA: Harvard University Press; London: William Heinemann Ltd., 1927 (1962 printing)."
urn:cts:greekLit:tlg0017.tlg004.perseus-eng2,Isaeus,On the Estate of Nicostratus,On the Estate of Nicostratus,1962,check,gap,"Isaeus. Forster, Edward Seymour, translator. Cambridge, MA: Harvard University Press; London: William Heinemann Ltd., 1927 (1962 printing)."
urn:cts:greekLit:tlg0017.tlg006.perseus-eng2,Isaeus,On the Estate of Philoctemon,On the Estate of Philoctemon,1962,check,gap,"Isaeus. Forster, Edward Seymour, translator. Cambridge, MA: Harvard University Press; London: William Heinemann Ltd., 1927 (1962 printing)."
urn:cts:greekLit:tlg0010.tlg006.perseus-eng2,Isocrates,Aegineticus,Aegineticus,1945,check,gap,"Isocrates, Vol. 3. Van Hook, Larue, translator. Cambridge, MA, Harvard University Press; London, William Heinemann Ltd., 1945 (printing)."
urn:cts:greekLit:tlg0010.tlg002.perseus-eng2,Isocrates,Against Callimachus,Against Callimachus,1945,check,gap,"Isocrates, Vol. 3. Van Hook, Larue, translator. Cambridge, MA, Harvard University Press; London, William Heinemann Ltd., 1945 (printing)."
urn:cts:greekLit:tlg0010.tlg001.perseus-eng2,Isocrates,Against Euthynus,Against Euthynus,1945,check,gap,"Isocrates, Vol. 3. Van Hook, Larue, translator. Cambridge, MA, Harvard University Press; London, William Heinemann Ltd. 1945 (printing)."
urn:cts:greekLit:tlg0010.tlg003.perseus-eng2,Isocrates,Against Lochites,Against Lochites,1945,check,gap,"Isocrates, Vol. 3. Van Hook, Larue, translator. Cambridge, MA, Harvard University Press; London, William Heinemann Ltd., 1945 (printing)."
urn:cts:greekLit:tlg0010.tlg008.perseus-eng2,Isocrates,Against the Sophists,Against the Sophists,1929,yes,gap,"Isocrates, Vol 2. Norlin, George, translator. Cambridge, MA, Harvard University Press; London, William Heinemann Ltd. 1929 (printing)."
urn:cts:greekLit:tlg0010.tlg019.perseus-eng2,Isocrates,Antidosis,Antidosis,1929,yes,gap,"Isocrates, Vol 2. Norlin, George, translator. Cambridge, MA, Harvard University Press; London, William Heinemann Ltd. 1929 (printing)."
urn:cts:greekLit:tlg0010.tlg016.perseus-eng2,Isocrates,Archidamus,To Archidamus,1928,yes,gap,"Isocrates, Vol. 1. Norlin, George, translator. Cambridge, MA, Harvard University Press; London, William Heinemann Ltd., 1928 (printing)."
urn:cts:greekLit:tlg0010.tlg018.perseus-eng2,Isocrates,Areopagiticus,Areopagiticus,1929,yes,gap,"Isocrates, Vol 2. Norlin, George, translator. Cambridge, MA, Harvard University Press; London, William Heinemann Ltd. 1929 (printing)."
urn:cts:greekLit:tlg0010.tlg010.perseus-eng2,Isocrates,Busiris,Busiris,1945,check,gap,"Isocrates, Vol. 3. Van Hook, Larue, translator. Cambridge, MA, Harvard University Press; London, William Heinemann Ltd., 1945 (printing)."
urn:cts:greekLit:tlg0010.tlg004.perseus-eng2,Isocrates,Concerning the Team of Horses,Concerning the Team of Horses,1945,check,gap,"Isocrates, Vol. 3. Van Hook, Larue, translator. Cambridge, MA, Harvard University Press; London, William Heinemann Ltd., 1945 (printing)."
urn:cts:greekLit:tlg0010.tlg015.perseus-eng2,Isocrates,Evagoras,Evagoras,1945,check,gap,"Isocrates, Vol. 3. Van Hook, Larue, translator. Cambridge, MA, Harvard University Press; London, William Heinemann Ltd., 1945 (printing)."
urn:cts:greekLit:tlg0010.tlg009.perseus-eng2,Isocrates,Helen,Helen,1945,check,gap,"Isocrates, Vol. 3. Van Hook, Larue, translator. Cambridge, MA, Harvard University Press; London, William Heinemann Ltd., 1945 (printing)."
urn:cts:greekLit:tlg0010.tlg014.perseus-eng2,Isocrates,Nicocles or the Cyprians,Nicocles or the Cyprians,1928,yes,gap,"Isocrates, Vol. 1. Norlin, George, translator. Cambridge, MA, Harvard University Press; London, William Heinemann Ltd., 1928 (printing)."
urn:cts:greekLit:tlg0010.tlg017.perseus-eng2,Isocrates,On the Peace,On the Peace,1929,yes,gap,"Isocrates, Vol 2. Norlin, George, translator. Cambridge, MA, Harvard University Press; London, William Heinemann Ltd. 1929 (printing)."
urn:cts:greekLit:tlg0010.tlg021.perseus-eng2,Isocrates,Panathenaicus,Panathenaicus,1929,yes,gap,"IIsocrates, Vol 2. Norlin, George, translator. Cambridge, MA, Harvard University Press; London, William Heinemann Ltd. 1929 (printing)."
urn:cts:greekLit:tlg0010.tlg011.perseus-eng2,Isocrates,Panegyricus,Panegyricus,1928,yes,gap,"Isocrates, Vol. 1. Norlin, George, translator. Cambridge, MA, Harvard University Press; London, William Heinemann Ltd., 1928 (printing)."
urn:cts:greekLit:tlg0010.tlg012.perseus-eng2,Isocrates,Plataicus,Plataicus,1945,check,gap,"Isocrates, Vol. 3. Van Hook, Larue, translator. Cambridge, MA, Harvard University Press; London, William Heinemann Ltd., 1945 (printing)."
urn:cts:greekLit:tlg0010.tlg028.perseus-eng2,Isocrates,To Alexander,Letter 5: To Alexander,1945,check,gap,"Isocrates, Vol. 3. Van Hook, Larue, translator. Cambridge, MA, Harvard University Press; London, William Heinemann Ltd., 1945 (printing)."
urn:cts:greekLit:tlg0010.tlg029.perseus-eng2,Isocrates,To Antipater,Letter 4: To Antipater,1945,check,gap,"Isocrates, Vol. 3. Van Hook, Larue, translator. Cambridge, MA, Harvard University Press; London, William Heinemann Ltd., 1945 (printing)."
urn:cts:greekLit:tlg0010.tlg024.perseus-eng2,Isocrates,To Archidamus,Letter 9: To Archidamus,1945,check,gap,"Isocrates, Vol. 3. Van Hook, Larue, translator. Cambridge, MA, Harvard University Press; London, William Heinemann Ltd., 1945 (printing)."
urn:cts:greekLit:tlg0010.tlg007.perseus-eng2,Isocrates,To Demonicus,To Demonicus,1928,yes,gap,"Isocrates, Vol. 1. Norlin, George, translator. Cambridge, MA, Harvard University Press; London, William Heinemann Ltd., 1928 (printing)."
urn:cts:greekLit:tlg0010.tlg022.perseus-eng2,Isocrates,To Dionysius,Letter 1: To Dionysius,1945,check,gap,"Isocrates, Vol. 3. Van Hook, Larue, translator. Cambridge, MA, Harvard University Press; London, William Heinemann Ltd., 1945 (printing)."
urn:cts:greekLit:tlg0010.tlg013.perseus-eng2,Isocrates,To Nicocles,To Nicocles,1928,yes,gap,"Isocrates, Vol. 1. Norlin, George, translator. Cambridge, MA, Harvard University Press; London, William Heinemann Ltd., 1928 (printing)."
urn:cts:greekLit:tlg0010.tlg020.perseus-eng2,Isocrates,To Philip,To Philip,1928,yes,gap,"Isocrates, Vol. 1. Norlin, George, translator. Cambridge, MA, Harvard University Press; London, William Heinemann Ltd., 1928 (printing)."
urn:cts:greekLit:tlg0010.tlg027.perseus-eng2,Isocrates,"To Philip, I","Letter 2: To Philip, I",1945,check,gap,"Isocrates, Vol. 3. Van Hook, Larue, translator. Cambridge, MA, Harvard University Press; London, William Heinemann Ltd., 1945 (printing)."
urn:cts:greekLit:tlg0010.tlg030.perseus-eng2,Isocrates,"To Philip, II","Letter 3: To Philip, II",1945,check,gap,"Isocrates, Vol. 3. Van Hook, Larue, editor. Cambridge, MA, Harvard University Press; London, William Heinemann Ltd., 1945 (printing)."
urn:cts:greekLit:tlg0010.tlg026.perseus-eng3,Isocrates,To Timotheus,Letter 7: To Timotheus,1945,check,gap,"Isocrates, Vol. 3. Van Hook, Larue, translator. Cambridge, MA, Harvard University Press; London, William Heinemann Ltd., 1945 (printing)."
urn:cts:greekLit:tlg0010.tlg023.perseus-eng2,Isocrates,To the Children of Jason,Letter 6: To the Children of Jason,1945,check,gap,"Isocrates, Vol. 3. Van Hook, Larue, translator. Cambridge, MA, Harvard University Press; London, William Heinemann Ltd., 1945 (printing)."
urn:cts:greekLit:tlg0010.tlg025.perseus-eng2,Isocrates,To the Rulers of the Mytilenaeans,Letter 8: To the Rulers of the Mytilenaeans,1945,check,gap,"Isocrates, Vol. 3. Van Hook, Larue, translator. Cambridge, MA, Harvard University Press; London, William Heinemann Ltd., 1945 (printing)."
urn:cts:greekLit:tlg0010.tlg005.perseus-eng2,Isocrates,Trapeziticus,Trapeziticus,1945,check,gap,"Isocrates, Vol. 3. Van Hook, Larue, translator. Cambridge, MA, Harvard University Press; London, William Heinemann Ltd., 1945 (printing)."
urn:cts:latinLit:phi0448.phi002.perseus-eng2,Julius Caesar,Civil War,The Civil Wars,1914,yes,gap,"Julius Caesar. The Civil Wars. Peskett, Arthur George, translator. London, UK: William Heinemann; New York, NY, 1914."
urn:cts:latinLit:phi0448.phi002.perseus-eng3,Julius Caesar,Civil War,Commentaries on the Civil War,1856,yes,gap,"Julius Caesar. The Commentaries of Caesar. Duncan, William, translator. St. Louis: Edwards and Bushnell, 1856."
urn:cts:latinLit:phi0448.phi001.perseus-eng2,Julius Caesar,Gallic War,Gallic War,1872,yes,gap,"Julius Caesar. Aulus Hirtius. Caesar’s Commentaries on the Gallic and Civil Wars. McDevitte, William Alexander and Bohn, W. S, translators. New York: Harper and Brothers, 1870-1872."
urn:cts:greekLit:tlg0062.tlg052.perseus-eng2,Lucian of Samosata,Abdicatus,Disowned,1936,check,gap,"Lucian, Vol. 5. Harmon, Austin Morris, editor. London: William Heinemann, Ltd.; Cambridge, MA: Harvard University Press, 1936 (printing)."
urn:cts:greekLit:tlg0062.tlg052.perseus-eng4,Lucian of Samosata,Abdicatus,The Disinherited,1905,yes,gap,"The Works of Lucian of Samosata, Vol. 2. Fowler, Henry Watson and Fowler, Francis George, translators. Oxford: Clarendon Press, 1905."
urn:cts:greekLit:tlg0062.tlg028.perseus-eng2,Lucian of Samosata,Adversus indoctum et libros multos ementem,The Ignorant Book Collector,1921,yes,gap,"Lucian, Vol. 3. Harmon, Austin Morris, editor. London: William Heinemann, Ltd.; Cambridge, MA: Harvard University Press, 1921."
urn:cts:greekLit:tlg0062.tlg028.perseus-eng4,Lucian of Samosata,Adversus indoctum et libros multos ementem,Remarks Addressed To an Illiterate Book-fancier,1905,yes,gap,"The Works of Lucian of Samosata, Vol. 3. Fowler, Henry Watson and Fowler, Francis George, translators. Oxford: Clarendon Press, 1905."
urn:cts:greekLit:tlg0062.tlg038.perseus-eng2,Lucian of Samosata,Alexander,Alexander the False Prophet,1925,yes,gap,"Lucian, Vol. 4. Harmon, Austin Morris, editor. London: William Heinemann, Ltd.; Cambridge, MA: Harvard University Press, 1925 (printing)."
urn:cts:greekLit:tlg0062.tlg038.perseus-eng4,Lucian of Samosata,Alexander,Alexander the Oracle-monger,1905,yes,gap,"The Works of Lucian of Samosata, Vol. 2. Fowler, Henry Watson and Fowler, Francis George, translators. Oxford: Clarendon Press, 1905."
urn:cts:greekLit:tlg0062.tlg034.perseus-eng2,Lucian of Samosata,Anacharsis,"Anacharsis, or Athletics",1925,yes,gap,"Lucian, Vol. 4. Harmon, Austin Morris, editor. London: William Heinemann, Ltd.; Cambridge, MA: Harvard University Press, 1925 (printing)."
urn:cts:greekLit:tlg0062.tlg034.perseus-eng4,Lucian of Samosata,Anacharsis,"Anacharsis, a Discussion of Physical Training",1905,yes,gap,"The Works of Lucian of Samosata, Vol. 3. Fowler, Henry Watson and Fowler, Francis George, translators. Oxford: Clarendon Press, 1905."
urn:cts:greekLit:tlg0062.tlg059.perseus-eng3,Lucian of Samosata,Apologia,Harmonides,1959,check,gap,"Lucian, Vol. 6. Kilburn, Kenneth, translator. London: William Heinemann, Ltd.; Cambridge, MA: Harvard University Press, 1959 (unrenewed copyright)."
urn:cts:greekLit:tlg0062.tlg059.perseus-eng4,Lucian of Samosata,Apologia,Apology For ‘the Dependent Scholar’,1905,yes,gap,"The Works of Lucian of Samosata, Vol. 2. Fowler, Henry Watson and Fowler, Francis George, translators. Oxford: Clarendon Press, 1905."
urn:cts:greekLit:tlg0062.tlg003.perseus-eng2,Lucian of Samosata,Bacchus,Dionysus: an Introduction,1913,yes,gap,"Lucian, Vol. 1. Harmon, Austin Morris, editor. London: William Heinemann, Ltd.; Cambridge, MA: Harvard University Press, 1913."
urn:cts:greekLit:tlg0062.tlg003.perseus-eng4,Lucian of Samosata,Bacchus,"Dionysus, an Introductory Lecture",1905,yes,gap,"The Works of Lucian of Samosata, Vol. 3. Fowler, Henry Watson and Fowler, Francis George, translators. Oxford: Clarendon Press, 1905."
urn:cts:greekLit:tlg0062.tlg026.perseus-eng2,Lucian of Samosata,Bis accusatus sive tribunalia,The Double Indictment,1921,yes,gap,"Lucian, Vol. 3. Harmon, Austin Morris, editor. London: William Heinemann, Ltd.; Cambridge, MA: Harvard University Press, 1921."
urn:cts:greekLit:tlg0062.tlg026.perseus-eng4,Lucian of Samosata,Bis accusatus sive tribunalia,The Double Indictment,1905,yes,gap,"The Works of Lucian of Samosata, Vol. 3. Fowler, Henry Watson and Fowler, Francis George, translators. Oxford: Clarendon Press, 1905."
urn:cts:greekLit:tlg0062.tlg013.perseus-eng2,Lucian of Samosata,Calumniae non temere credundum,Slander: on not Being Quick to Put Faith in it,1913,yes,gap,"Lucian, Vol. 1. Harmon, Austin Morris, editor. London: William Heinemann, Ltd.; Cambridge, MA: Harvard University Press, 1913."
urn:cts:greekLit:tlg0062.tlg013.perseus-eng4,Lucian of Samosata,Calumniae non temere credundum,"Slander, a Warning",1905,yes,gap,"The Works of Lucian of Samosata, Vol. 4. Fowler, Henry Watson and Fowler, Francis George, translators. Oxford: Clarendon Press, 1905."
urn:cts:greekLit:tlg0062.tlg016.perseus-eng2,Lucian of Samosata,Cataplus,"The Downward Journey, or the Tyrant",1915,yes,gap,"Lucian, Vol. 2. Harmon, Austin Morris, editor. London: William Heinemann, Ltd.; Cambridge, MA: Harvard University Press, 1915."
urn:cts:greekLit:tlg0062.tlg016.perseus-eng4,Lucian of Samosata,Cataplus,Voyage To the Lower World,1905,yes,gap,"The Works of Lucian of Samosata, Vol. 1. Fowler, Henry Watson and Fowler, Francis George, translators. Oxford: Clarendon Press, 1905."
urn:cts:greekLit:tlg0062.tlg016.perseus-eng5,Lucian of Samosata,Cataplus,The Ferry,1892,yes,gap,"Selections from Lucian. Smith, Emily James, translator. New York; Harper Brothers, 1892."
urn:cts:greekLit:tlg0062.tlg023.perseus-eng2,Lucian of Samosata,Contemplantes,"Charon, or the Inspectors",1915,yes,gap,"Lucian, Vol. 2. Harmon, Austin Morris, editor. London: William Heinemann, Ltd.; Cambridge, MA: Harvard University Press, 1915."
urn:cts:greekLit:tlg0062.tlg023.perseus-eng4,Lucian of Samosata,Contemplantes,Charon,1905,yes,gap,"The Works of Lucian of Samosata, Vol. 1. Fowler, Henry Watson and Fowler, Francis George, translators. Oxford: Clarendon Press, 1905."
urn:cts:greekLit:tlg0062.tlg009.perseus-eng2,Lucian of Samosata,De Domo,The Hall,1913,yes,gap,"Lucian, Vol. 1. Harmon, Austin Morris, editor. London: William Heinemann, Ltd.; Cambridge, MA: Harvard University Press, 1913."
urn:cts:greekLit:tlg0062.tlg009.perseus-eng4,Lucian of Samosata,De Domo,The Hall,1905,yes,gap,"The Works of Lucian of Samosata, Vol. 4. Fowler, Henry Watson and Fowler, Francis George, translators. Oxford: Clarendon Press, 1905."
urn:cts:greekLit:tlg0062.tlg042.perseus-eng2,Lucian of Samosata,De Morte Peregrini,The Passing of Peregrinus,1936,check,gap,"Lucian, Vol. 5. Harmon, Austin Morris, editor. London: William Heinemann, Ltd.; Cambridge, MA: Harvard University Press, 1936 (printing)."
urn:cts:greekLit:tlg0062.tlg042.perseus-eng4,Lucian of Samosata,De Morte Peregrini,The Death of Peregrine,1905,yes,gap,"The Works of Lucian of Samosata, Vol. 4. Fowler, Henry Watson and Fowler, Francis George, translators. Oxford: Clarendon Press, 1905."
urn:cts:greekLit:tlg0062.tlg027.perseus-eng2,Lucian of Samosata,De Sacrificiis,On Sacrifices,1921,yes,gap,"Lucian, Vol. 3. Harmon, Austin Morris, editor. London: William Heinemann, Ltd.; Cambridge, MA: Harvard University Press, 1921."
urn:cts:greekLit:tlg0062.tlg027.perseus-eng4,Lucian of Samosata,De Sacrificiis,Of Sacrifice,1905,yes,gap,"The Works of Lucian of Samosata, Vol. 1. Fowler, Henry Watson and Fowler, Francis George, translators. Oxford: Clarendon Press, 1905."
urn:cts:greekLit:tlg0062.tlg041.perseus-eng2,Lucian of Samosata,De Syria dea,The Goddesse of Surrye,1925,yes,gap,"Lucian, Vol. 4. Harmon, Austin Morris, editor. London: William Heinemann, Ltd.; Cambridge, MA: Harvard University Press, 1925 (printing)."
urn:cts:greekLit:tlg0062.tlg048.perseus-eng2,Lucian of Samosata,De astrologia,Astrology,1936,check,gap,"Lucian, Vol. 5. Harmon, Austin Morris, editor. London: William Heinemann, Ltd.; Cambridge, MA: Harvard University Press, 1936 (printing)."
urn:cts:greekLit:tlg0062.tlg036.perseus-eng2,Lucian of Samosata,De luctu,On Funerals,1925,yes,gap,"Lucian, Vol. 4. Harmon, Austin Morris, editor. London: William Heinemann, Ltd.; Cambridge, MA: Harvard University Press, 1925 (printing)."
urn:cts:greekLit:tlg0062.tlg036.perseus-eng4,Lucian of Samosata,De luctu,Of Mourning,1905,yes,gap,"The Works of Lucian of Samosata, Vol. 3. Fowler, Henry Watson and Fowler, Francis George, translators. Oxford: Clarendon Press, 1905."
urn:cts:greekLit:tlg0062.tlg033.perseus-eng2,Lucian of Samosata,De mercede,On Salaried Posts in Great Houses,1921,yes,gap,"Lucian, Vol. 3. Harmon, Austin Morris, editor. London: William Heinemann, Ltd.; Cambridge, MA: Harvard University Press, 1921."
urn:cts:greekLit:tlg0062.tlg033.perseus-eng4,Lucian of Samosata,De mercede,The Dependent Scholar,1905,yes,gap,"The Works of Lucian of Samosata, Vol. 2. Fowler, Henry Watson and Fowler, Francis George, translators. Oxford: Clarendon Press, 1905."
urn:cts:greekLit:tlg0062.tlg030.perseus-eng2,Lucian of Samosata,De parasito sive artem esse parasiticam,The Parasite Tychiades,1921,yes,gap,"Lucian, Vol. 3. Harmon, Austin Morris, editor. London: William Heinemann, Ltd.; Cambridge, MA: Harvard University Press, 1921."
urn:cts:greekLit:tlg0062.tlg030.perseus-eng4,Lucian of Samosata,De parasito sive artem esse parasiticam,The Parasite: a Demonstration that Sponging is a Profession,1905,yes,gap,"The Works of Lucian of Samosata, Vol. 3. Fowler, Henry Watson and Fowler, Francis George, translators. Oxford: Clarendon Press, 1905."
urn:cts:greekLit:tlg0062.tlg045.perseus-eng2,Lucian of Samosata,De saltatione,The Dance,1936,check,gap,"Lucian, Vol. 5. Harmon, Austin Morris, editor. London: William Heinemann, Ltd.; Cambridge, MA: Harvard University Press, 1936 (printing)."
urn:cts:greekLit:tlg0062.tlg045.perseus-eng4,Lucian of Samosata,De saltatione,Of Pantomime,1905,yes,gap,"The Works of Lucian of Samosata, Vol. 2. Fowler, Henry Watson and Fowler, Francis George, translators. Oxford: Clarendon Press, 1905."
urn:cts:greekLit:tlg0062.tlg032.perseus-eng2,Lucian of Samosata,Dearum judicium,The Judgement of the Goddesses,1921,yes,gap,"Lucian, Vol. 3. Harmon, Austin Morris, editor. London: William Heinemann, Ltd.; Cambridge, MA: Harvard University Press, 1921."
urn:cts:greekLit:tlg0062.tlg008.perseus-eng2,Lucian of Samosata,Demonax,Demonax,1913,yes,gap,"Lucian, Vol. 1. Harmon, Austin Morris, editor. London: William Heinemann, Ltd.; Cambridge, MA: Harvard University Press, 1913."
urn:cts:greekLit:tlg0062.tlg008.perseus-eng4,Lucian of Samosata,Demonax,Life of Demonax,1905,yes,gap,"The Works of Lucian of Samosata, Vol. 3. Fowler, Henry Watson and Fowler, Francis George, translators. Oxford: Clarendon Press, 1905."
urn:cts:greekLit:tlg0062.tlg050.perseus-eng2,Lucian of Samosata,Deorum concilium,The Parliament of the Gods,1936,check,gap,"Lucian, Vol. 5. Harmon, Austin Morris, editor. London: William Heinemann, Ltd.; Cambridge, MA: Harvard University Press, 1936 (printing)."
urn:cts:greekLit:tlg0062.tlg050.perseus-eng4,Lucian of Samosata,Deorum concilium,The Gods in Council,1905,yes,gap,"The Works of Lucian of Samosata, Vol. 4. Fowler, Henry Watson and Fowler, Francis George, translators. Oxford: Clarendon Press, 1905."
urn:cts:greekLit:tlg0062.tlg067.perseus-eng3,Lucian of Samosata,Dialogi Marini,Dialogues of the Gods,1961,check,gap,"Lucian, Vol. 7. Macleod, Matthew Donald, translator. London: William Heinemann, Ltd.; Cambridge, MA: Harvard University Press, 1961 (unrenewed copyright)."
urn:cts:greekLit:tlg0062.tlg067.perseus-eng4,Lucian of Samosata,Dialogi Marini,Dialogues of the Sea-gods:,1905,yes,gap,"The Works of Lucian of Samosata, Vol. 1. Fowler, Henry Watson and Fowler, Francis George, translators. Oxford: Clarendon Press, 1905."
urn:cts:greekLit:tlg0062.tlg068.perseus-eng3,Lucian of Samosata,Dialogi deorum,Dialogues of the Gods,1961,check,gap,"Lucian, Vol. 7. Macleod, Matthew Donald, translator. London: William Heinemann, Ltd.; Cambridge, MA: Harvard University Press, 1961 (unrenewed copyright)."
urn:cts:greekLit:tlg0062.tlg068.perseus-eng4,Lucian of Samosata,Dialogi deorum,Dialogues of the Gods,1905,yes,gap,"The Works of Lucian of Samosata, Vol. 1. Fowler, Henry Watson and Fowler, Francis George, translators. Oxford: Clarendon Press, 1905."
urn:cts:greekLit:tlg0062.tlg069.perseus-eng3,Lucian of Samosata,Dialogi meretricii,Dialogues of the Courtesans,1961,check,gap,"Lucian, Vol. 7. Macleod, Matthew Donald, translator. London: William Heinemann, Ltd.; Cambridge, MA: Harvard University Press, 1961 (unrenewed copyright)."
urn:cts:greekLit:tlg0062.tlg069.perseus-eng4,Lucian of Samosata,Dialogi meretricii,Dialogues of the Hetaerae,1905,yes,gap,"The Works of Lucian of Samosata, Vol. 4. Fowler, Henry Watson and Fowler, Francis George, translators. Oxford: Clarendon Press, 1905."
urn:cts:greekLit:tlg0062.tlg066.perseus-eng3,Lucian of Samosata,Dialogi mortuorum,Dialogues of the Dead,1961,check,gap,"Lucian, Vol. 7. Macleod, Matthew Donald, translator. London: William Heinemann, Ltd.; Cambridge, MA: Harvard University Press, 1961 (unrenewed copyright)."
urn:cts:greekLit:tlg0062.tlg066.perseus-eng4,Lucian of Samosata,Dialogi mortuorum,Dialogues of the Dead,1905,yes,gap,"The Works of Lucian of Samosata, Vol. 1. Fowler, Henry Watson and Fowler, Francis George, translators. Oxford: Clarendon Press, 1905."
urn:cts:greekLit:tlg0062.tlg054.perseus-eng3,Lucian of Samosata,Dipsades,The Dipsads,1959,check,gap,"Lucian, Vol. 6. Kilburn, Kenneth, translator. London: William Heinemann, Ltd.; Cambridge, MA: Harvard University Press, 1959 (unrenewed copyright)."
urn:cts:greekLit:tlg0062.tlg054.perseus-eng4,Lucian of Samosata,Dipsades,"Dipsas, the Thirst-snake",1905,yes,gap,"The Works of Lucian of Samosata, Vol. 4. Fowler, Henry Watson and Fowler, Francis George, translators. Oxford: Clarendon Press, 1905."
urn:cts:greekLit:tlg0062.tlg005.perseus-eng2,Lucian of Samosata,Electrum,"Amber, or the Swan",1913,yes,gap,"Lucian, Vol. 1. Harmon, Austin Morris, editor. London: William Heinemann, Ltd.; Cambridge, MA: Harvard University Press, 1913."
urn:cts:greekLit:tlg0062.tlg005.perseus-eng4,Lucian of Samosata,Electrum,Swans and Amber,1905,yes,gap,"The Works of Lucian of Samosata, Vol. 3. Fowler, Henry Watson and Fowler, Francis George, translators. Oxford: Clarendon Press, 1905."
urn:cts:greekLit:tlg0062.tlg047.perseus-eng2,Lucian of Samosata,Eunuchus,The Eunuch,1936,check,gap,"Lucian, Vol. 5. Harmon, Austin Morris, editor. London: William Heinemann, Ltd.; Cambridge, MA: Harvard University Press, 1936 (printing)."
urn:cts:greekLit:tlg0062.tlg043.perseus-eng2,Lucian of Samosata,Fugitivi,The Runaways,1936,check,gap,"Lucian, Vol. 5. Harmon, Austin Morris, editor. London: William Heinemann, Ltd.; Cambridge, MA: Harvard University Press, 1936 (printing)."
urn:cts:greekLit:tlg0062.tlg043.perseus-eng4,Lucian of Samosata,Fugitivi,The Runaways,1905,yes,gap,"The Works of Lucian of Samosata, Vol. 4. Fowler, Henry Watson and Fowler, Francis George, translators. Oxford: Clarendon Press, 1905."
urn:cts:greekLit:tlg0062.tlg019.perseus-eng2,Lucian of Samosata,Gallus,"The Dream, or the Cock",1915,yes,gap,"Lucian, Vol. 2. Harmon, Austin Morris, editor. London: William Heinemann, Ltd.; Cambridge, MA: Harvard University Press, 1915."
urn:cts:greekLit:tlg0062.tlg019.perseus-eng4,Lucian of Samosata,Gallus,The Cock,1905,yes,gap,"The Works of Lucian of Samosata, Vol. 3. Fowler, Henry Watson and Fowler, Francis George, translators. Oxford: Clarendon Press, 1905."
urn:cts:greekLit:tlg0062.tlg019.perseus-eng5,Lucian of Samosata,Gallus,The Cock,1892,yes,gap,"Lucian. Selections from Lucian. Smith, Emily James, translator. New York: Harper Brothers, 1892."
urn:cts:greekLit:tlg0062.tlg060.perseus-eng3,Lucian of Samosata,Harmonides,Harmonides,1959,check,gap,"Lucian, Vol. 6. Kilburn, Kenneth, translator. London: William Heinemann, Ltd.; Cambridge, MA: Harvard University Press, 1959 (unrenewed copyright)."
urn:cts:greekLit:tlg0062.tlg060.perseus-eng4,Lucian of Samosata,Harmonides,Harmonides,1905,yes,gap,"The Works of Lucian of Samosata, Vol. 2. Fowler, Henry Watson and Fowler, Francis George, translators. Oxford: Clarendon Press, 1905."
urn:cts:greekLit:tlg0062.tlg004.perseus-eng2,Lucian of Samosata,Hercules,Heracles: an Introduction,1913,yes,gap,"Lucian, Vol. 1. Harmon, Austin Morris, editor. London: William Heinemann, Ltd.; Cambridge, MA: Harvard University Press, 1913."
urn:cts:greekLit:tlg0062.tlg004.perseus-eng4,Lucian of Samosata,Hercules,"Heracles, an Introductory Lecture",1905,yes,gap,"The Works of Lucian of Samosata, Vol. 3. Fowler, Henry Watson and Fowler, Francis George, translators. Oxford: Clarendon Press, 1905."
urn:cts:greekLit:tlg0062.tlg063.perseus-eng3,Lucian of Samosata,Hermotimus,The Scythian or Consul,1959,check,gap,"Lucian, Vol. 6. Kilburn, Kenneth, translator. London: William Heinemann, Ltd.; Cambridge, MA: Harvard University Press, 1959 (unrenewed copyright)."
urn:cts:greekLit:tlg0062.tlg063.perseus-eng4,Lucian of Samosata,Hermotimus,"Hermotimus, or the Rival Philosophies",1905,yes,gap,"The Works of Lucian of Samosata, Vol. 2. Fowler, Henry Watson and Fowler, Francis George, translators. Oxford: Clarendon Press, 1905."
urn:cts:greekLit:tlg0062.tlg056.perseus-eng3,Lucian of Samosata,Herodotus,Herodotus or Aëtion,1959,check,gap,"Lucian, Vol. 6. Kilburn, Kenneth, translator. London: William Heinemann, Ltd.; Cambridge, MA: Harvard University Press, 1959 (unrenewed copyright)."
urn:cts:greekLit:tlg0062.tlg056.perseus-eng4,Lucian of Samosata,Herodotus,Herodotus and Aetion,1905,yes,gap,"The Works of Lucian of Samosata, Vol. 2. Fowler, Henry Watson and Fowler, Francis George, translators. Oxford: Clarendon Press, 1905."
urn:cts:greekLit:tlg0062.tlg061.perseus-eng3,Lucian of Samosata,Hesiod,A conversation with Hesiod,1959,check,gap,"Lucian, Vol. 6. Kilburn, Kenneth, translator. London: William Heinemann, Ltd.; Cambridge, MA: Harvard University Press, 1959 (unrenewed copyright)."
urn:cts:greekLit:tlg0062.tlg061.perseus-eng4,Lucian of Samosata,Hesiod,A Word with Hesiod,1905,yes,gap,"The Works of Lucian of Samosata, Vol. 4. Fowler, Henry Watson and Fowler, Francis George, translators. Oxford: Clarendon Press, 1905."
urn:cts:greekLit:tlg0062.tlg002.perseus-eng2,Lucian of Samosata,Hippias,"Hippias, or the Bath",1913,yes,gap,"Lucian, Vol. 1. Harmon, Austin Morris, editor. London: William Heinemann, Ltd.; Cambridge, MA: Harvard University Press, 1913."
urn:cts:greekLit:tlg0062.tlg021.perseus-eng2,Lucian of Samosata,Icaromenippus,"Icaromenippus, or the Sky-man",1915,yes,gap,"Lucian, Vol. 2. Harmon, Austin Morris, editor. London: William Heinemann, Ltd.; Cambridge, MA: Harvard University Press, 1915."
urn:cts:greekLit:tlg0062.tlg021.perseus-eng4,Lucian of Samosata,Icaromenippus,"Icaromenippus, an Aerial Expedition",1905,yes,gap,"The Works of Lucian of Samosata, Vol. 3. Fowler, Henry Watson and Fowler, Francis George, translators. Oxford: Clarendon Press, 1905."
urn:cts:greekLit:tlg0062.tlg039.perseus-eng2,Lucian of Samosata,Imagines,Essays in Portraiture,1925,yes,gap,"Lucian, Vol. 4. Harmon, Austin Morris, editor. London: William Heinemann, Ltd.; Cambridge, MA: Harvard University Press, 1925 (printing)."
urn:cts:greekLit:tlg0062.tlg039.perseus-eng4,Lucian of Samosata,Imagines,A Portrait-study,1905,yes,gap,"The Works of Lucian of Samosata, Vol. 3. Fowler, Henry Watson and Fowler, Francis George, translators. Oxford: Clarendon Press, 1905."
urn:cts:greekLit:tlg0062.tlg014.perseus-eng2,Lucian of Samosata,Judicium vocalium,"The Consonants at Law Sigma Vs. Tau, in the Court of the Seven Vowels",1913,yes,gap,"Lucian, Vol. 1. Harmon, Austin Morris, editor. London: William Heinemann, Ltd.; Cambridge, MA: Harvard University Press, 1913."
urn:cts:greekLit:tlg0062.tlg014.perseus-eng4,Lucian of Samosata,Judicium vocalium,Trial in the Court of Vowels,1905,yes,gap,"The Works of Lucian of Samosata, Vol. 1. Fowler, Henry Watson and Fowler, Francis George, translators. Oxford: Clarendon Press, 1905."
urn:cts:greekLit:tlg0062.tlg017.perseus-eng2,Lucian of Samosata,Juppiter Confutatus,Zeus Catechized,1915,yes,gap,"Lucian, Vol. 2. Harmon, Austin Morris, editor. London: William Heinemann, Ltd.; Cambridge, MA: Harvard University Press, 1915."
urn:cts:greekLit:tlg0062.tlg017.perseus-eng4,Lucian of Samosata,Juppiter Confutatus,Zeus Cross-examined,1905,yes,gap,"The Works of Lucian of Samosata, Vol. 3. Fowler, Henry Watson and Fowler, Francis George, translators. Oxford: Clarendon Press, 1905."
urn:cts:greekLit:tlg0062.tlg018.perseus-eng2,Lucian of Samosata,Juppiter Tragoedus,Zeus Rants,1915,yes,gap,"Lucian, Vol. 2. Harmon, Austin Morris, editor. London: William Heinemann, Ltd.; Cambridge, MA: Harvard University Press, 1915."
urn:cts:greekLit:tlg0062.tlg018.perseus-eng4,Lucian of Samosata,Juppiter Tragoedus,Zeus Tragoedus,1905,yes,gap,"The Works of Lucian of Samosata, Vol. 3. Fowler, Henry Watson and Fowler, Francis George, translators. Oxford: Clarendon Press, 1905."
urn:cts:greekLit:tlg0062.tlg018.perseus-eng5,Lucian of Samosata,Juppiter Tragoedus,Zeus the Tragedian,1892,yes,gap,"Selections from Lucian. Smith, Emily James, translator. New York: Harper Brothers, 1892."
urn:cts:greekLit:tlg0062.tlg046.perseus-eng2,Lucian of Samosata,Lexiphanes,Lexiphanes,1936,check,gap,"Lucian, Vol. 5. Harmon, Austin Morris, editor. London: William Heinemann, Ltd.; Cambridge, MA: Harvard University Press, 1936 (printing)."
urn:cts:greekLit:tlg0062.tlg046.perseus-eng4,Lucian of Samosata,Lexiphanes,Lexiphanes,1905,yes,gap,"The Works of Lucian of Samosata, Vol. 2. Fowler, Henry Watson and Fowler, Francis George, translators. Oxford: Clarendon Press, 1905."
urn:cts:greekLit:tlg0062.tlg011.perseus-eng2,Lucian of Samosata,Macrobii,Octogenerians,1913,yes,gap,"Lucian, Vol. 1. Harmon, Austin Morris, editor. London: William Heinemann, Ltd.; Cambridge, MA: Harvard University Press, 1913."
urn:cts:greekLit:tlg0062.tlg006.perseus-eng2,Lucian of Samosata,Muscae Encomium,The Fly,1913,yes,gap,"Lucian, Vol. 1. Harmon, Austin Morris, editor. London: William Heinemann, Ltd.; Cambridge, MA: Harvard University Press, 1913."
urn:cts:greekLit:tlg0062.tlg006.perseus-eng4,Lucian of Samosata,Muscae Encomium,"The Fly, an Appreciation",1905,yes,gap,"The Works of Lucian of Samosata. Vol. 3. Fowler, Henry Watson and Fowler, Francis George, translators. Oxford: Clarendon Press, 1905."
urn:cts:greekLit:tlg0062.tlg065.perseus-eng3,Lucian of Samosata,Navigium,The ship or the wishes,1959,check,gap,"Lucian, Vol. 6. Kilburn, Kenneth, translator. London: William Heinemann, Ltd.; Cambridge, MA: Harvard University Press, 1959 (unrenewed copyright)."
urn:cts:greekLit:tlg0062.tlg065.perseus-eng4,Lucian of Samosata,Navigium,"The Ship: Or, the Wishes",1905,yes,gap,"The Works of Lucian of Samosata, Vol. 4. Fowler, Henry Watson and Fowler, Francis George, translators. Oxford: Clarendon Press, 1905."
urn:cts:greekLit:tlg0062.tlg035.perseus-eng2,Lucian of Samosata,Necyomantia,"Menippus, or the Descent Into Hades",1925,yes,gap,"Lucian, Vol. 4. Harmon, Austin Morris, editor. London: William Heinemann, Ltd.; Cambridge, MA: Harvard University Press, 1925 (printing)."
urn:cts:greekLit:tlg0062.tlg035.perseus-eng4,Lucian of Samosata,Necyomantia,Menippus,1905,yes,gap,"The Works of Lucian of Samosata, Vol. 1. Fowler, Henry Watson and Fowler, Francis George, translators. Oxford: Clarendon Press, 1905."
urn:cts:greekLit:tlg0062.tlg007.perseus-eng2,Lucian of Samosata,Nigrinus,Nigrinus,1913,yes,gap,"Lucian, Vol. 1. Harmon, Austin Morris, editor. London: William Heinemann, Ltd.; Cambridge, MA: Harvard University Press, 1913."
urn:cts:greekLit:tlg0062.tlg007.perseus-eng4,Lucian of Samosata,Nigrinus,Nigrinus,1905,yes,gap,"The Works of Lucian of Samosata, Vol. 1. Fowler, Henry Watson and Fowler, Francis George, translators. Oxford: Clarendon Press, 1905."
urn:cts:greekLit:tlg0062.tlg010.perseus-eng2,Lucian of Samosata,Patriae encomium,My Native Land,1913,yes,gap,"Lucian, Vol. 1. Harmon, Austin Morris, editor. London: William Heinemann, Ltd.; Cambridge, MA: Harvard University Press, 1913."
urn:cts:greekLit:tlg0062.tlg010.perseus-eng4,Lucian of Samosata,Patriae encomium,Patriotism,1905,yes,gap,"The Works of Lucian of Samosata, Vol. 4. Fowler, Henry Watson and Fowler, Francis George, translators. Oxford: Clarendon Press, 1905."
urn:cts:greekLit:tlg0062.tlg001.perseus-eng2,Lucian of Samosata,Phalaris,Phalaris,1913,yes,gap,"Lucian, Vol. 1. Harmon, Austin Morris, editor. London: William Heinemann, Ltd.; Cambridge, MA: Harvard University Press, 1913."
urn:cts:greekLit:tlg0062.tlg001.perseus-eng4,Lucian of Samosata,Phalaris,"Phalaris, I",1905,yes,gap,"The Works of Lucian of Samosata, Vol. 2. Fowler, Henry Watson and Fowler, Francis George, translators. Oxford: Clarendon Press, 1905."
urn:cts:greekLit:tlg0062.tlg031.perseus-eng2,Lucian of Samosata,Philopseudes sive incredulus,"The Lover of Lies, or the Doubter Tychiades",1921,yes,gap,"Lucian, Vol. 3. Harmon, Austin Morris, editor. London: William Heinemann, Ltd.; Cambridge, MA: Harvard University Press, 1921."
urn:cts:greekLit:tlg0062.tlg031.perseus-eng4,Lucian of Samosata,Philopseudes sive incredulus,The Liar,1905,yes,gap,"The Works of Lucian of Samosata, Vol. 3. Fowler, Henry Watson and Fowler, Francis George, translators. Oxford: Clarendon Press, 1905."
urn:cts:greekLit:tlg0062.tlg025.perseus-eng2,Lucian of Samosata,Piscator,"The Dead Come to Life, or the Fisherman",1921,yes,gap,"Lucian, Vol. 3. Harmon, Austin Morris, editor. London: William Heinemann, Ltd.; Cambridge, MA: Harvard University Press, 1921."
urn:cts:greekLit:tlg0062.tlg025.perseus-eng4,Lucian of Samosata,Piscator,The Fisher,1905,yes,gap,"The Works of Lucian of Samosata, Vol. 1. Fowler, Henry Watson and Fowler, Francis George, translators. Oxford: Clarendon Press, 1905."
urn:cts:greekLit:tlg0062.tlg040.perseus-eng2,Lucian of Samosata,Pro imaginibus,Essays in Portraiture Defended,1925,yes,gap,"Lucian, Vol. 4. Harmon, Austin Morris, editor. London: William Heinemann, Ltd.; Cambridge, MA: Harvard University Press, 1925 (printing)."
urn:cts:greekLit:tlg0062.tlg040.perseus-eng4,Lucian of Samosata,Pro imaginibus,Defence of the ‘portrait-study’,1905,yes,gap,"The Works of Lucian of Samosata, Vol. 3. Fowler, Henry Watson and Fowler, Francis George, translators. Oxford: Clarendon Press, 1905."
urn:cts:greekLit:tlg0062.tlg058.perseus-eng3,Lucian of Samosata,Pro lapsu inter salutandum,A Slip of the Tongue in Greeting,1959,check,gap,"Lucian, Vol. 6. Kilburn, Kenneth, translator. London: William Heinemann, Ltd.; Cambridge, MA: Harvard University Press, 1959 (unrenewed copyright)."
urn:cts:greekLit:tlg0062.tlg058.perseus-eng4,Lucian of Samosata,Pro lapsu inter salutandum,A Slip of the Tongue in Salutation,1905,yes,gap,"The Works of Lucian of Samosata, Vol. 2. Fowler, Henry Watson and Fowler, Francis George, translators. Oxford: Clarendon Press, 1905."
urn:cts:greekLit:tlg0062.tlg020.perseus-eng2,Lucian of Samosata,Prometheus,Prometheus,1915,yes,gap,"Lucian, Vol. 2. Harmon, Austin Morris, editor. London: William Heinemann, Ltd.; Cambridge, MA: Harvard University Press, 1915."
urn:cts:greekLit:tlg0062.tlg020.perseus-eng4,Lucian of Samosata,Prometheus,Prometheus on Caucasus,1905,yes,gap,"The Works of Lucian of Samosata, Vol. 1. Fowler, Henry Watson and Fowler, Francis George, translators. Oxford: Clarendon Press, 1905."
urn:cts:greekLit:tlg0062.tlg064.perseus-eng3,Lucian of Samosata,Prometheus es in verbis,"To one who said ""You're a Prometheus in words.""",1959,check,gap,"Lucian, Vol. 6. Kilburn, Kenneth, translator. London: William Heinemann, Ltd.; Cambridge, MA: Harvard University Press, 1959 (unrenewed copyright)."
urn:cts:greekLit:tlg0062.tlg064.perseus-eng4,Lucian of Samosata,Prometheus es in verbis,A Literary Prometheus,1905,yes,gap,"The Works of Lucian of Samosata, Vol. 1. Fowler, Henry Watson and Fowler, Francis George, translators. Oxford: Clarendon Press, 1905."
urn:cts:greekLit:tlg0062.tlg049.perseus-eng2,Lucian of Samosata,Pseudologista,"The Mistaken Critic, or a Discourse on the Word",1936,check,gap,"Lucian, Vol. 5. Harmon, Austin Morris, editor. London: William Heinemann, Ltd.; Cambridge, MA: Harvard University Press, 1936 (printing)."
urn:cts:greekLit:tlg0062.tlg053.perseus-eng3,Lucian of Samosata,Quomodo historia conscribenda sit,How to write history,1959,check,gap,"Lucian, Vol. 6. Kilburn, Kenneth, translator. London: William Heinemann, Ltd.; Cambridge, MA: Harvard University Press, 1959 (unrenewed copyright)."
urn:cts:greekLit:tlg0062.tlg053.perseus-eng4,Lucian of Samosata,Quomodo historia conscribenda sit,The Way To Write History,1905,yes,gap,"The Works of Lucian of Samosata, Vol. 2. Fowler, Henry Watson and Fowler, Francis George, translators. Oxford: Clarendon Press, 1905."
urn:cts:greekLit:tlg0062.tlg037.perseus-eng2,Lucian of Samosata,Rhetorum praeceptor,A Professor of Public Speaking,1925,yes,gap,"Lucian, Vol. 4. Harmon, Austin Morris, editor. London: William Heinemann, Ltd.; Cambridge, MA: Harvard University Press, 1925 (printing)."
urn:cts:greekLit:tlg0062.tlg037.perseus-eng4,Lucian of Samosata,Rhetorum praeceptor,The Rhetorician’s Vade Mecum,1905,yes,gap,"The Works of Lucian of Samosata, Vol. 3. Fowler, Henry Watson and Fowler, Francis George, translators. Oxford: Clarendon Press, 1905."
urn:cts:greekLit:tlg0062.tlg055.perseus-eng3,Lucian of Samosata,Saturnalia,A Conversation with Cronus,1959,check,gap,"Lucian, Vol. 6. Kilburn, Kenneth, translator. London: William Heinemann, Ltd.; Cambridge, MA: Harvard University Press, 1959 (unrenewed copyright)."
urn:cts:greekLit:tlg0062.tlg055.perseus-eng4,Lucian of Samosata,Saturnalia,Saturnalia,1905,yes,gap,"The Works of Lucian of Samosata, Vol. 4. Fowler, Henry Watson and Fowler, Francis George, translators. Oxford: Clarendon Press, 1905."
urn:cts:greekLit:tlg0062.tlg062.perseus-eng3,Lucian of Samosata,Scytha,The Scythian or Consul,1959,check,gap,"Lucian, Vol. 6. Kilburn, Kenneth, translator. London: William Heinemann, Ltd.; Cambridge, MA: Harvard University Press, 1959 (unrenewed copyright)."
urn:cts:greekLit:tlg0062.tlg062.perseus-eng4,Lucian of Samosata,Scytha,The Scythian,1905,yes,gap,"The Works of Lucian of Samosata, Vol. 2. Fowler, Henry Watson and Fowler, Francis George, translators. Oxford: Clarendon Press, 1905."
urn:cts:greekLit:tlg0062.tlg070.perseus-eng4,Lucian of Samosata,Soleocista,The Purist Purized,1905,yes,gap,"The Works of Lucian of Samosata, Vol. 4. Fowler, Henry Watson and Fowler, Francis George, translators. Oxford: Clarendon Press, 1905."
urn:cts:greekLit:tlg0062.tlg029.perseus-eng2,Lucian of Samosata,Somnium sive vita Luciani,The Dream or Lucian’s Career,1921,yes,gap,"Lucian, Vol. 3. Harmon, Austin Morris, editor. London: William Heinemann, Ltd.; Cambridge, MA: Harvard University Press, 1921."
urn:cts:greekLit:tlg0062.tlg029.perseus-eng4,Lucian of Samosata,Somnium sive vita Luciani,A Chapter of Autobiography,1905,yes,gap,"The Works of Lucian of Samosata, Vol. 1. Fowler, Henry Watson and Fowler, Francis George, translators. Oxford: Clarendon Press, 1905."
urn:cts:greekLit:tlg0062.tlg029.perseus-eng5,Lucian of Samosata,Somnium sive vita Luciani,The Dream,1892,yes,gap,"Lucian. Selections from Lucian. Smith, Emily James, translator. New York: Harper Brothers, 1892."
urn:cts:greekLit:tlg0062.tlg015.perseus-eng2,Lucian of Samosata,Symposium,"The Carousal, or the Lapiths",1913,yes,gap,"Lucian, Vol. 1. Harmon, Austin Morris, editor. London: William Heinemann, Ltd.; Cambridge, MA: Harvard University Press, 1913."
urn:cts:greekLit:tlg0062.tlg015.perseus-eng4,Lucian of Samosata,Symposium,A Feast of Lapithae,1905,yes,gap,"The Works of Lucian of Samosata, Vol. 4. Fowler, Henry Watson and Fowler, Francis George, translators. Oxford: Clarendon Press, 1905."
urn:cts:greekLit:tlg0062.tlg022.perseus-eng2,Lucian of Samosata,Timon,"Timon, or the Misanthrope",1915,yes,gap,"Lucian, Vol. 2. Harmon, Austin Morris, editor. London: William Heinemann, Ltd.; Cambridge, MA: Harvard University Press, 1915."
urn:cts:greekLit:tlg0062.tlg022.perseus-eng4,Lucian of Samosata,Timon,Timon the Misanthrope,1905,yes,gap,"The Works of Lucian of Samosata, Vol. 1. Fowler, Henry Watson and Fowler, Francis George, translators. Oxford: Clarendon Press, 1905."
urn:cts:greekLit:tlg0062.tlg044.perseus-eng2,Lucian of Samosata,Toxaris vel amicitia,"Toxaris, or Friendship",1936,check,gap,"Lucian, Vol. 5. Harmon, Austin Morris, editor. London: William Heinemann, Ltd.; Cambridge, MA: Harvard University Press, 1936 (printing)."
urn:cts:greekLit:tlg0062.tlg044.perseus-eng4,Lucian of Samosata,Toxaris vel amicitia,Toxaris: a Dialogue of Friendship,1905,yes,gap,"The Works of Lucian of Samosata, Vol. 3. Fowler, Henry Watson and Fowler, Francis George, translators. Oxford: Clarendon Press, 1905."
urn:cts:greekLit:tlg0062.tlg044.perseus-eng5,Lucian of Samosata,Toxaris vel amicitia,"Toxaris; Or, Friendship",1892,yes,gap,"Selections from Lucian. Smith, Emily James, translator. New York: Harper Brothers, 1892."
urn:cts:greekLit:tlg0062.tlg051.perseus-eng2,Lucian of Samosata,Tyrannicida,The Tyrannicide,1936,check,gap,"Lucian, Vol. 5. Harmon, Austin Morris, editor. London: William Heinemann, Ltd.; Cambridge, MA: Harvard University Press, 1936 (printing)."
urn:cts:greekLit:tlg0062.tlg051.perseus-eng4,Lucian of Samosata,Tyrannicida,The Tyrannicide,1905,yes,gap,"The Works of Lucian of Samosata, Vol. 2. Fowler, Henry Watson and Fowler, Francis George, translators. Oxford: Clarendon Press, 1905."
urn:cts:greekLit:tlg0062.tlg012.perseus-eng2,Lucian of Samosata,Verae historiae,A True Story,1913,yes,gap,"Lucian, Vol. 1. Harmon, Austin Morris, editor. London: William Heinemann, Ltd.; Cambridge, MA: Harvard University Press, 1913."
urn:cts:greekLit:tlg0062.tlg012.perseus-eng4,Lucian of Samosata,Verae historiae,The True History,1905,yes,gap,"The Works of Lucian of Samosata, Vol. 2. Fowler, Henry Watson and Fowler, Francis George, translators. Oxford: Clarendon Press, 1905."
urn:cts:greekLit:tlg0062.tlg012.perseus-eng5,Lucian of Samosata,Verae historiae,A True History,1892,yes,gap,"Selections from Lucian. Smith, Emily James, translator. New York; Harper Brothers, 1892."
urn:cts:greekLit:tlg0062.tlg024.perseus-eng2,Lucian of Samosata,Vitarum auctio,Philosophies for Sale,1915,yes,gap,"Lucian, Vol. 2. Harmon, Austin Morris, editor. London: William Heinemann, Ltd.; Cambridge, MA: Harvard University Press, 1915."
urn:cts:greekLit:tlg0062.tlg024.perseus-eng4,Lucian of Samosata,Vitarum auctio,Sale of Creeds,1905,yes,gap,"The Works of Lucian of Samosata, Vol. 1. Fowler, Henry Watson and Fowler, Francis George, translators. Oxford: Clarendon Press, 1905."
urn:cts:greekLit:tlg0062.tlg024.perseus-eng5,Lucian of Samosata,Vitarum auctio,The Sale of Lives,1892,yes,gap,"Lucian. Selections from Lucian. Smith, Emily James, translator. New York: Harper Brothers, 1892."
urn:cts:greekLit:tlg0062.tlg057.perseus-eng3,Lucian of Samosata,Zeuxis,Zeuxis or Antiochus,1959,check,gap,"Lucian, Vol. 6. Kilburn, Kenneth, translator. London: William Heinemann, Ltd.; Cambridge, MA: Harvard University Press, 1959 (unrenewed copyright)."
urn:cts:greekLit:tlg0062.tlg057.perseus-eng4,Lucian of Samosata,Zeuxis,Zeuxis and Antiochus,1905,yes,gap,"The Works of Lucian of Samosata, Vol. 2. Fowler, Henry Watson and Fowler, Francis George, translators. Oxford: Clarendon Press, 1905."
urn:cts:latinLit:phi0550.phi001.perseus-eng1,Lucretius,De Rerum Natura,De Rerum Natura,1916,yes,gap,Lucretius. De Rerum Natura. William Ellery Leonard. E. P. Dutton. 1916.
urn:cts:greekLit:tlg0540.tlg008.perseus-eng2,Lysias,Accusation of Calumny,Accusation of Calumny,1930,yes,gap,"Lysias. Lamb, W.R.M., translator. Cambridge, MA: Harvard University Press; London: William Heinemann Ltd., 1930."
urn:cts:greekLit:tlg0540.tlg013.perseus-eng2,Lysias,Against Agoratus,Against Agoratus,1930,yes,gap,"Lysias. Lamb, W.R.M., translator. Cambridge, MA: Harvard University Press; London: William Heinemann Ltd., 1930."
urn:cts:greekLit:tlg0540.tlg014.perseus-eng2,Lysias,Against Alcibiades 1,Against Alcibiades 1,1930,yes,gap,"Lysias. Lamb, W.R.M., translator. Cambridge, MA: Harvard University Press; London: William Heinemann Ltd., 1930."
urn:cts:greekLit:tlg0540.tlg015.perseus-eng2,Lysias,Against Alcibiades: For Refusal of Military Service,Against Alcibiades 2,1930,yes,gap,"Lysias. Lamb, W.R.M., translator. Cambridge, MA: Harvard University Press; London: William Heinemann Ltd., 1930."
urn:cts:greekLit:tlg0540.tlg006.perseus-eng2,Lysias,Against Andocides,Against Andocides,1930,yes,gap,"Lysias. Lamb, W.R.M., translator. Cambridge, MA: Harvard University Press; London: William Heinemann Ltd., 1930."
urn:cts:greekLit:tlg0540.tlg032.perseus-eng2,Lysias,Against Diogeiton,Against Diogeiton,1930,yes,gap,"Lysias. Lamb, W.R.M., translator. Cambridge, MA: Harvard University Press; London: William Heinemann Ltd., 1930."
urn:cts:greekLit:tlg0540.tlg027.perseus-eng2,Lysias,Against Epicrates and his Fellow-envoys: Supplementary,Against Epicrates and his Fellow-envoys,1930,yes,gap,"Lysias. Lamb, W.R.M., translator. Cambridge, MA: Harvard University Press; London: William Heinemann Ltd., 1930."
urn:cts:greekLit:tlg0540.tlg012.perseus-eng2,Lysias,"Against Eratosthenes, who had been One of the Thirty: Spoken by Lysias Himself",Against Eratosthenes,1930,yes,gap,"Lysias. Lamb, W.R.M., translator. Cambridge, MA: Harvard University Press; London: William Heinemann Ltd., 1930."
urn:cts:greekLit:tlg0540.tlg028.perseus-eng2,Lysias,Against Ergocles,Against Ergocles,1930,yes,gap,"Lysias. Lamb, W.R.M., translator. Cambridge, MA: Harvard University Press; London: William Heinemann Ltd., 1930."
urn:cts:greekLit:tlg0540.tlg030.perseus-eng2,Lysias,Against Nicomachus,Against Nicomachus,1930,yes,gap,"Lysias. Lamb, W.R.M., translator. Cambridge, MA: Harvard University Press; London: William Heinemann Ltd., 1930."
urn:cts:greekLit:tlg0540.tlg023.perseus-eng2,Lysias,"Against Pancleon, Showing that He was not a Plataean",Against Pancleon,1930,yes,gap,"Lysias. Lamb, W.R.M., translator. Cambridge, MA: Harvard University Press; London: William Heinemann Ltd., 1930."
urn:cts:greekLit:tlg0540.tlg029.perseus-eng2,Lysias,Against Philocrates: Supplementary,Against Philocrates,1930,yes,gap,"Lysias. Lamb, W.R.M., translator. Cambridge, MA: Harvard University Press; London: William Heinemann Ltd., 1930."
urn:cts:greekLit:tlg0540.tlg031.perseus-eng2,Lysias,Against Philon,Against Philon,1930,yes,gap,"Lysias. Lamb, W.R.M., translator. Cambridge, MA: Harvard University Press; London: William Heinemann Ltd., 1930."
urn:cts:greekLit:tlg0540.tlg003.perseus-eng2,Lysias,Against Simon,Against Simon,1930,yes,gap,"Lysias. Lamb, W.R.M., translator. Cambridge, MA: Harvard University Press; London: William Heinemann Ltd., 1930."
urn:cts:greekLit:tlg0540.tlg022.perseus-eng2,Lysias,Against The Corn-Dealers,Against The Corn-Dealers,1930,yes,gap,"Lysias. Lamb, W.R.M., translator. Cambridge, MA: Harvard University Press; London: William Heinemann Ltd., 1930."
urn:cts:greekLit:tlg0540.tlg034.perseus-eng2,Lysias,Against The Subversion of the Ancestral Constitution of Athens,Against The Subversion of the Ancestral Constitution,1930,yes,gap,"Lysias. Lamb, W.R.M., translator. Cambridge, MA: Harvard University Press; London: William Heinemann Ltd., 1930."
urn:cts:greekLit:tlg0540.tlg010.perseus-eng2,Lysias,Against Theomnestus 1,Against Theomnestus 1,1930,yes,gap,"Lysias. Lamb, W.R.M., translator. Cambridge, MA: Harvard University Press; London: William Heinemann Ltd., 1930."
urn:cts:greekLit:tlg0540.tlg011.perseus-eng2,Lysias,Against Theomnestus 2,Against Theomnestus 2,1930,yes,gap,"Lysias. Lamb, W.R.M., translator. Cambridge, MA: Harvard University Press; London: William Heinemann Ltd., 1930."
urn:cts:greekLit:tlg0540.tlg021.perseus-eng2,Lysias,Defense Against A Charge Of Taking Bribes: Undesignated,Defense Against A Charge Of Taking Bribes,1930,yes,gap,"Lysias. Lamb, W.R.M., translator. Cambridge, MA: Harvard University Press; London: William Heinemann Ltd., 1930."
urn:cts:greekLit:tlg0540.tlg025.perseus-eng2,Lysias,Defense Against a Charge of Subverting the Democracy,Defense Against a Charge of Subverting the Democracy,1930,yes,gap,"Lysias. Lamb, W.R.M., translator. Cambridge, MA: Harvard University Press; London: William Heinemann Ltd., 1930."
urn:cts:greekLit:tlg0540.tlg005.perseus-eng2,Lysias,For Callias,For Callias,1930,yes,gap,"Lysias. Lamb, W.R.M., translator. Cambridge, MA: Harvard University Press; London: William Heinemann Ltd., 1930."
urn:cts:greekLit:tlg0540.tlg020.perseus-eng2,Lysias,For Polystratus,For Polystratus,1930,yes,gap,"Lysias. Lamb, W.R.M., translator. Cambridge, MA: Harvard University Press; London: William Heinemann Ltd., 1930."
urn:cts:greekLit:tlg0540.tlg009.perseus-eng2,Lysias,For The Soldier,For The Soldier,1930,yes,gap,"Lysias. Lamb, W.R.M., translator. Cambridge, MA: Harvard University Press; London: William Heinemann Ltd., 1930."
urn:cts:greekLit:tlg0540.tlg002.perseus-eng2,Lysias,Funeral Oration,Funeral Oration,1930,yes,gap,"Lysias. Lamb, W.R.M., translator. Cambridge, MA: Harvard University Press; London: William Heinemann Ltd., 1930."
urn:cts:greekLit:tlg0540.tlg016.perseus-eng2,Lysias,In Defense of Mantitheus,In Defense of Mantitheus,1930,yes,gap,"Lysias. Lamb, W.R.M., translator. Cambridge, MA: Harvard University Press; London: William Heinemann Ltd., 1930."
urn:cts:greekLit:tlg0540.tlg033.perseus-eng2,Lysias,Olympic Oration,Olympic Oration,1930,yes,gap,"Lysias. Lamb, W.R.M., translator. Cambridge, MA: Harvard University Press; London: William Heinemann Ltd., 1930."
urn:cts:greekLit:tlg0540.tlg004.perseus-eng2,Lysias,On A Wound By Premeditation,On A Wound By Premeditation,1930,yes,gap,"Lysias. Lamb, W.R.M., translator. Cambridge, MA: Harvard University Press; London: William Heinemann Ltd., 1930."
urn:cts:greekLit:tlg0540.tlg017.perseus-eng2,Lysias,On The Property Of Eraton: Against the Treasury,On The Property Of Eraton,1930,yes,gap,"Lysias. Lamb, W.R.M., translator. Cambridge, MA: Harvard University Press; London: William Heinemann Ltd., 1930."
urn:cts:greekLit:tlg0540.tlg024.perseus-eng2,Lysias,On The Refusal Of A Pension,On The Refusal Of A Pension,1930,yes,gap,"Lysias. Lamb, W.R.M., translator. Cambridge, MA: Harvard University Press; London: William Heinemann Ltd., 1930."
urn:cts:greekLit:tlg0540.tlg018.perseus-eng2,Lysias,On the Confiscation of the Property Of The Brother Of Nicias: Peroration,On the Confiscation of the Property Of The Brother Of Nicias,1930,yes,gap,"Lysias. Lamb, W.R.M., translator. Cambridge, MA: Harvard University Press; London: William Heinemann Ltd., 1930."
urn:cts:greekLit:tlg0540.tlg001.perseus-eng2,Lysias,On the Murder of Eratosthenes,On the Murder of Eratosthenes,1930,yes,gap,"Lysias. Lamb, W.R.M., translator. Cambridge, MA: Harvard University Press; London: William Heinemann Ltd., 1930."
urn:cts:greekLit:tlg0540.tlg007.perseus-eng2,Lysias,On the Olive Stump,On the Olive Stump,1930,yes,gap,"Lysias. Lamb, W.R.M., translator. Cambridge, MA: Harvard University Press; London: William Heinemann Ltd., 1930."
urn:cts:greekLit:tlg0540.tlg019.perseus-eng2,Lysias,On the Property of Aristophanes,On the Property of Aristophanes,1930,yes,gap,"Lysias. Lamb, W.R.M., translator. Cambridge, MA: Harvard University Press; London: William Heinemann Ltd., 1930."
urn:cts:greekLit:tlg0540.tlg026.perseus-eng2,Lysias,On the Scrutiny of Evandros,On the Scrutiny of Evandros,1930,yes,gap,"Lysias. Lamb, W.R.M., editor. Cambridge, MA: Harvard University Press; London: William Heinemann Ltd., 1930."
urn:cts:greekLit:tlg1484.tlg001.perseus-eng1,Martyrium Polycarpi,The Martyrdom of Polycarp,"The Martydom of St. Polycarp, Bishop of Smyrna",1913,yes,gap,"The Martydom of Polycarp. The Apostolic Fathers with an English translation by Kirsopp Lake. In Two Volumes. Vol. II. Cambridge, MA: Harvard University Press; London: William Heinemann Ltd. 1913"
urn:cts:greekLit:tlg0031.tlg021.perseus-eng2,New Testament,1 Peter,1 Peter,1901,yes (WEB: public-domain dedication),gap,"Rainbow Missions, Inc. World English Bible. Rainbow Missions, Inc.; revision of the American Standard Version of 1901. http://ebible.org/bible/web."
urn:cts:greekLit:tlg0031.tlg024.perseus-eng2,New Testament,2 John,2 John,1901,yes (WEB: public-domain dedication),gap,"Rainbow Missions, Inc. World English Bible. Rainbow Missions, Inc.; revision of the American Standard Version of 1901. http://ebible.org/bible/web."
urn:cts:greekLit:tlg0031.tlg005.perseus-eng2,New Testament,Acts,Acts,2024,yes (WEB: public-domain dedication),gap,"World English Bible. Revision of the American Standard Version of 1901. Rainbow Missions, Inc., 2000-2024."
urn:cts:greekLit:tlg0031.tlg027.perseus-eng2,New Testament,Book of Revelation,Revelation,1901,yes (WEB: public-domain dedication),gap,"Rainbow Missions, Inc. World English Bible. Rainbow Missions, Inc.; revision of the American Standard Version of 1901. http://ebible.org/bible/web."
urn:cts:greekLit:tlg0031.tlg020.perseus-eng2,New Testament,Epistle of James,James,1901,yes (WEB: public-domain dedication),gap,"Rainbow Missions, Inc. World English Bible. Rainbow Missions, Inc.; revision of the American Standard Version of 1901. http://ebible.org/bible/web."
urn:cts:greekLit:tlg0031.tlg026.perseus-eng2,New Testament,Epistle of Jude,Jude,1901,yes (WEB: public-domain dedication),gap,"Rainbow Missions, Inc. World English Bible. Rainbow Missions, Inc.; revision of the American Standard Version of 1901. http://ebible.org/bible/web."
urn:cts:greekLit:tlg0031.tlg018.perseus-eng2,New Testament,Epistle to Philemon,Philemon,1901,yes (WEB: public-domain dedication),gap,"Rainbow Missions, Inc. World English Bible. Rainbow Missions, Inc.; revision of the American Standard Version of 1901. http://ebible.org/bible/web."
urn:cts:greekLit:tlg0031.tlg010.perseus-eng2,New Testament,Epistle to the Ephesians,Ephesians,2024,yes (WEB: public-domain dedication),gap,"World English Bible. Revision of the American Standard Version of 1901. Rainbow Missions, Inc., 2000-2024."
urn:cts:greekLit:tlg0031.tlg007.perseus-eng2,New Testament,First Corinthians,1 Corinthians,2024,yes (WEB: public-domain dedication),gap,"World English Bible. Revision of the American Standard Version of 1901. Rainbow Missions, Inc., 2000-2024."
urn:cts:greekLit:tlg0031.tlg023.perseus-eng2,New Testament,First Letter of John,1 John,1901,yes (WEB: public-domain dedication),gap,"Rainbow Missions, Inc. World English Bible. Rainbow Missions, Inc.; revision of the American Standard Version of 1901. http://ebible.org/bible/web."
urn:cts:greekLit:tlg0031.tlg013.perseus-eng2,New Testament,First Letter to the Thessalonians,1 Thessalonians,2024,yes (WEB: public-domain dedication),gap,"World English Bible. Revision of the American Standard Version of 1901. Rainbow Missions, Inc., 2000-2024."
urn:cts:greekLit:tlg0031.tlg015.perseus-eng2,New Testament,First Timothy,1 Timothy,1901,yes (WEB: public-domain dedication),gap,"Rainbow Missions, Inc. World English Bible. Rainbow Missions, Inc.; revision of the American Standard Version of 1901. http://ebible.org/bible/web."
urn:cts:greekLit:tlg0031.tlg009.perseus-eng2,New Testament,Galatians,Galatians,2024,yes (WEB: public-domain dedication),gap,"World English Bible. Revision of the American Standard Version of 1901. Rainbow Missions, Inc., 2000-2024."
urn:cts:greekLit:tlg0031.tlg004.perseus-eng2,New Testament,Gospel according to John,John,2024,yes (WEB: public-domain dedication),gap,"World English Bible. Revision of the American Standard Version of 1901. Rainbow Missions, Inc., 2000-2024."
urn:cts:greekLit:tlg0031.tlg001.perseus-eng2,New Testament,Gospel of Matthew,Matthew,2024,yes (WEB: public-domain dedication),gap,"World English Bible. Revision of the American Standard Version of 1901. Rainbow Missions, Inc., 2000-2024."
urn:cts:greekLit:tlg0031.tlg019.perseus-eng2,New Testament,Hebrews,Hebrews,1901,yes (WEB: public-domain dedication),gap,"Rainbow Missions, Inc. World English Bible. Rainbow Missions, Inc.; revision of the American Standard Version of 1901. http://ebible.org/bible/web."
urn:cts:greekLit:tlg0031.tlg017.perseus-eng2,New Testament,Letter of Paul to Titus,Titus,1901,yes (WEB: public-domain dedication),gap,"Rainbow Missions, Inc. World English Bible. Rainbow Missions, Inc.; revision of the American Standard Version of 1901. http://ebible.org/bible/web."
urn:cts:greekLit:tlg0031.tlg012.perseus-eng2,New Testament,Letter to the Colossians,Colossians,2024,yes (WEB: public-domain dedication),gap,"World English Bible. Revision of the American Standard Version of 1901. Rainbow Missions, Inc., 2000-2024."
urn:cts:greekLit:tlg0031.tlg006.perseus-eng2,New Testament,Letter to the Romans,Romans,2024,yes (WEB: public-domain dedication),gap,"World English Bible. Revision of the American Standard Version of 1901. Rainbow Missions, Inc., 2000-2024."
urn:cts:greekLit:tlg0031.tlg003.perseus-eng2,New Testament,Luke,Luke,2024,yes (WEB: public-domain dedication),gap,"World English Bible. Revision of the American Standard Version of 1901. Rainbow Missions, Inc., 2000-2024."
urn:cts:greekLit:tlg0031.tlg002.perseus-eng2,New Testament,Mark,Mark,2024,yes (WEB: public-domain dedication),gap,"World English Bible. Revision of the American Standard Version of 1901. Rainbow Missions, Inc., 2000-2024."
urn:cts:greekLit:tlg0031.tlg011.perseus-eng2,New Testament,Philippians,Philippians,1901,yes (WEB: public-domain dedication),gap,"Rainbow Missions, Inc. World English Bible. Rainbow Missions, Inc.; revision of the American Standard Version of 1901. http://ebible.org/bible/web."
urn:cts:greekLit:tlg0031.tlg022.perseus-eng2,New Testament,Second Epistle of Peter,2 Peter,1901,yes (WEB: public-domain dedication),gap,"Rainbow Missions, Inc. World English Bible. Rainbow Missions, Inc.; revision of the American Standard Version of 1901. http://ebible.org/bible/web."
urn:cts:greekLit:tlg0031.tlg016.perseus-eng2,New Testament,Second Letter to Timothy,2 Timothy,1901,yes (WEB: public-domain dedication),gap,"Rainbow Missions, Inc. World English Bible. Rainbow Missions, Inc.; revision of the American Standard Version of 1901. http://ebible.org/bible/web."
urn:cts:greekLit:tlg0031.tlg008.perseus-eng2,New Testament,Second Letter to the Corinthians,2 Corinthians,2024,yes (WEB: public-domain dedication),gap,"World English Bible. Revision of the American Standard Version of 1901. Rainbow Missions, Inc., 2000-2024."
urn:cts:greekLit:tlg0031.tlg014.perseus-eng2,New Testament,Second Thessalonians,2 Thessalonians,1901,yes (WEB: public-domain dedication),gap,"Rainbow Missions, Inc. World English Bible. Rainbow Missions, Inc.; revision of the American Standard Version of 1901. http://ebible.org/bible/web."
urn:cts:greekLit:tlg0031.tlg025.perseus-eng2,New Testament,Third Letter of John,3 John,1901,yes (WEB: public-domain dedication),gap,"Rainbow Missions, Inc. World English Bible. Rainbow Missions, Inc.; revision of the American Standard Version of 1901. http://ebible.org/bible/web."
urn:cts:greekLit:tlg0527.tlg018.perseus-eng3,Old Testament,2 Ezra,Ezra,2024,yes (WEB: public-domain dedication),gap,"World English Bible. Revision of the American Standard Version of 1901. Rainbow Missions, Inc., 2000-2024."
urn:cts:greekLit:tlg0527.tlg018.perseus-eng4,Old Testament,2 Ezra,Nehemiah,2024,yes (WEB: public-domain dedication),gap,"World English Bible. Revision of the American Standard Version of 1901. Rainbow Missions, Inc., 2000-2024."
urn:cts:greekLit:tlg0527.tlg037.perseus-eng2,Old Testament,Amos,Amos,2024,yes (WEB: public-domain dedication),gap,"World English Bible. Revision of the American Standard Version of 1901. Rainbow Missions, Inc., 2000-2024."
urn:cts:greekLit:tlg0527.tlg031.perseus-eng2,Old Testament,Canticle,Canticle,2024,yes (WEB: public-domain dedication),gap,"World English Bible. Revision of the American Standard Version of 1901. Rainbow Missions, Inc., 2000-2024."
urn:cts:greekLit:tlg0527.tlg056.perseus-eng2,Old Testament,Daniel,Daniel,2024,yes (WEB: public-domain dedication),gap,"World English Bible. Revision of the American Standard Version of 1901. Rainbow Missions, Inc., 2000-2024."
urn:cts:greekLit:tlg0527.tlg005.perseus-eng2,Old Testament,Deuteronomy,Deuteronomy,2024,yes (WEB: public-domain dedication),gap,"World English Bible. Revision of the American Standard Version of 1901. Rainbow Missions, Inc., 2000-2024."
urn:cts:greekLit:tlg0527.tlg030.perseus-eng2,Old Testament,Ecclesiastes,Ecclesiastes,2024,yes (WEB: public-domain dedication),gap,"World English Bible. Revision of the American Standard Version of 1901. Rainbow Missions, Inc., 2000-2024."
urn:cts:greekLit:tlg0527.tlg019.perseus-eng2,Old Testament,Esther,Esther,2024,yes (WEB: public-domain dedication),gap,"World English Bible. Revision of the American Standard Version of 1901. Rainbow Missions, Inc., 2000-2024."
urn:cts:greekLit:tlg0527.tlg002.perseus-eng2,Old Testament,Exodus,Exodus,2024,yes (WEB: public-domain dedication),gap,"World English Bible. Revision of the American Standard Version of 1901. Rainbow Missions, Inc., 2000-2024."
urn:cts:greekLit:tlg0527.tlg053.perseus-eng2,Old Testament,Ezekiel,Ezekiel,2024,yes (WEB: public-domain dedication),gap,"World English Bible. Revision of the American Standard Version of 1901. Rainbow Missions, Inc., 2000-2024."
urn:cts:greekLit:tlg0527.tlg001.perseus-eng2,Old Testament,Genesis,Genesis,2024,yes (WEB: public-domain dedication),gap,"World English Bible. Revision of the American Standard Version of 1901. Rainbow Missions, Inc., 2000-2024."
urn:cts:greekLit:tlg0527.tlg043.perseus-eng2,Old Testament,Habakkuk,Habakkuk,2024,yes (WEB: public-domain dedication),gap,"World English Bible. Revision of the American Standard Version of 1901. Rainbow Missions, Inc., 2000-2024."
urn:cts:greekLit:tlg0527.tlg045.perseus-eng2,Old Testament,Haggai,Haggai,2024,yes (WEB: public-domain dedication),gap,"World English Bible. Revision of the American Standard Version of 1901. Rainbow Missions, Inc., 2000-2024."
urn:cts:greekLit:tlg0527.tlg036.perseus-eng2,Old Testament,Hosea,Hosea,2024,yes (WEB: public-domain dedication),gap,"World English Bible. Revision of the American Standard Version of 1901. Rainbow Missions, Inc., 2000-2024."
urn:cts:greekLit:tlg0527.tlg015.perseus-eng2,Old Testament,I Chronicles,I Chronicles,2024,yes (WEB: public-domain dedication),gap,"World English Bible. Revision of the American Standard Version of 1901. Rainbow Missions, Inc., 2000-2024."
urn:cts:greekLit:tlg0527.tlg013.perseus-eng2,Old Testament,I Kings,I Kings,2024,yes (WEB: public-domain dedication),gap,"World English Bible. Revision of the American Standard Version of 1901. Rainbow Missions, Inc., 2000-2024."
urn:cts:greekLit:tlg0527.tlg011.perseus-eng2,Old Testament,I Samuel,I Samuel,2024,yes (WEB: public-domain dedication),gap,"World English Bible. Revision of the American Standard Version of 1901. Rainbow Missions, Inc., 2000-2024."
urn:cts:greekLit:tlg0527.tlg016.perseus-eng2,Old Testament,II Chronicles,II Chronicles,2024,yes (WEB: public-domain dedication),gap,"World English Bible. Revision of the American Standard Version of 1901. Rainbow Missions, Inc., 2000-2024."
urn:cts:greekLit:tlg0527.tlg014.perseus-eng2,Old Testament,II Kings,II Kings,2024,yes (WEB: public-domain dedication),gap,"World English Bible. Revision of the American Standard Version of 1901. Rainbow Missions, Inc., 2000-2024."
urn:cts:greekLit:tlg0527.tlg012.perseus-eng2,Old Testament,II Samuel,II Samuel,2024,yes (WEB: public-domain dedication),gap,"World English Bible. Revision of the American Standard Version of 1901. Rainbow Missions, Inc., 2000-2024."
urn:cts:greekLit:tlg0527.tlg048.1st1K-eng1,Old Testament,Isaiah,Isaias,1904,yes,gap,"Septuaginta. The Book of Isaiah According to the Septuagint (Codex Alexandrinus). Ottley, Richard, Rusden, translator. Cambridge: C.J. Clay and Sons, 1904."
urn:cts:greekLit:tlg0527.tlg048.1st1K-eng1a,Old Testament,Isaiah,Notes on Isaias,1904,yes,gap,"Septuaginta. The Book of Isaiah According to the Septuagint (Codex Alexandrinus). Ottley, Richard, Rusden, editor. Cambridge: C.J. Clay and Sons, 1904."
urn:cts:greekLit:tlg0527.tlg048.1st1K-eng1b,Old Testament,Isaiah,Appendix to Isaias,1904,yes,gap,"Septuaginta. The Book of Isaiah According to the Septuagint (Codex Alexandrinus). Ottley, Richard, Rusden, editor. Cambridge: C.J. Clay and Sons, 1904."
urn:cts:greekLit:tlg0527.tlg048.1st1K-mul2,Old Testament,Isaiah,Index II to Isaias,1904,yes,gap,"Septuaginta. The Book of Isaiah According to the Septuagint (Codex Alexandrinus). Ottley, Richard, Rusden, editor. Cambridge: C.J. Clay and Sons, 1904"
urn:cts:greekLit:tlg0527.tlg048.perseus-eng2,Old Testament,Isaiah,Isaiah,2024,yes (WEB: public-domain dedication),gap,"World English Bible. Revision of the American Standard Version of 1901. Rainbow Missions, Inc., 2000-2024."
urn:cts:greekLit:tlg0527.tlg049.perseus-eng2,Old Testament,Jeremiah,Jeremiah,2024,yes (WEB: public-domain dedication),gap,"World English Bible. Revision of the American Standard Version of 1901. Rainbow Missions, Inc., 2000-2024."
urn:cts:greekLit:tlg0527.tlg032.perseus-eng2,Old Testament,Job,Job,2024,yes (WEB: public-domain dedication),gap,"World English Bible. Revision of the American Standard Version of 1901. Rainbow Missions, Inc., 2000-2024."
urn:cts:greekLit:tlg0527.tlg039.perseus-eng2,Old Testament,Joel,Joel,2024,yes (WEB: public-domain dedication),gap,"World English Bible. Revision of the American Standard Version of 1901. Rainbow Missions, Inc., 2000-2024."
urn:cts:greekLit:tlg0527.tlg041.perseus-eng2,Old Testament,Jonah,Jonah,2024,yes (WEB: public-domain dedication),gap,"World English Bible. Revision of the American Standard Version of 1901. Rainbow Missions, Inc., 2000-2024."
urn:cts:greekLit:tlg0527.tlg006.perseus-eng2,Old Testament,Joshua,Joshua,2024,yes (WEB: public-domain dedication),gap,"World English Bible. Revision of the American Standard Version of 1901. Rainbow Missions, Inc., 2000-2024."
urn:cts:greekLit:tlg0527.tlg008.perseus-eng2,Old Testament,Judges,Judges,2024,yes (WEB: public-domain dedication),gap,"World English Bible. Revision of the American Standard Version of 1901. Rainbow Missions, Inc., 2000-2024."
urn:cts:greekLit:tlg0527.tlg051.perseus-eng2,Old Testament,Lamentations,Lamentations,2024,yes (WEB: public-domain dedication),gap,"World English Bible. Revision of the American Standard Version of 1901. Rainbow Missions, Inc., 2000-2024."
urn:cts:greekLit:tlg0527.tlg003.perseus-eng2,Old Testament,Leviticus,Leviticus,2024,yes (WEB: public-domain dedication),gap,"World English Bible. Revision of the American Standard Version of 1901. Rainbow Missions, Inc., 2000-2024."
urn:cts:greekLit:tlg0527.tlg047.perseus-eng2,Old Testament,Malachi,Malachi,2024,yes (WEB: public-domain dedication),gap,"World English Bible. Revision of the American Standard Version of 1901. Rainbow Missions, Inc., 2000-2024."
urn:cts:greekLit:tlg0527.tlg038.perseus-eng2,Old Testament,Micah,Micah,2024,yes (WEB: public-domain dedication),gap,"World English Bible. Revision of the American Standard Version of 1901. Rainbow Missions, Inc., 2000-2024."
urn:cts:greekLit:tlg0527.tlg042.perseus-eng2,Old Testament,Nahum,Nahum,2024,yes (WEB: public-domain dedication),gap,"World English Bible. Revision of the American Standard Version of 1901. Rainbow Missions, Inc., 2000-2024."
urn:cts:greekLit:tlg0527.tlg004.perseus-eng2,Old Testament,Numbers,Numbers,2024,yes (WEB: public-domain dedication),gap,"World English Bible. Revision of the American Standard Version of 1901. Rainbow Missions, Inc., 2000-2024."
urn:cts:greekLit:tlg0527.tlg040.perseus-eng2,Old Testament,Obadiah,Obadiah,2024,yes (WEB: public-domain dedication),gap,"World English Bible. Revision of the American Standard Version of 1901. Rainbow Missions, Inc., 2000-2024."
urn:cts:greekLit:tlg0527.tlg029.perseus-eng2,Old Testament,Proverbs,Proverbs,2024,yes (WEB: public-domain dedication),gap,"World English Bible. Revision of the American Standard Version of 1901. Rainbow Missions, Inc., 2000-2024."
urn:cts:greekLit:tlg0527.tlg027.perseus-eng2,Old Testament,Psalms,Psalms,2024,yes (WEB: public-domain dedication),gap,"World English Bible. Revision of the American Standard Version of 1901. Rainbow Missions, Inc., 2000-2024."
urn:cts:greekLit:tlg0527.tlg010.perseus-eng2,Old Testament,Ruth,Ruth,2024,yes (WEB: public-domain dedication),gap,"World English Bible. Revision of the American Standard Version of 1901. Rainbow Missions, Inc., 2000-2024."
urn:cts:greekLit:tlg0527.tlg046.perseus-eng2,Old Testament,Zechariah,Zechariah,2024,yes (WEB: public-domain dedication),gap,"World English Bible. Revision of the American Standard Version of 1901. Rainbow Missions, Inc., 2000-2024."
urn:cts:greekLit:tlg0527.tlg044.perseus-eng2,Old Testament,Zephaniah,Zephaniah,2024,yes (WEB: public-domain dedication),gap,"World English Bible. Revision of the American Standard Version of 1901. Rainbow Missions, Inc., 2000-2024."
urn:cts:latinLit:phi0959.phi001.perseus-eng2,Ovid,Amores,Amores,1855,yes,author-shelf:ovid,"Ovid. Ovid's Art of Love (in three Books), the Remedy of Love, the Art of Beauty, the Court of Love, the History of Love, and Amours. Dryden, John, et al., translator. New York: Calvin Blanchard, 1855."
urn:cts:latinLit:phi0959.phi004.perseus-eng2,Ovid,Ars Amatoria,The Art of Love,1855,yes,author-shelf:ovid,"Ovid. Ovid's Art of Love (in three Books), the Remedy of Love, the Art of Beauty, the Court of Love, the History of Love, and Amours. Dryden, John; Congreve, William; translators. New York: Calvin Blanchard, 1855."
urn:cts:latinLit:phi0959.phi002.perseus-eng2,Ovid,Epistulae,Epistles,1813,yes,author-shelf:ovid,"Ovid. The Epistles of Ovid. London: J. Nunn, 1813."
urn:cts:latinLit:phi0959.phi003.perseus-eng2,Ovid,Medicamina faciei femineae,The Art of Beauty,1855,yes,author-shelf:ovid,"Ovid. Ovid's Art of Love (in three Books), the Remedy of Love, the Art of Beauty, the Court of Love, the History of Love, and Amours. Anonymous, translator. New York: Calvin Blanchard, 1855."
urn:cts:latinLit:phi0959.phi006.perseus-eng3,Ovid,Metamorphoses,Metamorphoses,1922,yes,author-shelf:ovid,"Ovid. Metamorphoses. More, Brookes, translator. Boston: Cornhill Publishing Co., 1922."
urn:cts:latinLit:phi0959.phi006.perseus-eng4,Ovid,Metamorphoses,Metamorphoses,1567,yes,author-shelf:ovid,"Ovid. The XV bookes of P. Ouidius Naso, entytuled Metamorphosis. Golding, Arthur, translator. London: W. Seres (printer), 1567."
urn:cts:latinLit:phi0959.phi005.perseus-eng2,Ovid,Remedia amoris,Remedy of Love,1855,yes,author-shelf:ovid,"Ovid. Ovid's Art of Love (in three Books), the Remedy of Love, the Art of Beauty, the Court of Love, the History of Love, and Amours. Tate, Nahum, translator. New York: Calvin Blanchard, 1855."
urn:cts:latinLit:phi0690.phi003.perseus-eng2,P. Vergilius Maro (Virgil),Aeneid,Aeneid,1910,yes,in-build:aeneid-williams,"Vergil. The Aeneid of Virgil. Williams, Theodore, C, translator. Boston: Houghton Mifflin, 1910."
urn:cts:latinLit:phi0690.phi001.perseus-eng2,P. Vergilius Maro (Virgil),Eclogues,Eclogues,1921,yes,author-shelf:virgil,"Vergil. The Poems of Vergil. Rhoades, James, translator. London: Oxford University Press, 1921."
urn:cts:latinLit:phi0690.phi002.perseus-eng2,P. Vergilius Maro (Virgil),Georgics,Georgics,1921,yes,author-shelf:virgil,"Vergil. The Poems of Vergil. Rhoades, James, translator. London: Oxford University Press, 1921."
urn:cts:greekLit:tlg1553.tlg001.1st1K-eng1,Palaiphatos,De Incredibilibus,On Unbelievable Stories,2021,check,gap,"Palaiphatos. On Unbelievable Stories. Hawes, Greta, et al., translators. Washington, DC: Center for Hellenic Studies, 2021. (digital publication)"
urn:cts:greekLit:tlg0525.tlg001.perseus-eng2,Pausanias,Description of Greece,Description of Greece,1935,check,gap,"Pausanias. Pausanias Description of Greece, Volumes 1-4. Jones, W.H.S. (William Henry Samuel), translator; Ormerod, Henry Arderne, translator. London, New York: W. Heinemann, G.P. Putnam's Sons, 1918-1935."
urn:cts:greekLit:tlg0018.tlg020.1st1K-eng1,Philo Judaeus,De Abrahamo,"On the Life of the Wise Man made perfect by Instruction or, on the Unwritten Law, that is to say, on Abraham",1854,yes,gap,"The works of Philo Judaeus, the contemporary of Josephus, Volume 2. Yonge, C. D., translator. London: Henry G. Bohn, 1854."
urn:cts:greekLit:tlg0018.tlg029.1st1K-eng1,Philo Judaeus,De Aeternitate Mundi,On the Incorruptibility of the World,1855,yes,gap,"The works of Philo Judaeus, the contemporary of Josephus, volume 4. Yonge, C. D., translator. London: Henry G. Bohn, 1855."
urn:cts:greekLit:tlg0018.tlg009.1st1K-eng1,Philo Judaeus,De Agricultura,On the Tilling of the Earth by Noah,1854,yes,gap,"The works of Philo Judaeus, the contemporary of Josephus, volume 1. Yonge, C. D., translator. London: Henry G. Bohn, 1854."
urn:cts:greekLit:tlg0018.tlg003.1st1K-eng1,Philo Judaeus,De Cherubim,"On the Cherubim; and on the Flaming Sword; and on the First-Born Child of Man, Cain",1854,yes,gap,"The works of Philo Judaeus, the contemporary of Josephus, Volume 1. Yonge, C. D., translator. London: Henry G. Bohn, 1854."
urn:cts:greekLit:tlg0018.tlg013.1st1K-eng1,Philo Judaeus,De Confusione Linguarum,On the Confusion of Languages,1854,yes,gap,"The works of Philo Judaeus, the contemporary of Josephus, volume 2. Yonge, C. D., translator. London: Henry G. Bohn, 1854."
urn:cts:greekLit:tlg0018.tlg016.1st1K-eng1,Philo Judaeus,De Congressu Eruditionis Gratia,On the Meeting for the sake of seeking Instruction,1854,yes,gap,"The works of Philo Judaeus, the contemporary of Josephus, Volume 2. Yonge, C. D., translator. London: Henry G. Bohn, 1854."
urn:cts:greekLit:tlg0018.tlg023.1st1K-eng1,Philo Judaeus,De Decalogo,"Concerning the Ten Commandments, which are the Heads of the Law",1855,yes,gap,"The works of Philo Judaeus, the contemporary of Josephus, volume 3. Yonge, C. D., translator. London: Henry G. Bohn, 1855."
urn:cts:greekLit:tlg0018.tlg011.1st1K-eng1,Philo Judaeus,De Ebrietate,On Drunkenness,1854,yes,gap,"The works of Philo Judaeus, the contemporary of Josephus, volume 1. Yonge, C. D., translator. London: Henry G. Bohn, 1854."
urn:cts:greekLit:tlg0018.tlg017.1st1K-eng1,Philo Judaeus,De Fuga Et Inventione,On Fugitives,1854,yes,gap,"The works of Philo Judaeus, the contemporary of Josephus, volume 2. Yonge, C. D., translator. London: Henry G. Bohn, 1854."
urn:cts:greekLit:tlg0018.tlg007.1st1K-eng1,Philo Judaeus,De Gigantibus,On the Giants,1854,yes,gap,"The works of Philo Judaeus, the contemporary of Josephus, volume 1. Yonge, C. D., translator. London: Henry G. Bohn, 1854."
urn:cts:greekLit:tlg0018.tlg021.1st1K-eng1,Philo Judaeus,De Josepho,"On the Life of a Man occupied with Affairs of State, or on Joseph",1854,yes,gap,"The works of Philo Judaeus, the contemporary of Josephus, volume 2. Yonge, C. D., translator. London: Henry G. Bohn, 1854."
urn:cts:greekLit:tlg0018.tlg014.1st1K-eng1,Philo Judaeus,De Migratione Abrahami,On the Migration of Abraham,1854,yes,gap,"The works of Philo Judaeus, the contemporary of Josephus, volume 2. Yonge, C. D., translator. London: Henry G. Bohn, 1854."
urn:cts:greekLit:tlg0018.tlg018.1st1K-eng1,Philo Judaeus,De Mutatione Nominum,On the question why certain Names in the Holy Scriptures are changed,1854,yes,gap,"The works of Philo Judaeus, the contemporary of Josephus, Volume 2. Yonge, C. D., translator. London: Henry G. Bohn, 1854."
urn:cts:greekLit:tlg0018.tlg001.1st1K-eng1,Philo Judaeus,De Opificio Mundi,On the Creation of the World,1854,yes,gap,"The works of Philo Judaeus, the contemporary of Josephus, volume 1. Yonge, C. D., translator. London: Henry G. Bohn, 1854."
urn:cts:greekLit:tlg0018.tlg010.1st1K-eng1,Philo Judaeus,De Plantatione,About the Planting of Noah,1854,yes,gap,"The works of Philo Judaeus, the contemporary of Josephus, volume 1. Yonge, C. D., translator. London: Henry G. Bohn, 1854."
urn:cts:greekLit:tlg0018.tlg006.1st1K-eng1,Philo Judaeus,De Posteritate Caini,On the Posterity of Cain,1854,yes,gap,"The works of Philo Judaeus, the contemporary of Josephus, volume 1. Yonge, C. D., translator. London: Henry G. Bohn, 1854."
urn:cts:greekLit:tlg0018.tlg026.1st1K-eng1,Philo Judaeus,De Praemiis Et Poenis Et De Exsecrationibus,On Rewards and Punishments,1855,yes,gap,"The works of Philo Judaeus, the contemporary of Josephus, volume 3. Yonge, C. D., translator. London: Henry G. Bohn, 1855."
urn:cts:greekLit:tlg0018.tlg004.1st1K-eng1,Philo Judaeus,De Sacrificiis Abelis Et Caini,On the Sacrifice of Abel and Cain,1854,yes,gap,"The works of Philo Judaeus, the contemporary of Josephus, volume 1. Yonge, C. D., translator. London: Henry G. Bohn, 1854."
urn:cts:greekLit:tlg0018.tlg012.1st1K-eng1,Philo Judaeus,De Sobrietate,On Sobriety,1854,yes,gap,"The works of Philo Judaeus, the contemporary of Josephus, volume 1. Yonge, C. D., translator. London: Henry G. Bohn, 1854."
urn:cts:greekLit:tlg0018.tlg019.1st1K-eng1,Philo Judaeus,De Somniis (lib. i-ii),"On the doctrine that Dreams are sent from God, Books 1-2",1854,yes,gap,"The works of Philo Judaeus, the contemporary of Josephus, volume 2. Yonge, C. D., translator. London: Henry G. Bohn, 1854."
urn:cts:greekLit:tlg0018.tlg024.1st1K-eng1,Philo Judaeus,De Specialibus Legibus (lib. i‑iv),On the Creation of Magistrates,1855,yes,gap,"The works of Philo Judaeus, the contemporary of Josephus, Volume 3. Yonge, C. D., translator. London: Henry G. Bohn, 1855."
urn:cts:greekLit:tlg0018.tlg025.1st1K-eng1,Philo Judaeus,De Virtutibus,"On Three Virtues, that is to say, on Courage, Humanity, and Repentance",1855,yes,gap,"The works of Philo Judaeus, the contemporary of Josephus, volume 3. Yonge, C. D., translator. London: Henry G. Bohn, 1855."
urn:cts:greekLit:tlg0018.tlg028.1st1K-eng1,Philo Judaeus,De Vita Contemplativa,"On the Contemplative Life, or on the Virtues of Suppliants",1855,yes,gap,"The works of Philo Judaeus, the contemporary of Josephus, volume 4. Yonge, C. D., translator. London: Henry G. Bohn, 1855."
urn:cts:greekLit:tlg0018.tlg022.1st1K-eng1,Philo Judaeus,De Vita Mosis (Lib. I-II),On the Life of Moses: Books 1-3,1855,yes,gap,"The works of Philo Judaeus, the contemporary of Josephus, volume 3. Yonge, C. D., translator. London: Henry G. Bohn, 1855."
urn:cts:greekLit:tlg0018.tlg030.1st1K-eng1,Philo Judaeus,In Flaccum,Against Flaccus,1855,yes,gap,"The works of Philo Judaeus, the contemporary of Josephus, volume 4. Yonge, C. D., translator. London: Henry G. Bohn, 1855."
urn:cts:greekLit:tlg0018.tlg031.1st1K-eng1,Philo Judaeus,Legatio Ad Gaium,On the Virtues and on the Office of Ambassadors. Adressed to Caius,1855,yes,gap,"The works of Philo Judaeus, the contemporary of Josephus, Volume 4. Yonge, C. D., translator. London: Henry G. Bohn, 1855."
urn:cts:greekLit:tlg0018.tlg002.1st1K-eng1,Philo Judaeus,Legum Allegoriarum Libri I-III,On the Allegories of the Sacred Laws,1854,yes,gap,"The works of Philo Judaeus, the contemporary of Josephus, Volume 1. Yonge, C. D., translator. London: Henry G. Bohn, 1854."
urn:cts:greekLit:tlg0018.tlg015.1st1K-eng1,Philo Judaeus,Quis Rerum Divinarum Heres Sit,"On the question, Who is the Heir of Divine Things",1854,yes,gap,"The works of Philo Judaeus, the contemporary of Josephus, volume 2. Yonge, C. D., translator. London: Henry G. Bohn, 1854."
urn:cts:greekLit:tlg0018.tlg005.1st1K-eng1,Philo Judaeus,Quod Deterius Potiori Insidiari Soleat,On the Principle that the Worse is accustomed to be always plotting against the Better,1854,yes,gap,"The works of Philo Judaeus, the contemporary of Josephus, volume 1. Yonge, C. D., translator. London: Henry G. Bohn, 1854."
urn:cts:greekLit:tlg0018.tlg008.1st1K-eng1,Philo Judaeus,Quod Deus Sit Immutabilis,On the Unchangeableness of God,1854,yes,gap,"The works of Philo Judaeus, the contemporary of Josephus, volume 1. Yonge, C. D., translator. London: Henry G. Bohn, 1854."
urn:cts:greekLit:tlg0018.tlg027.1st1K-eng1,Philo Judaeus,Quod Omnis Probus Liber Sit,To Prove that every Man who is virtuous is also free,1855,yes,gap,"The works of Philo Judaeus, the contemporary of Josephus, volume 3. Yonge, C. D., translator. London: Henry G. Bohn, 1855."
urn:cts:greekLit:tlg0033.tlg004.perseus-eng2,Pindar,Isthmean,Isthmean Odes,1990,check,gap,"Pindar. Arnson Svarlien, Diane, translator. Created for the Perseus Project, 1990."
urn:cts:greekLit:tlg0033.tlg003.perseus-eng2,Pindar,Nemean,Nemean Odes,1990,check,gap,"Pindar. Arnson Svarlien, Diane, translator. Created for the Perseus Project, 1990."
urn:cts:greekLit:tlg0033.tlg001.perseus-eng2,Pindar,Olympian,Olympian Odes,1990,check,gap,"Pindar. Arnson Svarlien, Diane, translator. Created for the Perseus Project, 1990."
urn:cts:greekLit:tlg0033.tlg002.perseus-eng3,Pindar,Pythian,Pythian Odes,1990,check,gap,"Pindar. Arnson Svarlien, Diane, translator. Created for the Perseus Project, 1990."
urn:cts:greekLit:tlg0059.tlg013.perseus-eng2,Plato,Alcibiades 1,Alcibiades 1,1927,yes,author-shelf:plato,"Plato in Twelve Volumes, Vol. 12. Lamb. W.R.M., translator. Cambridge, MA, Harvard University Press; London, William Heinemann Ltd. 1927 (printing)."
urn:cts:greekLit:tlg0059.tlg014.perseus-eng2,Plato,Alcibiades 2,Alcibiades 2,1927,yes,author-shelf:plato,"Plato in Twelve Volumes, Vol. 12. Lamb. W.R.M., translator. Cambridge, MA, Harvard University Press; London, William Heinemann Ltd. 1927 (printing)."
urn:cts:greekLit:tlg0059.tlg002.perseus-eng2,Plato,Apology,Apology,1914,yes,author-shelf:plato,"Plato in Twelve Volumes, Vol. 1. Fowler, Harold North, translator. Lamb, W.R.M, editor. Cambridge, MA: Harvard University Press; London: William Heinemann Ltd. 1914."
urn:cts:greekLit:tlg0059.tlg018.perseus-eng2,Plato,Charmides,Charmides,1927,yes,author-shelf:plato,"Plato in Twelve Volumes, Vol. 12. Lamb. W.R.M., translator. Cambridge, MA, Harvard University Press; London, William Heinemann Ltd. 1927 (printing)."
urn:cts:greekLit:tlg0059.tlg029.perseus-eng2,Plato,Cleitophon,Cleitophon,1929,yes,author-shelf:plato,"Plato in Twelve Volumes, Vol. 9. Bury, R. G., translator. Cambridge, MA, Harvard University Press; London, William Heinemann Ltd. 1929 (printing)."
urn:cts:greekLit:tlg0059.tlg005.perseus-eng2,Plato,Cratylus,Cratylus,1926,yes,author-shelf:plato,"Plato in Twelve Volumes, Vol. 4. Fowler, Harold North, translator. Lamb, W.R.M, editor. Cambridge, MA: Harvard University Press; London: William Heinemann Ltd. 1926 (printing)."
urn:cts:greekLit:tlg0059.tlg032.perseus-eng2,Plato,Critias,Critias,1929,yes,author-shelf:plato,"Plato in Twelve Volumes, Vol. 9. Bury, R. G., translator. Cambridge, MA, Harvard University Press; London, William Heinemann Ltd. 1929 (printing)."
urn:cts:greekLit:tlg0059.tlg003.perseus-eng2,Plato,Crito,Crito,1914,yes,author-shelf:plato,"Plato in Twelve Volumes, Vol. 1. Fowler, Harold North, translator. Lamb, W.R.M, editor. Cambridge, MA: Harvard University Press; London: William Heinemann Ltd. 1914."
urn:cts:greekLit:tlg0059.tlg035.perseus-eng2,Plato,Epinomis,Epinomis,1927,yes,author-shelf:plato,"Plato in Twelve Volumes, Vol. 12. Lamb. W.R.M., translator. Cambridge, MA, Harvard University Press; London, William Heinemann Ltd. 1927 (printing)."
urn:cts:greekLit:tlg0059.tlg021.perseus-eng2,Plato,Euthydemus,Euthydemus,1924,yes,author-shelf:plato,"Plato in Twelve Volumes, Vol. 2. Lamb, W.R.M, translator. Cambridge, MA, Harvard University Press; London, William Heinemann Ltd. 1924 (printing)."
urn:cts:greekLit:tlg0059.tlg001.perseus-eng2,Plato,Euthyphro,Euthyphro,1914,yes,author-shelf:plato,"Plato in Twelve Volumes, Vol. 1. Fowler, Harold North, translator. Lamb, W.R.M, editor. Cambridge, MA: Harvard University Press; London: William Heinemann Ltd. 1914."
urn:cts:greekLit:tlg0059.tlg023.perseus-eng2,Plato,Gorgias,Gorgias,1925,yes,author-shelf:plato,"Plato in Twelve Volumes, Vol. 3. Lamb, W.R.M., translator. Cambridge, MA, Harvard University Press; London, William Heinemann Ltd. 1925 (printing)."
urn:cts:greekLit:tlg0059.tlg025.perseus-eng2,Plato,Greater Hippias,Greater Hippias,1926,yes,author-shelf:plato,"Plato in Twelve Volumes, Vol. 4. Fowler, Harold North, translator. Lamb, W.R.M, editor. Cambridge, MA: Harvard University Press; London: William Heinemann Ltd. 1926 (printing)."
urn:cts:greekLit:tlg0059.tlg015.perseus-eng2,Plato,Hipparchus,Hipparchus,1927,yes,author-shelf:plato,"Plato in Twelve Volumes, Vol. 12 translated by W.R.M. Lamb. Cambridge, MA, Harvard University Press; London, William Heinemann Ltd. 1927 (printing)."
urn:cts:greekLit:tlg0059.tlg026.perseus-eng2,Plato,Hippias Minor,Lesser Hippias,1926,yes,author-shelf:plato,"Plato in Twelve Volumes, Vol. 4. Fowler, Harold North, translator. Lamb, W.R.M, editor. Cambridge, MA: Harvard University Press; London: William Heinemann Ltd. 1926 (printing)."
urn:cts:greekLit:tlg0059.tlg027.perseus-eng2,Plato,Ion,Ion,1925,yes,author-shelf:plato,"Plato in Twelve Volumes, Vol. 8. Lamb, W.R.M., translator. Cambridge, MA, Harvard University Press; London, William Heinemann Ltd., 1925 (printing)."
urn:cts:greekLit:tlg0059.tlg019.perseus-eng2,Plato,Laches,Laches,1924,yes,author-shelf:plato,"Plato in Twelve Volumes, Vol. 2. Lamb, W.R.M., translator. Cambridge, MA, Harvard University Press; London, William Heinemann Ltd. 1924 (printing)."
urn:cts:greekLit:tlg0059.tlg034.perseus-eng2,Plato,Laws,Laws,1926,yes,author-shelf:plato,"Plato in Twelve Volumes, Vol. 10-11. Bury, R. G., translator. Cambridge, MA, Harvard University Press; London, William Heinemann Ltd. 1926 (printing)."
urn:cts:greekLit:tlg0059.tlg036.perseus-eng2,Plato,Letters,Letters,1929,yes,author-shelf:plato,"Plato in Twelve Volumes, Vol. 9. Bury, R. G., translator. Cambridge, MA, Harvard University Press; London, William Heinemann Ltd. 1929 (printing)."
urn:cts:greekLit:tlg0059.tlg016.perseus-eng2,Plato,Lovers,Lovers,1927,yes,author-shelf:plato,"Plato in Twelve Volumes, Vol. 12. Lamb. W.R.M., translator. Cambridge, MA, Harvard University Press; London, William Heinemann Ltd. 1927 (printing)."
urn:cts:greekLit:tlg0059.tlg020.perseus-eng2,Plato,Lysis,Lysis,1925,yes,author-shelf:plato,"Plato in Twelve Volumes, Vol. 3. Lamb, W.R.M., translator. Cambridge, MA, Harvard University Press; London, William Heinemann Ltd. 1925 (printing)."
urn:cts:greekLit:tlg0059.tlg028.perseus-eng2,Plato,Menexenus,Menexenus,1929,yes,author-shelf:plato,"Plato in Twelve Volumes, Vol. 9. Bury, R. G., translator. Cambridge, MA, Harvard University Press; London, William Heinemann Ltd. 1929 (printing)."
urn:cts:greekLit:tlg0059.tlg024.perseus-eng2,Plato,Meno,Meno,1924,yes,author-shelf:plato,"Plato in Twelve Volumes, Vol. 2. Lamb, W.R.M., translator. Cambridge, MA, Harvard University Press; London, William Heinemann Ltd. 1924 (printing)."
urn:cts:greekLit:tlg0059.tlg033.perseus-eng2,Plato,Minos,Minos,1927,yes,author-shelf:plato,"Plato in Twelve Volumes, Vol. 12. Lamb. W.R.M., translator. Cambridge, MA, Harvard University Press; London, William Heinemann Ltd. 1927 (printing)."
urn:cts:greekLit:tlg0059.tlg009.perseus-eng2,Plato,Parmenides,Parmenides,1926,yes,author-shelf:plato,"Plato in Twelve Volumes, Vol. 4. Fowler, Harold North, translator. Lamb, W.R.M, editor. Cambridge, MA: Harvard University Press; London: William Heinemann Ltd. 1926 (printing)."
urn:cts:greekLit:tlg0059.tlg004.perseus-eng2,Plato,Phaedo,Phaedo,1914,yes,author-shelf:plato,"Plato in Twelve Volumes, Vol. 1. Fowler, Harold North, translator. Lamb, W.R.M, editor. Cambridge, MA: Harvard University Press; London: William Heinemann Ltd. 1914."
urn:cts:greekLit:tlg0059.tlg012.perseus-eng2,Plato,Phaedrus,Phaedrus,1914,yes,author-shelf:plato,"Plato in Twelve Volumes, Vol. 1. Fowler, Harold North, translator. Lamb, W.R.M, editor. Cambridge, MA: Harvard University Press; London: William Heinemann Ltd. 1914."
urn:cts:greekLit:tlg0059.tlg010.perseus-eng2,Plato,Philebus,Philebus,1925,yes,author-shelf:plato,"Plato in Twelve Volumes, Vol. 8. Fowler, Harold North, translator. Cambridge, MA, Harvard University Press; London, William Heinemann Ltd., 1925 (printing)."
urn:cts:greekLit:tlg0059.tlg022.perseus-eng2,Plato,Protagoras,Protagoras,1924,yes,author-shelf:plato,"Plato in Twelve Volumes, Vol. 2. Lamb, W.R.M., translator. Cambridge, MA, Harvard University Press; London, William Heinemann Ltd. 1924 (printing)."
urn:cts:greekLit:tlg0059.tlg030.perseus-eng2,Plato,Republic,Republic,1935,check,author-shelf:plato,"Plato in Twelve Volumes, Vol. 5-6. Shorey, Paul, translator. Cambridge, MA, Harvard University Press; London, William Heinemann Ltd. 1935-37 (printing)."
urn:cts:greekLit:tlg0059.tlg007.perseus-eng2,Plato,Sophist,Sophist,1921,yes,author-shelf:plato,"Plato in Twelve Volumes, Vol. 7. Fowler, Harold North, translator. Cambridge, MA, Harvard University Press; London, William Heinemann Ltd. 1921."
urn:cts:greekLit:tlg0059.tlg008.perseus-eng2,Plato,Statesman,Statesman,1925,yes,author-shelf:plato,"Plato in Twelve Volumes, Vol. 8. Fowler, Harold North, translator. Cambridge, MA, Harvard University Press; London, William Heinemann Ltd., 1925 (printing)."
urn:cts:greekLit:tlg0059.tlg011.perseus-eng2,Plato,Symposium,Symposium,1925,yes,author-shelf:plato,"Plato in Twelve Volumes, Vol. 3, Lamb, W.R.M., translator. Cambridge, MA, Harvard University Press; London, William Heinemann Ltd. 1925 (printing)."
urn:cts:greekLit:tlg0059.tlg006.perseus-eng2,Plato,Theaetetus,Theaetetus,1921,yes,author-shelf:plato,"Plato in Twelve Volumes, Vol. 7. Fowler, Harold North, translator. Cambridge, MA, Harvard University Press; London, William Heinemann Ltd. 1921."
urn:cts:greekLit:tlg0059.tlg017.perseus-eng2,Plato,Theages,Theages,1927,yes,author-shelf:plato,"Plato in Twelve Volumes, Vol. 12. Lamb. W.R.M., translator. Cambridge, MA, Harvard University Press; London, William Heinemann Ltd. 1927 (printing)."
urn:cts:greekLit:tlg0059.tlg031.perseus-eng2,Plato,Timaeus,Timaeus,1929,yes,author-shelf:plato,"Plato in Twelve Volumes, Vol. 9. Bury, R. G., translator. Cambridge, MA, Harvard University Press; London, William Heinemann Ltd. 1929 (printing)."
urn:cts:latinLit:phi0119.phi001.perseus-eng2,"Plautus, Titus Maccius",Amphitruo,"Amphitryon, or Jupiter in Disguise",1913,yes,gap,"Plautus. The Comedies of Plautus, Volume 2. Riley, Henry Thomas, translator. London: G. Bell and Sons, Ltd., 1913."
urn:cts:latinLit:phi0119.phi002.perseus-eng2,"Plautus, Titus Maccius",Asinaria,"Asinaria, or The Ass-Dealer",1912,yes,gap,"Plautus. The Comedies of Plautus, Volume 1. Riley, Henry Thomas, translator. London: G. Bell and Sons, Ltd., 1912."
urn:cts:latinLit:phi0119.phi003.perseus-eng2,"Plautus, Titus Maccius",Aulularia,"Aulularia, or The Concealed Treasure",1912,yes,gap,"Plautus. The Comedies of Plautus, Volume 1. Riley, Henry Thomas, translator. London: G. Bell and Sons, Ltd., 1912."
urn:cts:latinLit:phi0119.phi004.perseus-eng2,"Plautus, Titus Maccius",Bacchides,"Bacchides, or The Twin Sisters",1912,yes,gap,"Plautus. The Comedies of Plautus, Volume 1. Riley, Henry Thomas, translator. London: G. Bell and Sons, Ltd., 1912."
urn:cts:latinLit:phi0119.phi005.perseus-eng2,"Plautus, Titus Maccius",Captivi,Captivi: The Captives,1912,yes,gap,"Plautus. The Comedies of Plautus, Volume 1. Riley, Henry Thomas, translator. London: G. Bell and Sons, Ltd., 1912."
urn:cts:latinLit:phi0119.phi006.perseus-eng2,"Plautus, Titus Maccius",Casina,"Casina, or The Stratagem Defeated",1913,yes,gap,"Plautus. The Comedies of Plautus, Volume 2. Riley, Henry Thomas, translator. London: G. Bell and Sons, Ltd., 1913."
urn:cts:latinLit:phi0119.phi007.perseus-eng2,"Plautus, Titus Maccius",Cistellaria,"Cistellaria, or The Casket",1913,yes,gap,"Plautus. The Comedies of Plautus, Volume 2. Riley, Henry Thomas, translator. London: G. Bell and Sons, Ltd., 1913."
urn:cts:latinLit:phi0119.phi008.perseus-eng2,"Plautus, Titus Maccius",Curculio,"Curculio, or The Forgery",1912,yes,gap,"Plautus. The Comedies of Plautus, Volume 1. Riley, Henry Thomas, translator. London: G. Bell and Sons, Ltd., 1912."
urn:cts:latinLit:phi0119.phi009.perseus-eng2,"Plautus, Titus Maccius",Epidicus,"Epidicus, or The Fortunate Discovery",1913,yes,gap,"Plautus. The Comedies of Plautus, Volume 2. Riley, Henry Thomas, translator. London: G. Bell and Sons, Ltd., 1913."
urn:cts:latinLit:phi0119.phi010.perseus-eng2,"Plautus, Titus Maccius",Menaechmi,"Menaechmi, or The Twin Brothers",1912,yes,gap,"Plautus. The Comedies of Plautus, Volume 1. Riley, Henry Thomas, translator. London: G. Bell and Sons, Ltd., 1912."
urn:cts:latinLit:phi0119.phi011.perseus-eng2,"Plautus, Titus Maccius",Mercator,"Mercator, or The Merchant",1913,yes,gap,"Plautus. The Comedies of Plautus, Volume 2. Riley, Henry Thomas, translator. London: G. Bell and Sons, Ltd., 1913."
urn:cts:latinLit:phi0119.phi012.perseus-eng2,"Plautus, Titus Maccius",Miles Gloriosus,"Miles Gloriosus, or The Braggart Captain",1912,yes,gap,"Plautus. The Comedies of Plautus, Volume 1. Riley, Henry Thomas, translator. London: G. Bell and Sons, Ltd., 1912."
urn:cts:latinLit:phi0119.phi013.perseus-eng2,"Plautus, Titus Maccius",Mostellaria,"Mostellaria, or The Haunted House",1913,yes,gap,"Plautus. The Comedies of Plautus, Volume 2. Riley, Henry Thomas, translator. London: G. Bell and Sons, Ltd., 1913."
urn:cts:latinLit:phi0119.phi014.perseus-eng2,"Plautus, Titus Maccius",Persa,"Persa, or The Persian",1913,yes,gap,"Plautus. The Comedies of Plautus, Volume 2. Riley, Henry Thomas, translator. London: G. Bell and Sons, Ltd., 1913."
urn:cts:latinLit:phi0119.phi015.perseus-eng2,"Plautus, Titus Maccius",Poenulus,"Poenulus, or The Young Carthaginian",1913,yes,gap,"Plautus. The Comedies of Plautus, Volume 2. Riley, Henry Thomas, translator. London: G. Bell and Sons, Ltd., 1913."
urn:cts:latinLit:phi0119.phi016.perseus-eng2,"Plautus, Titus Maccius",Pseudolus,"Pseudolus, or The Cheat",1912,yes,gap,"Plautus. The Comedies of Plautus, Volume 1. Riley, Henry Thomas, translator. London: G. Bell and Sons, Ltd., 1912."
urn:cts:latinLit:phi0119.phi017.perseus-eng2,"Plautus, Titus Maccius",Rudens,"Rudens, or The Fisherman's Rope",1913,yes,gap,"Plautus. The Comedies of Plautus, Volume 2. Riley, Henry Thomas, translator. London: G. Bell and Sons, Ltd., 1913."
urn:cts:latinLit:phi0119.phi018.perseus-eng2,"Plautus, Titus Maccius",Stichus,"Stichus, or The Parasite Rebuffed",1912,yes,gap,"Plautus. The Comedies of Plautus, Volume 1. Riley, Henry Thomas, translator. London: G. Bell and Sons, Ltd., 1912."
urn:cts:latinLit:phi0119.phi019.perseus-eng2,"Plautus, Titus Maccius",Trinummus,Trinummus: The Three Pieces of Money,1912,yes,gap,"Plautus. The Comedies of Plautus, Volume 1. Riley, Henry Thomas, translator. London: G. Bell and Sons, Ltd., 1912."
urn:cts:latinLit:phi0119.phi020.perseus-eng2,"Plautus, Titus Maccius",Truculentus,"Truculentus, or The Churl",1913,yes,gap,"Plautus. The Comedies of Plautus, Volume 2. Riley, Henry Thomas, translator. London: G. Bell and Sons, Ltd., 1913."
urn:cts:greekLit:tlg0007.tlg116.perseus-eng3,Plutarch,Ad principem ineruditum,To an Uneducated Ruler,1936,check,gap,"Plutarch. Moralia, Vol. X. Fowler, Harold North, translator. Cambridge, MA: Harvard University Press; London: William Heinemann Ltd., 1936 (printing)."
urn:cts:greekLit:tlg0007.tlg116.perseus-eng4,Plutarch,Ad principem ineruditum,A discourse to an unlearned prince,1874,yes,gap,"Plutarch. Plutarch's Morals, Vol. IV. Goodwin, William W., editor; Kersey, John, translator. Boston: Little, Brown, and Company; Cambridge: Press of John Wilson and Son, 1874."
urn:cts:greekLit:tlg0007.tlg140.perseus-eng2,Plutarch,Adversus Coloten,"Against Colotes, the Disciple and Favorite of Epicurus.",1874,yes,gap,"Plutarch. Plutarch's Morals, Vol. V. Goodwin, William W., editor; A. G., translator. Boston: Little, Brown, and Company; Cambridge: Press of John Wilson and Son, 1874."
urn:cts:greekLit:tlg0007.tlg019.perseus-eng2,Plutarch,Aemilius Paulus,Aemilius Paulus,1918,yes,gap,"Plutarch. Plutarch's Lives, Vol. VI. Perrin, Bernadotte, translator. Cambridge, MA: Harvard University Press; London: William Heinemann Ltd., 1918."
urn:cts:greekLit:tlg0007.tlg044.perseus-eng2,Plutarch,Agesilaus,Agesilaus,1917,yes,gap,"Plutarch. Plutarch's Lives, Vol. V. Perrin, Bernadotte, translator. Cambridge, MA: Harvard University Press; London: William Heinemann Ltd., 1917."
urn:cts:greekLit:tlg0007.tlg051.perseus-eng1,Plutarch,Agis and Cleomenes,Agis and Cleomenes,1921,yes,gap,"Plutarch. Plutarch's Lives, Vol. X. Perrin, Bernadotte, translator. Cambridge, MA: Harvard University Press; London: William Heinemann Ltd., 1921."
urn:cts:greekLit:tlg0007.tlg015.perseus-eng2,Plutarch,Alcibiades,Alcibiades,1916,yes,gap,"Plutarch. Plutarch's Lives, Vol. IV. Perrin, Bernadotte, translator. Cambridge, MA: Harvard University Press; London: William Heinemann Ltd., 1916."
urn:cts:greekLit:tlg0007.tlg047.perseus-eng2,Plutarch,Alexander,Alexander,1919,yes,gap,"Plutarch. Plutarch's Lives, Vol. VII. Perrin, Bernadotte, translator. Cambridge, MA: Harvard University Press; London: William Heinemann Ltd., 1919."
urn:cts:greekLit:tlg0007.tlg114.perseus-eng3,Plutarch,Amatoriae Narrationes,Love Stories,1936,check,gap,"Plutarch. Moralia, Vol. X. Fowler, Harold North, translator. Cambridge, MA: Harvard University Press; London: William Heinemann Ltd., 1936 (printing)."
urn:cts:greekLit:tlg0007.tlg114.perseus-eng4,Plutarch,Amatoriae Narrationes,Five Tragical Histories of Love,1874,yes,gap,"Plutarch. Plutarch's Morals, Vol. IV. Goodwin, William W., editor; I.,A. translator. Boston: Little, Brown, and Company; Cambridge: Press of John Wilson and Son, 1874."
urn:cts:greekLit:tlg0007.tlg113.perseus-eng2,Plutarch,Amatorius,Of Love.,1874,yes,gap,"Plutarch. Plutarch's Morals, Vol. IV. Goodwin, William W., editor; Philips, John, translator. Boston: Little, Brown, and Company; Cambridge: Press of John Wilson and Son, 1874."
urn:cts:greekLit:tlg0007.tlg141.perseus-eng2,Plutarch,An Recte Dictum Sit Latenter Esse Vivendum,"Whether 'Twere Rightly Said, Live Concealed.",1874,yes,gap,"Plutarch. Plutarch's Morals, Vol. 3. Goodwin, William W., editor; Whitaker, Charles, translator. Boston: Little, Brown, and Company; Cambridge: Press of John Wilson and Son, 1874."
urn:cts:greekLit:tlg0007.tlg093.perseus-eng3,Plutarch,An Virtus Doceri Possit,Can Virtue Be Taught?,1939,check,gap,"Plutarch. Moralia, Vol. VI. Helmbold, William Clark, translator. Cambridge, MA: Harvard University Press; London: William Heinemann Ltd., 1939 (printing)."
urn:cts:greekLit:tlg0007.tlg093.perseus-eng4,Plutarch,An Virtus Doceri Possit,That Virtue May Be Taught,1874,yes,gap,"Plutarch. Plutarch's Morals, Vol. I. Goodwin, William W., editor; Patrick, John translator. Boston: Little, Brown, and Company; Cambridge: Press of John Wilson and Son, 1874."
urn:cts:greekLit:tlg0007.tlg117.perseus-eng3,Plutarch,An seni respublica gerenda sit,Whether an Old Man Should Engage in Public Affairs,1936,check,gap,"Plutarch. Moralia, Vol. X. Fowler, Harold North, translator. Cambridge, MA: Harvard University Press; London: William Heinemann Ltd., 1936 (printing)."
urn:cts:greekLit:tlg0007.tlg117.perseus-eng4,Plutarch,An seni respublica gerenda sit,Whether an Aged Man Ought to Meddle in State Affairs.,1874,yes,gap,"Plutarch. Plutarch's Morals, Vol. V. Goodwin, William W., editor; Fetherston, F., translator. Boston. Little, Brown, and Company, 1874."
urn:cts:greekLit:tlg0007.tlg099.perseus-eng3,Plutarch,An vitiositas ad infelicitatem sufficia,Whether vice be sufficient to cause unhappiness,1939,check,gap,"Plutarch. Moralia, Vol. 6. Helmbold, William Clark, translator. Cambridge, MA: Harvard University Press; London: William Heinemann Ltd., 1939 (printing)."
urn:cts:greekLit:tlg0007.tlg099.perseus-eng4,Plutarch,An vitiositas ad infelicitatem sufficia,Whether vice is sufficient to render a man unhappy,1874,yes,gap,"Plutarch. Plutarch's Morals, Vol. 4. Goodwin, William W., editor; White, Samuel, translator. Boston: Little, Brown, and Company; Cambridge: Press of John Wilson and Son, 1874."
urn:cts:greekLit:tlg0007.tlg100.perseus-eng3,Plutarch,Animine an corporis affectiones sint peiores,Whether the Affections of the Soul are Worse Than Those of the Body,1939,check,gap,"Plutarch. Moralia, Vol. VI. Helmbold, William Clark, translator. Cambridge, MA: Harvard University Press; London: William Heinemann Ltd., 1939 (printing)."
urn:cts:greekLit:tlg0007.tlg100.perseus-eng4,Plutarch,Animine an corporis affectiones sint peiores,Whether the Passions of the Soul or Diseases of the Body Are Worse,1874,yes,gap,"Plutarch. Plutarch's Morals, Vol. IV. Goodwin, William W., editor; White, Samuel, translator. Boston: Little, Brown, and Company; Cambridge: Press of John Wilson and Son, 1874."
urn:cts:greekLit:tlg0007.tlg058.perseus-eng2,Plutarch,Antony,Antony,1920,yes,gap,"Plutarch. Plutarch's Lives, Vol. IX. Perrin, Bernadotte, translator. Cambridge, MA: Harvard University Press; London: William Heinemann Ltd., 1920."
urn:cts:greekLit:tlg0007.tlg082.perseus-eng3,Plutarch,Apophthegmata Laconica,Sayings of Spartans,1931,check,gap,"Plutarch. Moralia, Vol. III. Babbitt, Frank Cole, translator. Cambridge, MA: Harvard University Press; London: William Heinemann Ltd., 1931 (printing)."
urn:cts:greekLit:tlg0007.tlg082.perseus-eng4,Plutarch,Apophthegmata Laconica,Laconic Apophthegms; or Remarkable Sayings of the Spartans.,1874,yes,gap,"Plutarch. Plutarch's Morals, Vol. I. Goodwin, William W., editor; unknown, translator. Boston: Little, Brown, and Company; Cambridge: Press of John Wilson and Son, 1874."
urn:cts:greekLit:tlg0007.tlg128.perseus-eng3,Plutarch,Aquane an ignis sit utilior,Whether fire or water is most useful,1957,check,gap,"Plutarch. Moralia, Vol. XII. Cherniss, Harold, and Helmbold, William C., translators. Cambridge, MA: Harvard University Press; London: William Heinemann Ltd., 1957 (printing)."
urn:cts:greekLit:tlg0007.tlg128.perseus-eng4,Plutarch,Aquane an ignis sit utilior,Whether water or fire be most useful.,1874,yes,gap,"Plutarch. Plutarch's Morals, Vol. V. Goodwin, William W., editor; Fetherston, F., translator. Boston: Little, Brown, and Company, 1874."
urn:cts:greekLit:tlg0007.tlg063.perseus-eng2,Plutarch,Aratus,Aratus,1926,yes,gap,"Plutarch. Plutarch's Lives, Vol. XI. Perrin, Bernadotte, translator. Cambridge, MA: Harvard University Press; London: William Heinemann Ltd., 1926."
urn:cts:greekLit:tlg0007.tlg024.perseus-eng2,Plutarch,Aristides,Aristides,1914,yes,gap,"Plutarch. Plutarch's Lives, Vol. II. Perrin, Bernadotte, translator. Cambridge, MA: Harvard University Press; London: William Heinemann Ltd., 1914."
urn:cts:greekLit:tlg0007.tlg064.perseus-eng2,Plutarch,Artaxerxes,Artaxerxes,1926,yes,gap,"Plutarch. Plutarch's Lives, Vol. XI. Perrin, Bernadotte, translator. Cambridge, MA: Harvard University Press; London: William Heinemann Ltd., 1926."
urn:cts:greekLit:tlg0007.tlg130.perseus-eng3,Plutarch,Bruta animalia ratione uti,Beasts are rational,1957,check,gap,"Plutarch. Moralia, Vol. XII. Cherniss, Harold, and Helmbold, William C., translators. Cambridge, MA: Harvard University Press; London: William Heinemann Ltd., 1957 (printing)"
urn:cts:greekLit:tlg0007.tlg130.perseus-eng4,Plutarch,Bruta animalia ratione uti,That brute beasts make use of reason,1874,yes,gap,"Plutarch. Plutarch's Morals, Vol. V. Goodwin, William W., editor; J., A., Sir, translator. Boston: Little, Brown, and Company; Cambridge: Press of John Wilson and Son, 1874."
urn:cts:greekLit:tlg0007.tlg061.perseus-eng2,Plutarch,Brutus,Brutus,1918,yes,gap,"Plutarch. Plutarch's Lives, Vol. VI. Perrin, Bernadotte, translator. Cambridge, MA: Harvard University Press; London: William Heinemann Ltd., 1918."
urn:cts:greekLit:tlg0007.tlg048.perseus-eng2,Plutarch,Caesar,Caesar,1919,yes,gap,"Plutarch. Plutarch's Lives, Vol. VII. Perrin, Bernadotte, translator. Cambridge, MA: Harvard University Press; London: William Heinemann Ltd., 1919."
urn:cts:greekLit:tlg0007.tlg016.perseus-eng2,Plutarch,Caius Marcius Coriolanus,Caius Marcius Coriolanus,1916,yes,gap,"Plutarch. Plutarch's Lives, Vol. IV. Perrin, Bernadotte, translator. Cambridge, MA: Harvard University Press; London: William Heinemann Ltd., 1916."
urn:cts:greekLit:tlg0007.tlg031.perseus-eng2,Plutarch,Caius Marius,Caius Marius,1920,yes,gap,"Plutarch. Plutarch's Lives, Vol. IX. Perrin, Bernadotte, translator. Cambridge, MA: Harvard University Press; London: William Heinemann Ltd., 1920."
urn:cts:greekLit:tlg0007.tlg011.perseus-eng2,Plutarch,Camillus,Camillus,1914,yes,gap,"Plutarch. Plutarch's Lives, Vol. II. Perrin, Bernadotte, translator. Cambridge, MA: Harvard University Press; London: William Heinemann Ltd., 1914."
urn:cts:greekLit:tlg0007.tlg050.perseus-eng2,Plutarch,Cato the Younger,Cato the Younger,1919,yes,gap,"Plutarch. Plutarch's Lives, Vol. VIII. Perrin, Bernadotte, translator. Cambridge, MA: Harvard University Press; London: William Heinemann Ltd., 1919."
urn:cts:greekLit:tlg0007.tlg055.perseus-eng2,Plutarch,Cicero,Cicero,1919,yes,gap,"Plutarch. Plutarch's Lives, Vol. VII. Perrin, Bernadotte, translator. Cambridge, MA: Harvard University Press; London: William Heinemann Ltd., 1919."
urn:cts:greekLit:tlg0007.tlg035.perseus-eng2,Plutarch,Cimon,Cimon,1914,yes,gap,"Plutarch. Plutarch's Lives, Vol. II. Perrin, Bernadotte, translator. Cambridge, MA: Harvard University Press; London: William Heinemann Ltd., 1914."
urn:cts:greekLit:tlg0007.tlg122.perseus-eng3,Plutarch,Comparationis Aristophanis et Menandri compendium,Summary of a Comparison Between Aristophanes and Menander,1936,check,gap,"Plutarch. Moralia, Vol. X. Fowler, Harold North, translator. Cambridge, MA: Harvard University Press; London: William Heinemann Ltd., 1936 (printing)."
urn:cts:greekLit:tlg0007.tlg122.perseus-eng4,Plutarch,Comparationis Aristophanis et Menandri compendium,An Abstract of a Comparison Betwixt Aristophanes and Menander,1874,yes,gap,"Plutarch. Plutarch's Morals, Vol. III. Goodwin, William W., editor; Baxter, William, translator. Boston: Little, Brown, and Company; Cambridge: Press of John Wilson and Son, 1874."
urn:cts:greekLit:tlg0007.tlg046.perseus-eng2,Plutarch,Comparison of Agesilaus and Pompey,Comparison of Agesilaus and Pompey,1917,yes,gap,"Plutarch. Plutarch's Lives, Vol. V. Perrin, Bernadotte, translator. Cambridge, MA: Harvard University Press; London: William Heinemann Ltd., 1917."
urn:cts:greekLit:tlg0007.tlg053.perseus-eng2,Plutarch,Comparison of Agis and Cleomenes and the Gracchi,Comparison of Agis and Cleomenes and the Gracchi,1921,yes,gap,"Plutarch. Plutarch's Lives, Vol. X. Perrin, Bernadotte, translator. Cambridge, MA: Harvard University Press; London: William Heinemann Ltd., 1921."
urn:cts:greekLit:tlg0007.tlg017.perseus-eng2,Plutarch,Comparison of Alcibiades and Coriolanus,Comparison of Alcibiades and Coriolanus,1916,yes,gap,"Plutarch. Plutarch's Lives, Vol. IV. Perrin, Bernadotte, translator. Cambridge, MA: Harvard University Press; London: William Heinemann Ltd., 1916."
urn:cts:greekLit:tlg0007.tlg026.perseus-eng2,Plutarch,Comparison of Aristides and Marcus Cato,Comparison of Aristides and Marcus Cato,1914,yes,gap,"Plutarch. Plutarch's Lives, Vol. II. Perrin, Bernadotte, translator. Cambridge, MA: Harvard University Press; London: William Heinemann Ltd., 1914."
urn:cts:greekLit:tlg0007.tlg059.perseus-eng2,Plutarch,Comparison of Demetrius and Antony,Comparison of Demetrius and Antony,1920,yes,gap,"Plutarch. Plutarch's Lives, Vol. IX. Perrin, Bernadotte, translator. Cambridge, MA: Harvard University Press; London: William Heinemann Ltd., 1920."
urn:cts:greekLit:tlg0007.tlg056.perseus-eng2,Plutarch,Comparison of Demosthenes and Cicero,Comparison of Demosthenes and Cicero,1919,yes,gap,"Plutarch. Plutarch's Lives, Vol. VII. Perrin, Bernadotte, translator. Cambridge, MA: Harvard University Press; London: William Heinemann Ltd., 1919."
urn:cts:greekLit:tlg0007.tlg062.perseus-eng2,Plutarch,Comparison of Dion and Brutus,Comparison of Dion and Brutus,1918,yes,gap,"Plutarch. Plutarch's Lives, Vol. VI. Perrin, Bernadotte, translator. Cambridge, MA: Harvard University Press; London: William Heinemann Ltd., 1918."
urn:cts:greekLit:tlg0007.tlg037.perseus-eng2,Plutarch,Comparison of Lucullus and Cimon,Comparison of Lucullus and Cimon,1914,yes,gap,"Plutarch. Plutarch's Lives, Vol. II. Perrin, Bernadotte, translator. Cambridge, MA: Harvard University Press; London: William Heinemann Ltd., 1914."
urn:cts:greekLit:tlg0007.tlg006.perseus-eng2,Plutarch,Comparison of Lycurgus and Numa,Comparison of Lycurgus and Numa,1914,yes,gap,"Plutarch. Plutarch's Lives, Vol. I. Perrin, Bernadotte, translator. Cambridge, MA: Harvard University Press; London: William Heinemann Ltd., 1914."
urn:cts:greekLit:tlg0007.tlg034.perseus-eng2,Plutarch,Comparison of Lysander and Sulla,Comparison of Lysander and Sulla,1916,yes,gap,"Plutarch. Plutarch's Lives, Vol. IV. Perrin, Bernadotte, translator. Cambridge, MA: Harvard University Press; London: William Heinemann Ltd., 1916."
urn:cts:greekLit:tlg0007.tlg040.perseus-eng2,Plutarch,Comparison of Nicias and Crassus,Comparison of Nicias and Crassus,1914,yes,gap,"Plutarch. Plutarch's Lives, Vol. III. Perrin, Bernadotte, translator. Cambridge, MA: Harvard University Press; London: William Heinemann Ltd., 1914."
urn:cts:greekLit:tlg0007.tlg023.perseus-eng2,Plutarch,Comparison of Pelopidas and Marcellus,Comparison of Pelopidas and Marcellus,1917,yes,gap,"Plutarch. Plutarch's Lives, Vol. V. Perrin, Bernadotte, translator. Cambridge, MA: Harvard University Press; London: William Heinemann Ltd., 1917."
urn:cts:greekLit:tlg0007.tlg014.perseus-eng2,Plutarch,Comparison of Pericles and Fabius Maximus,Comparison of Pericles and Fabius Maximus,1916,yes,gap,"Plutarch. Plutarch's Lives, Vol. III. Perrin, Bernadotte, translator. Cambridge, MA: Harvard University Press; London: William Heinemann Ltd., 1916."
urn:cts:greekLit:tlg0007.tlg029.perseus-eng2,Plutarch,Comparison of Philopoemen and Titus,Comparison of Philopoemen and Titus,1921,yes,gap,"Plutarch. Plutarch's Lives, Vol. X. Perrin, Bernadotte, translator. Cambridge, MA: Harvard University Press; London: William Heinemann Ltd., 1921."
urn:cts:greekLit:tlg0007.tlg043.perseus-eng2,Plutarch,Comparison of Sertorius and Eumenes,Comparison of Sertorius and Eumenes,1919,yes,gap,"Plutarch. Plutarch's Lives, Vol. VIII. Perrin, Bernadotte, translator. Cambridge, MA: Harvard University Press; London: William Heinemann Ltd., 1919."
urn:cts:greekLit:tlg0007.tlg009.perseus-eng2,Plutarch,Comparison of Solon and Publicola,Comparison of Solon and Publicola,1914,yes,gap,"Plutarch. Plutarch's Lives, Vol. I. Perrin, Bernadotte, translator. Cambridge, MA: Harvard University Press; London: William Heinemann Ltd., 1914."
urn:cts:greekLit:tlg0007.tlg003.perseus-eng2,Plutarch,Comparison of Theseus and Romulus,Comparison of Theseus and Romulus,1914,yes,gap,"Plutarch. Plutarch's Lives, Vol. I. Perrin, Bernadotte, translator. Cambridge, MA: Harvard University Press; London: William Heinemann Ltd., 1914."
urn:cts:greekLit:tlg0007.tlg020.perseus-eng2,Plutarch,Comparison of Timoleon and Aemilius,Comparison of Timoleon and Aemilius,1918,yes,gap,"Plutarch. Plutarch's Lives, Vol. VI. Perrin, Bernadotte, translator. Cambridge, MA: Harvard University Press; London: William Heinemann Ltd., 1918."
urn:cts:greekLit:tlg0007.tlg137.perseus-eng2,Plutarch,Compendium argumenti Stoicos absurdiora poetis dicere,"A breviate of a discourse, showing that the Stoics speak greater improbabilities than the poets.",1874,yes,gap,"Plutarch. Plutarch's Morals, Vol. 3. Goodwin, William W., editor; Baxter, William, translator. Boston: Little, Brown, and Company; Cambridge: Press of John Wilson and Son, 1874."
urn:cts:greekLit:tlg0007.tlg078.perseus-eng3,Plutarch,Conjugalia Praecepta,Advice to Bride and Groom,1928,yes,gap,"Plutarch. Moralia, Vol. II. Babbitt, Frank Cole, translator. Cambridge, MA: Harvard University Press; London: William Heinemann Ltd., 1928 (printing)."
urn:cts:greekLit:tlg0007.tlg078.perseus-eng4,Plutarch,Conjugalia Praecepta,Conjugal Precepts,1874,yes,gap,"Plutarch. Plutarch's Morals, Vol. II. Goodwin, William W., editor; Philips, John, translator. Boston: Little, Brown, and Company; Cambridge: Press of John Wilson and Son, 1874."
urn:cts:greekLit:tlg0007.tlg111.perseus-eng2,Plutarch,Consolatio Ad Uxorem,Plutarch's Consolatory Letter to His Wife,1874,yes,gap,"Plutarch. Plutarch's Morals, Vol. V. Goodwin, William W., editor; Creech, Thomas, translator. Boston: Little, Brown, and Company; Cambridge: Press of John Wilson and Son, 1874."
urn:cts:greekLit:tlg0007.tlg076.perseus-eng3,Plutarch,Consolatio ad Apollonium,A Letter of Condolence to Apollonius,1928,yes,gap,"Plutarch. Moralia, Vol. II. Babbitt, Frank Cole, translator. Cambridge, MA: Harvard University Press; London: William Heinemann Ltd., 1928 (printing)."
urn:cts:greekLit:tlg0007.tlg076.perseus-eng4,Plutarch,Consolatio ad Apollonium,Consolation to Apollonius,1874,yes,gap,"Plutarch. Plutarch's Morals, Vol. I. Goodwin, William W., editor; Morgan, Matthew, translator. Boston: Little, Brown, and Company; Cambridge: Press of John Wilson and Son, 1874."
urn:cts:greekLit:tlg0007.tlg039.perseus-eng2,Plutarch,Crassus,Crassus,1914,yes,gap,"Plutarch. Plutarch's Lives, Vol. III. Perrin, Bernadotte, translator. Cambridge, MA: Harvard University Press; London: William Heinemann Ltd., 1914."
urn:cts:greekLit:tlg0007.tlg087.perseus-eng3,Plutarch,De Alexandri magni fortuna aut virtute,On the Fortune or the Virtue of Alexander I and II,1936,check,gap,"Plutarch. Moralia, Vol. 4. Babbitt, Frank Cole, translator. Cambridge, MA: Harvard University Press; London: William Heinemann Ltd., 1936 (printing)."
urn:cts:greekLit:tlg0007.tlg087.perseus-eng4,Plutarch,De Alexandri magni fortuna aut virtute,Concerning the fortune or virtue of Alexander the Great.,1874,yes,gap,"Plutarch. Plutarch's Morals, Vol. 1. Goodwin, William W., editor; Phillips, John, translator. Boston: Little, Brown, and Company; Cambridge: Press of John Wilson and Son, 1874."
urn:cts:greekLit:tlg0007.tlg098.perseus-eng3,Plutarch,De Amore Prolis,On Affection for Offspring,1939,check,gap,"Plutarch. Moralia, Vol. VI. Helmbold, William Clark, translator. Cambridge, MA: Harvard University Press; London: William Heinemann Ltd., 1939 (printing)."
urn:cts:greekLit:tlg0007.tlg098.perseus-eng4,Plutarch,De Amore Prolis,Of Natural Affection Towards One's Offspring,1874,yes,gap,"Plutarch. Plutarch's Morals, Vol. IV. Goodwin, William W., editor; Brown, R., translator. Boston: Little, Brown, and Company; Cambridge: Press of John Wilson and Son, 1874."
urn:cts:greekLit:tlg0007.tlg103.perseus-eng2,Plutarch,De Cupiditate Divitiarum,Of the Love of Wealth,1874,yes,gap,"Plutarch. Plutarch's Morals, Vol. II. Goodwin, William W., editor; Patrick, John, translator. Boston: Little, Brown, and Company; Cambridge: Press of John Wilson and Son, 1874."
urn:cts:greekLit:tlg0007.tlg092.perseus-eng3,Plutarch,De Defectu Oraculorum,The Obsolesence of Oracles,1936,check,gap,"Plutarch. Moralia, Vol. V. Babbitt, Frank Cole, translator. Cambridge, MA: Harvard University Press; London: William Heinemann Ltd., 1936 (printing)."
urn:cts:greekLit:tlg0007.tlg092.perseus-eng4,Plutarch,De Defectu Oraculorum,Why the Oracles Cease to Give Answers,1874,yes,gap,"Plutarch. Plutarch's Morals, Vol. IV. Goodwin, William W., editor; Midgley, Robert translator. Boston: Little, Brown, and Company; Cambridge: Press of John Wilson and Son, 1874."
urn:cts:greekLit:tlg0007.tlg090.perseus-eng3,Plutarch,De E apud Delphos,The Ε at Delphi,1936,check,gap,"Plutarch. Moralia, Vol. 5. Babbitt, Frank Cole, translator. Cambridge, MA: Harvard University Press; London: William Heinemann Ltd., 1936 (printing)."
urn:cts:greekLit:tlg0007.tlg090.perseus-eng4,Plutarch,De E apud Delphos,Of the word ΕΙ engraven over the gate of Apollo's temple at Delphi,1874,yes,gap,"Plutarch. Plutarch's Morals, Vol. 4. Goodwin, William W., editor; Kippax, R, translator. Boston: Little, Brown, and Company; Cambridge: Press of John Wilson and Son, 1874."
urn:cts:greekLit:tlg0007.tlg126.perseus-eng3,Plutarch,De Facie Quae in orbe Lunae Apparet,Concerning the Face which Appears in the Orb Of the Moon,1957,check,gap,"Plutarch. Moralia, Vol. XII. Cherniss, Harold and William Clark Helmbold translators. Cambridge, MA: Harvard University Press; London: William Heinemann Ltd., 1957 (printing)."
urn:cts:greekLit:tlg0007.tlg126.perseus-eng4,Plutarch,De Facie Quae in orbe Lunae Apparet,Of the Face Appearing Within the Orb Of the Moon,1874,yes,gap,"Plutarch. Plutarch's Morals, Vol. V. Goodwin, William W., editor; G., A., translator. Boston: Little, Brown, and Company; Cambridge: Press of John Wilson and Son, 1874."
urn:cts:greekLit:tlg0007.tlg108.perseus-eng2,Plutarch,De Fato,Of Fate.,1874,yes,gap,"Plutarch. Plutarch's Morals, Vol. V. Goodwin, William W., editor; A.G., translator. Boston: Little, Brown, and Company; Cambridge: Press of John Wilson and Son, 1874."
urn:cts:greekLit:tlg0007.tlg101.perseus-eng3,Plutarch,De Garrulitate,Concerning Talkativeness,1939,check,gap,"Plutarch. Moralia, Vol. VI. Helmbold, William Clark, translator. Cambridge, MA: Harvard University Press; London: William Heinemann Ltd., 1939 (printing)."
urn:cts:greekLit:tlg0007.tlg101.perseus-eng4,Plutarch,De Garrulitate,"Of Garrulity, or Talkativeness",1874,yes,gap,"Plutarch. Plutarch's Morals, Vol. IV. Goodwin, William W., editor; Philips, John, translator. Boston: Little, Brown, and Company; Cambridge: Press of John Wilson and Son, 1874."
urn:cts:greekLit:tlg0007.tlg109.perseus-eng2,Plutarch,De Genio Socratis,A Discourse Concerning Socrates's Daemon,1874,yes,gap,"Plutarch. Plutarch's Morals, Vol. II. Goodwin, William W., editor; Creech, Thomas, translator. Boston: Little, Brown, and Company; Cambridge: Press of John Wilson and Son, 1874."
urn:cts:greekLit:tlg0007.tlg123.perseus-eng2,Plutarch,De Heroditi malignate,Of Herodotus's Malice.,1874,yes,gap,"Plutarch. Plutarch's Morals, Vol. IV. Goodwin, William W., editor; A.G., translator. Boston: Little, Brown, and Company; Cambridge: Press of John Wilson and Son, 1874."
urn:cts:greekLit:tlg0007.tlg105.perseus-eng2,Plutarch,De Invidia et Odio,Of Envy and Hatred,1874,yes,gap,"Plutarch. Plutarch's Morals, Vol. II. Goodwin, William W., editor; Lancaster, P., translator. Boston: Little, Brown, and Company; Cambridge: Press of John Wilson and Son, 1874."
urn:cts:greekLit:tlg0007.tlg089.perseus-eng3,Plutarch,De Iside et Osiride,Isis and Osiris,1936,check,gap,"Plutarch. Moralia, Vol. V. Babbitt, Frank Cole, translator. Cambridge, MA: Harvard University Press; London: William Heinemann Ltd., 1936 (printing)."
urn:cts:greekLit:tlg0007.tlg089.perseus-eng4,Plutarch,De Iside et Osiride,"Of Isis and Osiris, or of the Ancient Religion and Philosophy of Egypt.",1874,yes,gap,"Plutarch. Plutarch's Morals, Vol. IV. Goodwin, William W., editor; Baxter, William, translator. Boston: Little, Brown, and Company; Cambridge: Press of John Wilson and Son, 1874."
urn:cts:greekLit:tlg0007.tlg091.perseus-eng3,Plutarch,De Pythiae oraculis,The Oracle at Delphi no Longer Given in Verse,1936,check,gap,"Plutarch. Moralia, Vol. V. Babbitt, Frank Cole, translator. Cambridge, MA: Harvard University Press; London: William Heinemann Ltd., 1936 (printing)."
urn:cts:greekLit:tlg0007.tlg091.perseus-eng4,Plutarch,De Pythiae oraculis,Wherefore the Pythian Priestess now Ceases to Deliver her Oracles in Verse,1874,yes,gap,"Plutarch. Plutarch's Morals, Vol. III. Goodwin, William W., editor; Philips, John, translator. Boston: Little, Brown, and Company; Cambridge: Press of John Wilson and Son, 1874."
urn:cts:greekLit:tlg0007.tlg106.perseus-eng2,Plutarch,De Se Ipsum Citra Invidiam Laudando,How a Man May Inoffensively Praise Himself Without Being Liable to Envy,1874,yes,gap,"Plutarch. Plutarch's Morals, Vol. II. Goodwin, William W., editor; Lancaster, P., translator. Boston: Little, Brown, and Company; Cambridge: Press of John Wilson and Son, 1874."
urn:cts:greekLit:tlg0007.tlg107.perseus-eng2,Plutarch,De Sera Numinis Vindicta,Concerning Such Whom God is Slow to Punish,1874,yes,gap,"Plutarch. Plutarch's Morals, Vol. IV. Goodwin, William W., editor; Philips, John, translator. Boston: Little, Brown, and Company; Cambridge: Press of John Wilson and Son, 1874."
urn:cts:greekLit:tlg0007.tlg136.perseus-eng2,Plutarch,De Stoicorum repugnantiis,The contradictions of the Stoics,1874,yes,gap,"Plutarch. Plutarch's Morals, Vol. IV. Goodwin, William W., translator. Boston: Little, Brown, and Company; Cambridge, MA: Press of John Wilson and Son, 1874."
urn:cts:greekLit:tlg0007.tlg080.perseus-eng3,Plutarch,De Superstitione,Superstition,1928,yes,gap,"Plutarch. Moralia, Vol. IΙ. Babbitt, Frank Cole, translator. Cambridge, MA: Harvard University Press; London: William Heinemann Ltd., 1928 (printing)."
urn:cts:greekLit:tlg0007.tlg080.perseus-eng4,Plutarch,De Superstitione,"Of Superstition, or Indiscreet Devotion",1874,yes,gap,"Plutarch. Plutarch's Morals, Vol. II. Goodwin, William W., editor; Baxter, William translator. Boston: Little, Brown, and Company; Cambridge: Press of John Wilson and Son, 1874."
urn:cts:greekLit:tlg0007.tlg096.perseus-eng3,Plutarch,De Tranquillitate Animi,On Tranquillity of Mind,1939,check,gap,"Plutarch. Moralia, Vol. VI. Helmbold, William Clark, translator. Cambridge, MA: Harvard University Press; London: William Heinemann Ltd., 1939 (printing)."
urn:cts:greekLit:tlg0007.tlg096.perseus-eng4,Plutarch,De Tranquillitate Animi,Of the Tranquillity of the Mind.,1874,yes,gap,"Plutarch. Plutarch's Morals, Vol. I. Goodwin, William W., editor; Morgan, Matthew, translator. Boston: Little, Brown, and Company; Cambridge: Press of John Wilson and Son, 1874."
urn:cts:greekLit:tlg0007.tlg094.perseus-eng3,Plutarch,De Virtute Morali,On Moral Virtue,1939,check,gap,"Plutarch. Moralia, Vol. VI. Helmbold, William Clark, translator. Cambridge, MA: Harvard University Press; London: William Heinemann Ltd., 1939 (printing)."
urn:cts:greekLit:tlg0007.tlg094.perseus-eng4,Plutarch,De Virtute Morali,Of Moral Virtue,1874,yes,gap,"Plutarch. Plutarch's Morals, Vol. III. Goodwin, William W., editor; Matthew, Morgan translator. Boston: Little, Brown, and Company; Cambridge: Press of John Wilson and Son, 1874."
urn:cts:greekLit:tlg0007.tlg104.perseus-eng2,Plutarch,De Vitioso Pudore,Of Bashfulness,1874,yes,gap,"Plutarch. Plutarch's Morals, Vol. I. Goodwin, William W., editor; Hoy, Thomas, translator. Boston: Little, Brown, and Company; Cambridge: Press of John Wilson and Son, 1874."
urn:cts:greekLit:tlg0007.tlg073.perseus-eng3,Plutarch,De amicorum multitudine,On Having Many Friends,1928,yes,gap,"Plutarch. Moralia, Vol. II. Babbitt, Frank Cole, translator. Cambridge, MA: Harvard University Press; London: William Heinemann Ltd., 1928 (printing)."
urn:cts:greekLit:tlg0007.tlg073.perseus-eng4,Plutarch,De amicorum multitudine,"Of Large Acquaintance: or, an Essay to Prove the Folly of Seeking Many Friends",1874,yes,gap,"Plutarch. Plutarch's Morals, Vol. I. Goodwin, William W., editor, translator. Boston: Little, Brown, and Company, 1874."
urn:cts:greekLit:tlg0007.tlg134.perseus-eng2,Plutarch,De animae procreatione in Timaeo,Concerning the procreation of the soul as discoursed in Timaeus,1874,yes,gap,"Plutarch. Plutarch's Morals, Vol. II. Goodwin, William W., editor; Philips, John, translator. Boston: Little, Brown, and Company; Cambridge: Press of John Wilson and Son, 1874."
urn:cts:greekLit:tlg0007.tlg072.perseus-eng3,Plutarch,De capienda ex inimicis utilitate,How To Profit By One's Enemies,1928,yes,gap,"Plutarch. Moralia, Vol. II. Babbitt, Frank Cole, translator. Cambridge, MA: Harvard University Press; London: William Heinemann Ltd., 1928 (printing)."
urn:cts:greekLit:tlg0007.tlg072.perseus-eng4,Plutarch,De capienda ex inimicis utilitate,How a man may receive advantage and profit from his enemies.,1874,yes,gap,"Plutarch. Plutarch's Morals, Vol. I. Goodwin, William W., editor; Hartcliff, John, translator. Boston: Little, Brown, and Company; Cambridge: Press of John Wilson and Son, 1874."
urn:cts:greekLit:tlg0007.tlg095.perseus-eng3,Plutarch,De cohibenda ira,On the Control of Anger,1936,check,gap,"Plutarch. Moralia, Vol. VI. Helmbold, William Clark, translator. Cambridge, MA: Harvard University Press; London: William Heinemann Ltd., 1936 (printing)."
urn:cts:greekLit:tlg0007.tlg095.perseus-eng4,Plutarch,De cohibenda ira,Concerning the cure of anger: a dialogue,1874,yes,gap,"Plutarch. Plutarch's Morals, Vol. I. Goodwin, William W., editor; Dillgham, William, translator. Boston: Little, Brown, and Company; Cambridge: Press of John Wilson and Son, 1874."
urn:cts:greekLit:tlg0007.tlg138.perseus-eng2,Plutarch,De communibus notitiis adversus Stoicos,"Of common conceptions, against the Stoics.",1874,yes,gap,"Plutarch. Plutarch's Morals, Vol. IV. Goodwin, William W., editor; White, Samuel, translator. Boston: Little, Brown, and Company; Cambridge: Press of John Wilson and Son, 1874."
urn:cts:greekLit:tlg0007.tlg102.perseus-eng3,Plutarch,De curiositate,On Being a Busybody,1939,check,gap,"Plutarch. Moralia, Vol. VI. Helmbold, William Clark, translator. Cambridge, MA: Harvard University Press; London: William Heinemann Ltd., 1939 (printing)."
urn:cts:greekLit:tlg0007.tlg102.perseus-eng4,Plutarch,De curiositate,"Of Curiosity, or an Over-Busy Inquisitiveness into Things Impertinent.",1874,yes,gap,"Plutarch. Plutarch's Morals, Vol. II. Goodwin, William W., editor; Wheeler, Maurice, translator. Boston: Little, Brown, and Company; Cambridge: Press of John Wilson and Son, 1874."
urn:cts:greekLit:tlg0007.tlg131.perseus-eng3,Plutarch,De esu carnium I,On the eating of flesh I,1957,check,gap,"Plutarch. Moralia, Vol. XII. Cherniss, Harold, and Helmbold, William C., translators. Cambridge, MA: Harvard University Press; London: William Heinemann Ltd., 1957 (printing)."
urn:cts:greekLit:tlg0007.tlg131.perseus-eng4,Plutarch,De esu carnium I,Of eating of flesh: Tract I.,1874,yes,gap,"Plutarch. Plutarch's Morals, Vol. V. Goodwin, William W., editor; Baxter, William, translator. Boston: Little, Brown, and Company; Cambridge: Press of John Wilson and Son, 1874."
urn:cts:greekLit:tlg0007.tlg132.perseus-eng3,Plutarch,De esu carnium II,On the eating of flesh II,1957,check,gap,"Plutarch. Moralia, Vol. XII. Cherniss, Harold, and Helmbold, William C., translators. Cambridge, MA: Harvard University Press; London: William Heinemann Ltd., 1957 (printing)."
urn:cts:greekLit:tlg0007.tlg132.perseus-eng4,Plutarch,De esu carnium II,Of eating of flesh: Tract II.,1874,yes,gap,"Plutarch. Plutarch's Morals, Vol. V. Goodwin, William W., editor; Baxter, William, translator. Boston: Little, Brown, and Company; Cambridge: Press of John Wilson and Son, 1874."
urn:cts:greekLit:tlg0007.tlg110.perseus-eng2,Plutarch,De exilio,"Of Banishment, or Flying One's Country.",1874,yes,gap,"Plutarch. Plutarch's Morals, Vol. 3. Goodwin, William W., editor; Patrick, John, translator. Boston: Little, Brown, and Company; Cambridge: Press of John Wilson and Son, 1874."
urn:cts:greekLit:tlg0007.tlg074.perseus-eng3,Plutarch,De fortuna,Chance,1928,yes,gap,"Plutarch. Moralia, Vol. II. Babbitt, Frank Cole, translator. Cambridge, MA: Harvard University Press; London: William Heinemann Ltd., 1928 (printing)."
urn:cts:greekLit:tlg0007.tlg074.perseus-eng4,Plutarch,De fortuna,Of Fortune,1874,yes,gap,"Plutarch. Plutarch's Morals, Vol. II. Goodwin, William W., editor; Baxter, William, translator. Boston: Little, Brown, and Company; Cambridge: Press of John Wilson and Son, 1874."
urn:cts:greekLit:tlg0007.tlg086.perseus-eng3,Plutarch,De fortuna Romanorum,On the Fortunes of the Romans,1936,check,gap,"Plutarch. Moralia, Vol. IV. Babbitt, Frank Cole, translator. Cambridge, MA: Harvard University Press; London: William Heinemann Ltd., 1936 (printing)."
urn:cts:greekLit:tlg0007.tlg086.perseus-eng4,Plutarch,De fortuna Romanorum,Concerning the fortune of the Romans,1874,yes,gap,"Plutarch. Plutarch's Morals, Vol. IV. Goodwin, William W., editor; Oswald, John, translator. Boston: Little, Brown, and Company; Cambridge: Press of John Wilson and Son, 1874."
urn:cts:greekLit:tlg0007.tlg097.perseus-eng3,Plutarch,De fraterno amore,On Brotherly Love,1939,check,gap,"Plutarch. Moralia, Vol. VI. Helmbold, W.C., translator. Cambridge, MA: Harvard University Press; London: William Heinemann Ltd., 1939 (printing)."
urn:cts:greekLit:tlg0007.tlg097.perseus-eng4,Plutarch,De fraterno amore,Of Brotherly Love,1874,yes,gap,"Plutarch. Plutarch's Morals, Vol. III. Goodwin, William W., editor; Thomson, John, translator. Boston. Little, Brown, and Company, 1874."
urn:cts:greekLit:tlg0007.tlg088.perseus-eng3,Plutarch,De gloria Atheniensium,Were the Athenians More Famous in War or in Wisdom?,1936,check,gap,"Plutarch. Moralia, Vol. IV. Babbitt, Frank Cole, translator. Cambridge, MA: Harvard University Press; London: William Heinemann Ltd., 1936 (printing)."
urn:cts:greekLit:tlg0007.tlg088.perseus-eng4,Plutarch,De gloria Atheniensium,Whether the Athenians Were More Renowned For Their Warlike Achievements or For Their Learning,1874,yes,gap,"Plutarch. Plutarch's Morals, Vol. V. Goodwin, William W., editor; Smith, R, translator. Boston. Little, Brown, and Company, 1874."
urn:cts:greekLit:tlg0007.tlg067.perseus-eng3,Plutarch,De liberis educandis,The Education of Children,1927,yes,gap,"Plutarch. Moralia, Vol. I. Babbitt, Frank Cole, translator. Cambridge, MA: Harvard University Press; London: William Heinemann Ltd., 1927 (printing)."
urn:cts:greekLit:tlg0007.tlg067.perseus-eng4,Plutarch,De liberis educandis,A Discourse Touching the Training of Children,1874,yes,gap,"Plutarch. Plutarch's morals, Vol. I. Goodwin, William W., editor; Ford, Simon, translator. Boston: Little, Brown, and Company, 1874."
urn:cts:greekLit:tlg0007.tlg127.perseus-eng3,Plutarch,De primo frigido,On the Principle of Cold,1957,check,gap,"Plutarch. Moralia, Vol. XII. Cherniss, Harold and William C. Helmbold, translators. Cambridge, MA: Harvard University Press; London: William Heinemann Ltd., 1957 (printing)."
urn:cts:greekLit:tlg0007.tlg127.perseus-eng4,Plutarch,De primo frigido,Concerning the First Principle of Cold,1874,yes,gap,"Plutarch. Plutarch's Morals, Vol. V. Goodwin, William W., editor; Fetherstone, F., translator. Boston: Little, Brown, and Company; Cambridge: Press of John Wilson and Son, 1874."
urn:cts:greekLit:tlg0007.tlg069.perseus-eng3,Plutarch,De recta ratione audiendi,On Listening to Lectures,1927,yes,gap,"Plutarch. Moralia, Vol. I. Babbitt, Frank Cole, translator. Cambridge, MA: Harvard University Press. London: William Heinemann Ltd., 1927 (printing)."
urn:cts:greekLit:tlg0007.tlg069.perseus-eng4,Plutarch,De recta ratione audiendi,Of Hearing,1874,yes,gap,"Plutarch. Plutarch's Morals, Vol. I. Goodwin, William W., editor; Hoy, Thomas, translator. Boston: Little, Brown, and Company, 1874."
urn:cts:greekLit:tlg0007.tlg129.perseus-eng3,Plutarch,De sollertia animalium,Whether land or sea animals are cleverer,1957,check,gap,"Plutarch. Moralia, Vol. XII. Cherniss, Harold, and Helmbold, William C., translators. Cambridge, MA: Harvard University Press; London: William Heinemann Ltd., 1957 (printing)."
urn:cts:greekLit:tlg0007.tlg129.perseus-eng4,Plutarch,De sollertia animalium,"Which are the most crafty, water-animals or those creatures that breed upon the land?",1874,yes,gap,"Plutarch. Plutarch's Morals, Vol. V. Goodwin, William W., editor; Philips, John, translator. Boston: Little, Brown, and Company, 1874."
urn:cts:greekLit:tlg0007.tlg077.perseus-eng3,Plutarch,De tuenda sanitate praecepta,Advice About Keeping Well,1928,yes,gap,"Plutarch. Moralia, Vol. II. Babbitt, Frank Cole, translator. Cambridge, MA: Harvard University Press; London: William Heinemann Ltd., 1928 (printing)."
urn:cts:greekLit:tlg0007.tlg077.perseus-eng4,Plutarch,De tuenda sanitate praecepta,Plutarch's Rules for the Preservation of Health,1874,yes,gap,"Plutarch. Plutarch's Morals, Vol. I. Goodwin, William W., editor; Poole, Matthew, translator. Boston: Little, Brown, and Company; Cambridge: Press of John Wilson and Son, 1874."
urn:cts:greekLit:tlg0007.tlg119.perseus-eng3,Plutarch,"De unius in republica dominatione, populari statu, et paucorum imperio","On Monarchy, Democracy, and Oligrachy",1936,check,gap,"Plutarch. Moralia, Vol. X. Fowler, Harold North, translator. Cambridge, MA: Harvard University Press; London: William Heinemann Ltd., 1936 (printing)."
urn:cts:greekLit:tlg0007.tlg119.perseus-eng4,Plutarch,"De unius in republica dominatione, populari statu, et paucorum imperio","Of the Three Sorts of Government, Monarchy, Democracy, and Oligarchy.",1874,yes,gap,"Plutarch. Plutarch's Morals, Vol. V. Goodwin, William W., editor; Smith, R., translator. Boston: Little, Brown, and Company; Cambridge: Press of John Wilson and Son, 1874."
urn:cts:greekLit:tlg0007.tlg075.perseus-eng3,Plutarch,De virtute et vitio,Virtue and Vice,1928,yes,gap,"Plutarch. Moralia, Vol. II. Babbitt, Frank Cole, translator. Cambridge, MA: Harvard University Press; London: William Heinemann Ltd., 1928 (printing)."
urn:cts:greekLit:tlg0007.tlg075.perseus-eng4,Plutarch,De virtute et vitio,Of Virtue and Vice,1874,yes,gap,"Plutarch. Plutarch's Morals, Vol. II. Goodwin, William W., editor; Baxter, William translator. Boston: Little, Brown, and Company; Cambridge: Press of John Wilson and Son, 1874."
urn:cts:greekLit:tlg0007.tlg120.perseus-eng3,Plutarch,De vitando aere alieno,That we Ought not to Borrow,1936,check,gap,"Plutarch. Moralia, Vol. X. Fowler, Harold North, translator. Cambridge, MA: Harvard University Press; London: William Heinemann Ltd., 1936 (printing)."
urn:cts:greekLit:tlg0007.tlg120.perseus-eng4,Plutarch,De vitando aere alieno,"Against Running in Debt, or Taking up Money Upon Usury",1874,yes,gap,"Plutarch. Plutarch's Morals, Vol. V. Goodwin, William W., editor; Smith, R., translator. Boston: Little, Brown, and Company; Cambridge: Press of John Wilson and Son, 1874."
urn:cts:greekLit:tlg0007.tlg057.perseus-eng2,Plutarch,Demetrius,Demetrius,1920,yes,gap,"Plutarch. Plutarch's Lives, Vol. IX. Perrin, Bernadotte, translator. Cambridge, MA: Harvard University Press; London: William Heinemann Ltd., 1920."
urn:cts:greekLit:tlg0007.tlg054.perseus-eng2,Plutarch,Demosthenes,Demosthenes,1919,yes,gap,"Plutarch. Plutarch's Lives, Vol. VII. Perrin, Bernadotte, translator. Cambridge, MA: Harvard University Press; London: William Heinemann Ltd., 1919."
urn:cts:greekLit:tlg0007.tlg060.perseus-eng2,Plutarch,Dion,Dion,1918,yes,gap,"Plutarch. Plutarch's Lives, Vol. VI. Perrin, Bernadotte, translator. Cambridge, MA: Harvard University Press; London: William Heinemann Ltd., 1918."
urn:cts:greekLit:tlg0007.tlg041.perseus-eng2,Plutarch,Eumenes,Eumenes,1919,yes,gap,"Plutarch. Plutarch's Lives, Vol. VIII. Perrin, Bernadotte, translator. Cambridge, MA: Harvard University Press; London: William Heinemann Ltd., 1919."
urn:cts:greekLit:tlg0007.tlg013.perseus-eng2,Plutarch,Fabius Maximus,Fabius Maximus,1914,yes,gap,"Plutarch. Plutarch's Lives, Vol. III. Perrin, Bernadotte, translator. Cambridge, MA: Harvard University Press; London: William Heinemann Ltd., 1914."
urn:cts:greekLit:tlg0007.tlg065.perseus-eng2,Plutarch,Galba,Galba,1926,yes,gap,"Plutarch. Plutarch's Lives, Vol. XI. Perrin, Bernadotte, translator. Cambridge, MA: Harvard University Press; London: William Heinemann Ltd., 1926."
urn:cts:greekLit:tlg0007.tlg082a.perseus-eng2,Plutarch,Instituta Laconia,The Ancient Customs of the Spartans,1931,check,gap,"Plutarch. Moralia, Vol. III. Babbitt, Frank Cole, translator. Cambridge, MA: Harvard University Press; London: William Heinemann Ltd., 1931 (printing)."
urn:cts:greekLit:tlg0007.tlg082b.perseus-eng2,Plutarch,Lacaenarum Apophthegmata,Sayings of Spartan Women,1931,check,gap,"Plutarch. Moralia, Vol. III. Babbitt, Frank Cole, translator. Cambridge, MA: Harvard University Press; London: William Heinemann Ltd., 1931 (printing)."
urn:cts:greekLit:tlg0007.tlg036.perseus-eng2,Plutarch,Lucullus,Lucullus,1914,yes,gap,"Plutarch. Plutarch's Lives, Vol. II. Perrin, Bernadotte, translator. Cambridge, MA: Harvard University Press; London: William Heinemann Ltd., 1914."
urn:cts:greekLit:tlg0007.tlg004.perseus-eng2,Plutarch,Lycurgus,Lycurgus,1914,yes,gap,"Plutarch. Plutarch's Lives, Vol. I. Perrin, Bernadotte, translator. Cambridge, MA: Harvard University Press; London: William Heinemann Ltd., 1914."
urn:cts:greekLit:tlg0007.tlg032.perseus-eng2,Plutarch,Lysander,Lysander,1916,yes,gap,"Plutarch. Plutarch's Lives, Vol. IV. Perrin, Bernadotte, translator. Cambridge, MA: Harvard University Press; London: William Heinemann Ltd., 1916."
urn:cts:greekLit:tlg0007.tlg022.perseus-eng2,Plutarch,Marcellus,Marcellus,1917,yes,gap,"Plutarch. Plutarch's Lives, Vol. V. Perrin, Bernadotte, translator. Cambridge, MA: Harvard University Press; London: William Heinemann Ltd., 1917."
urn:cts:greekLit:tlg0007.tlg025.perseus-eng2,Plutarch,Marcus Cato,Marcus Cato,1914,yes,gap,"Plutarch. Plutarch's Lives, Vol. II. Perrin, Bernadotte, translator. Cambridge, MA: Harvard University Press; London: William Heinemann Ltd., 1914."
urn:cts:greekLit:tlg0007.tlg115.perseus-eng3,Plutarch,Maxime Cum Principibus Viris Philosopho Esse Disserendum,That a Philosopher Ought to Converse Especially with Men in Power,1936,check,gap,"Plutarch. Moralia, Vol. X. Fowler, Harold North, translator. Cambridge, MA: Harvard University Press; London: William Heinemann Ltd., 1936 (printing)."
urn:cts:greekLit:tlg0007.tlg115.perseus-eng4,Plutarch,Maxime Cum Principibus Viris Philosopho Esse Disserendum,That a Philosopher Ought Chiefly to Converse with Great Men,1874,yes,gap,"Plutarch. Plutarch's Morals, Vol. II. Goodwin, William W., editor; Chetwood, Knightley, translator. Boston: Little, Brown, and Company; Cambridge: Press of John Wilson and Son, 1874."
urn:cts:greekLit:tlg0007.tlg083.perseus-eng3,Plutarch,Mulierum virtutes,Bravery of Women,1931,check,gap,"Plutarch. Moralia, Vol. III. Babbitt, Frank Cole, translator. Cambridge, MA: Harvard University Press; London: William Heinemann Ltd., 1931 (printing)."
urn:cts:greekLit:tlg0007.tlg083.perseus-eng4,Plutarch,Mulierum virtutes,Concerning the Virtues of Women,1874,yes,gap,"Plutarch. Plutarch's Morals, Vol. I. Goodwin, William W., editor; Chauncy, Issac, translator. Boston: Little, Brown, and Company; Cambridge: Press of John Wilson and Son, 1874."
urn:cts:greekLit:tlg0007.tlg038.perseus-eng2,Plutarch,Nicias,Nicias,1914,yes,gap,"Plutarch. Plutarch's Lives, Vol. III. Perrin, Bernadotte, translator. Cambridge, MA: Harvard University Press; London: William Heinemann Ltd., 1914."
urn:cts:greekLit:tlg0007.tlg139.perseus-eng2,Plutarch,Non Posse Suaviter Vivi Secundum Epicurum,That it is Not Possible to Live Pleasurably According to the Doctrine of Epicurus,1874,yes,gap,"Plutarch. Plutarch's Morals, Vol. II. Goodwin, William W., editor; Baxter, William, translator. Boston: Little, Brown, and Company; Cambridge: Press of John Wilson and Son, 1874."
urn:cts:greekLit:tlg0007.tlg005.perseus-eng2,Plutarch,Numa,Numa,1914,yes,gap,"Plutarch. Plutarch's Lives, Vol. I. Perrin, Bernadotte, translator. Cambridge, MA: Harvard University Press; London: William Heinemann Ltd., 1914."
urn:cts:greekLit:tlg0007.tlg066.perseus-eng2,Plutarch,Otho,Otho,1926,yes,gap,"Plutarch. Plutarch's Lives, Vol. XI. Perrin, Bernadotte, translator. Cambridge, MA: Harvard University Press; London: William Heinemann Ltd., 1926."
urn:cts:greekLit:tlg0007.tlg085.perseus-eng3,Plutarch,Parallela minora,Greek and Roman Parallel Stories,1936,check,gap,"Plutarch. Moralia, Vol. 4. Babbitt, Frank Cole, translator. Cambridge, MA: Harvard University Press; London: William Heinemann Ltd., 1936 (printing)."
urn:cts:greekLit:tlg0007.tlg085.perseus-eng4,Plutarch,Parallela minora,"Parallels, or a comparison between the Greek and Roman Histories.",1874,yes,gap,"Plutarch. Plutarch's Morals, Vol. 5. Goodwin, William W., editor; Oswald, John, translator. Boston: Little, Brown, and Company; Cambridge: Press of John Wilson and Son, 1874."
urn:cts:greekLit:tlg0007.tlg021.perseus-eng2,Plutarch,Pelopidas,Pelopidas,1917,yes,gap,"Plutarch. Plutarch's Lives, Vol. V. Perrin, Bernadotte, translator. Cambridge, MA: Harvard University Press; London: William Heinemann Ltd., 1917."
urn:cts:greekLit:tlg0007.tlg012.perseus-eng2,Plutarch,Pericles,Pericles,1916,yes,gap,"Plutarch. Plutarch's Lives, Vol. III. Perrin, Bernadotte, translator. Cambridge, MA: Harvard University Press; London: William Heinemann Ltd., 1916."
urn:cts:greekLit:tlg0007.tlg027.perseus-eng2,Plutarch,Philopoemen,Philopoemen,1921,yes,gap,"Plutarch. Plutarch's Lives, Vol. X. Perrin, Bernadotte, translator. Cambridge, MA: Harvard University Press; London: William Heinemann Ltd., 1921."
urn:cts:greekLit:tlg0007.tlg049.perseus-eng2,Plutarch,Phocion,Phocion,1919,yes,gap,"Plutarch. Plutarch's Lives, Vol. VIII. Perrin, Bernadotte, translator. Cambridge, MA: Harvard University Press; London: William Heinemann Ltd., 1919."
urn:cts:greekLit:tlg0007.tlg133.perseus-eng2,Plutarch,Platonicae quaestiones,Plutarch's Platonic questions,1874,yes,gap,"Plutarch. Plutarch's Morals, Vol. V. Goodwin, William W., editor; Brown, R., translator. Boston: Little, Brown, and Company; Cambridge: Press of John Wilson and Son, 1874."
urn:cts:greekLit:tlg0007.tlg045.perseus-eng2,Plutarch,Pompey,Pompey,1917,yes,gap,"Plutarch. Plutarch's Lives, Vol. V. Perrin, Bernadotte, translator. Cambridge, MA: Harvard University Press; London: William Heinemann Ltd., 1917."
urn:cts:greekLit:tlg0007.tlg118.perseus-eng3,Plutarch,Praecepta gerendae reipublicae,Precepts of Statecraft,1936,check,gap,"Plutarch. Moralia, Vol. X. Fowler, Harold North, translator. Cambridge, MA: Harvard University Press; London: William Heinemann Ltd., 1936 (printing)."
urn:cts:greekLit:tlg0007.tlg118.perseus-eng4,Plutarch,Praecepta gerendae reipublicae,Political Precepts,1874,yes,gap,"Plutarch. Plutarch's Morals, Vol. V. Goodwin, William W., editor; White, Samuel, translator. Boston: Little, Brown, and Company; Cambridge: Press of John Wilson and Son, 1874."
urn:cts:greekLit:tlg0007.tlg008.perseus-eng2,Plutarch,Publicola,Publicola,1914,yes,gap,"Plutarch. Plutarch's Lives, Vol. I. Perrin, Bernadotte, translator. Cambridge, MA: Harvard University Press; London: William Heinemann Ltd., 1914."
urn:cts:greekLit:tlg0007.tlg030.perseus-eng2,Plutarch,Pyrrhus,Pyrrhus,1920,yes,gap,"Plutarch. Plutarch's Lives, Vol. IX. Perrin, Bernadotte, translator. Cambridge, MA: Harvard University Press; London: William Heinemann Ltd., 1920."
urn:cts:greekLit:tlg0007.tlg112.perseus-eng2,Plutarch,Quaestiones Convivales,Symposiacs,1874,yes,gap,"Plutarch. Plutarch's Morals, Vol. III. Goodwin, William W., editor; Creech, Thomas, translator. Boston: Little, Brown, and Company; Cambridge: Press of John Wilson and Son, 1874."
urn:cts:greekLit:tlg0007.tlg084b.perseus-eng3,Plutarch,Quaestiones Graecae,The Greek Questions,1936,check,gap,"Plutarch. Moralia, Vol. IV. Babbitt, Frank Cole, translator. Cambridge, MA: Harvard University Press; London: William Heinemann Ltd., 1936 (printing)."
urn:cts:greekLit:tlg0007.tlg084b.perseus-eng4,Plutarch,Quaestiones Graecae,Greek Questions,1874,yes,gap,"Plutarch. Plutarch's Morals, Vol. II. Goodwin, William W., editor; Chauncy, Isaac translator. Boston: Little, Brown, and Company; Cambridge: Press of John Wilson and Son, 1874."
urn:cts:greekLit:tlg0007.tlg125.perseus-eng2,Plutarch,Quaestiones Naturales,Plutarch's Natural Questions,1874,yes,gap,"Plutarch. Plutarch's Morals, Vol. III. Goodwin, William W., editor; Brown, R., translator. Boston: Little, Brown, and Company; Cambridge: Press of John Wilson and Son, 1874."
urn:cts:greekLit:tlg0007.tlg084a.perseus-eng3,Plutarch,Quaestiones Romanae,The Roman Questions,1936,check,gap,"Plutarch. Moralia, Vol. IV. Babbitt, Frank Cole, translator. Cambridge, MA: Harvard University Press; London: William Heinemann Ltd., 1936 (printing)."
urn:cts:greekLit:tlg0007.tlg084a.perseus-eng4,Plutarch,Quaestiones Romanae,Roman Questions,1874,yes,gap,"Plutarch. Plutarch's Morals, Vol. II. Goodwin, William W., editor; Chauncy, Isaac translator. Boston: Little, Brown, and Company; Cambridge: Press of John Wilson and Son, 1874."
urn:cts:greekLit:tlg0007.tlg068.perseus-eng3,Plutarch,Quomodo adolescens poetas audire debeat,How the Young Man Should Study Poetry,1927,yes,gap,"Plutarch. Moralia, Vol. I. Babbitt, Frank Cole, translator. Cambridge, MA: Harvard University Press; London: William Heinemann Ltd., 1927 (printing)."
urn:cts:greekLit:tlg0007.tlg068.perseus-eng4,Plutarch,Quomodo adolescens poetas audire debeat,How a Young Man Ought to Hear Poems,1874,yes,gap,"Plutarch. Plutarch's Morals, Vol. II. Goodwin, William W., editor; Ford, Simon, translator. Boston: Little, Brown, and Company; Cambridge: Press of John Wilson and Son, 1874."
urn:cts:greekLit:tlg0007.tlg070.perseus-eng3,Plutarch,Quomodo adulator ab amico internoscatur,How to Tell a Flatterer from a Friend,1927,yes,gap,"Plutarch. Moralia, Vol. I. Babbitt, Frank Cole, translator. Cambridge, MA: Harvard University Press; London: William Heinemann Ltd., 1927 (printing)."
urn:cts:greekLit:tlg0007.tlg070.perseus-eng4,Plutarch,Quomodo adulator ab amico internoscatur,How to Know a Flatterer from a Friend,1874,yes,gap,"Plutarch. Plutarch's Morals, Vol. II. Goodwin, William W., editor; Tullie, George, translator. Boston: Little, Brown, and Company, 1874."
urn:cts:greekLit:tlg0007.tlg071.perseus-eng3,Plutarch,Quomodo quis suos in virtute sentiat profectus,How a Man May Become Aware of His Progress in Virtue,1927,yes,gap,"Plutarch. Moralia, Vol. I. Babbitt, Frank Cole, translator. Cambridge, MA: Harvard University Press; London: William Heinemann Ltd., 1927 (printing)."
urn:cts:greekLit:tlg0007.tlg071.perseus-eng4,Plutarch,Quomodo quis suos in virtute sentiat profectus,How a Man May Be Sensible of His Progress in Virtue.,1874,yes,gap,"Plutarch. Plutarch's Morals, Vol. II. Goodwin, William W., editor; Tod(d), Hugh translator. Boston: Little, Brown, and Company; Cambridge: Press of John Wilson and Son, 1874."
urn:cts:greekLit:tlg0007.tlg081.perseus-eng3,Plutarch,Regum et imperatorum apophthegmata,Sayings of Kings and Commanders,1931,check,gap,"Plutarch. Moralia, Vol. III. Babbitt, Frank Cole, translator. Cambridge, MA: Harvard University Press; London: William Heinemann Ltd., 1931 (printing)."
urn:cts:greekLit:tlg0007.tlg081.perseus-eng4,Plutarch,Regum et imperatorum apophthegmata,The apophthegms or remarkable sayings of kings and great commanders.,1874,yes,gap,"Plutarch. Plutarch's Morals, Vol. I. Goodwin, William W., editor; Hinton, Edward, translator. Boston: Little, Brown, and Company; Cambridge: Press of John Wilson and Son, 1874."
urn:cts:greekLit:tlg0007.tlg002.perseus-eng2,Plutarch,Romulus,Romulus,1914,yes,gap,"Plutarch. Plutarch's Lives, Vol. I. Perrin, Bernadotte, translator. Cambridge, MA: Harvard University Press; London: William Heinemann Ltd., 1914."
urn:cts:greekLit:tlg0007.tlg079.perseus-eng3,Plutarch,Septem sapientium convivium,The Dinner of the Seven Wise Men,1928,yes,gap,"Plutarch. Moralia, Vol. II. Babbitt, Frank Cole, translator. Cambridge, MA: Harvard University Press; London: William Heinemann Ltd., 1928 (printing)."
urn:cts:greekLit:tlg0007.tlg079.perseus-eng4,Plutarch,Septem sapientium convivium,The Banquet of the Seven Wise Men,1874,yes,gap,"Plutarch. Plutarch's Morals, Vol. II. Goodwin, William W., editor; Davis, Roger, translator. Boston. Little, Brown, and Company, 1874."
urn:cts:greekLit:tlg0007.tlg042.perseus-eng2,Plutarch,Sertorius,Sertorius,1919,yes,gap,"Plutarch. Plutarch's Lives, Vol. VIII. Perrin, Bernadotte, translator. Cambridge, MA: Harvard University Press; London: William Heinemann Ltd., 1919."
urn:cts:greekLit:tlg0007.tlg007.perseus-eng2,Plutarch,Solon,Solon,1914,yes,gap,"Plutarch. Plutarch's Lives, Vol. I. Perrin, Bernadotte, translator. Cambridge, MA: Harvard University Press; London: William Heinemann Ltd., 1914."
urn:cts:greekLit:tlg0007.tlg033.perseus-eng2,Plutarch,Sulla,Sulla,1916,yes,gap,"Plutarch. Plutarch's Lives, Vol. IV. Perrin, Bernadotte, translator. Cambridge, MA: Harvard University Press; London: William Heinemann Ltd., 1916."
urn:cts:greekLit:tlg0007.tlg010.perseus-eng2,Plutarch,Themistocles,Themistocles,1914,yes,gap,"Plutarch. Plutarch's Lives, Vol. II. Perrin, Bernadotte, translator. Cambridge, MA: Harvard University Press; London: William Heinemann Ltd., 1914."
urn:cts:greekLit:tlg0007.tlg001.perseus-eng3,Plutarch,Theseus,Theseus,1914,yes,gap,"Plutarch. Plutarch's Lives, Vol. I. Perrin, Bernadotte, translator. Cambridge, MA: Harvard University Press; London: William Heinemann Ltd., 1914."
urn:cts:greekLit:tlg0007.tlg052.perseus-eng1,Plutarch,Tiberius and Caius Gracchus,Tiberius and Caius Gracchus,1921,yes,gap,"Plutarch. Plutarch's Lives, Vol. X. Perrin, Bernadotte, translator. Cambridge, MA: Harvard University Press; London: William Heinemann Ltd., 1921."
urn:cts:greekLit:tlg0007.tlg018.perseus-eng2,Plutarch,Timoleon,Timoleon,1918,yes,gap,"Plutarch. Plutarch's Lives, Vol. VI. Perrin, Bernadotte, translator. Cambridge, MA: Harvard University Press; London: William Heinemann Ltd., 1918."
urn:cts:greekLit:tlg0007.tlg028.perseus-eng2,Plutarch,Titus Flamininus,Titus Flamininus,1921,yes,gap,"Plutarch. Plutarch's Lives, Vol. X. Perrin, Bernadotte, translator. Cambridge, MA: Harvard University Press; London: William Heinemann Ltd., 1921."
urn:cts:greekLit:tlg0007.tlg121.perseus-eng3,Plutarch,Vitae decem oratorum,The Lives of the Ten Orators,1936,check,gap,"Plutarch. Moralia, Vol. X. Fowler, Harold North, translator. Cambridge, MA: Harvard University Press; London: William Heinemann Ltd., 1936 (printing)."
urn:cts:greekLit:tlg0007.tlg121.perseus-eng4,Plutarch,Vitae decem oratorum,Lives of the Ten Orators,1874,yes,gap,"Plutarch. Plutarch's Morals, Vol. V. Goodwin, William W., editor; Barcroft, Charles, translator. Boston: Little, Brown, and Company; Cambridge: Press of John Wilson and Son, 1874."
urn:cts:greekLit:tlg0543.tlg001.perseus-eng2,Polybius,Histories,The Histories,1889,yes,gap,"Polybius. Vols. 1-2. Shuckburgh, Evelyn S., translator. London, New York, NY: Macmillan and Co., 1889."
urn:cts:greekLit:tlg1622.tlg001.perseus-eng1,Polycarp,Epistula ad Philippenses,The Epistle to the Philippians of Saint Polycarp,1912,yes,gap,"Polycarp. The Apostolic Fathers, Volume 1. Lake, Kirsopp, translator. Cambridge, MA: Harvard University Press; London: William Heinemann Ltd. 1912."
urn:cts:latinLit:phi1103.phi001.lascivaroma-eng1,Priaepia,Priapeia,Sportive Epigrams on Priapus,,unknown,gap,by divers poets in English verse and prose. Translated by Sir Richard Burton and Leonard C. Smithers
urn:cts:latinLit:phi1103.phi001.lascivaroma-eng2,Priaepia,Priapeia,Sportive Epigrams on Priapus (in prose),,unknown,gap,by divers poets in English verse and prose. Translated by Sir Richard Burton and Leonard C. Smithers
urn:cts:latinLit:phi0426.phi001.perseus-eng1,Pseudo-Caesar,De Bello Africo,The African War,1955,check,gap,"[Pseudo-]Caesar: Alexandrian, African and Spanish Wars. Way, A. G., translator. William Heinemann Ltd.: London; Harvard University Press: Cambridge, MA, 1955 (printing)."
urn:cts:latinLit:phi0428.phi001.perseus-eng1,Pseudo-Caesar,De Bello Alexandrino,The Alexandrian War,1955,check,gap,"[Pseudo-]Caesar: Alexandrian, African and Spanish Wars. Way, A. G., translator. William Heinemann Ltd.: London; Harvard University Press: Cambridge, MA, 1955 (printing)."
urn:cts:greekLit:tlg0646.tlg004.perseus-eng1,Pseudo-Justinus Martyr,The Epistle to Diogentus,The Epistle to Diogentus,1913,yes,gap,"The Epistle to Diogentus. The Apostolic Fathers with an English translation by Kirsopp Lake. In Two Volumes. Vol. II. Cambridge, MA: Harvard University Press; London: William Heinemann Ltd. 1913"
urn:cts:greekLit:tlg0061.tlg001.perseus-eng1,Pseudo-Lucian,Asinus,"Loukios, or the Ass",1892,yes,gap,"Selections from Lucian. Smith, Emily James, translators. New York; Harper Brothers, 1892."
urn:cts:greekLit:tlg0061.tlg006.perseus-eng1,Pseudo-Lucian,Cynicus,The Cynic,1905,yes,gap,"The Works of Lucian of Samosata, complete, with exceptions specified in the preface, Vol. 4. Fowler, H. W. and Fowler, F.G., translators. Oxford: Clarendon Press, 1905."
urn:cts:greekLit:tlg0061.tlg003.perseus-eng1,Pseudo-Lucian,Demosthenis encomium,Demosthenes: an Encomium,1905,yes,gap,"The Works of Lucian of Samosata; complete, with exceptions specified in the preface, Vol. 4. Fowler, H. W. and Fowler, F.G., translators. Oxford: Clarendon Press, 1905."
urn:cts:greekLit:tlg0061.tlg004.perseus-eng1,Pseudo-Lucian,Halcyon,The Halcyon,1892,yes,gap,"Selections from Lucian. Smith, Emily James, translator. New York: Harper Brothers, 1892."
urn:cts:greekLit:tlg0094.tlg001.1st1K-eng1,Pseudo-Plutarch,De Fluviis,"On the Naming of Rivers, Mountains, and Things Found in Them",2022,check,gap,"Pseudo-Plutarch. On the Naming of Rivers, Mountains, and Things Found in Them. Hawes, Greta, et al., translators. Washington, DC: Center for Hellenic Studies, 2022. (Digital publication)."
urn:cts:greekLit:tlg0094.tlg001.perseus-eng2,Pseudo-Plutarch,De Fluviis,"Of the Names of Rivers and Mountains, and of Such Things as are to be Found Therein",1874,yes,gap,"[Pseudo-]Plutarch. Plutarch's Morals, Vol. 5. Goodwin, William W., editor. White, R., translator. Boston: Little, Brown, and Company; Cambridge, Press of John Wilson and Son, 1874."
urn:cts:greekLit:tlg0094.tlg002.perseus-eng2,Pseudo-Plutarch,De musica,Concerning music,1874,yes,gap,"[Pseudo-]Plutarch. Plutarch's Morals, Vol. 1. Goodwin, William W. editor. Philips, John, translator, Boston: Little, Brown, and Company; Cambridge, Press of John Wilson and Son, 1874."
urn:cts:greekLit:tlg0094.tlg003.perseus-eng2,Pseudo-Plutarch,Placita Philosophorum,Of Those Sentiments Concerning Nature with which Philosophers were Delighted,1874,yes,gap,"[Pseudo-]Plutarch. Plutarch's Morals, Vol. 3. Goodwin, William W. editor. Dowell, John, translator, Boston: Little, Brown, and Company; Cambridge, Press of John Wilson and Son, 1874."
urn:cts:latinLit:phi1002.phi001.perseus-eng2,Quintilian,Institutio Oratoria,Institutio Oratoria,1922,yes,gap,"Quintilian. Institutio Oratoria, Volume 1-4. Butler, Harold Edgeworth, translator. Cambridge, Mass; London: Harvard University Press, William Heinemann Ltd., 1920-1922."
urn:cts:latinLit:phi0631.phi002.perseus-eng2,Sallust,Bellum Iugurthinum,Jugurthine War,1899,yes,gap,"Sallust. Sallust, Florus, and Velleius Paterculus. Watson, J. S. (John Selby), translator. London: Harper & Brothers, 1899."
urn:cts:latinLit:phi0631.phi001.perseus-eng2,Sallust,Catilinae Coniuratio,Conspiracy of Catiline,1899,yes,gap,"Sallust. Sallust, Florus, and Velleius Paterculus. Watson, J. S. (John Selby), translator. London: Harper & Brothers, 1899."
urn:cts:latinLit:phi1017.phi011.perseus-eng2,"Seneca, Lucius Annaeus",Apocolocyntosis,Apocolocyntosis,1913,yes,gap,"Seneca, Lucius Annaeus. Petronius. Seneca Apocolocyntosis. Heseltine, Michael, editor. Rouse, William Henry Denham, translator. London: William Heinemann; New York: G.P. Putnam's Sons, 1913."
urn:cts:greekLit:tlg0544.tlg001.1st1K-eng1,Sextus Empiricus,Pyrrhoniae Hypotyposes,Outlines of Pyrrhonism,1933,check,gap,"Sextus Empiricus, Vol. 1. Bury, Robert Gregg, translator. London: William Heinemann Ltd.; New York: G. P. Putnam's Sons, 1933."
urn:cts:greekLit:tlg0011.tlg003.perseus-eng2,Sophocles,Ajax,Ajax,1891,yes,gap,"Sophocles the plays and fragments, Part 7: The Ajax. Jebb, Richard Claverhouse, Sir, translator. Cambridge: Cambridge University Press, 1891. (Modernized by Perseus.)"
urn:cts:greekLit:tlg0011.tlg002.perseus-eng2,Sophocles,Antigone,Antigone,1891,yes,gap,"Sophocles the plays and fragments, Part 3: The Antigone. Jebb, Richard Claverhouse, Sir, translator. Cambridge: Cambridge University Press, 1891. (Modernized by Perseus.)"
urn:cts:greekLit:tlg0011.tlg005.perseus-eng2,Sophocles,Electra,Electra,1894,yes,gap,"Sophocles the plays and fragments, Part 6: The Electra. Jebb, Richard Claverhouse, Sir, translator. Cambridge: Cambridge University Press, 1894. (Modernized by Perseus.)"
urn:cts:greekLit:tlg0011.tlg008.perseus-eng2,Sophocles,Ichneutae,Tracking Satyrs,,unknown,gap,"Sophocles. Tracking Satyrs. Mahoney, Anne (Anne Elizabeth), translator."
urn:cts:greekLit:tlg0011.tlg004.perseus-eng2,Sophocles,Oedipus Tyrannus,Oedipus Tyrannus,1887,yes,gap,"Sophocles the plays and fragments, Part 1: The Oedipus Tyrannus. Jebb, Richard Claverhouse, Sir, translator. Cambridge: Cambridge University Press, 1887. (Modernized by Perseus.)"
urn:cts:greekLit:tlg0011.tlg007.perseus-eng2,Sophocles,Oedipus at Colonus,Oedipus at Colonus,1889,yes,gap,"Sophocles the plays and fragments, Part 2: The Oedipus at Colonus. Jebb, Richard Claverhouse, Sir, translator. Cambridge: Cambridge University Press, 1889. (Modernized by Perseus.)"
urn:cts:greekLit:tlg0011.tlg006.perseus-eng2,Sophocles,Philoctetes,Philoctetes,1898,yes,gap,"Sophocles the plays and fragments, Part 4: The Philoctetes. Jebb, Richard Claverhouse, Sir, translator. Cambridge: Cambridge University Press, 1898. (Modernized by Perseus.)"
urn:cts:greekLit:tlg0011.tlg001.perseus-eng3,Sophocles,Trachiniae,Trachiniae,1892,yes,gap,"Sophocles the plays and fragments, Part 5: The Trachiniae. Jebb, Richard Claverhouse, Sir, translator. Cambridge: Cambridge University Press, 1892. (Modernized by Perseus.)"
urn:cts:greekLit:tlg0099.tlg001.perseus-eng3,Strabo,Geography,Geography (Books 6-14),1929,yes,gap,"Strabo. The Geography of Strabo, Vols. 3-6. Jones, Horace Leonard, translator. Cambridge, Mass.: Harvard University Press; London: William Heinemann, Ltd., 1924-1929 (printing)."
urn:cts:greekLit:tlg0099.tlg001.perseus-eng4,Strabo,Geography,Geography,1857,yes,gap,"Strabo. The Geography of Strabo, Vols. 1-3. Hamilton, Hans Claude, translator; Falconer, William, translator. London: Henry G. Bohn, 1854-1857."
urn:cts:latinLit:phi1348.abo014.perseus-eng2,Suetonius,Caligula,C. Caligula,1883,yes,gap,"Suetonius. The Lives of the Twelve Caesars. Thomson, Alexander, M.D, translator; Reed, J.E., editor. Philadelphia: Gebbie, 1883."
urn:cts:latinLit:phi1348.abo012.perseus-eng2,Suetonius,Divus Augustus,Augustus,1883,yes,gap,"Suetonius. The Lives of the Twelve Caesars. Thomson, Alexander, M.D, translator; Reed, J.E., editor. Philadelphia: Gebbie, 1883."
urn:cts:latinLit:phi1348.abo015.perseus-eng2,Suetonius,Divus Claudius,Claudius,1883,yes,gap,"Suetonius. The Lives of the Twelve Caesars. Thomson, Alexander, M.D, translator; Reed, J.E., editor. Philadelphia: Gebbie, 1883."
urn:cts:latinLit:phi1348.abo011.perseus-eng2,Suetonius,Divus Julius,Julius Caesar,1883,yes,gap,"Suetonius. The Lives of the Twelve Caesars. Thomson, Alexander, M.D, translator; Reed, J.E., editor. Philadelphia: Gebbie, 1883."
urn:cts:latinLit:phi1348.abo011.rolfe-eng1,Suetonius,Divus Julius,The Deified Julius,1914,yes,gap,"Suetonius. Rolfe, John C., translator. London: William Heineman; New York: The Macmillan Company, 1914."
urn:cts:latinLit:phi1348.abo021.perseus-eng2,Suetonius,Divus Titus,Titus,1883,yes,gap,"Suetonius. The Lives of the Twelve Caesars. Thomson, Alexander, M.D, translator; Reed, J.E., editor. Philadelphia: Gebbie, 1883."
urn:cts:latinLit:phi1348.abo020.perseus-eng2,Suetonius,Divus Vespasianus,Vespasian,1883,yes,gap,"Suetonius. The Lives of the Twelve Caesars. Thomson, Alexander, M.D, translator; Reed, J.E., editor. Philadelphia: Gebbie, 1883."
urn:cts:latinLit:phi1348.abo022.perseus-eng2,Suetonius,Domitianus,Domitian,1883,yes,gap,"Suetonius. The Lives of the Twelve Caesars. Thomson, Alexander, M.D, translator; Reed, J.E., editor. Philadelphia: Gebbie, 1883."
urn:cts:latinLit:phi1348.abo017.perseus-eng2,Suetonius,Galba,Galba,1883,yes,gap,"Suetonius. The Lives of the Twelve Caesars. Thomson, Alexander, M.D, translator; Reed, J.E., editor. Philadelphia: Gebbie, 1883."
urn:cts:latinLit:phi1348.abo016.perseus-eng2,Suetonius,Nero,Nero,1889,yes,gap,"Suetonius: The Lives of the Twelve Caesars. Thomson, Alexander, M.D, translator; Reed, J.E., editor. Philadelphia: Gebbie and Company, 1889."
urn:cts:latinLit:phi1348.abo018.perseus-eng2,Suetonius,Otho,Otho,1883,yes,gap,"Suetonius. The Lives of the Twelve Caesars. Thomson, Alexander, M.D, translator; Reed, J.E., editor. Philadelphia: Gebbie, 1883."
urn:cts:latinLit:phi1348.abo013.perseus-eng2,Suetonius,Tiberius,Tiberius,1883,yes,gap,"Suetonius. The Lives of the Twelve Caesars. Thomson, Alexander, M.D, translator; Reed, J.E., editor. Philadelphia: Gebbie, 1883."
urn:cts:latinLit:phi1348.abo019.perseus-eng2,Suetonius,Vitellius,Vitellius,1883,yes,gap,"Suetonius. The Lives of the Twelve Caesars. Thomson, Alexander, M.D, translator; Reed, J.E., editor. Philadelphia: Gebbie, 1883."
urn:cts:latinLit:phi0134.phi006.perseus-eng2,Terence,Adelphi,"Adelphi; or, The Brothers",1872,yes,gap,"Terence. The Comedies of Terence. Riley, Henry Thomas; Colman, George, translators. New York: Harper and Brothers, 1872."
urn:cts:latinLit:phi0134.phi001.perseus-eng2,Terence,Andria,"Andria; or, The Fair Andrian",1872,yes,gap,"Terence. The Comedies of Terence. Riley, Henry Thomas; Colman, George, translators. New York: Harper and Brothers, 1872."
urn:cts:latinLit:phi0134.phi003.perseus-eng2,Terence,Eunuchus,"Eunuchus; or, The Eunuch",1872,yes,gap,"Terence. The Comedies of Terence. Riley, Henry Thomas; Colman, George, translators. New York: Harper and Brothers, 1872."
urn:cts:latinLit:phi0134.phi002.perseus-eng2,Terence,Heautontimorumenos,"Heautontimorumenos; or, The Self-Tormenter",1872,yes,gap,"Terence. The Comedies of Terence. Riley, Henry Thomas; Colman, George, translators. New York: Harper and Brothers, 1872."
urn:cts:latinLit:phi0134.phi005.perseus-eng2,Terence,Hecyra,Hecyra; The Mother-in-Law,1872,yes,gap,"Terence. The Comedies of Terence. Riley, Henry Thomas; Colman, George, translators. New York: Harper and Brothers, 1872."
urn:cts:latinLit:phi0134.phi004.perseus-eng2,Terence,Phormio,"Phormio; or, The Scheming Parasite",1872,yes,gap,"Terence. The Comedies of Terence. Riley, Henry Thomas; Colman, George, translators. New York: Harper and Brothers, 1872."
urn:cts:greekLit:tlg0003.tlg001.1st1K-eng1,Thucydides,History of the Peloponnesian War,History of the Peloponnesian War,1923,yes,gap,"Thucydides, Vol. 1-4. Smith, Charles Foster, translator. London and Cambridge, MA: Heinemann and Harvard University Press, 1919-1923."
urn:cts:greekLit:tlg0003.tlg001.1st1K-eng2,Thucydides,History of the Peloponnesian War,History of the Peloponnesian War,1852,yes,gap,"Thucydides. The history of the Peloponnesian War, Volume 1-2. Dale, Henry, translator. London: Heinemann and Henry G. Bohn, 1851-1852."
urn:cts:greekLit:tlg0003.tlg001.perseus-eng4,Thucydides,History of the Peloponnesian War,The History of the Grecian War,1843,yes,gap,"Thucydides. The English works of Thomas Hobbes of Malmesbury. Hobbes, Thomas. translator. London: John Bohn, 1843."
urn:cts:greekLit:tlg0003.tlg001.perseus-eng6,Thucydides,History of the Peloponnesian War,History of the Peloponnesian War,1914,yes,gap,"Thucydides. History of the Peloponnesian War. Crawley, Richard, translator. London and Toronto: J. M. Dent and Sons Ltd.; New York: E. P. Dutton and Co., 1914."
urn:cts:latinLit:phi0660.phi003.perseus-eng2,Tibullus,Sulpicia Elegiae,Six Poems,,unknown,gap,"Sulpicia (attributed author). Six Poems. Mahoney, Anne, translator."
urn:cts:latinLit:phi0914.phi001.perseus-eng3,Titus Livius (Livy),Ab urbe condita,The History of Rome,1912,yes,gap,"Livy. History of Rome, Volumes 1-2. Roberts, Canon, Rev, translator. London, New York: J. M. Dent and Sons; E. P. Dutton and Co., 1912."
urn:cts:latinLit:phi1056.phi001.perseus-eng1,Vitruvius Pollio,On Architecture,"On Architecture, Virtruvius the ten books on architecture",1910,yes,gap,"Vitruvius Pollio, creator; Morgan, M. H. (Morris Hicky), 1859-1910, translator"
urn:cts:greekLit:tlg0032.tlg009.perseus-eng2,Xenophon,Agesilaus,Agesilaus,1960,check,gap,"Xenophon, creator; Scripta Minora; Marchant, E. C. (Edgar Cardew), 1864-1960, translator; Marchant, E. C. (Edgar Cardew), 1864-1960, editor, translator; Bowersock, G. W, (Glen Warren), 1936-, editor, translator"
urn:cts:greekLit:tlg0032.tlg006.perseus-eng2,Xenophon,Anabasis,Anabasis,1866,yes,gap,"Xenophon, creator; Xenophon in Seven Volumes Volumes 2-3 Anabasis; Brownson, Carleton L. (Carleton Lewis), b. 1866, translator; Brownson, Carleton L. (Carleton Lewis), b. 1866, editor, translator"
urn:cts:greekLit:tlg0032.tlg005.perseus-eng2,Xenophon,Apology,Apology,1960,check,gap,"Xenophon, creator; , Xenophon Memorabilia, Oeconomicus Symposium, Apology; Todd, O. J. (Otis Johnson), translator; Marchant, E. C. (Edgar Cardew), 1864-1960, editor; Todd, O. J. (Otis Johnson), editor, translator"
urn:cts:greekLit:tlg0032.tlg010.perseus-eng2,Xenophon,Constitution of the Lacedaimonians,Constitution of the Lacedaimonians,1960,check,gap,"Xenophon, creator; Scripta minora; Marchant, E. C. (Edgar Cardew), 1864-1960, translator; Marchant, E. C. (Edgar Cardew), 1864-1960, editor, translator; Bowersock, G. W, (Glen Warren), 1936-, editor, translator"
urn:cts:greekLit:tlg0032.tlg007.perseus-eng2,Xenophon,Cyropaedia,Cyropaedia,1949,check,gap,"Xenophon, creator; Xenophon in Seven Volumes Vol 5-6; Miller, Walter, 1864-1949, editor, translator"
urn:cts:greekLit:tlg0032.tlg003.perseus-eng2,Xenophon,Economics,Economics,1960,check,gap,"Xenophon, creator; , Xenophon Memorabilia, Oeconomicus Symposium, Apology; Marchant, E. C. (Edgar Cardew), 1864-1960, editor, translator; Marchant, E. C. (Edgar Cardew), 1864-1960, editor; Todd, O. J. (Otis Johnson), editor"
urn:cts:greekLit:tlg0032.tlg001.perseus-eng2,Xenophon,Hellenica,Hellenica,1866,yes,gap,"Xenophon, creator; Xenophon in Seven Volumes Vol 1 and Vol 2; Brownson, Carleton L. (Carleton Lewis), b. 1866, editor; Brownson, Carleton L. (Carleton Lewis), b. 1866, editor, translator"
urn:cts:greekLit:tlg0032.tlg008.perseus-eng2,Xenophon,Hiero,Hiero,1960,check,gap,"Xenophon, creator; Scripta minora; Marchant, E. C. (Edgar Cardew), 1864-1960, translator; Marchant, E. C. (Edgar Cardew), 1864-1960, editor, translator; Bowersock, G. W, (Glen Warren), 1936-, editor, translator"
urn:cts:greekLit:tlg0032.tlg002.perseus-eng2,Xenophon,Memorabilia,Memorabilia,1960,check,gap,"Xenophon in Seven Volumes Vol 4; Marchant, E. C. (Edgar Cardew), 1864-1960, translator; Marchant, E. C. (Edgar Cardew), 1864-1960, editor"
urn:cts:greekLit:tlg0032.tlg014.perseus-eng2,Xenophon,On Hunting,On Hunting,1960,check,gap,"Xenophon, creator; Scripta Minora; Marchant, E. C. (Edgar Cardew), 1864-1960, editor, translator; Bowersock, G. W, (Glen Warren), 1936-, editor, translator"
urn:cts:greekLit:tlg0032.tlg013.perseus-eng2,Xenophon,On the Art of Horsemanship,On the Cavalry Commander,1960,check,gap,"Xenophon, creator; Scripta Minora; Marchant, E. C. (Edgar Cardew), 1864-1960, editor, translator; Bowersock, G. W, (Glen Warren), 1936-, editor, translator"
urn:cts:greekLit:tlg0032.tlg012.perseus-eng2,Xenophon,On the Cavalry Commander,On the Cavalry Commander,1960,check,gap,"Xenophon, creator; Scripta Minora; Marchant, E. C. (Edgar Cardew), 1864-1960, editor, translator; Bowersock, G. W, (Glen Warren), 1936-, editor, translator"
urn:cts:greekLit:tlg0032.tlg004.perseus-eng2,Xenophon,Symposium,Symposium,1960,check,gap,"Xenophon, creator; , Xenophon Memorabilia, Oeconomicus Symposium, Apology; Todd, O. J. (Otis Johnson), translator; Marchant, E. C. (Edgar Cardew), 1864-1960, editor; Todd, O. J. (Otis Johnson), editor, translator"
urn:cts:greekLit:tlg0032.tlg011.perseus-eng2,Xenophon,Ways and Means,Ways and Means,1960,check,gap,"Xenophon, creator; Scripta Minora; Marchant, E. C. (Edgar Cardew), 1864-1960, editor, translator; Bowersock, G. W, (Glen Warren), 1936-, editor, translator"
